nohup: ignoring input
dataset_name:  weibo
====================================================================================================
run at 1-th time
seed:  1
Compared_Baselines/2019_MVAE/train_rbvt.py:85: FutureWarning: You are using `torch.load` with `weights_only=False` (the current default value), which uses the default pickle module implicitly. It is possible to construct malicious pickle data which will execute arbitrary code during unpickling (See https://github.com/pytorch/pytorch/blob/main/SECURITY.md#untrusted-models for more details). In a future release, the default value for `weights_only` will be flipped to `True`. This limits the functions that could be executed during unpickling. Arbitrary objects will no longer be allowed to be loaded via this mode unless they are explicitly allowlisted by the user via `torch.serialization.add_safe_globals`. We recommend you start setting `weights_only=True` for any use case where you don't have full control of the loaded file. Please open an issue on GitHub for any issues related to this experimental feature.
  data_pair = torch.load(dataset_path)

Training Epochs:   0%|                                                                                                        | 0/100 [00:00<?, ?it/s]
Training Epochs:   0%|                                                          | 0/100 [00:01<?, ?it/s, Loss=1.0766, TrainAcc=0.6335, TestAcc=0.8102]
Training Epochs:   1%|▌                                                 | 1/100 [00:01<02:14,  1.36s/it, Loss=1.0766, TrainAcc=0.6335, TestAcc=0.8102]
Training Epochs:   1%|▌                                                 | 1/100 [00:01<02:14,  1.36s/it, Loss=0.7747, TrainAcc=0.8031, TestAcc=0.8102]
Training Epochs:   2%|█                                                 | 2/100 [00:01<01:01,  1.61it/s, Loss=0.7747, TrainAcc=0.8031, TestAcc=0.8102]
Training Epochs:   2%|█                                                 | 2/100 [00:01<01:01,  1.61it/s, Loss=0.5864, TrainAcc=0.8752, TestAcc=0.8339]
Training Epochs:   2%|█                                                 | 2/100 [00:01<01:01,  1.61it/s, Loss=0.4906, TrainAcc=0.9074, TestAcc=0.8000]
Training Epochs:   4%|██                                                | 4/100 [00:01<00:26,  3.60it/s, Loss=0.4906, TrainAcc=0.9074, TestAcc=0.8000]
Training Epochs:   4%|██                                                | 4/100 [00:01<00:26,  3.60it/s, Loss=0.4840, TrainAcc=0.9084, TestAcc=0.8441]
Training Epochs:   4%|██                                                | 4/100 [00:01<00:26,  3.60it/s, Loss=0.4248, TrainAcc=0.9337, TestAcc=0.7932]
Training Epochs:   6%|███                                               | 6/100 [00:01<00:16,  5.72it/s, Loss=0.4248, TrainAcc=0.9337, TestAcc=0.7932]
Training Epochs:   6%|███                                               | 6/100 [00:01<00:16,  5.72it/s, Loss=0.3817, TrainAcc=0.9522, TestAcc=0.8610]
Training Epochs:   6%|███                                               | 6/100 [00:01<00:16,  5.72it/s, Loss=0.3650, TrainAcc=0.9639, TestAcc=0.8441]
Training Epochs:   8%|████                                              | 8/100 [00:01<00:12,  7.38it/s, Loss=0.3650, TrainAcc=0.9639, TestAcc=0.8441]
Training Epochs:   8%|████                                              | 8/100 [00:01<00:12,  7.38it/s, Loss=0.3706, TrainAcc=0.9522, TestAcc=0.8271]
Training Epochs:   8%|████                                              | 8/100 [00:02<00:12,  7.38it/s, Loss=0.3726, TrainAcc=0.9561, TestAcc=0.8576]
Training Epochs:  10%|████▉                                            | 10/100 [00:02<00:10,  8.31it/s, Loss=0.3726, TrainAcc=0.9561, TestAcc=0.8576]
Training Epochs:  10%|████▉                                            | 10/100 [00:02<00:10,  8.31it/s, Loss=0.3627, TrainAcc=0.9561, TestAcc=0.8339]
Training Epochs:  10%|████▉                                            | 10/100 [00:02<00:10,  8.31it/s, Loss=0.3686, TrainAcc=0.9620, TestAcc=0.8305]
Training Epochs:  12%|█████▉                                           | 12/100 [00:02<00:10,  8.51it/s, Loss=0.3686, TrainAcc=0.9620, TestAcc=0.8305]
Training Epochs:  12%|█████▉                                           | 12/100 [00:02<00:10,  8.51it/s, Loss=0.3454, TrainAcc=0.9649, TestAcc=0.8407]
Training Epochs:  12%|█████▉                                           | 12/100 [00:02<00:10,  8.51it/s, Loss=0.3457, TrainAcc=0.9688, TestAcc=0.8305]
Training Epochs:  14%|██████▊                                          | 14/100 [00:02<00:10,  8.07it/s, Loss=0.3457, TrainAcc=0.9688, TestAcc=0.8305]
Training Epochs:  14%|██████▊                                          | 14/100 [00:02<00:10,  8.07it/s, Loss=0.3214, TrainAcc=0.9708, TestAcc=0.8373]
Training Epochs:  15%|███████▎                                         | 15/100 [00:02<00:10,  7.82it/s, Loss=0.3214, TrainAcc=0.9708, TestAcc=0.8373]
Training Epochs:  15%|███████▎                                         | 15/100 [00:02<00:10,  7.82it/s, Loss=0.2906, TrainAcc=0.9854, TestAcc=0.8441]
Training Epochs:  16%|███████▊                                         | 16/100 [00:02<00:10,  7.64it/s, Loss=0.2906, TrainAcc=0.9854, TestAcc=0.8441]
Training Epochs:  16%|███████▊                                         | 16/100 [00:03<00:10,  7.64it/s, Loss=0.3113, TrainAcc=0.9756, TestAcc=0.8373]
Training Epochs:  17%|████████▎                                        | 17/100 [00:03<00:11,  7.49it/s, Loss=0.3113, TrainAcc=0.9756, TestAcc=0.8373]
Training Epochs:  17%|████████▎                                        | 17/100 [00:03<00:11,  7.49it/s, Loss=0.3404, TrainAcc=0.9649, TestAcc=0.8542]
Training Epochs:  18%|████████▊                                        | 18/100 [00:03<00:10,  7.52it/s, Loss=0.3404, TrainAcc=0.9649, TestAcc=0.8542]
Training Epochs:  18%|████████▊                                        | 18/100 [00:03<00:10,  7.52it/s, Loss=0.3363, TrainAcc=0.9678, TestAcc=0.8407]
Training Epochs:  19%|█████████▎                                       | 19/100 [00:03<00:10,  7.58it/s, Loss=0.3363, TrainAcc=0.9678, TestAcc=0.8407]
Training Epochs:  19%|█████████▎                                       | 19/100 [00:03<00:10,  7.58it/s, Loss=0.4172, TrainAcc=0.9513, TestAcc=0.8034]
Training Epochs:  20%|█████████▊                                       | 20/100 [00:03<00:10,  7.49it/s, Loss=0.4172, TrainAcc=0.9513, TestAcc=0.8034]
Training Epochs:  20%|█████████▊                                       | 20/100 [00:03<00:10,  7.49it/s, Loss=0.3533, TrainAcc=0.9610, TestAcc=0.8271]
Training Epochs:  21%|██████████▎                                      | 21/100 [00:03<00:10,  7.36it/s, Loss=0.3533, TrainAcc=0.9610, TestAcc=0.8271]
Training Epochs:  21%|██████████▎                                      | 21/100 [00:03<00:10,  7.36it/s, Loss=0.3297, TrainAcc=0.9766, TestAcc=0.8237]
Training Epochs:  22%|██████████▊                                      | 22/100 [00:03<00:10,  7.15it/s, Loss=0.3297, TrainAcc=0.9766, TestAcc=0.8237]
Training Epochs:  22%|██████████▊                                      | 22/100 [00:03<00:10,  7.15it/s, Loss=0.3055, TrainAcc=0.9727, TestAcc=0.8576]
Training Epochs:  23%|███████████▎                                     | 23/100 [00:03<00:10,  7.10it/s, Loss=0.3055, TrainAcc=0.9727, TestAcc=0.8576]
Training Epochs:  23%|███████████▎                                     | 23/100 [00:03<00:10,  7.10it/s, Loss=0.2986, TrainAcc=0.9747, TestAcc=0.8508]
Training Epochs:  24%|███████████▊                                     | 24/100 [00:03<00:10,  7.14it/s, Loss=0.2986, TrainAcc=0.9747, TestAcc=0.8508]
Training Epochs:  24%|███████████▊                                     | 24/100 [00:04<00:10,  7.14it/s, Loss=0.3316, TrainAcc=0.9688, TestAcc=0.8271]
Training Epochs:  25%|████████████▎                                    | 25/100 [00:04<00:10,  7.40it/s, Loss=0.3316, TrainAcc=0.9688, TestAcc=0.8271]
Training Epochs:  25%|████████████▎                                    | 25/100 [00:04<00:10,  7.40it/s, Loss=0.3343, TrainAcc=0.9717, TestAcc=0.8508]
Training Epochs:  26%|████████████▋                                    | 26/100 [00:04<00:09,  7.75it/s, Loss=0.3343, TrainAcc=0.9717, TestAcc=0.8508]
Training Epochs:  26%|████████████▋                                    | 26/100 [00:04<00:09,  7.75it/s, Loss=0.3272, TrainAcc=0.9688, TestAcc=0.8441]
Training Epochs:  27%|█████████████▏                                   | 27/100 [00:04<00:09,  7.92it/s, Loss=0.3272, TrainAcc=0.9688, TestAcc=0.8441]
Training Epochs:  27%|█████████████▏                                   | 27/100 [00:04<00:09,  7.92it/s, Loss=0.3196, TrainAcc=0.9727, TestAcc=0.8814]
Training Epochs:  28%|█████████████▋                                   | 28/100 [00:04<00:09,  7.73it/s, Loss=0.3196, TrainAcc=0.9727, TestAcc=0.8814]
Training Epochs:  28%|█████████████▋                                   | 28/100 [00:04<00:09,  7.73it/s, Loss=0.3178, TrainAcc=0.9708, TestAcc=0.8000]
Training Epochs:  29%|██████████████▏                                  | 29/100 [00:04<00:09,  7.53it/s, Loss=0.3178, TrainAcc=0.9708, TestAcc=0.8000]
Training Epochs:  29%|██████████████▏                                  | 29/100 [00:04<00:09,  7.53it/s, Loss=0.2895, TrainAcc=0.9844, TestAcc=0.8203]
Training Epochs:  30%|██████████████▋                                  | 30/100 [00:04<00:09,  7.36it/s, Loss=0.2895, TrainAcc=0.9844, TestAcc=0.8203]
Training Epochs:  30%|██████████████▋                                  | 30/100 [00:04<00:09,  7.36it/s, Loss=0.2799, TrainAcc=0.9844, TestAcc=0.8339]
Training Epochs:  31%|███████████████▏                                 | 31/100 [00:04<00:09,  7.20it/s, Loss=0.2799, TrainAcc=0.9844, TestAcc=0.8339]
Training Epochs:  31%|███████████████▏                                 | 31/100 [00:05<00:09,  7.20it/s, Loss=0.2933, TrainAcc=0.9747, TestAcc=0.8610]
Training Epochs:  32%|███████████████▋                                 | 32/100 [00:05<00:09,  7.15it/s, Loss=0.2933, TrainAcc=0.9747, TestAcc=0.8610]
Training Epochs:  32%|███████████████▋                                 | 32/100 [00:05<00:09,  7.15it/s, Loss=0.2933, TrainAcc=0.9795, TestAcc=0.8644]
Training Epochs:  33%|████████████████▏                                | 33/100 [00:05<00:09,  7.09it/s, Loss=0.2933, TrainAcc=0.9795, TestAcc=0.8644]
Training Epochs:  33%|████████████████▏                                | 33/100 [00:05<00:09,  7.09it/s, Loss=0.3123, TrainAcc=0.9698, TestAcc=0.8475]
Training Epochs:  34%|████████████████▋                                | 34/100 [00:05<00:09,  7.07it/s, Loss=0.3123, TrainAcc=0.9698, TestAcc=0.8475]
Training Epochs:  34%|████████████████▋                                | 34/100 [00:05<00:09,  7.07it/s, Loss=0.2843, TrainAcc=0.9776, TestAcc=0.8475]
Training Epochs:  35%|█████████████████▏                               | 35/100 [00:05<00:09,  7.05it/s, Loss=0.2843, TrainAcc=0.9776, TestAcc=0.8475]
Training Epochs:  35%|█████████████████▏                               | 35/100 [00:05<00:09,  7.05it/s, Loss=0.3085, TrainAcc=0.9747, TestAcc=0.8305]
Training Epochs:  36%|█████████████████▋                               | 36/100 [00:05<00:09,  7.02it/s, Loss=0.3085, TrainAcc=0.9747, TestAcc=0.8305]
Training Epochs:  36%|█████████████████▋                               | 36/100 [00:05<00:09,  7.02it/s, Loss=0.2832, TrainAcc=0.9776, TestAcc=0.8441]
Training Epochs:  37%|██████████████████▏                              | 37/100 [00:05<00:08,  7.02it/s, Loss=0.2832, TrainAcc=0.9776, TestAcc=0.8441]
Training Epochs:  37%|██████████████████▏                              | 37/100 [00:05<00:08,  7.02it/s, Loss=0.2996, TrainAcc=0.9795, TestAcc=0.7966]
Training Epochs:  38%|██████████████████▌                              | 38/100 [00:05<00:08,  7.01it/s, Loss=0.2996, TrainAcc=0.9795, TestAcc=0.7966]
Training Epochs:  38%|██████████████████▌                              | 38/100 [00:06<00:08,  7.01it/s, Loss=0.2946, TrainAcc=0.9776, TestAcc=0.8339]
Training Epochs:  39%|███████████████████                              | 39/100 [00:06<00:08,  6.94it/s, Loss=0.2946, TrainAcc=0.9776, TestAcc=0.8339]
Training Epochs:  39%|███████████████████                              | 39/100 [00:06<00:08,  6.94it/s, Loss=0.2879, TrainAcc=0.9805, TestAcc=0.8136]
Training Epochs:  40%|███████████████████▌                             | 40/100 [00:06<00:08,  6.90it/s, Loss=0.2879, TrainAcc=0.9805, TestAcc=0.8136]
Training Epochs:  40%|███████████████████▌                             | 40/100 [00:06<00:08,  6.90it/s, Loss=0.3016, TrainAcc=0.9766, TestAcc=0.8203]
Training Epochs:  41%|████████████████████                             | 41/100 [00:06<00:08,  6.91it/s, Loss=0.3016, TrainAcc=0.9766, TestAcc=0.8203]
Training Epochs:  41%|████████████████████                             | 41/100 [00:06<00:08,  6.91it/s, Loss=0.2857, TrainAcc=0.9873, TestAcc=0.8576]
Training Epochs:  42%|████████████████████▌                            | 42/100 [00:06<00:08,  6.93it/s, Loss=0.2857, TrainAcc=0.9873, TestAcc=0.8576]
Training Epochs:  42%|████████████████████▌                            | 42/100 [00:06<00:08,  6.93it/s, Loss=0.3053, TrainAcc=0.9776, TestAcc=0.8475]
Training Epochs:  43%|█████████████████████                            | 43/100 [00:06<00:08,  6.94it/s, Loss=0.3053, TrainAcc=0.9776, TestAcc=0.8475]
Training Epochs:  43%|█████████████████████                            | 43/100 [00:06<00:08,  6.94it/s, Loss=0.2971, TrainAcc=0.9737, TestAcc=0.8203]
Training Epochs:  44%|█████████████████████▌                           | 44/100 [00:06<00:08,  6.96it/s, Loss=0.2971, TrainAcc=0.9737, TestAcc=0.8203]
Training Epochs:  44%|█████████████████████▌                           | 44/100 [00:06<00:08,  6.96it/s, Loss=0.2850, TrainAcc=0.9815, TestAcc=0.8508]
Training Epochs:  45%|██████████████████████                           | 45/100 [00:06<00:07,  6.97it/s, Loss=0.2850, TrainAcc=0.9815, TestAcc=0.8508]
Training Epochs:  45%|██████████████████████                           | 45/100 [00:07<00:07,  6.97it/s, Loss=0.2784, TrainAcc=0.9844, TestAcc=0.8169]
Training Epochs:  46%|██████████████████████▌                          | 46/100 [00:07<00:07,  6.95it/s, Loss=0.2784, TrainAcc=0.9844, TestAcc=0.8169]
Training Epochs:  46%|██████████████████████▌                          | 46/100 [00:07<00:07,  6.95it/s, Loss=0.2873, TrainAcc=0.9805, TestAcc=0.8373]
Training Epochs:  47%|███████████████████████                          | 47/100 [00:07<00:07,  7.00it/s, Loss=0.2873, TrainAcc=0.9805, TestAcc=0.8373]
Training Epochs:  47%|███████████████████████                          | 47/100 [00:07<00:07,  7.00it/s, Loss=0.2894, TrainAcc=0.9815, TestAcc=0.8475]
Training Epochs:  48%|███████████████████████▌                         | 48/100 [00:07<00:07,  7.02it/s, Loss=0.2894, TrainAcc=0.9815, TestAcc=0.8475]
Training Epochs:  48%|███████████████████████▌                         | 48/100 [00:07<00:07,  7.02it/s, Loss=0.2977, TrainAcc=0.9776, TestAcc=0.8508]
Training Epochs:  49%|████████████████████████                         | 49/100 [00:07<00:07,  7.02it/s, Loss=0.2977, TrainAcc=0.9776, TestAcc=0.8508]
Training Epochs:  49%|████████████████████████                         | 49/100 [00:07<00:07,  7.02it/s, Loss=0.2952, TrainAcc=0.9805, TestAcc=0.8102]
Training Epochs:  50%|████████████████████████▌                        | 50/100 [00:07<00:07,  7.01it/s, Loss=0.2952, TrainAcc=0.9805, TestAcc=0.8102]
Training Epochs:  50%|████████████████████████▌                        | 50/100 [00:07<00:07,  7.01it/s, Loss=0.2789, TrainAcc=0.9844, TestAcc=0.8373]
Training Epochs:  51%|████████████████████████▉                        | 51/100 [00:07<00:06,  7.02it/s, Loss=0.2789, TrainAcc=0.9844, TestAcc=0.8373]
Training Epochs:  51%|████████████████████████▉                        | 51/100 [00:07<00:06,  7.02it/s, Loss=0.2942, TrainAcc=0.9786, TestAcc=0.8305]
Training Epochs:  52%|█████████████████████████▍                       | 52/100 [00:07<00:06,  7.05it/s, Loss=0.2942, TrainAcc=0.9786, TestAcc=0.8305]
Training Epochs:  52%|█████████████████████████▍                       | 52/100 [00:08<00:06,  7.05it/s, Loss=0.3016, TrainAcc=0.9776, TestAcc=0.8305]
Training Epochs:  53%|█████████████████████████▉                       | 53/100 [00:08<00:06,  7.07it/s, Loss=0.3016, TrainAcc=0.9776, TestAcc=0.8305]
Training Epochs:  53%|█████████████████████████▉                       | 53/100 [00:08<00:06,  7.07it/s, Loss=0.2668, TrainAcc=0.9912, TestAcc=0.8271]
Training Epochs:  54%|██████████████████████████▍                      | 54/100 [00:08<00:06,  7.11it/s, Loss=0.2668, TrainAcc=0.9912, TestAcc=0.8271]
Training Epochs:  54%|██████████████████████████▍                      | 54/100 [00:08<00:06,  7.11it/s, Loss=0.2653, TrainAcc=0.9873, TestAcc=0.8373]
Training Epochs:  55%|██████████████████████████▉                      | 55/100 [00:08<00:06,  7.24it/s, Loss=0.2653, TrainAcc=0.9873, TestAcc=0.8373]
Training Epochs:  55%|██████████████████████████▉                      | 55/100 [00:08<00:06,  7.24it/s, Loss=0.2720, TrainAcc=0.9873, TestAcc=0.8339]
Training Epochs:  56%|███████████████████████████▍                     | 56/100 [00:08<00:05,  7.33it/s, Loss=0.2720, TrainAcc=0.9873, TestAcc=0.8339]
Training Epochs:  56%|███████████████████████████▍                     | 56/100 [00:08<00:05,  7.33it/s, Loss=0.2803, TrainAcc=0.9815, TestAcc=0.8373]
Training Epochs:  57%|███████████████████████████▉                     | 57/100 [00:08<00:05,  7.38it/s, Loss=0.2803, TrainAcc=0.9815, TestAcc=0.8373]
Training Epochs:  57%|███████████████████████████▉                     | 57/100 [00:08<00:05,  7.38it/s, Loss=0.2745, TrainAcc=0.9864, TestAcc=0.8271]
Training Epochs:  58%|████████████████████████████▍                    | 58/100 [00:08<00:05,  7.30it/s, Loss=0.2745, TrainAcc=0.9864, TestAcc=0.8271]
Training Epochs:  58%|████████████████████████████▍                    | 58/100 [00:08<00:05,  7.30it/s, Loss=0.2699, TrainAcc=0.9893, TestAcc=0.8475]
Training Epochs:  59%|████████████████████████████▉                    | 59/100 [00:08<00:05,  7.20it/s, Loss=0.2699, TrainAcc=0.9893, TestAcc=0.8475]
Training Epochs:  59%|████████████████████████████▉                    | 59/100 [00:09<00:05,  7.20it/s, Loss=0.3139, TrainAcc=0.9756, TestAcc=0.8339]
Training Epochs:  60%|█████████████████████████████▍                   | 60/100 [00:09<00:05,  7.13it/s, Loss=0.3139, TrainAcc=0.9756, TestAcc=0.8339]
Training Epochs:  60%|█████████████████████████████▍                   | 60/100 [00:09<00:05,  7.13it/s, Loss=0.2890, TrainAcc=0.9815, TestAcc=0.8407]
Training Epochs:  61%|█████████████████████████████▉                   | 61/100 [00:09<00:05,  7.06it/s, Loss=0.2890, TrainAcc=0.9815, TestAcc=0.8407]
Training Epochs:  61%|█████████████████████████████▉                   | 61/100 [00:09<00:05,  7.06it/s, Loss=0.2797, TrainAcc=0.9834, TestAcc=0.8508]
Training Epochs:  62%|██████████████████████████████▍                  | 62/100 [00:09<00:05,  7.02it/s, Loss=0.2797, TrainAcc=0.9834, TestAcc=0.8508]
Training Epochs:  62%|██████████████████████████████▍                  | 62/100 [00:09<00:05,  7.02it/s, Loss=0.2717, TrainAcc=0.9854, TestAcc=0.8576]
Training Epochs:  63%|██████████████████████████████▊                  | 63/100 [00:09<00:05,  6.95it/s, Loss=0.2717, TrainAcc=0.9854, TestAcc=0.8576]
Training Epochs:  63%|██████████████████████████████▊                  | 63/100 [00:09<00:05,  6.95it/s, Loss=0.2932, TrainAcc=0.9727, TestAcc=0.8576]
Training Epochs:  64%|███████████████████████████████▎                 | 64/100 [00:09<00:05,  6.93it/s, Loss=0.2932, TrainAcc=0.9727, TestAcc=0.8576]
Training Epochs:  64%|███████████████████████████████▎                 | 64/100 [00:09<00:05,  6.93it/s, Loss=0.2733, TrainAcc=0.9844, TestAcc=0.8339]
Training Epochs:  65%|███████████████████████████████▊                 | 65/100 [00:09<00:05,  6.93it/s, Loss=0.2733, TrainAcc=0.9844, TestAcc=0.8339]
Training Epochs:  65%|███████████████████████████████▊                 | 65/100 [00:09<00:05,  6.93it/s, Loss=0.2883, TrainAcc=0.9756, TestAcc=0.8542]
Training Epochs:  66%|████████████████████████████████▎                | 66/100 [00:09<00:04,  6.93it/s, Loss=0.2883, TrainAcc=0.9756, TestAcc=0.8542]
Training Epochs:  66%|████████████████████████████████▎                | 66/100 [00:10<00:04,  6.93it/s, Loss=0.2880, TrainAcc=0.9815, TestAcc=0.8237]
Training Epochs:  67%|████████████████████████████████▊                | 67/100 [00:10<00:04,  6.93it/s, Loss=0.2880, TrainAcc=0.9815, TestAcc=0.8237]
Training Epochs:  67%|████████████████████████████████▊                | 67/100 [00:10<00:04,  6.93it/s, Loss=0.2772, TrainAcc=0.9815, TestAcc=0.8339]
Training Epochs:  68%|█████████████████████████████████▎               | 68/100 [00:10<00:04,  6.93it/s, Loss=0.2772, TrainAcc=0.9815, TestAcc=0.8339]
Training Epochs:  68%|█████████████████████████████████▎               | 68/100 [00:10<00:04,  6.93it/s, Loss=0.2523, TrainAcc=0.9932, TestAcc=0.8576]
Training Epochs:  69%|█████████████████████████████████▊               | 69/100 [00:10<00:04,  6.89it/s, Loss=0.2523, TrainAcc=0.9932, TestAcc=0.8576]
Training Epochs:  69%|█████████████████████████████████▊               | 69/100 [00:10<00:04,  6.89it/s, Loss=0.2640, TrainAcc=0.9873, TestAcc=0.8237]
Training Epochs:  70%|██████████████████████████████████▎              | 70/100 [00:10<00:04,  6.86it/s, Loss=0.2640, TrainAcc=0.9873, TestAcc=0.8237]
Training Epochs:  70%|██████████████████████████████████▎              | 70/100 [00:10<00:04,  6.86it/s, Loss=0.2575, TrainAcc=0.9903, TestAcc=0.8644]
Training Epochs:  71%|██████████████████████████████████▊              | 71/100 [00:10<00:04,  6.90it/s, Loss=0.2575, TrainAcc=0.9903, TestAcc=0.8644]
Training Epochs:  71%|██████████████████████████████████▊              | 71/100 [00:10<00:04,  6.90it/s, Loss=0.2686, TrainAcc=0.9854, TestAcc=0.8441]
Training Epochs:  72%|███████████████████████████████████▎             | 72/100 [00:10<00:04,  6.90it/s, Loss=0.2686, TrainAcc=0.9854, TestAcc=0.8441]
Training Epochs:  72%|███████████████████████████████████▎             | 72/100 [00:10<00:04,  6.90it/s, Loss=0.2534, TrainAcc=0.9942, TestAcc=0.8610]
Training Epochs:  73%|███████████████████████████████████▊             | 73/100 [00:10<00:03,  6.90it/s, Loss=0.2534, TrainAcc=0.9942, TestAcc=0.8610]
Training Epochs:  73%|███████████████████████████████████▊             | 73/100 [00:11<00:03,  6.90it/s, Loss=0.2643, TrainAcc=0.9883, TestAcc=0.8339]
Training Epochs:  74%|████████████████████████████████████▎            | 74/100 [00:11<00:03,  6.90it/s, Loss=0.2643, TrainAcc=0.9883, TestAcc=0.8339]
Training Epochs:  74%|████████████████████████████████████▎            | 74/100 [00:11<00:03,  6.90it/s, Loss=0.2494, TrainAcc=0.9903, TestAcc=0.8169]
Training Epochs:  75%|████████████████████████████████████▊            | 75/100 [00:11<00:03,  6.92it/s, Loss=0.2494, TrainAcc=0.9903, TestAcc=0.8169]
Training Epochs:  75%|████████████████████████████████████▊            | 75/100 [00:11<00:03,  6.92it/s, Loss=0.2728, TrainAcc=0.9864, TestAcc=0.8508]
Training Epochs:  76%|█████████████████████████████████████▏           | 76/100 [00:11<00:03,  6.92it/s, Loss=0.2728, TrainAcc=0.9864, TestAcc=0.8508]
Training Epochs:  76%|█████████████████████████████████████▏           | 76/100 [00:11<00:03,  6.92it/s, Loss=0.2568, TrainAcc=0.9883, TestAcc=0.8407]
Training Epochs:  77%|█████████████████████████████████████▋           | 77/100 [00:11<00:03,  6.93it/s, Loss=0.2568, TrainAcc=0.9883, TestAcc=0.8407]
Training Epochs:  77%|█████████████████████████████████████▋           | 77/100 [00:11<00:03,  6.93it/s, Loss=0.2758, TrainAcc=0.9766, TestAcc=0.8542]
Training Epochs:  78%|██████████████████████████████████████▏          | 78/100 [00:11<00:03,  6.93it/s, Loss=0.2758, TrainAcc=0.9766, TestAcc=0.8542]
Training Epochs:  78%|██████████████████████████████████████▏          | 78/100 [00:11<00:03,  6.93it/s, Loss=0.2691, TrainAcc=0.9873, TestAcc=0.8508]
Training Epochs:  79%|██████████████████████████████████████▋          | 79/100 [00:11<00:03,  6.94it/s, Loss=0.2691, TrainAcc=0.9873, TestAcc=0.8508]
Training Epochs:  79%|██████████████████████████████████████▋          | 79/100 [00:11<00:03,  6.94it/s, Loss=0.2687, TrainAcc=0.9854, TestAcc=0.8610]
Training Epochs:  80%|███████████████████████████████████████▏         | 80/100 [00:11<00:02,  6.91it/s, Loss=0.2687, TrainAcc=0.9854, TestAcc=0.8610]
Training Epochs:  80%|███████████████████████████████████████▏         | 80/100 [00:12<00:02,  6.91it/s, Loss=0.2609, TrainAcc=0.9864, TestAcc=0.8068]
Training Epochs:  81%|███████████████████████████████████████▋         | 81/100 [00:12<00:02,  6.92it/s, Loss=0.2609, TrainAcc=0.9864, TestAcc=0.8068]
Training Epochs:  81%|███████████████████████████████████████▋         | 81/100 [00:12<00:02,  6.92it/s, Loss=0.2769, TrainAcc=0.9786, TestAcc=0.8508]
Training Epochs:  82%|████████████████████████████████████████▏        | 82/100 [00:12<00:02,  6.93it/s, Loss=0.2769, TrainAcc=0.9786, TestAcc=0.8508]
Training Epochs:  82%|████████████████████████████████████████▏        | 82/100 [00:12<00:02,  6.93it/s, Loss=0.2574, TrainAcc=0.9883, TestAcc=0.8610]
Training Epochs:  83%|████████████████████████████████████████▋        | 83/100 [00:12<00:02,  6.88it/s, Loss=0.2574, TrainAcc=0.9883, TestAcc=0.8610]
Training Epochs:  83%|████████████████████████████████████████▋        | 83/100 [00:12<00:02,  6.88it/s, Loss=0.2448, TrainAcc=0.9903, TestAcc=0.8441]
Training Epochs:  84%|█████████████████████████████████████████▏       | 84/100 [00:12<00:02,  6.89it/s, Loss=0.2448, TrainAcc=0.9903, TestAcc=0.8441]
Training Epochs:  84%|█████████████████████████████████████████▏       | 84/100 [00:12<00:02,  6.89it/s, Loss=0.2472, TrainAcc=0.9883, TestAcc=0.8576]
Training Epochs:  85%|█████████████████████████████████████████▋       | 85/100 [00:12<00:02,  6.90it/s, Loss=0.2472, TrainAcc=0.9883, TestAcc=0.8576]
Training Epochs:  85%|█████████████████████████████████████████▋       | 85/100 [00:12<00:02,  6.90it/s, Loss=0.2396, TrainAcc=0.9942, TestAcc=0.8441]
Training Epochs:  86%|██████████████████████████████████████████▏      | 86/100 [00:12<00:02,  6.91it/s, Loss=0.2396, TrainAcc=0.9942, TestAcc=0.8441]
Training Epochs:  86%|██████████████████████████████████████████▏      | 86/100 [00:12<00:02,  6.91it/s, Loss=0.2565, TrainAcc=0.9864, TestAcc=0.8305]
Training Epochs:  87%|██████████████████████████████████████████▋      | 87/100 [00:12<00:01,  6.91it/s, Loss=0.2565, TrainAcc=0.9864, TestAcc=0.8305]
Training Epochs:  87%|██████████████████████████████████████████▋      | 87/100 [00:13<00:01,  6.91it/s, Loss=0.2418, TrainAcc=0.9922, TestAcc=0.8305]
Training Epochs:  88%|███████████████████████████████████████████      | 88/100 [00:13<00:01,  6.89it/s, Loss=0.2418, TrainAcc=0.9922, TestAcc=0.8305]
Training Epochs:  88%|███████████████████████████████████████████      | 88/100 [00:13<00:01,  6.89it/s, Loss=0.2592, TrainAcc=0.9854, TestAcc=0.8305]
Training Epochs:  89%|███████████████████████████████████████████▌     | 89/100 [00:13<00:01,  6.89it/s, Loss=0.2592, TrainAcc=0.9854, TestAcc=0.8305]
Training Epochs:  89%|███████████████████████████████████████████▌     | 89/100 [00:13<00:01,  6.89it/s, Loss=0.2451, TrainAcc=0.9922, TestAcc=0.8339]
Training Epochs:  90%|████████████████████████████████████████████     | 90/100 [00:13<00:01,  6.89it/s, Loss=0.2451, TrainAcc=0.9922, TestAcc=0.8339]
Training Epochs:  90%|████████████████████████████████████████████     | 90/100 [00:13<00:01,  6.89it/s, Loss=0.2467, TrainAcc=0.9912, TestAcc=0.8373]
Training Epochs:  91%|████████████████████████████████████████████▌    | 91/100 [00:13<00:01,  6.89it/s, Loss=0.2467, TrainAcc=0.9912, TestAcc=0.8373]
Training Epochs:  91%|████████████████████████████████████████████▌    | 91/100 [00:13<00:01,  6.89it/s, Loss=0.2339, TrainAcc=0.9922, TestAcc=0.8305]
Training Epochs:  92%|█████████████████████████████████████████████    | 92/100 [00:13<00:01,  6.91it/s, Loss=0.2339, TrainAcc=0.9922, TestAcc=0.8305]
Training Epochs:  92%|█████████████████████████████████████████████    | 92/100 [00:13<00:01,  6.91it/s, Loss=0.2497, TrainAcc=0.9893, TestAcc=0.8339]
Training Epochs:  93%|█████████████████████████████████████████████▌   | 93/100 [00:13<00:01,  6.93it/s, Loss=0.2497, TrainAcc=0.9893, TestAcc=0.8339]
Training Epochs:  93%|█████████████████████████████████████████████▌   | 93/100 [00:13<00:01,  6.93it/s, Loss=0.2731, TrainAcc=0.9795, TestAcc=0.8441]
Training Epochs:  94%|██████████████████████████████████████████████   | 94/100 [00:13<00:00,  6.95it/s, Loss=0.2731, TrainAcc=0.9795, TestAcc=0.8441]
Training Epochs:  94%|██████████████████████████████████████████████   | 94/100 [00:14<00:00,  6.95it/s, Loss=0.2613, TrainAcc=0.9883, TestAcc=0.8305]
Training Epochs:  95%|██████████████████████████████████████████████▌  | 95/100 [00:14<00:00,  6.96it/s, Loss=0.2613, TrainAcc=0.9883, TestAcc=0.8305]
Training Epochs:  95%|██████████████████████████████████████████████▌  | 95/100 [00:14<00:00,  6.96it/s, Loss=0.2793, TrainAcc=0.9854, TestAcc=0.8475]
Training Epochs:  96%|███████████████████████████████████████████████  | 96/100 [00:14<00:00,  6.95it/s, Loss=0.2793, TrainAcc=0.9854, TestAcc=0.8475]
Training Epochs:  96%|███████████████████████████████████████████████  | 96/100 [00:14<00:00,  6.95it/s, Loss=0.2629, TrainAcc=0.9893, TestAcc=0.8068]
Training Epochs:  97%|███████████████████████████████████████████████▌ | 97/100 [00:14<00:00,  7.21it/s, Loss=0.2629, TrainAcc=0.9893, TestAcc=0.8068]
Training Epochs:  97%|███████████████████████████████████████████████▌ | 97/100 [00:14<00:00,  7.21it/s, Loss=0.2521, TrainAcc=0.9903, TestAcc=0.8407]
Training Epochs:  97%|███████████████████████████████████████████████▌ | 97/100 [00:14<00:00,  7.21it/s, Loss=0.2433, TrainAcc=0.9961, TestAcc=0.8508]
Training Epochs:  99%|████████████████████████████████████████████████▌| 99/100 [00:14<00:00,  8.90it/s, Loss=0.2433, TrainAcc=0.9961, TestAcc=0.8508]
Training Epochs:  99%|████████████████████████████████████████████████▌| 99/100 [00:14<00:00,  8.90it/s, Loss=0.2380, TrainAcc=0.9942, TestAcc=0.7864]
Training Epochs: 100%|████████████████████████████████████████████████| 100/100 [00:14<00:00,  6.86it/s, Loss=0.2380, TrainAcc=0.9942, TestAcc=0.7864]
{'Real': {'precision': 0.8956043956043956, 'recall': 0.9106145251396648, 'f1': 0.9030470914127424}, 'Fake': {'precision': 0.8584070796460177, 'recall': 0.8362068965517241, 'f1': 0.8471615720524017}}
====================================================================================================
run at 2-th time
seed:  2
Compared_Baselines/2019_MVAE/train_rbvt.py:85: FutureWarning: You are using `torch.load` with `weights_only=False` (the current default value), which uses the default pickle module implicitly. It is possible to construct malicious pickle data which will execute arbitrary code during unpickling (See https://github.com/pytorch/pytorch/blob/main/SECURITY.md#untrusted-models for more details). In a future release, the default value for `weights_only` will be flipped to `True`. This limits the functions that could be executed during unpickling. Arbitrary objects will no longer be allowed to be loaded via this mode unless they are explicitly allowlisted by the user via `torch.serialization.add_safe_globals`. We recommend you start setting `weights_only=True` for any use case where you don't have full control of the loaded file. Please open an issue on GitHub for any issues related to this experimental feature.
  data_pair = torch.load(dataset_path)

Training Epochs:   0%|                                                                                                        | 0/100 [00:00<?, ?it/s]
Training Epochs:   0%|                                                          | 0/100 [00:00<?, ?it/s, Loss=1.1059, TrainAcc=0.6140, TestAcc=0.7288]
Training Epochs:   1%|▌                                                 | 1/100 [00:00<00:09,  9.99it/s, Loss=1.1059, TrainAcc=0.6140, TestAcc=0.7288]
Training Epochs:   1%|▌                                                 | 1/100 [00:00<00:09,  9.99it/s, Loss=0.7874, TrainAcc=0.7934, TestAcc=0.8407]
Training Epochs:   1%|▌                                                 | 1/100 [00:00<00:09,  9.99it/s, Loss=0.5982, TrainAcc=0.8665, TestAcc=0.8407]
Training Epochs:   3%|█▌                                                | 3/100 [00:00<00:09, 10.08it/s, Loss=0.5982, TrainAcc=0.8665, TestAcc=0.8407]
Training Epochs:   3%|█▌                                                | 3/100 [00:00<00:09, 10.08it/s, Loss=0.4993, TrainAcc=0.9045, TestAcc=0.8373]
Training Epochs:   3%|█▌                                                | 3/100 [00:00<00:09, 10.08it/s, Loss=0.4300, TrainAcc=0.9347, TestAcc=0.8339]
Training Epochs:   5%|██▌                                               | 5/100 [00:00<00:09, 10.11it/s, Loss=0.4300, TrainAcc=0.9347, TestAcc=0.8339]
Training Epochs:   5%|██▌                                               | 5/100 [00:00<00:09, 10.11it/s, Loss=0.4268, TrainAcc=0.9405, TestAcc=0.8373]
Training Epochs:   5%|██▌                                               | 5/100 [00:00<00:09, 10.11it/s, Loss=0.3866, TrainAcc=0.9474, TestAcc=0.8441]
Training Epochs:   7%|███▌                                              | 7/100 [00:00<00:09, 10.14it/s, Loss=0.3866, TrainAcc=0.9474, TestAcc=0.8441]
Training Epochs:   7%|███▌                                              | 7/100 [00:00<00:09, 10.14it/s, Loss=0.3713, TrainAcc=0.9571, TestAcc=0.8542]
Training Epochs:   7%|███▌                                              | 7/100 [00:00<00:09, 10.14it/s, Loss=0.3392, TrainAcc=0.9649, TestAcc=0.8237]
Training Epochs:   9%|████▌                                             | 9/100 [00:00<00:09,  9.38it/s, Loss=0.3392, TrainAcc=0.9649, TestAcc=0.8237]
Training Epochs:   9%|████▌                                             | 9/100 [00:01<00:09,  9.38it/s, Loss=0.3439, TrainAcc=0.9591, TestAcc=0.8271]
Training Epochs:  10%|████▉                                            | 10/100 [00:01<00:10,  8.92it/s, Loss=0.3439, TrainAcc=0.9591, TestAcc=0.8271]
Training Epochs:  10%|████▉                                            | 10/100 [00:01<00:10,  8.92it/s, Loss=0.3506, TrainAcc=0.9561, TestAcc=0.8441]
Training Epochs:  11%|█████▍                                           | 11/100 [00:01<00:10,  8.43it/s, Loss=0.3506, TrainAcc=0.9561, TestAcc=0.8441]
Training Epochs:  11%|█████▍                                           | 11/100 [00:01<00:10,  8.43it/s, Loss=0.3784, TrainAcc=0.9561, TestAcc=0.8542]
Training Epochs:  12%|█████▉                                           | 12/100 [00:01<00:10,  8.02it/s, Loss=0.3784, TrainAcc=0.9561, TestAcc=0.8542]
Training Epochs:  12%|█████▉                                           | 12/100 [00:01<00:10,  8.02it/s, Loss=0.3328, TrainAcc=0.9698, TestAcc=0.8271]
Training Epochs:  13%|██████▎                                          | 13/100 [00:01<00:11,  7.71it/s, Loss=0.3328, TrainAcc=0.9698, TestAcc=0.8271]
Training Epochs:  13%|██████▎                                          | 13/100 [00:01<00:11,  7.71it/s, Loss=0.3474, TrainAcc=0.9581, TestAcc=0.8475]
Training Epochs:  14%|██████▊                                          | 14/100 [00:01<00:11,  7.48it/s, Loss=0.3474, TrainAcc=0.9581, TestAcc=0.8475]
Training Epochs:  14%|██████▊                                          | 14/100 [00:01<00:11,  7.48it/s, Loss=0.3180, TrainAcc=0.9786, TestAcc=0.8373]
Training Epochs:  15%|███████▎                                         | 15/100 [00:01<00:11,  7.31it/s, Loss=0.3180, TrainAcc=0.9786, TestAcc=0.8373]
Training Epochs:  15%|███████▎                                         | 15/100 [00:01<00:11,  7.31it/s, Loss=0.3152, TrainAcc=0.9688, TestAcc=0.8407]
Training Epochs:  16%|███████▊                                         | 16/100 [00:01<00:11,  7.24it/s, Loss=0.3152, TrainAcc=0.9688, TestAcc=0.8407]
Training Epochs:  16%|███████▊                                         | 16/100 [00:02<00:11,  7.24it/s, Loss=0.3116, TrainAcc=0.9766, TestAcc=0.8475]
Training Epochs:  17%|████████▎                                        | 17/100 [00:02<00:11,  7.18it/s, Loss=0.3116, TrainAcc=0.9766, TestAcc=0.8475]
Training Epochs:  17%|████████▎                                        | 17/100 [00:02<00:11,  7.18it/s, Loss=0.3199, TrainAcc=0.9766, TestAcc=0.8305]
Training Epochs:  18%|████████▊                                        | 18/100 [00:02<00:11,  7.12it/s, Loss=0.3199, TrainAcc=0.9766, TestAcc=0.8305]
Training Epochs:  18%|████████▊                                        | 18/100 [00:02<00:11,  7.12it/s, Loss=0.3184, TrainAcc=0.9698, TestAcc=0.8102]
Training Epochs:  19%|█████████▎                                       | 19/100 [00:02<00:11,  7.09it/s, Loss=0.3184, TrainAcc=0.9698, TestAcc=0.8102]
Training Epochs:  19%|█████████▎                                       | 19/100 [00:02<00:11,  7.09it/s, Loss=0.3138, TrainAcc=0.9669, TestAcc=0.8542]
Training Epochs:  20%|█████████▊                                       | 20/100 [00:02<00:11,  7.10it/s, Loss=0.3138, TrainAcc=0.9669, TestAcc=0.8542]
Training Epochs:  20%|█████████▊                                       | 20/100 [00:02<00:11,  7.10it/s, Loss=0.3208, TrainAcc=0.9659, TestAcc=0.8339]
Training Epochs:  21%|██████████▎                                      | 21/100 [00:02<00:11,  7.08it/s, Loss=0.3208, TrainAcc=0.9659, TestAcc=0.8339]
Training Epochs:  21%|██████████▎                                      | 21/100 [00:02<00:11,  7.08it/s, Loss=0.3013, TrainAcc=0.9815, TestAcc=0.8441]
Training Epochs:  22%|██████████▊                                      | 22/100 [00:02<00:11,  7.07it/s, Loss=0.3013, TrainAcc=0.9815, TestAcc=0.8441]
Training Epochs:  22%|██████████▊                                      | 22/100 [00:02<00:11,  7.07it/s, Loss=0.3132, TrainAcc=0.9708, TestAcc=0.8712]
Training Epochs:  23%|███████████▎                                     | 23/100 [00:02<00:10,  7.04it/s, Loss=0.3132, TrainAcc=0.9708, TestAcc=0.8712]
Training Epochs:  23%|███████████▎                                     | 23/100 [00:03<00:10,  7.04it/s, Loss=0.3062, TrainAcc=0.9766, TestAcc=0.8237]
Training Epochs:  24%|███████████▊                                     | 24/100 [00:03<00:10,  7.04it/s, Loss=0.3062, TrainAcc=0.9766, TestAcc=0.8237]
Training Epochs:  24%|███████████▊                                     | 24/100 [00:03<00:10,  7.04it/s, Loss=0.3937, TrainAcc=0.9610, TestAcc=0.8136]
Training Epochs:  25%|████████████▎                                    | 25/100 [00:03<00:09,  7.55it/s, Loss=0.3937, TrainAcc=0.9610, TestAcc=0.8136]
Training Epochs:  25%|████████████▎                                    | 25/100 [00:03<00:09,  7.55it/s, Loss=0.3911, TrainAcc=0.9571, TestAcc=0.8034]
Training Epochs:  26%|████████████▋                                    | 26/100 [00:03<00:09,  8.06it/s, Loss=0.3911, TrainAcc=0.9571, TestAcc=0.8034]
Training Epochs:  26%|████████████▋                                    | 26/100 [00:03<00:09,  8.06it/s, Loss=0.3555, TrainAcc=0.9581, TestAcc=0.8373]
Training Epochs:  27%|█████████████▏                                   | 27/100 [00:03<00:08,  8.50it/s, Loss=0.3555, TrainAcc=0.9581, TestAcc=0.8373]
Training Epochs:  27%|█████████████▏                                   | 27/100 [00:03<00:08,  8.50it/s, Loss=0.3347, TrainAcc=0.9717, TestAcc=0.8475]
Training Epochs:  28%|█████████████▋                                   | 28/100 [00:03<00:08,  8.82it/s, Loss=0.3347, TrainAcc=0.9717, TestAcc=0.8475]
Training Epochs:  28%|█████████████▋                                   | 28/100 [00:03<00:08,  8.82it/s, Loss=0.3044, TrainAcc=0.9786, TestAcc=0.8373]
Training Epochs:  29%|██████████████▏                                  | 29/100 [00:03<00:07,  9.07it/s, Loss=0.3044, TrainAcc=0.9786, TestAcc=0.8373]
Training Epochs:  29%|██████████████▏                                  | 29/100 [00:03<00:07,  9.07it/s, Loss=0.2877, TrainAcc=0.9776, TestAcc=0.8339]
Training Epochs:  30%|██████████████▋                                  | 30/100 [00:03<00:07,  9.26it/s, Loss=0.2877, TrainAcc=0.9776, TestAcc=0.8339]
Training Epochs:  30%|██████████████▋                                  | 30/100 [00:03<00:07,  9.26it/s, Loss=0.3011, TrainAcc=0.9776, TestAcc=0.8203]
Training Epochs:  31%|███████████████▏                                 | 31/100 [00:03<00:07,  9.08it/s, Loss=0.3011, TrainAcc=0.9776, TestAcc=0.8203]
Training Epochs:  31%|███████████████▏                                 | 31/100 [00:03<00:07,  9.08it/s, Loss=0.2980, TrainAcc=0.9795, TestAcc=0.8373]
Training Epochs:  32%|███████████████▋                                 | 32/100 [00:03<00:07,  8.60it/s, Loss=0.2980, TrainAcc=0.9795, TestAcc=0.8373]
Training Epochs:  32%|███████████████▋                                 | 32/100 [00:04<00:07,  8.60it/s, Loss=0.2925, TrainAcc=0.9805, TestAcc=0.8271]
Training Epochs:  33%|████████████████▏                                | 33/100 [00:04<00:08,  8.16it/s, Loss=0.2925, TrainAcc=0.9805, TestAcc=0.8271]
Training Epochs:  33%|████████████████▏                                | 33/100 [00:04<00:08,  8.16it/s, Loss=0.2917, TrainAcc=0.9873, TestAcc=0.8373]
Training Epochs:  34%|████████████████▋                                | 34/100 [00:04<00:08,  7.80it/s, Loss=0.2917, TrainAcc=0.9873, TestAcc=0.8373]
Training Epochs:  34%|████████████████▋                                | 34/100 [00:04<00:08,  7.80it/s, Loss=0.2873, TrainAcc=0.9795, TestAcc=0.8407]
Training Epochs:  35%|█████████████████▏                               | 35/100 [00:04<00:08,  7.56it/s, Loss=0.2873, TrainAcc=0.9795, TestAcc=0.8407]
Training Epochs:  35%|█████████████████▏                               | 35/100 [00:04<00:08,  7.56it/s, Loss=0.2944, TrainAcc=0.9815, TestAcc=0.8508]
Training Epochs:  36%|█████████████████▋                               | 36/100 [00:04<00:08,  7.40it/s, Loss=0.2944, TrainAcc=0.9815, TestAcc=0.8508]
Training Epochs:  36%|█████████████████▋                               | 36/100 [00:04<00:08,  7.40it/s, Loss=0.2938, TrainAcc=0.9795, TestAcc=0.8610]
Training Epochs:  37%|██████████████████▏                              | 37/100 [00:04<00:08,  7.27it/s, Loss=0.2938, TrainAcc=0.9795, TestAcc=0.8610]
Training Epochs:  37%|██████████████████▏                              | 37/100 [00:04<00:08,  7.27it/s, Loss=0.3016, TrainAcc=0.9825, TestAcc=0.8610]
Training Epochs:  38%|██████████████████▌                              | 38/100 [00:04<00:08,  7.20it/s, Loss=0.3016, TrainAcc=0.9825, TestAcc=0.8610]
Training Epochs:  38%|██████████████████▌                              | 38/100 [00:04<00:08,  7.20it/s, Loss=0.3578, TrainAcc=0.9669, TestAcc=0.8441]
Training Epochs:  39%|███████████████████                              | 39/100 [00:04<00:08,  7.10it/s, Loss=0.3578, TrainAcc=0.9669, TestAcc=0.8441]
Training Epochs:  39%|███████████████████                              | 39/100 [00:05<00:08,  7.10it/s, Loss=0.3235, TrainAcc=0.9708, TestAcc=0.8339]
Training Epochs:  40%|███████████████████▌                             | 40/100 [00:05<00:08,  7.02it/s, Loss=0.3235, TrainAcc=0.9708, TestAcc=0.8339]
Training Epochs:  40%|███████████████████▌                             | 40/100 [00:05<00:08,  7.02it/s, Loss=0.3174, TrainAcc=0.9708, TestAcc=0.8475]
Training Epochs:  41%|████████████████████                             | 41/100 [00:05<00:08,  7.02it/s, Loss=0.3174, TrainAcc=0.9708, TestAcc=0.8475]
Training Epochs:  41%|████████████████████                             | 41/100 [00:05<00:08,  7.02it/s, Loss=0.4041, TrainAcc=0.9669, TestAcc=0.8305]
Training Epochs:  42%|████████████████████▌                            | 42/100 [00:05<00:08,  7.02it/s, Loss=0.4041, TrainAcc=0.9669, TestAcc=0.8305]
Training Epochs:  42%|████████████████████▌                            | 42/100 [00:05<00:08,  7.02it/s, Loss=0.3449, TrainAcc=0.9708, TestAcc=0.8441]
Training Epochs:  43%|█████████████████████                            | 43/100 [00:05<00:08,  7.02it/s, Loss=0.3449, TrainAcc=0.9708, TestAcc=0.8441]
Training Epochs:  43%|█████████████████████                            | 43/100 [00:05<00:08,  7.02it/s, Loss=0.3229, TrainAcc=0.9727, TestAcc=0.8237]
Training Epochs:  44%|█████████████████████▌                           | 44/100 [00:05<00:08,  6.99it/s, Loss=0.3229, TrainAcc=0.9727, TestAcc=0.8237]
Training Epochs:  44%|█████████████████████▌                           | 44/100 [00:05<00:08,  6.99it/s, Loss=0.3215, TrainAcc=0.9649, TestAcc=0.8508]
Training Epochs:  45%|██████████████████████                           | 45/100 [00:05<00:07,  6.97it/s, Loss=0.3215, TrainAcc=0.9649, TestAcc=0.8508]
Training Epochs:  45%|██████████████████████                           | 45/100 [00:05<00:07,  6.97it/s, Loss=0.3901, TrainAcc=0.9571, TestAcc=0.8271]
Training Epochs:  46%|██████████████████████▌                          | 46/100 [00:05<00:07,  7.01it/s, Loss=0.3901, TrainAcc=0.9571, TestAcc=0.8271]
Training Epochs:  46%|██████████████████████▌                          | 46/100 [00:06<00:07,  7.01it/s, Loss=0.3391, TrainAcc=0.9727, TestAcc=0.8102]
Training Epochs:  47%|███████████████████████                          | 47/100 [00:06<00:07,  7.06it/s, Loss=0.3391, TrainAcc=0.9727, TestAcc=0.8102]
Training Epochs:  47%|███████████████████████                          | 47/100 [00:06<00:07,  7.06it/s, Loss=0.3244, TrainAcc=0.9727, TestAcc=0.8407]
Training Epochs:  48%|███████████████████████▌                         | 48/100 [00:06<00:07,  7.06it/s, Loss=0.3244, TrainAcc=0.9727, TestAcc=0.8407]
Training Epochs:  48%|███████████████████████▌                         | 48/100 [00:06<00:07,  7.06it/s, Loss=0.3009, TrainAcc=0.9766, TestAcc=0.8203]
Training Epochs:  49%|████████████████████████                         | 49/100 [00:06<00:07,  7.01it/s, Loss=0.3009, TrainAcc=0.9766, TestAcc=0.8203]
Training Epochs:  49%|████████████████████████                         | 49/100 [00:06<00:07,  7.01it/s, Loss=0.2946, TrainAcc=0.9795, TestAcc=0.8237]
Training Epochs:  50%|████████████████████████▌                        | 50/100 [00:06<00:07,  7.02it/s, Loss=0.2946, TrainAcc=0.9795, TestAcc=0.8237]
Training Epochs:  50%|████████████████████████▌                        | 50/100 [00:06<00:07,  7.02it/s, Loss=0.2855, TrainAcc=0.9854, TestAcc=0.8271]
Training Epochs:  51%|████████████████████████▉                        | 51/100 [00:06<00:06,  7.02it/s, Loss=0.2855, TrainAcc=0.9854, TestAcc=0.8271]
Training Epochs:  51%|████████████████████████▉                        | 51/100 [00:06<00:06,  7.02it/s, Loss=0.3350, TrainAcc=0.9688, TestAcc=0.8271]
Training Epochs:  52%|█████████████████████████▍                       | 52/100 [00:06<00:06,  7.03it/s, Loss=0.3350, TrainAcc=0.9688, TestAcc=0.8271]
Training Epochs:  52%|█████████████████████████▍                       | 52/100 [00:06<00:06,  7.03it/s, Loss=0.3073, TrainAcc=0.9766, TestAcc=0.8305]
Training Epochs:  53%|█████████████████████████▉                       | 53/100 [00:06<00:06,  7.02it/s, Loss=0.3073, TrainAcc=0.9766, TestAcc=0.8305]
Training Epochs:  53%|█████████████████████████▉                       | 53/100 [00:07<00:06,  7.02it/s, Loss=0.2913, TrainAcc=0.9805, TestAcc=0.8271]
Training Epochs:  54%|██████████████████████████▍                      | 54/100 [00:07<00:06,  6.98it/s, Loss=0.2913, TrainAcc=0.9805, TestAcc=0.8271]
Training Epochs:  54%|██████████████████████████▍                      | 54/100 [00:07<00:06,  6.98it/s, Loss=0.2819, TrainAcc=0.9795, TestAcc=0.8237]
Training Epochs:  55%|██████████████████████████▉                      | 55/100 [00:07<00:06,  6.97it/s, Loss=0.2819, TrainAcc=0.9795, TestAcc=0.8237]
Training Epochs:  55%|██████████████████████████▉                      | 55/100 [00:07<00:06,  6.97it/s, Loss=0.2923, TrainAcc=0.9776, TestAcc=0.8169]
Training Epochs:  56%|███████████████████████████▍                     | 56/100 [00:07<00:06,  6.99it/s, Loss=0.2923, TrainAcc=0.9776, TestAcc=0.8169]
Training Epochs:  56%|███████████████████████████▍                     | 56/100 [00:07<00:06,  6.99it/s, Loss=0.2845, TrainAcc=0.9825, TestAcc=0.8237]
Training Epochs:  57%|███████████████████████████▉                     | 57/100 [00:07<00:06,  7.01it/s, Loss=0.2845, TrainAcc=0.9825, TestAcc=0.8237]
Training Epochs:  57%|███████████████████████████▉                     | 57/100 [00:07<00:06,  7.01it/s, Loss=0.2911, TrainAcc=0.9825, TestAcc=0.8271]
Training Epochs:  58%|████████████████████████████▍                    | 58/100 [00:07<00:05,  7.01it/s, Loss=0.2911, TrainAcc=0.9825, TestAcc=0.8271]
Training Epochs:  58%|████████████████████████████▍                    | 58/100 [00:07<00:05,  7.01it/s, Loss=0.4082, TrainAcc=0.9581, TestAcc=0.8407]
Training Epochs:  59%|████████████████████████████▉                    | 59/100 [00:07<00:05,  6.96it/s, Loss=0.4082, TrainAcc=0.9581, TestAcc=0.8407]
Training Epochs:  59%|████████████████████████████▉                    | 59/100 [00:07<00:05,  6.96it/s, Loss=0.3719, TrainAcc=0.9591, TestAcc=0.7932]
Training Epochs:  60%|█████████████████████████████▍                   | 60/100 [00:07<00:05,  6.98it/s, Loss=0.3719, TrainAcc=0.9591, TestAcc=0.7932]
Training Epochs:  60%|█████████████████████████████▍                   | 60/100 [00:08<00:05,  6.98it/s, Loss=0.3633, TrainAcc=0.9649, TestAcc=0.8102]
Training Epochs:  61%|█████████████████████████████▉                   | 61/100 [00:08<00:05,  6.98it/s, Loss=0.3633, TrainAcc=0.9649, TestAcc=0.8102]
Training Epochs:  61%|█████████████████████████████▉                   | 61/100 [00:08<00:05,  6.98it/s, Loss=0.3225, TrainAcc=0.9766, TestAcc=0.8339]
Training Epochs:  62%|██████████████████████████████▍                  | 62/100 [00:08<00:05,  7.34it/s, Loss=0.3225, TrainAcc=0.9766, TestAcc=0.8339]
Training Epochs:  62%|██████████████████████████████▍                  | 62/100 [00:08<00:05,  7.34it/s, Loss=0.3182, TrainAcc=0.9805, TestAcc=0.8068]
Training Epochs:  63%|██████████████████████████████▊                  | 63/100 [00:08<00:04,  7.69it/s, Loss=0.3182, TrainAcc=0.9805, TestAcc=0.8068]
Training Epochs:  63%|██████████████████████████████▊                  | 63/100 [00:08<00:04,  7.69it/s, Loss=0.3035, TrainAcc=0.9844, TestAcc=0.8034]
Training Epochs:  64%|███████████████████████████████▎                 | 64/100 [00:08<00:04,  7.64it/s, Loss=0.3035, TrainAcc=0.9844, TestAcc=0.8034]
Training Epochs:  64%|███████████████████████████████▎                 | 64/100 [00:08<00:04,  7.64it/s, Loss=0.2944, TrainAcc=0.9776, TestAcc=0.8237]
Training Epochs:  65%|███████████████████████████████▊                 | 65/100 [00:08<00:04,  7.82it/s, Loss=0.2944, TrainAcc=0.9776, TestAcc=0.8237]
Training Epochs:  65%|███████████████████████████████▊                 | 65/100 [00:08<00:04,  7.82it/s, Loss=0.2767, TrainAcc=0.9883, TestAcc=0.8237]
Training Epochs:  66%|████████████████████████████████▎                | 66/100 [00:08<00:04,  7.92it/s, Loss=0.2767, TrainAcc=0.9883, TestAcc=0.8237]
Training Epochs:  66%|████████████████████████████████▎                | 66/100 [00:08<00:04,  7.92it/s, Loss=0.2780, TrainAcc=0.9844, TestAcc=0.8034]
Training Epochs:  67%|████████████████████████████████▊                | 67/100 [00:08<00:04,  7.90it/s, Loss=0.2780, TrainAcc=0.9844, TestAcc=0.8034]
Training Epochs:  67%|████████████████████████████████▊                | 67/100 [00:08<00:04,  7.90it/s, Loss=0.2700, TrainAcc=0.9864, TestAcc=0.8339]
Training Epochs:  68%|█████████████████████████████████▎               | 68/100 [00:08<00:03,  8.02it/s, Loss=0.2700, TrainAcc=0.9864, TestAcc=0.8339]
Training Epochs:  68%|█████████████████████████████████▎               | 68/100 [00:09<00:03,  8.02it/s, Loss=0.2753, TrainAcc=0.9844, TestAcc=0.8542]
Training Epochs:  69%|█████████████████████████████████▊               | 69/100 [00:09<00:03,  8.11it/s, Loss=0.2753, TrainAcc=0.9844, TestAcc=0.8542]
Training Epochs:  69%|█████████████████████████████████▊               | 69/100 [00:09<00:03,  8.11it/s, Loss=0.2650, TrainAcc=0.9883, TestAcc=0.8203]
Training Epochs:  70%|██████████████████████████████████▎              | 70/100 [00:09<00:03,  8.17it/s, Loss=0.2650, TrainAcc=0.9883, TestAcc=0.8203]
Training Epochs:  70%|██████████████████████████████████▎              | 70/100 [00:09<00:03,  8.17it/s, Loss=0.2518, TrainAcc=0.9932, TestAcc=0.8102]
Training Epochs:  71%|██████████████████████████████████▊              | 71/100 [00:09<00:03,  8.14it/s, Loss=0.2518, TrainAcc=0.9932, TestAcc=0.8102]
Training Epochs:  71%|██████████████████████████████████▊              | 71/100 [00:09<00:03,  8.14it/s, Loss=0.2600, TrainAcc=0.9873, TestAcc=0.8407]
Training Epochs:  72%|███████████████████████████████████▎             | 72/100 [00:09<00:03,  8.21it/s, Loss=0.2600, TrainAcc=0.9873, TestAcc=0.8407]
Training Epochs:  72%|███████████████████████████████████▎             | 72/100 [00:09<00:03,  8.21it/s, Loss=0.2718, TrainAcc=0.9854, TestAcc=0.8441]
Training Epochs:  73%|███████████████████████████████████▊             | 73/100 [00:09<00:03,  8.29it/s, Loss=0.2718, TrainAcc=0.9854, TestAcc=0.8441]
Training Epochs:  73%|███████████████████████████████████▊             | 73/100 [00:09<00:03,  8.29it/s, Loss=0.2521, TrainAcc=0.9932, TestAcc=0.8610]
Training Epochs:  74%|████████████████████████████████████▎            | 74/100 [00:09<00:03,  8.33it/s, Loss=0.2521, TrainAcc=0.9932, TestAcc=0.8610]
Training Epochs:  74%|████████████████████████████████████▎            | 74/100 [00:09<00:03,  8.33it/s, Loss=0.2462, TrainAcc=0.9903, TestAcc=0.8305]
Training Epochs:  75%|████████████████████████████████████▊            | 75/100 [00:09<00:02,  8.37it/s, Loss=0.2462, TrainAcc=0.9903, TestAcc=0.8305]
Training Epochs:  75%|████████████████████████████████████▊            | 75/100 [00:09<00:02,  8.37it/s, Loss=0.2472, TrainAcc=0.9912, TestAcc=0.8441]
Training Epochs:  76%|█████████████████████████████████████▏           | 76/100 [00:09<00:02,  8.41it/s, Loss=0.2472, TrainAcc=0.9912, TestAcc=0.8441]
Training Epochs:  76%|█████████████████████████████████████▏           | 76/100 [00:10<00:02,  8.41it/s, Loss=0.2551, TrainAcc=0.9864, TestAcc=0.8237]
Training Epochs:  77%|█████████████████████████████████████▋           | 77/100 [00:10<00:02,  8.39it/s, Loss=0.2551, TrainAcc=0.9864, TestAcc=0.8237]
Training Epochs:  77%|█████████████████████████████████████▋           | 77/100 [00:10<00:02,  8.39it/s, Loss=0.2501, TrainAcc=0.9893, TestAcc=0.8407]
Training Epochs:  77%|█████████████████████████████████████▋           | 77/100 [00:10<00:02,  8.39it/s, Loss=0.2533, TrainAcc=0.9883, TestAcc=0.8407]
Training Epochs:  79%|██████████████████████████████████████▋          | 79/100 [00:10<00:02, 10.18it/s, Loss=0.2533, TrainAcc=0.9883, TestAcc=0.8407]
Training Epochs:  79%|██████████████████████████████████████▋          | 79/100 [00:10<00:02, 10.18it/s, Loss=0.2492, TrainAcc=0.9912, TestAcc=0.8475]
Training Epochs:  79%|██████████████████████████████████████▋          | 79/100 [00:10<00:02, 10.18it/s, Loss=0.2591, TrainAcc=0.9893, TestAcc=0.8441]
Training Epochs:  81%|███████████████████████████████████████▋         | 81/100 [00:10<00:01, 11.91it/s, Loss=0.2591, TrainAcc=0.9893, TestAcc=0.8441]
Training Epochs:  81%|███████████████████████████████████████▋         | 81/100 [00:10<00:01, 11.91it/s, Loss=0.2430, TrainAcc=0.9922, TestAcc=0.8271]
Training Epochs:  81%|███████████████████████████████████████▋         | 81/100 [00:10<00:01, 11.91it/s, Loss=0.2369, TrainAcc=0.9932, TestAcc=0.8068]
Training Epochs:  83%|████████████████████████████████████████▋        | 83/100 [00:10<00:01, 13.41it/s, Loss=0.2369, TrainAcc=0.9932, TestAcc=0.8068]
Training Epochs:  83%|████████████████████████████████████████▋        | 83/100 [00:10<00:01, 13.41it/s, Loss=0.2488, TrainAcc=0.9912, TestAcc=0.8237]
Training Epochs:  83%|████████████████████████████████████████▋        | 83/100 [00:10<00:01, 13.41it/s, Loss=0.2510, TrainAcc=0.9883, TestAcc=0.8305]
Training Epochs:  85%|█████████████████████████████████████████▋       | 85/100 [00:10<00:01, 13.77it/s, Loss=0.2510, TrainAcc=0.9883, TestAcc=0.8305]
Training Epochs:  85%|█████████████████████████████████████████▋       | 85/100 [00:10<00:01, 13.77it/s, Loss=0.2687, TrainAcc=0.9825, TestAcc=0.8000]
Training Epochs:  85%|█████████████████████████████████████████▋       | 85/100 [00:10<00:01, 13.77it/s, Loss=0.2827, TrainAcc=0.9747, TestAcc=0.8136]
Training Epochs:  87%|██████████████████████████████████████████▋      | 87/100 [00:10<00:01, 11.85it/s, Loss=0.2827, TrainAcc=0.9747, TestAcc=0.8136]
Training Epochs:  87%|██████████████████████████████████████████▋      | 87/100 [00:10<00:01, 11.85it/s, Loss=0.2804, TrainAcc=0.9854, TestAcc=0.8339]
Training Epochs:  87%|██████████████████████████████████████████▋      | 87/100 [00:10<00:01, 11.85it/s, Loss=0.2556, TrainAcc=0.9854, TestAcc=0.8068]
Training Epochs:  89%|███████████████████████████████████████████▌     | 89/100 [00:10<00:01, 10.47it/s, Loss=0.2556, TrainAcc=0.9854, TestAcc=0.8068]
Training Epochs:  89%|███████████████████████████████████████████▌     | 89/100 [00:11<00:01, 10.47it/s, Loss=0.2474, TrainAcc=0.9932, TestAcc=0.8271]
Training Epochs:  89%|███████████████████████████████████████████▌     | 89/100 [00:11<00:01, 10.47it/s, Loss=0.2453, TrainAcc=0.9922, TestAcc=0.8271]
Training Epochs:  91%|████████████████████████████████████████████▌    | 91/100 [00:11<00:00,  9.77it/s, Loss=0.2453, TrainAcc=0.9922, TestAcc=0.8271]
Training Epochs:  91%|████████████████████████████████████████████▌    | 91/100 [00:11<00:00,  9.77it/s, Loss=0.2416, TrainAcc=0.9883, TestAcc=0.8339]
Training Epochs:  91%|████████████████████████████████████████████▌    | 91/100 [00:11<00:00,  9.77it/s, Loss=0.2394, TrainAcc=0.9903, TestAcc=0.8136]
Training Epochs:  93%|█████████████████████████████████████████████▌   | 93/100 [00:11<00:00,  9.36it/s, Loss=0.2394, TrainAcc=0.9903, TestAcc=0.8136]
Training Epochs:  93%|█████████████████████████████████████████████▌   | 93/100 [00:11<00:00,  9.36it/s, Loss=0.2457, TrainAcc=0.9903, TestAcc=0.8441]
Training Epochs:  94%|██████████████████████████████████████████████   | 94/100 [00:11<00:00,  9.21it/s, Loss=0.2457, TrainAcc=0.9903, TestAcc=0.8441]
Training Epochs:  94%|██████████████████████████████████████████████   | 94/100 [00:11<00:00,  9.21it/s, Loss=0.2401, TrainAcc=0.9912, TestAcc=0.8407]
Training Epochs:  95%|██████████████████████████████████████████████▌  | 95/100 [00:11<00:00,  9.08it/s, Loss=0.2401, TrainAcc=0.9912, TestAcc=0.8407]
Training Epochs:  95%|██████████████████████████████████████████████▌  | 95/100 [00:11<00:00,  9.08it/s, Loss=0.2549, TrainAcc=0.9854, TestAcc=0.8203]
Training Epochs:  96%|███████████████████████████████████████████████  | 96/100 [00:11<00:00,  8.96it/s, Loss=0.2549, TrainAcc=0.9854, TestAcc=0.8203]
Training Epochs:  96%|███████████████████████████████████████████████  | 96/100 [00:11<00:00,  8.96it/s, Loss=0.2345, TrainAcc=0.9942, TestAcc=0.8373]
Training Epochs:  97%|███████████████████████████████████████████████▌ | 97/100 [00:11<00:00,  8.86it/s, Loss=0.2345, TrainAcc=0.9942, TestAcc=0.8373]
Training Epochs:  97%|███████████████████████████████████████████████▌ | 97/100 [00:12<00:00,  8.86it/s, Loss=0.2497, TrainAcc=0.9903, TestAcc=0.8441]
Training Epochs:  98%|████████████████████████████████████████████████ | 98/100 [00:12<00:00,  8.69it/s, Loss=0.2497, TrainAcc=0.9903, TestAcc=0.8441]
Training Epochs:  98%|████████████████████████████████████████████████ | 98/100 [00:12<00:00,  8.69it/s, Loss=0.2319, TrainAcc=0.9961, TestAcc=0.8373]
Training Epochs:  99%|████████████████████████████████████████████████▌| 99/100 [00:12<00:00,  8.62it/s, Loss=0.2319, TrainAcc=0.9961, TestAcc=0.8373]
Training Epochs:  99%|████████████████████████████████████████████████▌| 99/100 [00:12<00:00,  8.62it/s, Loss=0.2537, TrainAcc=0.9834, TestAcc=0.8203]
Training Epochs: 100%|████████████████████████████████████████████████| 100/100 [00:12<00:00,  8.57it/s, Loss=0.2537, TrainAcc=0.9834, TestAcc=0.8203]
Training Epochs: 100%|████████████████████████████████████████████████| 100/100 [00:12<00:00,  8.14it/s, Loss=0.2537, TrainAcc=0.9834, TestAcc=0.8203]
{'Real': {'precision': 0.8895027624309392, 'recall': 0.8994413407821229, 'f1': 0.8944444444444445}, 'Fake': {'precision': 0.8421052631578947, 'recall': 0.8275862068965517, 'f1': 0.8347826086956521}}
====================================================================================================
run at 3-th time
seed:  3
Compared_Baselines/2019_MVAE/train_rbvt.py:85: FutureWarning: You are using `torch.load` with `weights_only=False` (the current default value), which uses the default pickle module implicitly. It is possible to construct malicious pickle data which will execute arbitrary code during unpickling (See https://github.com/pytorch/pytorch/blob/main/SECURITY.md#untrusted-models for more details). In a future release, the default value for `weights_only` will be flipped to `True`. This limits the functions that could be executed during unpickling. Arbitrary objects will no longer be allowed to be loaded via this mode unless they are explicitly allowlisted by the user via `torch.serialization.add_safe_globals`. We recommend you start setting `weights_only=True` for any use case where you don't have full control of the loaded file. Please open an issue on GitHub for any issues related to this experimental feature.
  data_pair = torch.load(dataset_path)

Training Epochs:   0%|                                                                                                        | 0/100 [00:00<?, ?it/s]
Training Epochs:   0%|                                                          | 0/100 [00:00<?, ?it/s, Loss=1.1042, TrainAcc=0.5965, TestAcc=0.6949]
Training Epochs:   1%|▌                                                 | 1/100 [00:00<00:10,  9.74it/s, Loss=1.1042, TrainAcc=0.5965, TestAcc=0.6949]
Training Epochs:   1%|▌                                                 | 1/100 [00:00<00:10,  9.74it/s, Loss=0.8297, TrainAcc=0.7505, TestAcc=0.8271]
Training Epochs:   2%|█                                                 | 2/100 [00:00<00:09,  9.89it/s, Loss=0.8297, TrainAcc=0.7505, TestAcc=0.8271]
Training Epochs:   2%|█                                                 | 2/100 [00:00<00:09,  9.89it/s, Loss=0.6213, TrainAcc=0.8674, TestAcc=0.8237]
Training Epochs:   2%|█                                                 | 2/100 [00:00<00:09,  9.89it/s, Loss=0.5366, TrainAcc=0.8869, TestAcc=0.8102]
Training Epochs:   4%|██                                                | 4/100 [00:00<00:09, 10.02it/s, Loss=0.5366, TrainAcc=0.8869, TestAcc=0.8102]
Training Epochs:   4%|██                                                | 4/100 [00:00<00:09, 10.02it/s, Loss=0.4490, TrainAcc=0.9288, TestAcc=0.8508]
Training Epochs:   4%|██                                                | 4/100 [00:00<00:09, 10.02it/s, Loss=0.3861, TrainAcc=0.9513, TestAcc=0.8576]
Training Epochs:   6%|███                                               | 6/100 [00:00<00:09, 10.05it/s, Loss=0.3861, TrainAcc=0.9513, TestAcc=0.8576]
Training Epochs:   6%|███                                               | 6/100 [00:00<00:09, 10.05it/s, Loss=0.3898, TrainAcc=0.9464, TestAcc=0.8305]
Training Epochs:   6%|███                                               | 6/100 [00:00<00:09, 10.05it/s, Loss=0.3781, TrainAcc=0.9542, TestAcc=0.8407]
Training Epochs:   8%|████                                              | 8/100 [00:00<00:10,  9.06it/s, Loss=0.3781, TrainAcc=0.9542, TestAcc=0.8407]
Training Epochs:   8%|████                                              | 8/100 [00:00<00:10,  9.06it/s, Loss=0.3647, TrainAcc=0.9610, TestAcc=0.8441]
Training Epochs:   9%|████▌                                             | 9/100 [00:00<00:10,  8.55it/s, Loss=0.3647, TrainAcc=0.9610, TestAcc=0.8441]
Training Epochs:   9%|████▌                                             | 9/100 [00:01<00:10,  8.55it/s, Loss=0.3515, TrainAcc=0.9591, TestAcc=0.8136]
Training Epochs:  10%|████▉                                            | 10/100 [00:01<00:11,  8.11it/s, Loss=0.3515, TrainAcc=0.9591, TestAcc=0.8136]
Training Epochs:  10%|████▉                                            | 10/100 [00:01<00:11,  8.11it/s, Loss=0.3459, TrainAcc=0.9552, TestAcc=0.8102]
Training Epochs:  11%|█████▍                                           | 11/100 [00:01<00:11,  7.77it/s, Loss=0.3459, TrainAcc=0.9552, TestAcc=0.8102]
Training Epochs:  11%|█████▍                                           | 11/100 [00:01<00:11,  7.77it/s, Loss=0.3683, TrainAcc=0.9542, TestAcc=0.8000]
Training Epochs:  12%|█████▉                                           | 12/100 [00:01<00:11,  7.53it/s, Loss=0.3683, TrainAcc=0.9542, TestAcc=0.8000]
Training Epochs:  12%|█████▉                                           | 12/100 [00:01<00:11,  7.53it/s, Loss=0.3805, TrainAcc=0.9591, TestAcc=0.8475]
Training Epochs:  13%|██████▎                                          | 13/100 [00:01<00:11,  7.35it/s, Loss=0.3805, TrainAcc=0.9591, TestAcc=0.8475]
Training Epochs:  13%|██████▎                                          | 13/100 [00:01<00:11,  7.35it/s, Loss=0.3421, TrainAcc=0.9698, TestAcc=0.8441]
Training Epochs:  14%|██████▊                                          | 14/100 [00:01<00:11,  7.23it/s, Loss=0.3421, TrainAcc=0.9698, TestAcc=0.8441]
Training Epochs:  14%|██████▊                                          | 14/100 [00:01<00:11,  7.23it/s, Loss=0.3536, TrainAcc=0.9552, TestAcc=0.8373]
Training Epochs:  15%|███████▎                                         | 15/100 [00:01<00:11,  7.15it/s, Loss=0.3536, TrainAcc=0.9552, TestAcc=0.8373]
Training Epochs:  15%|███████▎                                         | 15/100 [00:01<00:11,  7.15it/s, Loss=0.3439, TrainAcc=0.9610, TestAcc=0.8271]
Training Epochs:  16%|███████▊                                         | 16/100 [00:01<00:11,  7.13it/s, Loss=0.3439, TrainAcc=0.9610, TestAcc=0.8271]
Training Epochs:  16%|███████▊                                         | 16/100 [00:02<00:11,  7.13it/s, Loss=0.3249, TrainAcc=0.9698, TestAcc=0.8000]
Training Epochs:  17%|████████▎                                        | 17/100 [00:02<00:11,  7.05it/s, Loss=0.3249, TrainAcc=0.9698, TestAcc=0.8000]
Training Epochs:  17%|████████▎                                        | 17/100 [00:02<00:11,  7.05it/s, Loss=0.3843, TrainAcc=0.9513, TestAcc=0.8271]
Training Epochs:  18%|████████▊                                        | 18/100 [00:02<00:11,  7.04it/s, Loss=0.3843, TrainAcc=0.9513, TestAcc=0.8271]
Training Epochs:  18%|████████▊                                        | 18/100 [00:02<00:11,  7.04it/s, Loss=0.3471, TrainAcc=0.9639, TestAcc=0.8237]
Training Epochs:  19%|█████████▎                                       | 19/100 [00:02<00:11,  6.94it/s, Loss=0.3471, TrainAcc=0.9639, TestAcc=0.8237]
Training Epochs:  19%|█████████▎                                       | 19/100 [00:02<00:11,  6.94it/s, Loss=0.3610, TrainAcc=0.9610, TestAcc=0.8610]
Training Epochs:  20%|█████████▊                                       | 20/100 [00:02<00:11,  6.96it/s, Loss=0.3610, TrainAcc=0.9610, TestAcc=0.8610]
Training Epochs:  20%|█████████▊                                       | 20/100 [00:02<00:11,  6.96it/s, Loss=0.3275, TrainAcc=0.9708, TestAcc=0.8305]
Training Epochs:  21%|██████████▎                                      | 21/100 [00:02<00:11,  6.96it/s, Loss=0.3275, TrainAcc=0.9708, TestAcc=0.8305]
Training Epochs:  21%|██████████▎                                      | 21/100 [00:02<00:11,  6.96it/s, Loss=0.2992, TrainAcc=0.9815, TestAcc=0.7729]
Training Epochs:  22%|██████████▊                                      | 22/100 [00:02<00:11,  6.96it/s, Loss=0.2992, TrainAcc=0.9815, TestAcc=0.7729]
Training Epochs:  22%|██████████▊                                      | 22/100 [00:03<00:11,  6.96it/s, Loss=0.3296, TrainAcc=0.9717, TestAcc=0.8373]
Training Epochs:  23%|███████████▎                                     | 23/100 [00:03<00:11,  6.95it/s, Loss=0.3296, TrainAcc=0.9717, TestAcc=0.8373]
Training Epochs:  23%|███████████▎                                     | 23/100 [00:03<00:11,  6.95it/s, Loss=0.3182, TrainAcc=0.9747, TestAcc=0.8136]
Training Epochs:  24%|███████████▊                                     | 24/100 [00:03<00:10,  6.96it/s, Loss=0.3182, TrainAcc=0.9747, TestAcc=0.8136]
Training Epochs:  24%|███████████▊                                     | 24/100 [00:03<00:10,  6.96it/s, Loss=0.3247, TrainAcc=0.9717, TestAcc=0.8305]
Training Epochs:  25%|████████████▎                                    | 25/100 [00:03<00:10,  6.96it/s, Loss=0.3247, TrainAcc=0.9717, TestAcc=0.8305]
Training Epochs:  25%|████████████▎                                    | 25/100 [00:03<00:10,  6.96it/s, Loss=0.3083, TrainAcc=0.9766, TestAcc=0.8237]
Training Epochs:  26%|████████████▋                                    | 26/100 [00:03<00:10,  6.96it/s, Loss=0.3083, TrainAcc=0.9766, TestAcc=0.8237]
Training Epochs:  26%|████████████▋                                    | 26/100 [00:03<00:10,  6.96it/s, Loss=0.3063, TrainAcc=0.9795, TestAcc=0.8271]
Training Epochs:  27%|█████████████▏                                   | 27/100 [00:03<00:10,  6.82it/s, Loss=0.3063, TrainAcc=0.9795, TestAcc=0.8271]
Training Epochs:  27%|█████████████▏                                   | 27/100 [00:03<00:10,  6.82it/s, Loss=0.3402, TrainAcc=0.9630, TestAcc=0.8203]
Training Epochs:  28%|█████████████▋                                   | 28/100 [00:03<00:10,  6.87it/s, Loss=0.3402, TrainAcc=0.9630, TestAcc=0.8203]
Training Epochs:  28%|█████████████▋                                   | 28/100 [00:03<00:10,  6.87it/s, Loss=0.4448, TrainAcc=0.9396, TestAcc=0.7797]
Training Epochs:  29%|██████████████▏                                  | 29/100 [00:03<00:10,  6.91it/s, Loss=0.4448, TrainAcc=0.9396, TestAcc=0.7797]
Training Epochs:  29%|██████████████▏                                  | 29/100 [00:04<00:10,  6.91it/s, Loss=0.3719, TrainAcc=0.9561, TestAcc=0.8136]
Training Epochs:  30%|██████████████▋                                  | 30/100 [00:04<00:10,  6.93it/s, Loss=0.3719, TrainAcc=0.9561, TestAcc=0.8136]
Training Epochs:  30%|██████████████▋                                  | 30/100 [00:04<00:10,  6.93it/s, Loss=0.3834, TrainAcc=0.9581, TestAcc=0.8237]
Training Epochs:  31%|███████████████▏                                 | 31/100 [00:04<00:10,  6.85it/s, Loss=0.3834, TrainAcc=0.9581, TestAcc=0.8237]
Training Epochs:  31%|███████████████▏                                 | 31/100 [00:04<00:10,  6.85it/s, Loss=0.3422, TrainAcc=0.9678, TestAcc=0.8237]
Training Epochs:  32%|███████████████▋                                 | 32/100 [00:04<00:09,  6.88it/s, Loss=0.3422, TrainAcc=0.9678, TestAcc=0.8237]
Training Epochs:  32%|███████████████▋                                 | 32/100 [00:04<00:09,  6.88it/s, Loss=0.3154, TrainAcc=0.9786, TestAcc=0.8237]
Training Epochs:  33%|████████████████▏                                | 33/100 [00:04<00:09,  6.91it/s, Loss=0.3154, TrainAcc=0.9786, TestAcc=0.8237]
Training Epochs:  33%|████████████████▏                                | 33/100 [00:04<00:09,  6.91it/s, Loss=0.3006, TrainAcc=0.9776, TestAcc=0.8068]
Training Epochs:  34%|████████████████▋                                | 34/100 [00:04<00:09,  6.92it/s, Loss=0.3006, TrainAcc=0.9776, TestAcc=0.8068]
Training Epochs:  34%|████████████████▋                                | 34/100 [00:04<00:09,  6.92it/s, Loss=0.3486, TrainAcc=0.9708, TestAcc=0.8339]
Training Epochs:  35%|█████████████████▏                               | 35/100 [00:04<00:09,  6.94it/s, Loss=0.3486, TrainAcc=0.9708, TestAcc=0.8339]
Training Epochs:  35%|█████████████████▏                               | 35/100 [00:04<00:09,  6.94it/s, Loss=0.3259, TrainAcc=0.9805, TestAcc=0.8237]
Training Epochs:  36%|█████████████████▋                               | 36/100 [00:04<00:09,  6.94it/s, Loss=0.3259, TrainAcc=0.9805, TestAcc=0.8237]
Training Epochs:  36%|█████████████████▋                               | 36/100 [00:05<00:09,  6.94it/s, Loss=0.3222, TrainAcc=0.9747, TestAcc=0.8237]
Training Epochs:  37%|██████████████████▏                              | 37/100 [00:05<00:09,  6.94it/s, Loss=0.3222, TrainAcc=0.9747, TestAcc=0.8237]
Training Epochs:  37%|██████████████████▏                              | 37/100 [00:05<00:09,  6.94it/s, Loss=0.3086, TrainAcc=0.9727, TestAcc=0.8203]
Training Epochs:  38%|██████████████████▌                              | 38/100 [00:05<00:08,  6.96it/s, Loss=0.3086, TrainAcc=0.9727, TestAcc=0.8203]
Training Epochs:  38%|██████████████████▌                              | 38/100 [00:05<00:08,  6.96it/s, Loss=0.2992, TrainAcc=0.9786, TestAcc=0.7898]
Training Epochs:  39%|███████████████████                              | 39/100 [00:05<00:08,  6.98it/s, Loss=0.2992, TrainAcc=0.9786, TestAcc=0.7898]
Training Epochs:  39%|███████████████████                              | 39/100 [00:05<00:08,  6.98it/s, Loss=0.2931, TrainAcc=0.9786, TestAcc=0.8305]
Training Epochs:  40%|███████████████████▌                             | 40/100 [00:05<00:08,  6.98it/s, Loss=0.2931, TrainAcc=0.9786, TestAcc=0.8305]
Training Epochs:  40%|███████████████████▌                             | 40/100 [00:05<00:08,  6.98it/s, Loss=0.3476, TrainAcc=0.9688, TestAcc=0.8068]
Training Epochs:  41%|████████████████████                             | 41/100 [00:05<00:08,  6.97it/s, Loss=0.3476, TrainAcc=0.9688, TestAcc=0.8068]
Training Epochs:  41%|████████████████████                             | 41/100 [00:05<00:08,  6.97it/s, Loss=0.3237, TrainAcc=0.9756, TestAcc=0.8136]
Training Epochs:  42%|████████████████████▌                            | 42/100 [00:05<00:08,  6.99it/s, Loss=0.3237, TrainAcc=0.9756, TestAcc=0.8136]
Training Epochs:  42%|████████████████████▌                            | 42/100 [00:05<00:08,  6.99it/s, Loss=0.3106, TrainAcc=0.9727, TestAcc=0.8102]
Training Epochs:  43%|█████████████████████                            | 43/100 [00:05<00:08,  6.92it/s, Loss=0.3106, TrainAcc=0.9727, TestAcc=0.8102]
Training Epochs:  43%|█████████████████████                            | 43/100 [00:06<00:08,  6.92it/s, Loss=0.2928, TrainAcc=0.9805, TestAcc=0.8203]
Training Epochs:  44%|█████████████████████▌                           | 44/100 [00:06<00:08,  6.94it/s, Loss=0.2928, TrainAcc=0.9805, TestAcc=0.8203]
Training Epochs:  44%|█████████████████████▌                           | 44/100 [00:06<00:08,  6.94it/s, Loss=0.3058, TrainAcc=0.9747, TestAcc=0.8169]
Training Epochs:  45%|██████████████████████                           | 45/100 [00:06<00:07,  6.92it/s, Loss=0.3058, TrainAcc=0.9747, TestAcc=0.8169]
Training Epochs:  45%|██████████████████████                           | 45/100 [00:06<00:07,  6.92it/s, Loss=0.2964, TrainAcc=0.9786, TestAcc=0.8000]
Training Epochs:  46%|██████████████████████▌                          | 46/100 [00:06<00:07,  6.93it/s, Loss=0.2964, TrainAcc=0.9786, TestAcc=0.8000]
Training Epochs:  46%|██████████████████████▌                          | 46/100 [00:06<00:07,  6.93it/s, Loss=0.3455, TrainAcc=0.9620, TestAcc=0.8102]
Training Epochs:  47%|███████████████████████                          | 47/100 [00:06<00:07,  6.95it/s, Loss=0.3455, TrainAcc=0.9620, TestAcc=0.8102]
Training Epochs:  47%|███████████████████████                          | 47/100 [00:06<00:07,  6.95it/s, Loss=0.3079, TrainAcc=0.9805, TestAcc=0.8169]
Training Epochs:  48%|███████████████████████▌                         | 48/100 [00:06<00:07,  6.96it/s, Loss=0.3079, TrainAcc=0.9805, TestAcc=0.8169]
Training Epochs:  48%|███████████████████████▌                         | 48/100 [00:06<00:07,  6.96it/s, Loss=0.2934, TrainAcc=0.9825, TestAcc=0.8136]
Training Epochs:  49%|████████████████████████                         | 49/100 [00:06<00:07,  6.94it/s, Loss=0.2934, TrainAcc=0.9825, TestAcc=0.8136]
Training Epochs:  49%|████████████████████████                         | 49/100 [00:06<00:07,  6.94it/s, Loss=0.2841, TrainAcc=0.9825, TestAcc=0.8000]
Training Epochs:  50%|████████████████████████▌                        | 50/100 [00:06<00:07,  6.96it/s, Loss=0.2841, TrainAcc=0.9825, TestAcc=0.8000]
Training Epochs:  50%|████████████████████████▌                        | 50/100 [00:07<00:07,  6.96it/s, Loss=0.2842, TrainAcc=0.9786, TestAcc=0.8203]
Training Epochs:  51%|████████████████████████▉                        | 51/100 [00:07<00:07,  6.96it/s, Loss=0.2842, TrainAcc=0.9786, TestAcc=0.8203]
Training Epochs:  51%|████████████████████████▉                        | 51/100 [00:07<00:07,  6.96it/s, Loss=0.3016, TrainAcc=0.9766, TestAcc=0.7797]
Training Epochs:  52%|█████████████████████████▍                       | 52/100 [00:07<00:06,  6.97it/s, Loss=0.3016, TrainAcc=0.9766, TestAcc=0.7797]
Training Epochs:  52%|█████████████████████████▍                       | 52/100 [00:07<00:06,  6.97it/s, Loss=0.2825, TrainAcc=0.9854, TestAcc=0.7831]
Training Epochs:  53%|█████████████████████████▉                       | 53/100 [00:07<00:06,  6.97it/s, Loss=0.2825, TrainAcc=0.9854, TestAcc=0.7831]
Training Epochs:  53%|█████████████████████████▉                       | 53/100 [00:07<00:06,  6.97it/s, Loss=0.2969, TrainAcc=0.9795, TestAcc=0.7898]
Training Epochs:  54%|██████████████████████████▍                      | 54/100 [00:07<00:06,  6.97it/s, Loss=0.2969, TrainAcc=0.9795, TestAcc=0.7898]
Training Epochs:  54%|██████████████████████████▍                      | 54/100 [00:07<00:06,  6.97it/s, Loss=0.2879, TrainAcc=0.9844, TestAcc=0.8169]
Training Epochs:  55%|██████████████████████████▉                      | 55/100 [00:07<00:06,  6.89it/s, Loss=0.2879, TrainAcc=0.9844, TestAcc=0.8169]
Training Epochs:  55%|██████████████████████████▉                      | 55/100 [00:07<00:06,  6.89it/s, Loss=0.2796, TrainAcc=0.9844, TestAcc=0.7966]
Training Epochs:  56%|███████████████████████████▍                     | 56/100 [00:07<00:06,  6.93it/s, Loss=0.2796, TrainAcc=0.9844, TestAcc=0.7966]
Training Epochs:  56%|███████████████████████████▍                     | 56/100 [00:07<00:06,  6.93it/s, Loss=0.2955, TrainAcc=0.9805, TestAcc=0.8034]
Training Epochs:  57%|███████████████████████████▉                     | 57/100 [00:07<00:06,  6.94it/s, Loss=0.2955, TrainAcc=0.9805, TestAcc=0.8034]
Training Epochs:  57%|███████████████████████████▉                     | 57/100 [00:08<00:06,  6.94it/s, Loss=0.2854, TrainAcc=0.9786, TestAcc=0.8441]
Training Epochs:  58%|████████████████████████████▍                    | 58/100 [00:08<00:06,  6.97it/s, Loss=0.2854, TrainAcc=0.9786, TestAcc=0.8441]
Training Epochs:  58%|████████████████████████████▍                    | 58/100 [00:08<00:06,  6.97it/s, Loss=0.2883, TrainAcc=0.9795, TestAcc=0.7966]
Training Epochs:  59%|████████████████████████████▉                    | 59/100 [00:08<00:05,  6.97it/s, Loss=0.2883, TrainAcc=0.9795, TestAcc=0.7966]
Training Epochs:  59%|████████████████████████████▉                    | 59/100 [00:08<00:05,  6.97it/s, Loss=0.2777, TrainAcc=0.9864, TestAcc=0.8136]
Training Epochs:  60%|█████████████████████████████▍                   | 60/100 [00:08<00:05,  6.93it/s, Loss=0.2777, TrainAcc=0.9864, TestAcc=0.8136]
Training Epochs:  60%|█████████████████████████████▍                   | 60/100 [00:08<00:05,  6.93it/s, Loss=0.2728, TrainAcc=0.9844, TestAcc=0.8169]
Training Epochs:  61%|█████████████████████████████▉                   | 61/100 [00:08<00:05,  6.96it/s, Loss=0.2728, TrainAcc=0.9844, TestAcc=0.8169]
Training Epochs:  61%|█████████████████████████████▉                   | 61/100 [00:08<00:05,  6.96it/s, Loss=0.2841, TrainAcc=0.9844, TestAcc=0.7966]
Training Epochs:  62%|██████████████████████████████▍                  | 62/100 [00:08<00:05,  6.97it/s, Loss=0.2841, TrainAcc=0.9844, TestAcc=0.7966]
Training Epochs:  62%|██████████████████████████████▍                  | 62/100 [00:08<00:05,  6.97it/s, Loss=0.2690, TrainAcc=0.9844, TestAcc=0.8237]
Training Epochs:  63%|██████████████████████████████▊                  | 63/100 [00:08<00:05,  6.98it/s, Loss=0.2690, TrainAcc=0.9844, TestAcc=0.8237]
Training Epochs:  63%|██████████████████████████████▊                  | 63/100 [00:08<00:05,  6.98it/s, Loss=0.2690, TrainAcc=0.9873, TestAcc=0.7763]
Training Epochs:  64%|███████████████████████████████▎                 | 64/100 [00:08<00:05,  6.99it/s, Loss=0.2690, TrainAcc=0.9873, TestAcc=0.7763]
Training Epochs:  64%|███████████████████████████████▎                 | 64/100 [00:09<00:05,  6.99it/s, Loss=0.2732, TrainAcc=0.9834, TestAcc=0.7898]
Training Epochs:  65%|███████████████████████████████▊                 | 65/100 [00:09<00:05,  7.00it/s, Loss=0.2732, TrainAcc=0.9834, TestAcc=0.7898]
Training Epochs:  65%|███████████████████████████████▊                 | 65/100 [00:09<00:05,  7.00it/s, Loss=0.2647, TrainAcc=0.9815, TestAcc=0.8169]
Training Epochs:  66%|████████████████████████████████▎                | 66/100 [00:09<00:04,  6.99it/s, Loss=0.2647, TrainAcc=0.9815, TestAcc=0.8169]
Training Epochs:  66%|████████████████████████████████▎                | 66/100 [00:09<00:04,  6.99it/s, Loss=0.2801, TrainAcc=0.9805, TestAcc=0.8169]
Training Epochs:  67%|████████████████████████████████▊                | 67/100 [00:09<00:04,  6.92it/s, Loss=0.2801, TrainAcc=0.9805, TestAcc=0.8169]
Training Epochs:  67%|████████████████████████████████▊                | 67/100 [00:09<00:04,  6.92it/s, Loss=0.2614, TrainAcc=0.9883, TestAcc=0.8102]
Training Epochs:  68%|█████████████████████████████████▎               | 68/100 [00:09<00:04,  6.94it/s, Loss=0.2614, TrainAcc=0.9883, TestAcc=0.8102]
Training Epochs:  68%|█████████████████████████████████▎               | 68/100 [00:09<00:04,  6.94it/s, Loss=0.2723, TrainAcc=0.9844, TestAcc=0.8136]
Training Epochs:  69%|█████████████████████████████████▊               | 69/100 [00:09<00:04,  6.98it/s, Loss=0.2723, TrainAcc=0.9844, TestAcc=0.8136]
Training Epochs:  69%|█████████████████████████████████▊               | 69/100 [00:09<00:04,  6.98it/s, Loss=0.2715, TrainAcc=0.9834, TestAcc=0.8102]
Training Epochs:  70%|██████████████████████████████████▎              | 70/100 [00:09<00:04,  6.98it/s, Loss=0.2715, TrainAcc=0.9834, TestAcc=0.8102]
Training Epochs:  70%|██████████████████████████████████▎              | 70/100 [00:09<00:04,  6.98it/s, Loss=0.2523, TrainAcc=0.9912, TestAcc=0.8169]
Training Epochs:  71%|██████████████████████████████████▊              | 71/100 [00:09<00:04,  6.99it/s, Loss=0.2523, TrainAcc=0.9912, TestAcc=0.8169]
Training Epochs:  71%|██████████████████████████████████▊              | 71/100 [00:10<00:04,  6.99it/s, Loss=0.2527, TrainAcc=0.9903, TestAcc=0.7966]
Training Epochs:  72%|███████████████████████████████████▎             | 72/100 [00:10<00:04,  6.99it/s, Loss=0.2527, TrainAcc=0.9903, TestAcc=0.7966]
Training Epochs:  72%|███████████████████████████████████▎             | 72/100 [00:10<00:04,  6.99it/s, Loss=0.3400, TrainAcc=0.9737, TestAcc=0.8169]
Training Epochs:  73%|███████████████████████████████████▊             | 73/100 [00:10<00:03,  6.98it/s, Loss=0.3400, TrainAcc=0.9737, TestAcc=0.8169]
Training Epochs:  73%|███████████████████████████████████▊             | 73/100 [00:10<00:03,  6.98it/s, Loss=0.2850, TrainAcc=0.9825, TestAcc=0.8271]
Training Epochs:  74%|████████████████████████████████████▎            | 74/100 [00:10<00:03,  6.90it/s, Loss=0.2850, TrainAcc=0.9825, TestAcc=0.8271]
Training Epochs:  74%|████████████████████████████████████▎            | 74/100 [00:10<00:03,  6.90it/s, Loss=0.2768, TrainAcc=0.9834, TestAcc=0.8000]
Training Epochs:  75%|████████████████████████████████████▊            | 75/100 [00:10<00:03,  6.92it/s, Loss=0.2768, TrainAcc=0.9834, TestAcc=0.8000]
Training Epochs:  75%|████████████████████████████████████▊            | 75/100 [00:10<00:03,  6.92it/s, Loss=0.3581, TrainAcc=0.9727, TestAcc=0.8271]
Training Epochs:  76%|█████████████████████████████████████▏           | 76/100 [00:10<00:03,  6.93it/s, Loss=0.3581, TrainAcc=0.9727, TestAcc=0.8271]
Training Epochs:  76%|█████████████████████████████████████▏           | 76/100 [00:10<00:03,  6.93it/s, Loss=0.3157, TrainAcc=0.9854, TestAcc=0.8203]
Training Epochs:  77%|█████████████████████████████████████▋           | 77/100 [00:10<00:03,  6.95it/s, Loss=0.3157, TrainAcc=0.9854, TestAcc=0.8203]
Training Epochs:  77%|█████████████████████████████████████▋           | 77/100 [00:10<00:03,  6.95it/s, Loss=0.2858, TrainAcc=0.9864, TestAcc=0.8136]
Training Epochs:  78%|██████████████████████████████████████▏          | 78/100 [00:10<00:03,  6.94it/s, Loss=0.2858, TrainAcc=0.9864, TestAcc=0.8136]
Training Epochs:  78%|██████████████████████████████████████▏          | 78/100 [00:11<00:03,  6.94it/s, Loss=0.2742, TrainAcc=0.9854, TestAcc=0.8102]
Training Epochs:  79%|██████████████████████████████████████▋          | 79/100 [00:11<00:03,  6.93it/s, Loss=0.2742, TrainAcc=0.9854, TestAcc=0.8102]
Training Epochs:  79%|██████████████████████████████████████▋          | 79/100 [00:11<00:03,  6.93it/s, Loss=0.2781, TrainAcc=0.9834, TestAcc=0.8271]
Training Epochs:  80%|███████████████████████████████████████▏         | 80/100 [00:11<00:02,  6.94it/s, Loss=0.2781, TrainAcc=0.9834, TestAcc=0.8271]
Training Epochs:  80%|███████████████████████████████████████▏         | 80/100 [00:11<00:02,  6.94it/s, Loss=0.2698, TrainAcc=0.9854, TestAcc=0.8271]
Training Epochs:  81%|███████████████████████████████████████▋         | 81/100 [00:11<00:02,  6.94it/s, Loss=0.2698, TrainAcc=0.9854, TestAcc=0.8271]
Training Epochs:  81%|███████████████████████████████████████▋         | 81/100 [00:11<00:02,  6.94it/s, Loss=0.2829, TrainAcc=0.9844, TestAcc=0.8271]
Training Epochs:  82%|████████████████████████████████████████▏        | 82/100 [00:11<00:02,  6.92it/s, Loss=0.2829, TrainAcc=0.9844, TestAcc=0.8271]
Training Epochs:  82%|████████████████████████████████████████▏        | 82/100 [00:11<00:02,  6.92it/s, Loss=0.2973, TrainAcc=0.9815, TestAcc=0.8169]
Training Epochs:  83%|████████████████████████████████████████▋        | 83/100 [00:11<00:02,  6.92it/s, Loss=0.2973, TrainAcc=0.9815, TestAcc=0.8169]
Training Epochs:  83%|████████████████████████████████████████▋        | 83/100 [00:11<00:02,  6.92it/s, Loss=0.3217, TrainAcc=0.9786, TestAcc=0.8102]
Training Epochs:  84%|█████████████████████████████████████████▏       | 84/100 [00:11<00:02,  6.93it/s, Loss=0.3217, TrainAcc=0.9786, TestAcc=0.8102]
Training Epochs:  84%|█████████████████████████████████████████▏       | 84/100 [00:11<00:02,  6.93it/s, Loss=0.2891, TrainAcc=0.9766, TestAcc=0.8068]
Training Epochs:  85%|█████████████████████████████████████████▋       | 85/100 [00:11<00:02,  6.96it/s, Loss=0.2891, TrainAcc=0.9766, TestAcc=0.8068]
Training Epochs:  85%|█████████████████████████████████████████▋       | 85/100 [00:12<00:02,  6.96it/s, Loss=0.2756, TrainAcc=0.9903, TestAcc=0.8237]
Training Epochs:  86%|██████████████████████████████████████████▏      | 86/100 [00:12<00:02,  6.93it/s, Loss=0.2756, TrainAcc=0.9903, TestAcc=0.8237]
Training Epochs:  86%|██████████████████████████████████████████▏      | 86/100 [00:12<00:02,  6.93it/s, Loss=0.2618, TrainAcc=0.9903, TestAcc=0.8169]
Training Epochs:  87%|██████████████████████████████████████████▋      | 87/100 [00:12<00:01,  7.00it/s, Loss=0.2618, TrainAcc=0.9903, TestAcc=0.8169]
Training Epochs:  87%|██████████████████████████████████████████▋      | 87/100 [00:12<00:01,  7.00it/s, Loss=0.2512, TrainAcc=0.9922, TestAcc=0.8271]
Training Epochs:  88%|███████████████████████████████████████████      | 88/100 [00:12<00:01,  6.94it/s, Loss=0.2512, TrainAcc=0.9922, TestAcc=0.8271]
Training Epochs:  88%|███████████████████████████████████████████      | 88/100 [00:12<00:01,  6.94it/s, Loss=0.2551, TrainAcc=0.9854, TestAcc=0.8068]
Training Epochs:  89%|███████████████████████████████████████████▌     | 89/100 [00:12<00:01,  6.97it/s, Loss=0.2551, TrainAcc=0.9854, TestAcc=0.8068]
Training Epochs:  89%|███████████████████████████████████████████▌     | 89/100 [00:12<00:01,  6.97it/s, Loss=0.2358, TrainAcc=0.9971, TestAcc=0.7898]
Training Epochs:  90%|████████████████████████████████████████████     | 90/100 [00:12<00:01,  6.99it/s, Loss=0.2358, TrainAcc=0.9971, TestAcc=0.7898]
Training Epochs:  90%|████████████████████████████████████████████     | 90/100 [00:12<00:01,  6.99it/s, Loss=0.2465, TrainAcc=0.9883, TestAcc=0.8068]
Training Epochs:  91%|████████████████████████████████████████████▌    | 91/100 [00:12<00:01,  6.99it/s, Loss=0.2465, TrainAcc=0.9883, TestAcc=0.8068]
Training Epochs:  91%|████████████████████████████████████████████▌    | 91/100 [00:12<00:01,  6.99it/s, Loss=0.2510, TrainAcc=0.9912, TestAcc=0.8000]
Training Epochs:  92%|█████████████████████████████████████████████    | 92/100 [00:12<00:01,  6.98it/s, Loss=0.2510, TrainAcc=0.9912, TestAcc=0.8000]
Training Epochs:  92%|█████████████████████████████████████████████    | 92/100 [00:13<00:01,  6.98it/s, Loss=0.2541, TrainAcc=0.9893, TestAcc=0.7966]
Training Epochs:  93%|█████████████████████████████████████████████▌   | 93/100 [00:13<00:01,  6.98it/s, Loss=0.2541, TrainAcc=0.9893, TestAcc=0.7966]
Training Epochs:  93%|█████████████████████████████████████████████▌   | 93/100 [00:13<00:01,  6.98it/s, Loss=0.2558, TrainAcc=0.9883, TestAcc=0.8305]
Training Epochs:  94%|██████████████████████████████████████████████   | 94/100 [00:13<00:00,  7.00it/s, Loss=0.2558, TrainAcc=0.9883, TestAcc=0.8305]
Training Epochs:  94%|██████████████████████████████████████████████   | 94/100 [00:13<00:00,  7.00it/s, Loss=0.2480, TrainAcc=0.9893, TestAcc=0.7661]
Training Epochs:  95%|██████████████████████████████████████████████▌  | 95/100 [00:13<00:00,  7.01it/s, Loss=0.2480, TrainAcc=0.9893, TestAcc=0.7661]
Training Epochs:  95%|██████████████████████████████████████████████▌  | 95/100 [00:13<00:00,  7.01it/s, Loss=0.2523, TrainAcc=0.9893, TestAcc=0.8373]
Training Epochs:  96%|███████████████████████████████████████████████  | 96/100 [00:13<00:00,  7.02it/s, Loss=0.2523, TrainAcc=0.9893, TestAcc=0.8373]
Training Epochs:  96%|███████████████████████████████████████████████  | 96/100 [00:13<00:00,  7.02it/s, Loss=0.2369, TrainAcc=0.9971, TestAcc=0.8271]
Training Epochs:  97%|███████████████████████████████████████████████▌ | 97/100 [00:13<00:00,  7.01it/s, Loss=0.2369, TrainAcc=0.9971, TestAcc=0.8271]
Training Epochs:  97%|███████████████████████████████████████████████▌ | 97/100 [00:13<00:00,  7.01it/s, Loss=0.2518, TrainAcc=0.9864, TestAcc=0.8237]
Training Epochs:  98%|████████████████████████████████████████████████ | 98/100 [00:13<00:00,  7.01it/s, Loss=0.2518, TrainAcc=0.9864, TestAcc=0.8237]
Training Epochs:  98%|████████████████████████████████████████████████ | 98/100 [00:13<00:00,  7.01it/s, Loss=0.2572, TrainAcc=0.9922, TestAcc=0.8271]
Training Epochs:  99%|████████████████████████████████████████████████▌| 99/100 [00:13<00:00,  7.02it/s, Loss=0.2572, TrainAcc=0.9922, TestAcc=0.8271]
Training Epochs:  99%|████████████████████████████████████████████████▌| 99/100 [00:14<00:00,  7.02it/s, Loss=0.2534, TrainAcc=0.9903, TestAcc=0.8203]
Training Epochs: 100%|████████████████████████████████████████████████| 100/100 [00:14<00:00,  7.00it/s, Loss=0.2534, TrainAcc=0.9903, TestAcc=0.8203]
Training Epochs: 100%|████████████████████████████████████████████████| 100/100 [00:14<00:00,  7.10it/s, Loss=0.2534, TrainAcc=0.9903, TestAcc=0.8203]
{'Real': {'precision': 0.8520408163265306, 'recall': 0.9329608938547486, 'f1': 0.8906666666666667}, 'Fake': {'precision': 0.8787878787878788, 'recall': 0.75, 'f1': 0.8093023255813954}}
====================================================================================================
run at 4-th time
seed:  4
Compared_Baselines/2019_MVAE/train_rbvt.py:85: FutureWarning: You are using `torch.load` with `weights_only=False` (the current default value), which uses the default pickle module implicitly. It is possible to construct malicious pickle data which will execute arbitrary code during unpickling (See https://github.com/pytorch/pytorch/blob/main/SECURITY.md#untrusted-models for more details). In a future release, the default value for `weights_only` will be flipped to `True`. This limits the functions that could be executed during unpickling. Arbitrary objects will no longer be allowed to be loaded via this mode unless they are explicitly allowlisted by the user via `torch.serialization.add_safe_globals`. We recommend you start setting `weights_only=True` for any use case where you don't have full control of the loaded file. Please open an issue on GitHub for any issues related to this experimental feature.
  data_pair = torch.load(dataset_path)

Training Epochs:   0%|                                                                                                        | 0/100 [00:00<?, ?it/s]
Training Epochs:   0%|                                                          | 0/100 [00:00<?, ?it/s, Loss=1.1282, TrainAcc=0.5517, TestAcc=0.6881]
Training Epochs:   1%|▌                                                 | 1/100 [00:00<00:10,  9.66it/s, Loss=1.1282, TrainAcc=0.5517, TestAcc=0.6881]
Training Epochs:   1%|▌                                                 | 1/100 [00:00<00:10,  9.66it/s, Loss=0.8208, TrainAcc=0.7593, TestAcc=0.8034]
Training Epochs:   2%|█                                                 | 2/100 [00:00<00:10,  9.03it/s, Loss=0.8208, TrainAcc=0.7593, TestAcc=0.8034]
Training Epochs:   2%|█                                                 | 2/100 [00:00<00:10,  9.03it/s, Loss=0.6275, TrainAcc=0.8558, TestAcc=0.7966]
Training Epochs:   3%|█▌                                                | 3/100 [00:00<00:11,  8.36it/s, Loss=0.6275, TrainAcc=0.8558, TestAcc=0.7966]
Training Epochs:   3%|█▌                                                | 3/100 [00:00<00:11,  8.36it/s, Loss=0.4749, TrainAcc=0.9133, TestAcc=0.8441]
Training Epochs:   4%|██                                                | 4/100 [00:00<00:12,  7.86it/s, Loss=0.4749, TrainAcc=0.9133, TestAcc=0.8441]
Training Epochs:   4%|██                                                | 4/100 [00:00<00:12,  7.86it/s, Loss=0.4553, TrainAcc=0.9357, TestAcc=0.8407]
Training Epochs:   5%|██▌                                               | 5/100 [00:00<00:12,  7.54it/s, Loss=0.4553, TrainAcc=0.9357, TestAcc=0.8407]
Training Epochs:   5%|██▌                                               | 5/100 [00:00<00:12,  7.54it/s, Loss=0.4359, TrainAcc=0.9474, TestAcc=0.8339]
Training Epochs:   6%|███                                               | 6/100 [00:00<00:12,  7.34it/s, Loss=0.4359, TrainAcc=0.9474, TestAcc=0.8339]
Training Epochs:   6%|███                                               | 6/100 [00:00<00:12,  7.34it/s, Loss=0.3940, TrainAcc=0.9386, TestAcc=0.8339]
Training Epochs:   7%|███▌                                              | 7/100 [00:00<00:12,  7.20it/s, Loss=0.3940, TrainAcc=0.9386, TestAcc=0.8339]
Training Epochs:   7%|███▌                                              | 7/100 [00:01<00:12,  7.20it/s, Loss=0.3777, TrainAcc=0.9483, TestAcc=0.8746]
Training Epochs:   8%|████                                              | 8/100 [00:01<00:12,  7.09it/s, Loss=0.3777, TrainAcc=0.9483, TestAcc=0.8746]
Training Epochs:   8%|████                                              | 8/100 [00:01<00:12,  7.09it/s, Loss=0.3547, TrainAcc=0.9600, TestAcc=0.8407]
Training Epochs:   9%|████▌                                             | 9/100 [00:01<00:13,  6.97it/s, Loss=0.3547, TrainAcc=0.9600, TestAcc=0.8407]
Training Epochs:   9%|████▌                                             | 9/100 [00:01<00:13,  6.97it/s, Loss=0.3743, TrainAcc=0.9542, TestAcc=0.8068]
Training Epochs:  10%|████▉                                            | 10/100 [00:01<00:12,  6.99it/s, Loss=0.3743, TrainAcc=0.9542, TestAcc=0.8068]
Training Epochs:  10%|████▉                                            | 10/100 [00:01<00:12,  6.99it/s, Loss=0.3539, TrainAcc=0.9639, TestAcc=0.8271]
Training Epochs:  11%|█████▍                                           | 11/100 [00:01<00:12,  6.98it/s, Loss=0.3539, TrainAcc=0.9639, TestAcc=0.8271]
Training Epochs:  11%|█████▍                                           | 11/100 [00:01<00:12,  6.98it/s, Loss=0.3348, TrainAcc=0.9600, TestAcc=0.8373]
Training Epochs:  12%|█████▉                                           | 12/100 [00:01<00:12,  6.96it/s, Loss=0.3348, TrainAcc=0.9600, TestAcc=0.8373]
Training Epochs:  12%|█████▉                                           | 12/100 [00:01<00:12,  6.96it/s, Loss=0.3463, TrainAcc=0.9669, TestAcc=0.8373]
Training Epochs:  13%|██████▎                                          | 13/100 [00:01<00:12,  6.91it/s, Loss=0.3463, TrainAcc=0.9669, TestAcc=0.8373]
Training Epochs:  13%|██████▎                                          | 13/100 [00:01<00:12,  6.91it/s, Loss=0.3418, TrainAcc=0.9678, TestAcc=0.8203]
Training Epochs:  14%|██████▊                                          | 14/100 [00:01<00:12,  6.91it/s, Loss=0.3418, TrainAcc=0.9678, TestAcc=0.8203]
Training Epochs:  14%|██████▊                                          | 14/100 [00:02<00:12,  6.91it/s, Loss=0.3274, TrainAcc=0.9659, TestAcc=0.8136]
Training Epochs:  15%|███████▎                                         | 15/100 [00:02<00:12,  6.93it/s, Loss=0.3274, TrainAcc=0.9659, TestAcc=0.8136]
Training Epochs:  15%|███████▎                                         | 15/100 [00:02<00:12,  6.93it/s, Loss=0.3390, TrainAcc=0.9688, TestAcc=0.8102]
Training Epochs:  16%|███████▊                                         | 16/100 [00:02<00:12,  6.94it/s, Loss=0.3390, TrainAcc=0.9688, TestAcc=0.8102]
Training Epochs:  16%|███████▊                                         | 16/100 [00:02<00:12,  6.94it/s, Loss=0.3021, TrainAcc=0.9776, TestAcc=0.7966]
Training Epochs:  17%|████████▎                                        | 17/100 [00:02<00:11,  6.96it/s, Loss=0.3021, TrainAcc=0.9776, TestAcc=0.7966]
Training Epochs:  17%|████████▎                                        | 17/100 [00:02<00:11,  6.96it/s, Loss=0.3127, TrainAcc=0.9717, TestAcc=0.8271]
Training Epochs:  18%|████████▊                                        | 18/100 [00:02<00:11,  6.98it/s, Loss=0.3127, TrainAcc=0.9717, TestAcc=0.8271]
Training Epochs:  18%|████████▊                                        | 18/100 [00:02<00:11,  6.98it/s, Loss=0.3290, TrainAcc=0.9649, TestAcc=0.8508]
Training Epochs:  19%|█████████▎                                       | 19/100 [00:02<00:11,  6.99it/s, Loss=0.3290, TrainAcc=0.9649, TestAcc=0.8508]
Training Epochs:  19%|█████████▎                                       | 19/100 [00:02<00:11,  6.99it/s, Loss=0.3491, TrainAcc=0.9678, TestAcc=0.8271]
Training Epochs:  20%|█████████▊                                       | 20/100 [00:02<00:11,  7.00it/s, Loss=0.3491, TrainAcc=0.9678, TestAcc=0.8271]
Training Epochs:  20%|█████████▊                                       | 20/100 [00:02<00:11,  7.00it/s, Loss=0.3272, TrainAcc=0.9698, TestAcc=0.8136]
Training Epochs:  21%|██████████▎                                      | 21/100 [00:02<00:11,  6.95it/s, Loss=0.3272, TrainAcc=0.9698, TestAcc=0.8136]
Training Epochs:  21%|██████████▎                                      | 21/100 [00:03<00:11,  6.95it/s, Loss=0.3370, TrainAcc=0.9708, TestAcc=0.8237]
Training Epochs:  22%|██████████▊                                      | 22/100 [00:03<00:11,  6.98it/s, Loss=0.3370, TrainAcc=0.9708, TestAcc=0.8237]
Training Epochs:  22%|██████████▊                                      | 22/100 [00:03<00:11,  6.98it/s, Loss=0.3199, TrainAcc=0.9649, TestAcc=0.8000]
Training Epochs:  23%|███████████▎                                     | 23/100 [00:03<00:11,  6.99it/s, Loss=0.3199, TrainAcc=0.9649, TestAcc=0.8000]
Training Epochs:  23%|███████████▎                                     | 23/100 [00:03<00:11,  6.99it/s, Loss=0.3098, TrainAcc=0.9766, TestAcc=0.8475]
Training Epochs:  24%|███████████▊                                     | 24/100 [00:03<00:10,  6.99it/s, Loss=0.3098, TrainAcc=0.9766, TestAcc=0.8475]
Training Epochs:  24%|███████████▊                                     | 24/100 [00:03<00:10,  6.99it/s, Loss=0.3107, TrainAcc=0.9727, TestAcc=0.8373]
Training Epochs:  25%|████████████▎                                    | 25/100 [00:03<00:10,  7.01it/s, Loss=0.3107, TrainAcc=0.9727, TestAcc=0.8373]
Training Epochs:  25%|████████████▎                                    | 25/100 [00:03<00:10,  7.01it/s, Loss=0.3070, TrainAcc=0.9766, TestAcc=0.8305]
Training Epochs:  26%|████████████▋                                    | 26/100 [00:03<00:10,  7.02it/s, Loss=0.3070, TrainAcc=0.9766, TestAcc=0.8305]
Training Epochs:  26%|████████████▋                                    | 26/100 [00:03<00:10,  7.02it/s, Loss=0.2958, TrainAcc=0.9815, TestAcc=0.8407]
Training Epochs:  27%|█████████████▏                                   | 27/100 [00:03<00:10,  6.95it/s, Loss=0.2958, TrainAcc=0.9815, TestAcc=0.8407]
Training Epochs:  27%|█████████████▏                                   | 27/100 [00:03<00:10,  6.95it/s, Loss=0.2842, TrainAcc=0.9834, TestAcc=0.8407]
Training Epochs:  28%|█████████████▋                                   | 28/100 [00:03<00:10,  6.95it/s, Loss=0.2842, TrainAcc=0.9834, TestAcc=0.8407]
Training Epochs:  28%|█████████████▋                                   | 28/100 [00:04<00:10,  6.95it/s, Loss=0.2991, TrainAcc=0.9805, TestAcc=0.8508]
Training Epochs:  29%|██████████████▏                                  | 29/100 [00:04<00:10,  6.96it/s, Loss=0.2991, TrainAcc=0.9805, TestAcc=0.8508]
Training Epochs:  29%|██████████████▏                                  | 29/100 [00:04<00:10,  6.96it/s, Loss=0.3110, TrainAcc=0.9717, TestAcc=0.8034]
Training Epochs:  30%|██████████████▋                                  | 30/100 [00:04<00:10,  6.97it/s, Loss=0.3110, TrainAcc=0.9717, TestAcc=0.8034]
Training Epochs:  30%|██████████████▋                                  | 30/100 [00:04<00:10,  6.97it/s, Loss=0.3031, TrainAcc=0.9766, TestAcc=0.8508]
Training Epochs:  31%|███████████████▏                                 | 31/100 [00:04<00:09,  6.99it/s, Loss=0.3031, TrainAcc=0.9766, TestAcc=0.8508]
Training Epochs:  31%|███████████████▏                                 | 31/100 [00:04<00:09,  6.99it/s, Loss=0.2904, TrainAcc=0.9805, TestAcc=0.8271]
Training Epochs:  32%|███████████████▋                                 | 32/100 [00:04<00:09,  6.99it/s, Loss=0.2904, TrainAcc=0.9805, TestAcc=0.8271]
Training Epochs:  32%|███████████████▋                                 | 32/100 [00:04<00:09,  6.99it/s, Loss=0.3019, TrainAcc=0.9766, TestAcc=0.8271]
Training Epochs:  33%|████████████████▏                                | 33/100 [00:04<00:09,  6.93it/s, Loss=0.3019, TrainAcc=0.9766, TestAcc=0.8271]
Training Epochs:  33%|████████████████▏                                | 33/100 [00:04<00:09,  6.93it/s, Loss=0.2941, TrainAcc=0.9776, TestAcc=0.8102]
Training Epochs:  34%|████████████████▋                                | 34/100 [00:04<00:09,  6.97it/s, Loss=0.2941, TrainAcc=0.9776, TestAcc=0.8102]
Training Epochs:  34%|████████████████▋                                | 34/100 [00:04<00:09,  6.97it/s, Loss=0.3154, TrainAcc=0.9727, TestAcc=0.8373]
Training Epochs:  35%|█████████████████▏                               | 35/100 [00:04<00:09,  6.98it/s, Loss=0.3154, TrainAcc=0.9727, TestAcc=0.8373]
Training Epochs:  35%|█████████████████▏                               | 35/100 [00:05<00:09,  6.98it/s, Loss=0.3945, TrainAcc=0.9561, TestAcc=0.8136]
Training Epochs:  36%|█████████████████▋                               | 36/100 [00:05<00:09,  6.99it/s, Loss=0.3945, TrainAcc=0.9561, TestAcc=0.8136]
Training Epochs:  36%|█████████████████▋                               | 36/100 [00:05<00:09,  6.99it/s, Loss=0.3289, TrainAcc=0.9698, TestAcc=0.8136]
Training Epochs:  37%|██████████████████▏                              | 37/100 [00:05<00:09,  6.99it/s, Loss=0.3289, TrainAcc=0.9698, TestAcc=0.8136]
Training Epochs:  37%|██████████████████▏                              | 37/100 [00:05<00:09,  6.99it/s, Loss=0.3109, TrainAcc=0.9786, TestAcc=0.7932]
Training Epochs:  38%|██████████████████▌                              | 38/100 [00:05<00:08,  7.00it/s, Loss=0.3109, TrainAcc=0.9786, TestAcc=0.7932]
Training Epochs:  38%|██████████████████▌                              | 38/100 [00:05<00:08,  7.00it/s, Loss=0.3048, TrainAcc=0.9786, TestAcc=0.8508]
Training Epochs:  39%|███████████████████                              | 39/100 [00:05<00:08,  7.04it/s, Loss=0.3048, TrainAcc=0.9786, TestAcc=0.8508]
Training Epochs:  39%|███████████████████                              | 39/100 [00:05<00:08,  7.04it/s, Loss=0.3047, TrainAcc=0.9727, TestAcc=0.8136]
Training Epochs:  40%|███████████████████▌                             | 40/100 [00:05<00:08,  7.03it/s, Loss=0.3047, TrainAcc=0.9727, TestAcc=0.8136]
Training Epochs:  40%|███████████████████▌                             | 40/100 [00:05<00:08,  7.03it/s, Loss=0.3066, TrainAcc=0.9688, TestAcc=0.8203]
Training Epochs:  41%|████████████████████                             | 41/100 [00:05<00:08,  6.99it/s, Loss=0.3066, TrainAcc=0.9688, TestAcc=0.8203]
Training Epochs:  41%|████████████████████                             | 41/100 [00:05<00:08,  6.99it/s, Loss=0.2943, TrainAcc=0.9776, TestAcc=0.7627]
Training Epochs:  42%|████████████████████▌                            | 42/100 [00:05<00:08,  7.00it/s, Loss=0.2943, TrainAcc=0.9776, TestAcc=0.7627]
Training Epochs:  42%|████████████████████▌                            | 42/100 [00:06<00:08,  7.00it/s, Loss=0.2962, TrainAcc=0.9766, TestAcc=0.8068]
Training Epochs:  43%|█████████████████████                            | 43/100 [00:06<00:08,  7.01it/s, Loss=0.2962, TrainAcc=0.9766, TestAcc=0.8068]
Training Epochs:  43%|█████████████████████                            | 43/100 [00:06<00:08,  7.01it/s, Loss=0.3175, TrainAcc=0.9795, TestAcc=0.8169]
Training Epochs:  44%|█████████████████████▌                           | 44/100 [00:06<00:08,  6.96it/s, Loss=0.3175, TrainAcc=0.9795, TestAcc=0.8169]
Training Epochs:  44%|█████████████████████▌                           | 44/100 [00:06<00:08,  6.96it/s, Loss=0.2878, TrainAcc=0.9825, TestAcc=0.8000]
Training Epochs:  45%|██████████████████████                           | 45/100 [00:06<00:07,  6.98it/s, Loss=0.2878, TrainAcc=0.9825, TestAcc=0.8000]
Training Epochs:  45%|██████████████████████                           | 45/100 [00:06<00:07,  6.98it/s, Loss=0.2962, TrainAcc=0.9766, TestAcc=0.8068]
Training Epochs:  46%|██████████████████████▌                          | 46/100 [00:06<00:07,  6.98it/s, Loss=0.2962, TrainAcc=0.9766, TestAcc=0.8068]
Training Epochs:  46%|██████████████████████▌                          | 46/100 [00:06<00:07,  6.98it/s, Loss=0.3061, TrainAcc=0.9805, TestAcc=0.8034]
Training Epochs:  47%|███████████████████████                          | 47/100 [00:06<00:07,  6.99it/s, Loss=0.3061, TrainAcc=0.9805, TestAcc=0.8034]
Training Epochs:  47%|███████████████████████                          | 47/100 [00:06<00:07,  6.99it/s, Loss=0.2946, TrainAcc=0.9766, TestAcc=0.8068]
Training Epochs:  48%|███████████████████████▌                         | 48/100 [00:06<00:07,  6.98it/s, Loss=0.2946, TrainAcc=0.9766, TestAcc=0.8068]
Training Epochs:  48%|███████████████████████▌                         | 48/100 [00:06<00:07,  6.98it/s, Loss=0.2970, TrainAcc=0.9864, TestAcc=0.8169]
Training Epochs:  49%|████████████████████████                         | 49/100 [00:06<00:07,  6.98it/s, Loss=0.2970, TrainAcc=0.9864, TestAcc=0.8169]
Training Epochs:  49%|████████████████████████                         | 49/100 [00:07<00:07,  6.98it/s, Loss=0.2960, TrainAcc=0.9825, TestAcc=0.8305]
Training Epochs:  50%|████████████████████████▌                        | 50/100 [00:07<00:07,  6.98it/s, Loss=0.2960, TrainAcc=0.9825, TestAcc=0.8305]
Training Epochs:  50%|████████████████████████▌                        | 50/100 [00:07<00:07,  6.98it/s, Loss=0.2905, TrainAcc=0.9834, TestAcc=0.8271]
Training Epochs:  51%|████████████████████████▉                        | 51/100 [00:07<00:07,  7.00it/s, Loss=0.2905, TrainAcc=0.9834, TestAcc=0.8271]
Training Epochs:  51%|████████████████████████▉                        | 51/100 [00:07<00:07,  7.00it/s, Loss=0.2878, TrainAcc=0.9815, TestAcc=0.8136]
Training Epochs:  52%|█████████████████████████▍                       | 52/100 [00:07<00:06,  7.01it/s, Loss=0.2878, TrainAcc=0.9815, TestAcc=0.8136]
Training Epochs:  52%|█████████████████████████▍                       | 52/100 [00:07<00:06,  7.01it/s, Loss=0.2906, TrainAcc=0.9825, TestAcc=0.8000]
Training Epochs:  53%|█████████████████████████▉                       | 53/100 [00:07<00:06,  7.06it/s, Loss=0.2906, TrainAcc=0.9825, TestAcc=0.8000]
Training Epochs:  53%|█████████████████████████▉                       | 53/100 [00:07<00:06,  7.06it/s, Loss=0.2776, TrainAcc=0.9756, TestAcc=0.8203]
Training Epochs:  54%|██████████████████████████▍                      | 54/100 [00:07<00:06,  7.11it/s, Loss=0.2776, TrainAcc=0.9756, TestAcc=0.8203]
Training Epochs:  54%|██████████████████████████▍                      | 54/100 [00:07<00:06,  7.11it/s, Loss=0.2923, TrainAcc=0.9834, TestAcc=0.8000]
Training Epochs:  55%|██████████████████████████▉                      | 55/100 [00:07<00:06,  7.04it/s, Loss=0.2923, TrainAcc=0.9834, TestAcc=0.8000]
Training Epochs:  55%|██████████████████████████▉                      | 55/100 [00:07<00:06,  7.04it/s, Loss=0.4162, TrainAcc=0.9571, TestAcc=0.8169]
Training Epochs:  56%|███████████████████████████▍                     | 56/100 [00:07<00:06,  7.01it/s, Loss=0.4162, TrainAcc=0.9571, TestAcc=0.8169]
Training Epochs:  56%|███████████████████████████▍                     | 56/100 [00:08<00:06,  7.01it/s, Loss=0.4649, TrainAcc=0.9308, TestAcc=0.7932]
Training Epochs:  57%|███████████████████████████▉                     | 57/100 [00:08<00:06,  6.96it/s, Loss=0.4649, TrainAcc=0.9308, TestAcc=0.7932]
Training Epochs:  57%|███████████████████████████▉                     | 57/100 [00:08<00:06,  6.96it/s, Loss=0.3522, TrainAcc=0.9708, TestAcc=0.7966]
Training Epochs:  58%|████████████████████████████▍                    | 58/100 [00:08<00:06,  6.97it/s, Loss=0.3522, TrainAcc=0.9708, TestAcc=0.7966]
Training Epochs:  58%|████████████████████████████▍                    | 58/100 [00:08<00:06,  6.97it/s, Loss=0.3092, TrainAcc=0.9795, TestAcc=0.8034]
Training Epochs:  59%|████████████████████████████▉                    | 59/100 [00:08<00:05,  6.99it/s, Loss=0.3092, TrainAcc=0.9795, TestAcc=0.8034]
Training Epochs:  59%|████████████████████████████▉                    | 59/100 [00:08<00:05,  6.99it/s, Loss=0.2874, TrainAcc=0.9825, TestAcc=0.7898]
Training Epochs:  60%|█████████████████████████████▍                   | 60/100 [00:08<00:05,  7.29it/s, Loss=0.2874, TrainAcc=0.9825, TestAcc=0.7898]
Training Epochs:  60%|█████████████████████████████▍                   | 60/100 [00:08<00:05,  7.29it/s, Loss=0.2903, TrainAcc=0.9854, TestAcc=0.8136]
Training Epochs:  61%|█████████████████████████████▉                   | 61/100 [00:08<00:05,  7.64it/s, Loss=0.2903, TrainAcc=0.9854, TestAcc=0.8136]
Training Epochs:  61%|█████████████████████████████▉                   | 61/100 [00:08<00:05,  7.64it/s, Loss=0.2763, TrainAcc=0.9854, TestAcc=0.8102]
Training Epochs:  62%|██████████████████████████████▍                  | 62/100 [00:08<00:04,  8.12it/s, Loss=0.2763, TrainAcc=0.9854, TestAcc=0.8102]
Training Epochs:  62%|██████████████████████████████▍                  | 62/100 [00:08<00:04,  8.12it/s, Loss=0.2920, TrainAcc=0.9825, TestAcc=0.8203]
Training Epochs:  62%|██████████████████████████████▍                  | 62/100 [00:08<00:04,  8.12it/s, Loss=0.2872, TrainAcc=0.9825, TestAcc=0.8373]
Training Epochs:  64%|███████████████████████████████▎                 | 64/100 [00:08<00:03,  9.09it/s, Loss=0.2872, TrainAcc=0.9825, TestAcc=0.8373]
Training Epochs:  64%|███████████████████████████████▎                 | 64/100 [00:09<00:03,  9.09it/s, Loss=0.3146, TrainAcc=0.9776, TestAcc=0.8102]
Training Epochs:  65%|███████████████████████████████▊                 | 65/100 [00:09<00:03,  9.18it/s, Loss=0.3146, TrainAcc=0.9776, TestAcc=0.8102]
Training Epochs:  65%|███████████████████████████████▊                 | 65/100 [00:09<00:03,  9.18it/s, Loss=0.3048, TrainAcc=0.9756, TestAcc=0.8271]
Training Epochs:  66%|████████████████████████████████▎                | 66/100 [00:09<00:03,  8.97it/s, Loss=0.3048, TrainAcc=0.9756, TestAcc=0.8271]
Training Epochs:  66%|████████████████████████████████▎                | 66/100 [00:09<00:03,  8.97it/s, Loss=0.2770, TrainAcc=0.9854, TestAcc=0.8068]
Training Epochs:  67%|████████████████████████████████▊                | 67/100 [00:09<00:03,  8.47it/s, Loss=0.2770, TrainAcc=0.9854, TestAcc=0.8068]
Training Epochs:  67%|████████████████████████████████▊                | 67/100 [00:09<00:03,  8.47it/s, Loss=0.2837, TrainAcc=0.9825, TestAcc=0.8271]
Training Epochs:  68%|█████████████████████████████████▎               | 68/100 [00:09<00:03,  8.02it/s, Loss=0.2837, TrainAcc=0.9825, TestAcc=0.8271]
Training Epochs:  68%|█████████████████████████████████▎               | 68/100 [00:09<00:03,  8.02it/s, Loss=0.2876, TrainAcc=0.9834, TestAcc=0.7966]
Training Epochs:  69%|█████████████████████████████████▊               | 69/100 [00:09<00:04,  7.67it/s, Loss=0.2876, TrainAcc=0.9834, TestAcc=0.7966]
Training Epochs:  69%|█████████████████████████████████▊               | 69/100 [00:09<00:04,  7.67it/s, Loss=0.2673, TrainAcc=0.9873, TestAcc=0.8068]
Training Epochs:  70%|██████████████████████████████████▎              | 70/100 [00:09<00:04,  7.42it/s, Loss=0.2673, TrainAcc=0.9873, TestAcc=0.8068]
Training Epochs:  70%|██████████████████████████████████▎              | 70/100 [00:09<00:04,  7.42it/s, Loss=0.2719, TrainAcc=0.9834, TestAcc=0.8136]
Training Epochs:  71%|██████████████████████████████████▊              | 71/100 [00:09<00:04,  7.23it/s, Loss=0.2719, TrainAcc=0.9834, TestAcc=0.8136]
Training Epochs:  71%|██████████████████████████████████▊              | 71/100 [00:09<00:04,  7.23it/s, Loss=0.3034, TrainAcc=0.9795, TestAcc=0.7898]
Training Epochs:  72%|███████████████████████████████████▎             | 72/100 [00:09<00:03,  7.15it/s, Loss=0.3034, TrainAcc=0.9795, TestAcc=0.7898]
Training Epochs:  72%|███████████████████████████████████▎             | 72/100 [00:10<00:03,  7.15it/s, Loss=0.2887, TrainAcc=0.9815, TestAcc=0.8203]
Training Epochs:  73%|███████████████████████████████████▊             | 73/100 [00:10<00:03,  7.08it/s, Loss=0.2887, TrainAcc=0.9815, TestAcc=0.8203]
Training Epochs:  73%|███████████████████████████████████▊             | 73/100 [00:10<00:03,  7.08it/s, Loss=0.2552, TrainAcc=0.9912, TestAcc=0.8102]
Training Epochs:  74%|████████████████████████████████████▎            | 74/100 [00:10<00:03,  7.04it/s, Loss=0.2552, TrainAcc=0.9912, TestAcc=0.8102]
Training Epochs:  74%|████████████████████████████████████▎            | 74/100 [00:10<00:03,  7.04it/s, Loss=0.2588, TrainAcc=0.9873, TestAcc=0.8136]
Training Epochs:  75%|████████████████████████████████████▊            | 75/100 [00:10<00:03,  6.98it/s, Loss=0.2588, TrainAcc=0.9873, TestAcc=0.8136]
Training Epochs:  75%|████████████████████████████████████▊            | 75/100 [00:10<00:03,  6.98it/s, Loss=0.2577, TrainAcc=0.9932, TestAcc=0.7797]
Training Epochs:  76%|█████████████████████████████████████▏           | 76/100 [00:10<00:03,  6.98it/s, Loss=0.2577, TrainAcc=0.9932, TestAcc=0.7797]
Training Epochs:  76%|█████████████████████████████████████▏           | 76/100 [00:10<00:03,  6.98it/s, Loss=0.2644, TrainAcc=0.9854, TestAcc=0.8305]
Training Epochs:  77%|█████████████████████████████████████▋           | 77/100 [00:10<00:03,  6.95it/s, Loss=0.2644, TrainAcc=0.9854, TestAcc=0.8305]
Training Epochs:  77%|█████████████████████████████████████▋           | 77/100 [00:10<00:03,  6.95it/s, Loss=0.2699, TrainAcc=0.9864, TestAcc=0.8000]
Training Epochs:  78%|██████████████████████████████████████▏          | 78/100 [00:10<00:03,  6.94it/s, Loss=0.2699, TrainAcc=0.9864, TestAcc=0.8000]
Training Epochs:  78%|██████████████████████████████████████▏          | 78/100 [00:10<00:03,  6.94it/s, Loss=0.2691, TrainAcc=0.9864, TestAcc=0.8203]
Training Epochs:  79%|██████████████████████████████████████▋          | 79/100 [00:10<00:03,  6.96it/s, Loss=0.2691, TrainAcc=0.9864, TestAcc=0.8203]
Training Epochs:  79%|██████████████████████████████████████▋          | 79/100 [00:11<00:03,  6.96it/s, Loss=0.2474, TrainAcc=0.9932, TestAcc=0.8339]
Training Epochs:  80%|███████████████████████████████████████▏         | 80/100 [00:11<00:02,  6.94it/s, Loss=0.2474, TrainAcc=0.9932, TestAcc=0.8339]
Training Epochs:  80%|███████████████████████████████████████▏         | 80/100 [00:11<00:02,  6.94it/s, Loss=0.2483, TrainAcc=0.9912, TestAcc=0.7966]
Training Epochs:  81%|███████████████████████████████████████▋         | 81/100 [00:11<00:02,  6.93it/s, Loss=0.2483, TrainAcc=0.9912, TestAcc=0.7966]
Training Epochs:  81%|███████████████████████████████████████▋         | 81/100 [00:11<00:02,  6.93it/s, Loss=0.2560, TrainAcc=0.9864, TestAcc=0.7864]
Training Epochs:  82%|████████████████████████████████████████▏        | 82/100 [00:11<00:02,  6.92it/s, Loss=0.2560, TrainAcc=0.9864, TestAcc=0.7864]
Training Epochs:  82%|████████████████████████████████████████▏        | 82/100 [00:11<00:02,  6.92it/s, Loss=0.2536, TrainAcc=0.9873, TestAcc=0.8000]
Training Epochs:  83%|████████████████████████████████████████▋        | 83/100 [00:11<00:02,  6.90it/s, Loss=0.2536, TrainAcc=0.9873, TestAcc=0.8000]
Training Epochs:  83%|████████████████████████████████████████▋        | 83/100 [00:11<00:02,  6.90it/s, Loss=0.2429, TrainAcc=0.9903, TestAcc=0.7831]
Training Epochs:  84%|█████████████████████████████████████████▏       | 84/100 [00:11<00:02,  6.89it/s, Loss=0.2429, TrainAcc=0.9903, TestAcc=0.7831]
Training Epochs:  84%|█████████████████████████████████████████▏       | 84/100 [00:11<00:02,  6.89it/s, Loss=0.2644, TrainAcc=0.9864, TestAcc=0.8000]
Training Epochs:  85%|█████████████████████████████████████████▋       | 85/100 [00:11<00:02,  6.86it/s, Loss=0.2644, TrainAcc=0.9864, TestAcc=0.8000]
Training Epochs:  85%|█████████████████████████████████████████▋       | 85/100 [00:12<00:02,  6.86it/s, Loss=0.2633, TrainAcc=0.9864, TestAcc=0.8000]
Training Epochs:  86%|██████████████████████████████████████████▏      | 86/100 [00:12<00:02,  6.91it/s, Loss=0.2633, TrainAcc=0.9864, TestAcc=0.8000]
Training Epochs:  86%|██████████████████████████████████████████▏      | 86/100 [00:12<00:02,  6.91it/s, Loss=0.2505, TrainAcc=0.9903, TestAcc=0.8136]
Training Epochs:  87%|██████████████████████████████████████████▋      | 87/100 [00:12<00:01,  6.91it/s, Loss=0.2505, TrainAcc=0.9903, TestAcc=0.8136]
Training Epochs:  87%|██████████████████████████████████████████▋      | 87/100 [00:12<00:01,  6.91it/s, Loss=0.2442, TrainAcc=0.9912, TestAcc=0.8203]
Training Epochs:  88%|███████████████████████████████████████████      | 88/100 [00:12<00:01,  6.91it/s, Loss=0.2442, TrainAcc=0.9912, TestAcc=0.8203]
Training Epochs:  88%|███████████████████████████████████████████      | 88/100 [00:12<00:01,  6.91it/s, Loss=0.2462, TrainAcc=0.9942, TestAcc=0.8237]
Training Epochs:  89%|███████████████████████████████████████████▌     | 89/100 [00:12<00:01,  6.90it/s, Loss=0.2462, TrainAcc=0.9942, TestAcc=0.8237]
Training Epochs:  89%|███████████████████████████████████████████▌     | 89/100 [00:12<00:01,  6.90it/s, Loss=0.2497, TrainAcc=0.9932, TestAcc=0.8203]
Training Epochs:  90%|████████████████████████████████████████████     | 90/100 [00:12<00:01,  6.84it/s, Loss=0.2497, TrainAcc=0.9932, TestAcc=0.8203]
Training Epochs:  90%|████████████████████████████████████████████     | 90/100 [00:12<00:01,  6.84it/s, Loss=0.2576, TrainAcc=0.9864, TestAcc=0.8034]
Training Epochs:  91%|████████████████████████████████████████████▌    | 91/100 [00:12<00:01,  6.85it/s, Loss=0.2576, TrainAcc=0.9864, TestAcc=0.8034]
Training Epochs:  91%|████████████████████████████████████████████▌    | 91/100 [00:12<00:01,  6.85it/s, Loss=0.2653, TrainAcc=0.9854, TestAcc=0.8237]
Training Epochs:  92%|█████████████████████████████████████████████    | 92/100 [00:12<00:01,  6.87it/s, Loss=0.2653, TrainAcc=0.9854, TestAcc=0.8237]
Training Epochs:  92%|█████████████████████████████████████████████    | 92/100 [00:13<00:01,  6.87it/s, Loss=0.2540, TrainAcc=0.9854, TestAcc=0.8203]
Training Epochs:  93%|█████████████████████████████████████████████▌   | 93/100 [00:13<00:01,  6.89it/s, Loss=0.2540, TrainAcc=0.9854, TestAcc=0.8203]
Training Epochs:  93%|█████████████████████████████████████████████▌   | 93/100 [00:13<00:01,  6.89it/s, Loss=0.2614, TrainAcc=0.9844, TestAcc=0.8102]
Training Epochs:  94%|██████████████████████████████████████████████   | 94/100 [00:13<00:00,  6.96it/s, Loss=0.2614, TrainAcc=0.9844, TestAcc=0.8102]
Training Epochs:  94%|██████████████████████████████████████████████   | 94/100 [00:13<00:00,  6.96it/s, Loss=0.2521, TrainAcc=0.9883, TestAcc=0.8136]
Training Epochs:  95%|██████████████████████████████████████████████▌  | 95/100 [00:13<00:00,  6.98it/s, Loss=0.2521, TrainAcc=0.9883, TestAcc=0.8136]
Training Epochs:  95%|██████████████████████████████████████████████▌  | 95/100 [00:13<00:00,  6.98it/s, Loss=0.2473, TrainAcc=0.9873, TestAcc=0.8136]
Training Epochs:  96%|███████████████████████████████████████████████  | 96/100 [00:13<00:00,  6.99it/s, Loss=0.2473, TrainAcc=0.9873, TestAcc=0.8136]
Training Epochs:  96%|███████████████████████████████████████████████  | 96/100 [00:13<00:00,  6.99it/s, Loss=0.2601, TrainAcc=0.9854, TestAcc=0.8034]
Training Epochs:  97%|███████████████████████████████████████████████▌ | 97/100 [00:13<00:00,  6.98it/s, Loss=0.2601, TrainAcc=0.9854, TestAcc=0.8034]
Training Epochs:  97%|███████████████████████████████████████████████▌ | 97/100 [00:13<00:00,  6.98it/s, Loss=0.2457, TrainAcc=0.9893, TestAcc=0.8136]
Training Epochs:  98%|████████████████████████████████████████████████ | 98/100 [00:13<00:00,  6.99it/s, Loss=0.2457, TrainAcc=0.9893, TestAcc=0.8136]
Training Epochs:  98%|████████████████████████████████████████████████ | 98/100 [00:13<00:00,  6.99it/s, Loss=0.2445, TrainAcc=0.9922, TestAcc=0.8169]
Training Epochs:  99%|████████████████████████████████████████████████▌| 99/100 [00:13<00:00,  6.95it/s, Loss=0.2445, TrainAcc=0.9922, TestAcc=0.8169]
Training Epochs:  99%|████████████████████████████████████████████████▌| 99/100 [00:14<00:00,  6.95it/s, Loss=0.2333, TrainAcc=0.9951, TestAcc=0.8203]
Training Epochs: 100%|████████████████████████████████████████████████| 100/100 [00:14<00:00,  6.97it/s, Loss=0.2333, TrainAcc=0.9951, TestAcc=0.8203]
Training Epochs: 100%|████████████████████████████████████████████████| 100/100 [00:14<00:00,  7.13it/s, Loss=0.2333, TrainAcc=0.9951, TestAcc=0.8203]
{'Real': {'precision': 0.8817204301075269, 'recall': 0.9162011173184358, 'f1': 0.8986301369863013}, 'Fake': {'precision': 0.8623853211009175, 'recall': 0.8103448275862069, 'f1': 0.8355555555555556}}
====================================================================================================
run at 5-th time
seed:  5
Compared_Baselines/2019_MVAE/train_rbvt.py:85: FutureWarning: You are using `torch.load` with `weights_only=False` (the current default value), which uses the default pickle module implicitly. It is possible to construct malicious pickle data which will execute arbitrary code during unpickling (See https://github.com/pytorch/pytorch/blob/main/SECURITY.md#untrusted-models for more details). In a future release, the default value for `weights_only` will be flipped to `True`. This limits the functions that could be executed during unpickling. Arbitrary objects will no longer be allowed to be loaded via this mode unless they are explicitly allowlisted by the user via `torch.serialization.add_safe_globals`. We recommend you start setting `weights_only=True` for any use case where you don't have full control of the loaded file. Please open an issue on GitHub for any issues related to this experimental feature.
  data_pair = torch.load(dataset_path)

Training Epochs:   0%|                                                                                                        | 0/100 [00:00<?, ?it/s]
Training Epochs:   0%|                                                          | 0/100 [00:00<?, ?it/s, Loss=1.1179, TrainAcc=0.5848, TestAcc=0.8136]
Training Epochs:   1%|▌                                                 | 1/100 [00:00<00:10,  9.84it/s, Loss=1.1179, TrainAcc=0.5848, TestAcc=0.8136]
Training Epochs:   1%|▌                                                 | 1/100 [00:00<00:10,  9.84it/s, Loss=0.7911, TrainAcc=0.8119, TestAcc=0.8034]
Training Epochs:   1%|▌                                                 | 1/100 [00:00<00:10,  9.84it/s, Loss=0.6058, TrainAcc=0.8762, TestAcc=0.8339]
Training Epochs:   3%|█▌                                                | 3/100 [00:00<00:09, 10.04it/s, Loss=0.6058, TrainAcc=0.8762, TestAcc=0.8339]
Training Epochs:   3%|█▌                                                | 3/100 [00:00<00:09, 10.04it/s, Loss=0.5220, TrainAcc=0.9055, TestAcc=0.8373]
Training Epochs:   4%|██                                                | 4/100 [00:00<00:09,  9.89it/s, Loss=0.5220, TrainAcc=0.9055, TestAcc=0.8373]
Training Epochs:   4%|██                                                | 4/100 [00:00<00:09,  9.89it/s, Loss=0.4712, TrainAcc=0.9211, TestAcc=0.8305]
Training Epochs:   5%|██▌                                               | 5/100 [00:00<00:10,  9.19it/s, Loss=0.4712, TrainAcc=0.9211, TestAcc=0.8305]
Training Epochs:   5%|██▌                                               | 5/100 [00:00<00:10,  9.19it/s, Loss=0.4312, TrainAcc=0.9386, TestAcc=0.8203]
Training Epochs:   6%|███                                               | 6/100 [00:00<00:11,  8.52it/s, Loss=0.4312, TrainAcc=0.9386, TestAcc=0.8203]
Training Epochs:   6%|███                                               | 6/100 [00:00<00:11,  8.52it/s, Loss=0.3812, TrainAcc=0.9552, TestAcc=0.8508]
Training Epochs:   7%|███▌                                              | 7/100 [00:00<00:11,  8.03it/s, Loss=0.3812, TrainAcc=0.9552, TestAcc=0.8508]
Training Epochs:   7%|███▌                                              | 7/100 [00:00<00:11,  8.03it/s, Loss=0.3577, TrainAcc=0.9581, TestAcc=0.8407]
Training Epochs:   8%|████                                              | 8/100 [00:00<00:11,  7.69it/s, Loss=0.3577, TrainAcc=0.9581, TestAcc=0.8407]
Training Epochs:   8%|████                                              | 8/100 [00:01<00:11,  7.69it/s, Loss=0.3737, TrainAcc=0.9552, TestAcc=0.8339]
Training Epochs:   9%|████▌                                             | 9/100 [00:01<00:12,  7.46it/s, Loss=0.3737, TrainAcc=0.9552, TestAcc=0.8339]
Training Epochs:   9%|████▌                                             | 9/100 [00:01<00:12,  7.46it/s, Loss=0.3706, TrainAcc=0.9552, TestAcc=0.8203]
Training Epochs:  10%|████▉                                            | 10/100 [00:01<00:12,  7.27it/s, Loss=0.3706, TrainAcc=0.9552, TestAcc=0.8203]
Training Epochs:  10%|████▉                                            | 10/100 [00:01<00:12,  7.27it/s, Loss=0.3718, TrainAcc=0.9542, TestAcc=0.8169]
Training Epochs:  11%|█████▍                                           | 11/100 [00:01<00:12,  7.20it/s, Loss=0.3718, TrainAcc=0.9542, TestAcc=0.8169]
Training Epochs:  11%|█████▍                                           | 11/100 [00:01<00:12,  7.20it/s, Loss=0.3490, TrainAcc=0.9698, TestAcc=0.8305]
Training Epochs:  12%|█████▉                                           | 12/100 [00:01<00:12,  7.13it/s, Loss=0.3490, TrainAcc=0.9698, TestAcc=0.8305]
Training Epochs:  12%|█████▉                                           | 12/100 [00:01<00:12,  7.13it/s, Loss=0.3431, TrainAcc=0.9649, TestAcc=0.8475]
Training Epochs:  13%|██████▎                                          | 13/100 [00:01<00:12,  7.05it/s, Loss=0.3431, TrainAcc=0.9649, TestAcc=0.8475]
Training Epochs:  13%|██████▎                                          | 13/100 [00:01<00:12,  7.05it/s, Loss=0.3642, TrainAcc=0.9581, TestAcc=0.8000]
Training Epochs:  14%|██████▊                                          | 14/100 [00:01<00:12,  7.00it/s, Loss=0.3642, TrainAcc=0.9581, TestAcc=0.8000]
Training Epochs:  14%|██████▊                                          | 14/100 [00:01<00:12,  7.00it/s, Loss=0.3092, TrainAcc=0.9766, TestAcc=0.8339]
Training Epochs:  15%|███████▎                                         | 15/100 [00:01<00:12,  6.96it/s, Loss=0.3092, TrainAcc=0.9766, TestAcc=0.8339]
Training Epochs:  15%|███████▎                                         | 15/100 [00:02<00:12,  6.96it/s, Loss=0.3151, TrainAcc=0.9756, TestAcc=0.8271]
Training Epochs:  16%|███████▊                                         | 16/100 [00:02<00:12,  6.95it/s, Loss=0.3151, TrainAcc=0.9756, TestAcc=0.8271]
Training Epochs:  16%|███████▊                                         | 16/100 [00:02<00:12,  6.95it/s, Loss=0.3248, TrainAcc=0.9708, TestAcc=0.8068]
Training Epochs:  17%|████████▎                                        | 17/100 [00:02<00:11,  6.99it/s, Loss=0.3248, TrainAcc=0.9708, TestAcc=0.8068]
Training Epochs:  17%|████████▎                                        | 17/100 [00:02<00:11,  6.99it/s, Loss=0.3279, TrainAcc=0.9669, TestAcc=0.8373]
Training Epochs:  18%|████████▊                                        | 18/100 [00:02<00:11,  7.17it/s, Loss=0.3279, TrainAcc=0.9669, TestAcc=0.8373]
Training Epochs:  18%|████████▊                                        | 18/100 [00:02<00:11,  7.17it/s, Loss=0.3379, TrainAcc=0.9630, TestAcc=0.8237]
Training Epochs:  19%|█████████▎                                       | 19/100 [00:02<00:11,  7.19it/s, Loss=0.3379, TrainAcc=0.9630, TestAcc=0.8237]
Training Epochs:  19%|█████████▎                                       | 19/100 [00:02<00:11,  7.19it/s, Loss=0.3003, TrainAcc=0.9766, TestAcc=0.8678]
Training Epochs:  20%|█████████▊                                       | 20/100 [00:02<00:11,  7.15it/s, Loss=0.3003, TrainAcc=0.9766, TestAcc=0.8678]
Training Epochs:  20%|█████████▊                                       | 20/100 [00:02<00:11,  7.15it/s, Loss=0.3052, TrainAcc=0.9815, TestAcc=0.8136]
Training Epochs:  21%|██████████▎                                      | 21/100 [00:02<00:11,  7.16it/s, Loss=0.3052, TrainAcc=0.9815, TestAcc=0.8136]
Training Epochs:  21%|██████████▎                                      | 21/100 [00:02<00:11,  7.16it/s, Loss=0.3108, TrainAcc=0.9747, TestAcc=0.8339]
Training Epochs:  21%|██████████▎                                      | 21/100 [00:02<00:11,  7.16it/s, Loss=0.3349, TrainAcc=0.9717, TestAcc=0.8407]
Training Epochs:  23%|███████████▎                                     | 23/100 [00:02<00:09,  8.52it/s, Loss=0.3349, TrainAcc=0.9717, TestAcc=0.8407]
Training Epochs:  23%|███████████▎                                     | 23/100 [00:03<00:09,  8.52it/s, Loss=0.3310, TrainAcc=0.9698, TestAcc=0.8271]
Training Epochs:  23%|███████████▎                                     | 23/100 [00:03<00:09,  8.52it/s, Loss=0.3285, TrainAcc=0.9766, TestAcc=0.8475]
Training Epochs:  25%|████████████▎                                    | 25/100 [00:03<00:07,  9.84it/s, Loss=0.3285, TrainAcc=0.9766, TestAcc=0.8475]
Training Epochs:  25%|████████████▎                                    | 25/100 [00:03<00:07,  9.84it/s, Loss=0.3265, TrainAcc=0.9766, TestAcc=0.8237]
Training Epochs:  25%|████████████▎                                    | 25/100 [00:03<00:07,  9.84it/s, Loss=0.3109, TrainAcc=0.9776, TestAcc=0.8407]
Training Epochs:  27%|█████████████▏                                   | 27/100 [00:03<00:06, 11.04it/s, Loss=0.3109, TrainAcc=0.9776, TestAcc=0.8407]
Training Epochs:  27%|█████████████▏                                   | 27/100 [00:03<00:06, 11.04it/s, Loss=0.3015, TrainAcc=0.9766, TestAcc=0.8169]
Training Epochs:  27%|█████████████▏                                   | 27/100 [00:03<00:06, 11.04it/s, Loss=0.2829, TrainAcc=0.9805, TestAcc=0.8373]
Training Epochs:  29%|██████████████▏                                  | 29/100 [00:03<00:05, 11.86it/s, Loss=0.2829, TrainAcc=0.9805, TestAcc=0.8373]
Training Epochs:  29%|██████████████▏                                  | 29/100 [00:03<00:05, 11.86it/s, Loss=0.3026, TrainAcc=0.9766, TestAcc=0.8305]
Training Epochs:  29%|██████████████▏                                  | 29/100 [00:03<00:05, 11.86it/s, Loss=0.3021, TrainAcc=0.9688, TestAcc=0.8475]
Training Epochs:  31%|███████████████▏                                 | 31/100 [00:03<00:06, 10.53it/s, Loss=0.3021, TrainAcc=0.9688, TestAcc=0.8475]
Training Epochs:  31%|███████████████▏                                 | 31/100 [00:03<00:06, 10.53it/s, Loss=0.3022, TrainAcc=0.9805, TestAcc=0.7966]
Training Epochs:  31%|███████████████▏                                 | 31/100 [00:03<00:06, 10.53it/s, Loss=0.3185, TrainAcc=0.9698, TestAcc=0.8034]
Training Epochs:  33%|████████████████▏                                | 33/100 [00:03<00:07,  9.08it/s, Loss=0.3185, TrainAcc=0.9698, TestAcc=0.8034]
Training Epochs:  33%|████████████████▏                                | 33/100 [00:04<00:07,  9.08it/s, Loss=0.3287, TrainAcc=0.9737, TestAcc=0.8203]
Training Epochs:  34%|████████████████▋                                | 34/100 [00:04<00:07,  8.56it/s, Loss=0.3287, TrainAcc=0.9737, TestAcc=0.8203]
Training Epochs:  34%|████████████████▋                                | 34/100 [00:04<00:07,  8.56it/s, Loss=0.3047, TrainAcc=0.9844, TestAcc=0.8407]
Training Epochs:  35%|█████████████████▏                               | 35/100 [00:04<00:08,  8.11it/s, Loss=0.3047, TrainAcc=0.9844, TestAcc=0.8407]
Training Epochs:  35%|█████████████████▏                               | 35/100 [00:04<00:08,  8.11it/s, Loss=0.2983, TrainAcc=0.9805, TestAcc=0.8339]
Training Epochs:  36%|█████████████████▋                               | 36/100 [00:04<00:08,  7.66it/s, Loss=0.2983, TrainAcc=0.9805, TestAcc=0.8339]
Training Epochs:  36%|█████████████████▋                               | 36/100 [00:04<00:08,  7.66it/s, Loss=0.2903, TrainAcc=0.9756, TestAcc=0.8305]
Training Epochs:  37%|██████████████████▏                              | 37/100 [00:04<00:08,  7.41it/s, Loss=0.2903, TrainAcc=0.9756, TestAcc=0.8305]
Training Epochs:  37%|██████████████████▏                              | 37/100 [00:04<00:08,  7.41it/s, Loss=0.2810, TrainAcc=0.9815, TestAcc=0.8203]
Training Epochs:  38%|██████████████████▌                              | 38/100 [00:04<00:08,  7.23it/s, Loss=0.2810, TrainAcc=0.9815, TestAcc=0.8203]
Training Epochs:  38%|██████████████████▌                              | 38/100 [00:04<00:08,  7.23it/s, Loss=0.3011, TrainAcc=0.9815, TestAcc=0.8508]
Training Epochs:  39%|███████████████████                              | 39/100 [00:04<00:08,  7.10it/s, Loss=0.3011, TrainAcc=0.9815, TestAcc=0.8508]
Training Epochs:  39%|███████████████████                              | 39/100 [00:04<00:08,  7.10it/s, Loss=0.2841, TrainAcc=0.9834, TestAcc=0.8339]
Training Epochs:  40%|███████████████████▌                             | 40/100 [00:04<00:08,  7.02it/s, Loss=0.2841, TrainAcc=0.9834, TestAcc=0.8339]
Training Epochs:  40%|███████████████████▌                             | 40/100 [00:05<00:08,  7.02it/s, Loss=0.2983, TrainAcc=0.9776, TestAcc=0.8271]
Training Epochs:  41%|████████████████████                             | 41/100 [00:05<00:08,  6.95it/s, Loss=0.2983, TrainAcc=0.9776, TestAcc=0.8271]
Training Epochs:  41%|████████████████████                             | 41/100 [00:05<00:08,  6.95it/s, Loss=0.4748, TrainAcc=0.9464, TestAcc=0.8237]
Training Epochs:  42%|████████████████████▌                            | 42/100 [00:05<00:08,  6.89it/s, Loss=0.4748, TrainAcc=0.9464, TestAcc=0.8237]
Training Epochs:  42%|████████████████████▌                            | 42/100 [00:05<00:08,  6.89it/s, Loss=0.3432, TrainAcc=0.9717, TestAcc=0.8610]
Training Epochs:  43%|█████████████████████                            | 43/100 [00:05<00:08,  6.80it/s, Loss=0.3432, TrainAcc=0.9717, TestAcc=0.8610]
Training Epochs:  43%|█████████████████████                            | 43/100 [00:05<00:08,  6.80it/s, Loss=0.3239, TrainAcc=0.9727, TestAcc=0.8203]
Training Epochs:  44%|█████████████████████▌                           | 44/100 [00:05<00:08,  6.81it/s, Loss=0.3239, TrainAcc=0.9727, TestAcc=0.8203]
Training Epochs:  44%|█████████████████████▌                           | 44/100 [00:05<00:08,  6.81it/s, Loss=0.2973, TrainAcc=0.9825, TestAcc=0.8407]
Training Epochs:  45%|██████████████████████                           | 45/100 [00:05<00:08,  6.78it/s, Loss=0.2973, TrainAcc=0.9825, TestAcc=0.8407]
Training Epochs:  45%|██████████████████████                           | 45/100 [00:05<00:08,  6.78it/s, Loss=0.2926, TrainAcc=0.9815, TestAcc=0.8678]
Training Epochs:  46%|██████████████████████▌                          | 46/100 [00:05<00:07,  6.77it/s, Loss=0.2926, TrainAcc=0.9815, TestAcc=0.8678]
Training Epochs:  46%|██████████████████████▌                          | 46/100 [00:06<00:07,  6.77it/s, Loss=0.3505, TrainAcc=0.9717, TestAcc=0.8475]
Training Epochs:  47%|███████████████████████                          | 47/100 [00:06<00:07,  6.76it/s, Loss=0.3505, TrainAcc=0.9717, TestAcc=0.8475]
Training Epochs:  47%|███████████████████████                          | 47/100 [00:06<00:07,  6.76it/s, Loss=0.3490, TrainAcc=0.9717, TestAcc=0.8271]
Training Epochs:  48%|███████████████████████▌                         | 48/100 [00:06<00:07,  6.76it/s, Loss=0.3490, TrainAcc=0.9717, TestAcc=0.8271]
Training Epochs:  48%|███████████████████████▌                         | 48/100 [00:06<00:07,  6.76it/s, Loss=0.3287, TrainAcc=0.9766, TestAcc=0.8407]
Training Epochs:  49%|████████████████████████                         | 49/100 [00:06<00:07,  6.79it/s, Loss=0.3287, TrainAcc=0.9766, TestAcc=0.8407]
Training Epochs:  49%|████████████████████████                         | 49/100 [00:06<00:07,  6.79it/s, Loss=0.3057, TrainAcc=0.9776, TestAcc=0.8102]
Training Epochs:  50%|████████████████████████▌                        | 50/100 [00:06<00:07,  6.75it/s, Loss=0.3057, TrainAcc=0.9776, TestAcc=0.8102]
Training Epochs:  50%|████████████████████████▌                        | 50/100 [00:06<00:07,  6.75it/s, Loss=0.2900, TrainAcc=0.9834, TestAcc=0.8339]
Training Epochs:  51%|████████████████████████▉                        | 51/100 [00:06<00:07,  6.73it/s, Loss=0.2900, TrainAcc=0.9834, TestAcc=0.8339]
Training Epochs:  51%|████████████████████████▉                        | 51/100 [00:06<00:07,  6.73it/s, Loss=0.3076, TrainAcc=0.9825, TestAcc=0.8407]
Training Epochs:  52%|█████████████████████████▍                       | 52/100 [00:06<00:07,  6.73it/s, Loss=0.3076, TrainAcc=0.9825, TestAcc=0.8407]
Training Epochs:  52%|█████████████████████████▍                       | 52/100 [00:06<00:07,  6.73it/s, Loss=0.3012, TrainAcc=0.9893, TestAcc=0.8305]
Training Epochs:  53%|█████████████████████████▉                       | 53/100 [00:06<00:06,  6.72it/s, Loss=0.3012, TrainAcc=0.9893, TestAcc=0.8305]
Training Epochs:  53%|█████████████████████████▉                       | 53/100 [00:07<00:06,  6.72it/s, Loss=0.2820, TrainAcc=0.9854, TestAcc=0.8407]
Training Epochs:  54%|██████████████████████████▍                      | 54/100 [00:07<00:07,  6.53it/s, Loss=0.2820, TrainAcc=0.9854, TestAcc=0.8407]
Training Epochs:  54%|██████████████████████████▍                      | 54/100 [00:07<00:07,  6.53it/s, Loss=0.2863, TrainAcc=0.9795, TestAcc=0.8237]
Training Epochs:  55%|██████████████████████████▉                      | 55/100 [00:07<00:06,  6.62it/s, Loss=0.2863, TrainAcc=0.9795, TestAcc=0.8237]
Training Epochs:  55%|██████████████████████████▉                      | 55/100 [00:07<00:06,  6.62it/s, Loss=0.2737, TrainAcc=0.9844, TestAcc=0.8441]
Training Epochs:  56%|███████████████████████████▍                     | 56/100 [00:07<00:06,  6.65it/s, Loss=0.2737, TrainAcc=0.9844, TestAcc=0.8441]
Training Epochs:  56%|███████████████████████████▍                     | 56/100 [00:07<00:06,  6.65it/s, Loss=0.2678, TrainAcc=0.9873, TestAcc=0.8136]
Training Epochs:  57%|███████████████████████████▉                     | 57/100 [00:07<00:06,  6.74it/s, Loss=0.2678, TrainAcc=0.9873, TestAcc=0.8136]
Training Epochs:  57%|███████████████████████████▉                     | 57/100 [00:07<00:06,  6.74it/s, Loss=0.2646, TrainAcc=0.9893, TestAcc=0.8169]
Training Epochs:  58%|████████████████████████████▍                    | 58/100 [00:07<00:06,  6.76it/s, Loss=0.2646, TrainAcc=0.9893, TestAcc=0.8169]
Training Epochs:  58%|████████████████████████████▍                    | 58/100 [00:07<00:06,  6.76it/s, Loss=0.2636, TrainAcc=0.9864, TestAcc=0.7966]
Training Epochs:  59%|████████████████████████████▉                    | 59/100 [00:07<00:06,  6.77it/s, Loss=0.2636, TrainAcc=0.9864, TestAcc=0.7966]
Training Epochs:  59%|████████████████████████████▉                    | 59/100 [00:07<00:06,  6.77it/s, Loss=0.2865, TrainAcc=0.9825, TestAcc=0.8441]
Training Epochs:  60%|█████████████████████████████▍                   | 60/100 [00:07<00:05,  6.80it/s, Loss=0.2865, TrainAcc=0.9825, TestAcc=0.8441]
Training Epochs:  60%|█████████████████████████████▍                   | 60/100 [00:08<00:05,  6.80it/s, Loss=0.2735, TrainAcc=0.9854, TestAcc=0.8373]
Training Epochs:  61%|█████████████████████████████▉                   | 61/100 [00:08<00:05,  6.73it/s, Loss=0.2735, TrainAcc=0.9854, TestAcc=0.8373]
Training Epochs:  61%|█████████████████████████████▉                   | 61/100 [00:08<00:05,  6.73it/s, Loss=0.2732, TrainAcc=0.9883, TestAcc=0.8712]
Training Epochs:  62%|██████████████████████████████▍                  | 62/100 [00:08<00:05,  6.74it/s, Loss=0.2732, TrainAcc=0.9883, TestAcc=0.8712]
Training Epochs:  62%|██████████████████████████████▍                  | 62/100 [00:08<00:05,  6.74it/s, Loss=0.2916, TrainAcc=0.9815, TestAcc=0.8169]
Training Epochs:  63%|██████████████████████████████▊                  | 63/100 [00:08<00:05,  6.77it/s, Loss=0.2916, TrainAcc=0.9815, TestAcc=0.8169]
Training Epochs:  63%|██████████████████████████████▊                  | 63/100 [00:08<00:05,  6.77it/s, Loss=0.2742, TrainAcc=0.9873, TestAcc=0.8102]
Training Epochs:  64%|███████████████████████████████▎                 | 64/100 [00:08<00:05,  6.81it/s, Loss=0.2742, TrainAcc=0.9873, TestAcc=0.8102]
Training Epochs:  64%|███████████████████████████████▎                 | 64/100 [00:08<00:05,  6.81it/s, Loss=0.2584, TrainAcc=0.9893, TestAcc=0.8407]
Training Epochs:  65%|███████████████████████████████▊                 | 65/100 [00:08<00:05,  6.79it/s, Loss=0.2584, TrainAcc=0.9893, TestAcc=0.8407]
Training Epochs:  65%|███████████████████████████████▊                 | 65/100 [00:08<00:05,  6.79it/s, Loss=0.3041, TrainAcc=0.9795, TestAcc=0.8407]
Training Epochs:  66%|████████████████████████████████▎                | 66/100 [00:08<00:05,  6.79it/s, Loss=0.3041, TrainAcc=0.9795, TestAcc=0.8407]
Training Epochs:  66%|████████████████████████████████▎                | 66/100 [00:08<00:05,  6.79it/s, Loss=0.2667, TrainAcc=0.9893, TestAcc=0.8271]
Training Epochs:  67%|████████████████████████████████▊                | 67/100 [00:08<00:04,  6.77it/s, Loss=0.2667, TrainAcc=0.9893, TestAcc=0.8271]
Training Epochs:  67%|████████████████████████████████▊                | 67/100 [00:09<00:04,  6.77it/s, Loss=0.2923, TrainAcc=0.9815, TestAcc=0.8373]
Training Epochs:  68%|█████████████████████████████████▎               | 68/100 [00:09<00:04,  6.80it/s, Loss=0.2923, TrainAcc=0.9815, TestAcc=0.8373]
Training Epochs:  68%|█████████████████████████████████▎               | 68/100 [00:09<00:04,  6.80it/s, Loss=0.2838, TrainAcc=0.9864, TestAcc=0.8644]
Training Epochs:  69%|█████████████████████████████████▊               | 69/100 [00:09<00:04,  6.81it/s, Loss=0.2838, TrainAcc=0.9864, TestAcc=0.8644]
Training Epochs:  69%|█████████████████████████████████▊               | 69/100 [00:09<00:04,  6.81it/s, Loss=0.2737, TrainAcc=0.9834, TestAcc=0.8068]
Training Epochs:  70%|██████████████████████████████████▎              | 70/100 [00:09<00:04,  6.83it/s, Loss=0.2737, TrainAcc=0.9834, TestAcc=0.8068]
Training Epochs:  70%|██████████████████████████████████▎              | 70/100 [00:09<00:04,  6.83it/s, Loss=0.2608, TrainAcc=0.9834, TestAcc=0.8305]
Training Epochs:  71%|██████████████████████████████████▊              | 71/100 [00:09<00:03,  7.34it/s, Loss=0.2608, TrainAcc=0.9834, TestAcc=0.8305]
Training Epochs:  71%|██████████████████████████████████▊              | 71/100 [00:09<00:03,  7.34it/s, Loss=0.2700, TrainAcc=0.9844, TestAcc=0.8475]
Training Epochs:  72%|███████████████████████████████████▎             | 72/100 [00:09<00:03,  7.74it/s, Loss=0.2700, TrainAcc=0.9844, TestAcc=0.8475]
Training Epochs:  72%|███████████████████████████████████▎             | 72/100 [00:09<00:03,  7.74it/s, Loss=0.2598, TrainAcc=0.9912, TestAcc=0.8271]
Training Epochs:  73%|███████████████████████████████████▊             | 73/100 [00:09<00:03,  8.04it/s, Loss=0.2598, TrainAcc=0.9912, TestAcc=0.8271]
Training Epochs:  73%|███████████████████████████████████▊             | 73/100 [00:09<00:03,  8.04it/s, Loss=0.2664, TrainAcc=0.9854, TestAcc=0.8305]
Training Epochs:  74%|████████████████████████████████████▎            | 74/100 [00:09<00:03,  8.28it/s, Loss=0.2664, TrainAcc=0.9854, TestAcc=0.8305]
Training Epochs:  74%|████████████████████████████████████▎            | 74/100 [00:09<00:03,  8.28it/s, Loss=0.2585, TrainAcc=0.9922, TestAcc=0.8203]
Training Epochs:  75%|████████████████████████████████████▊            | 75/100 [00:09<00:02,  8.69it/s, Loss=0.2585, TrainAcc=0.9922, TestAcc=0.8203]
Training Epochs:  75%|████████████████████████████████████▊            | 75/100 [00:10<00:02,  8.69it/s, Loss=0.2673, TrainAcc=0.9825, TestAcc=0.8203]
Training Epochs:  76%|█████████████████████████████████████▏           | 76/100 [00:10<00:02,  8.69it/s, Loss=0.2673, TrainAcc=0.9825, TestAcc=0.8203]
Training Epochs:  76%|█████████████████████████████████████▏           | 76/100 [00:10<00:02,  8.69it/s, Loss=0.2634, TrainAcc=0.9864, TestAcc=0.8475]
Training Epochs:  77%|█████████████████████████████████████▋           | 77/100 [00:10<00:02,  8.30it/s, Loss=0.2634, TrainAcc=0.9864, TestAcc=0.8475]
Training Epochs:  77%|█████████████████████████████████████▋           | 77/100 [00:10<00:02,  8.30it/s, Loss=0.2606, TrainAcc=0.9873, TestAcc=0.8542]
Training Epochs:  78%|██████████████████████████████████████▏          | 78/100 [00:10<00:02,  7.90it/s, Loss=0.2606, TrainAcc=0.9873, TestAcc=0.8542]
Training Epochs:  78%|██████████████████████████████████████▏          | 78/100 [00:10<00:02,  7.90it/s, Loss=0.2513, TrainAcc=0.9903, TestAcc=0.8136]
Training Epochs:  79%|██████████████████████████████████████▋          | 79/100 [00:10<00:02,  8.06it/s, Loss=0.2513, TrainAcc=0.9903, TestAcc=0.8136]
Training Epochs:  79%|██████████████████████████████████████▋          | 79/100 [00:10<00:02,  8.06it/s, Loss=0.2743, TrainAcc=0.9903, TestAcc=0.8508]
Training Epochs:  80%|███████████████████████████████████████▏         | 80/100 [00:10<00:02,  8.30it/s, Loss=0.2743, TrainAcc=0.9903, TestAcc=0.8508]
Training Epochs:  80%|███████████████████████████████████████▏         | 80/100 [00:10<00:02,  8.30it/s, Loss=0.2773, TrainAcc=0.9873, TestAcc=0.8305]
Training Epochs:  81%|███████████████████████████████████████▋         | 81/100 [00:10<00:02,  8.47it/s, Loss=0.2773, TrainAcc=0.9873, TestAcc=0.8305]
Training Epochs:  81%|███████████████████████████████████████▋         | 81/100 [00:10<00:02,  8.47it/s, Loss=0.2560, TrainAcc=0.9883, TestAcc=0.8339]
Training Epochs:  82%|████████████████████████████████████████▏        | 82/100 [00:10<00:02,  8.60it/s, Loss=0.2560, TrainAcc=0.9883, TestAcc=0.8339]
Training Epochs:  82%|████████████████████████████████████████▏        | 82/100 [00:10<00:02,  8.60it/s, Loss=0.2603, TrainAcc=0.9854, TestAcc=0.8475]
Training Epochs:  83%|████████████████████████████████████████▋        | 83/100 [00:10<00:01,  8.67it/s, Loss=0.2603, TrainAcc=0.9854, TestAcc=0.8475]
Training Epochs:  83%|████████████████████████████████████████▋        | 83/100 [00:11<00:01,  8.67it/s, Loss=0.2582, TrainAcc=0.9903, TestAcc=0.8102]
Training Epochs:  84%|█████████████████████████████████████████▏       | 84/100 [00:11<00:01,  8.73it/s, Loss=0.2582, TrainAcc=0.9903, TestAcc=0.8102]
Training Epochs:  84%|█████████████████████████████████████████▏       | 84/100 [00:11<00:01,  8.73it/s, Loss=0.2549, TrainAcc=0.9932, TestAcc=0.8475]
Training Epochs:  85%|█████████████████████████████████████████▋       | 85/100 [00:11<00:01,  8.84it/s, Loss=0.2549, TrainAcc=0.9932, TestAcc=0.8475]
Training Epochs:  85%|█████████████████████████████████████████▋       | 85/100 [00:11<00:01,  8.84it/s, Loss=0.2871, TrainAcc=0.9786, TestAcc=0.8576]
Training Epochs:  86%|██████████████████████████████████████████▏      | 86/100 [00:11<00:01,  8.95it/s, Loss=0.2871, TrainAcc=0.9786, TestAcc=0.8576]
Training Epochs:  86%|██████████████████████████████████████████▏      | 86/100 [00:11<00:01,  8.95it/s, Loss=0.2661, TrainAcc=0.9873, TestAcc=0.8441]
Training Epochs:  87%|██████████████████████████████████████████▋      | 87/100 [00:11<00:01,  9.05it/s, Loss=0.2661, TrainAcc=0.9873, TestAcc=0.8441]
Training Epochs:  87%|██████████████████████████████████████████▋      | 87/100 [00:11<00:01,  9.05it/s, Loss=0.2545, TrainAcc=0.9922, TestAcc=0.8305]
Training Epochs:  88%|███████████████████████████████████████████      | 88/100 [00:11<00:01,  8.74it/s, Loss=0.2545, TrainAcc=0.9922, TestAcc=0.8305]
Training Epochs:  88%|███████████████████████████████████████████      | 88/100 [00:11<00:01,  8.74it/s, Loss=0.2542, TrainAcc=0.9873, TestAcc=0.8373]
Training Epochs:  89%|███████████████████████████████████████████▌     | 89/100 [00:11<00:01,  8.23it/s, Loss=0.2542, TrainAcc=0.9873, TestAcc=0.8373]
Training Epochs:  89%|███████████████████████████████████████████▌     | 89/100 [00:11<00:01,  8.23it/s, Loss=0.2556, TrainAcc=0.9883, TestAcc=0.8373]
Training Epochs:  90%|████████████████████████████████████████████     | 90/100 [00:11<00:01,  7.84it/s, Loss=0.2556, TrainAcc=0.9883, TestAcc=0.8373]
Training Epochs:  90%|████████████████████████████████████████████     | 90/100 [00:11<00:01,  7.84it/s, Loss=0.2500, TrainAcc=0.9903, TestAcc=0.8508]
Training Epochs:  91%|████████████████████████████████████████████▌    | 91/100 [00:11<00:01,  7.52it/s, Loss=0.2500, TrainAcc=0.9903, TestAcc=0.8508]
Training Epochs:  91%|████████████████████████████████████████████▌    | 91/100 [00:12<00:01,  7.52it/s, Loss=0.2535, TrainAcc=0.9873, TestAcc=0.8373]
Training Epochs:  92%|█████████████████████████████████████████████    | 92/100 [00:12<00:01,  7.34it/s, Loss=0.2535, TrainAcc=0.9873, TestAcc=0.8373]
Training Epochs:  92%|█████████████████████████████████████████████    | 92/100 [00:12<00:01,  7.34it/s, Loss=0.2373, TrainAcc=0.9981, TestAcc=0.8203]
Training Epochs:  93%|█████████████████████████████████████████████▌   | 93/100 [00:12<00:00,  7.22it/s, Loss=0.2373, TrainAcc=0.9981, TestAcc=0.8203]
Training Epochs:  93%|█████████████████████████████████████████████▌   | 93/100 [00:12<00:00,  7.22it/s, Loss=0.2438, TrainAcc=0.9922, TestAcc=0.8441]
Training Epochs:  94%|██████████████████████████████████████████████   | 94/100 [00:12<00:00,  7.13it/s, Loss=0.2438, TrainAcc=0.9922, TestAcc=0.8441]
Training Epochs:  94%|██████████████████████████████████████████████   | 94/100 [00:12<00:00,  7.13it/s, Loss=0.2470, TrainAcc=0.9912, TestAcc=0.8373]
Training Epochs:  95%|██████████████████████████████████████████████▌  | 95/100 [00:12<00:00,  7.08it/s, Loss=0.2470, TrainAcc=0.9912, TestAcc=0.8373]
Training Epochs:  95%|██████████████████████████████████████████████▌  | 95/100 [00:12<00:00,  7.08it/s, Loss=0.2569, TrainAcc=0.9844, TestAcc=0.8373]
Training Epochs:  96%|███████████████████████████████████████████████  | 96/100 [00:12<00:00,  7.04it/s, Loss=0.2569, TrainAcc=0.9844, TestAcc=0.8373]
Training Epochs:  96%|███████████████████████████████████████████████  | 96/100 [00:12<00:00,  7.04it/s, Loss=0.2409, TrainAcc=0.9961, TestAcc=0.8339]
Training Epochs:  97%|███████████████████████████████████████████████▌ | 97/100 [00:12<00:00,  7.01it/s, Loss=0.2409, TrainAcc=0.9961, TestAcc=0.8339]
Training Epochs:  97%|███████████████████████████████████████████████▌ | 97/100 [00:12<00:00,  7.01it/s, Loss=0.2416, TrainAcc=0.9912, TestAcc=0.8102]
Training Epochs:  98%|████████████████████████████████████████████████ | 98/100 [00:12<00:00,  6.98it/s, Loss=0.2416, TrainAcc=0.9912, TestAcc=0.8102]
Training Epochs:  98%|████████████████████████████████████████████████ | 98/100 [00:13<00:00,  6.98it/s, Loss=0.2380, TrainAcc=0.9922, TestAcc=0.8305]
Training Epochs:  99%|████████████████████████████████████████████████▌| 99/100 [00:13<00:00,  6.97it/s, Loss=0.2380, TrainAcc=0.9922, TestAcc=0.8305]
Training Epochs:  99%|████████████████████████████████████████████████▌| 99/100 [00:13<00:00,  6.97it/s, Loss=0.2483, TrainAcc=0.9864, TestAcc=0.8271]
Training Epochs: 100%|████████████████████████████████████████████████| 100/100 [00:13<00:00,  6.96it/s, Loss=0.2483, TrainAcc=0.9864, TestAcc=0.8271]
Training Epochs: 100%|████████████████████████████████████████████████| 100/100 [00:13<00:00,  7.57it/s, Loss=0.2483, TrainAcc=0.9864, TestAcc=0.8271]
{'Real': {'precision': 0.8938547486033519, 'recall': 0.8938547486033519, 'f1': 0.8938547486033519}, 'Fake': {'precision': 0.8362068965517241, 'recall': 0.8362068965517241, 'f1': 0.8362068965517241}}
====================================================================================================
run at 6-th time
seed:  6
Compared_Baselines/2019_MVAE/train_rbvt.py:85: FutureWarning: You are using `torch.load` with `weights_only=False` (the current default value), which uses the default pickle module implicitly. It is possible to construct malicious pickle data which will execute arbitrary code during unpickling (See https://github.com/pytorch/pytorch/blob/main/SECURITY.md#untrusted-models for more details). In a future release, the default value for `weights_only` will be flipped to `True`. This limits the functions that could be executed during unpickling. Arbitrary objects will no longer be allowed to be loaded via this mode unless they are explicitly allowlisted by the user via `torch.serialization.add_safe_globals`. We recommend you start setting `weights_only=True` for any use case where you don't have full control of the loaded file. Please open an issue on GitHub for any issues related to this experimental feature.
  data_pair = torch.load(dataset_path)

Training Epochs:   0%|                                                                                                        | 0/100 [00:00<?, ?it/s]
Training Epochs:   0%|                                                          | 0/100 [00:00<?, ?it/s, Loss=1.0802, TrainAcc=0.6355, TestAcc=0.7254]
Training Epochs:   1%|▌                                                 | 1/100 [00:00<00:10,  9.68it/s, Loss=1.0802, TrainAcc=0.6355, TestAcc=0.7254]
Training Epochs:   1%|▌                                                 | 1/100 [00:00<00:10,  9.68it/s, Loss=0.7588, TrainAcc=0.8099, TestAcc=0.8373]
Training Epochs:   1%|▌                                                 | 1/100 [00:00<00:10,  9.68it/s, Loss=0.5787, TrainAcc=0.8782, TestAcc=0.8203]
Training Epochs:   3%|█▌                                                | 3/100 [00:00<00:09,  9.93it/s, Loss=0.5787, TrainAcc=0.8782, TestAcc=0.8203]
Training Epochs:   3%|█▌                                                | 3/100 [00:00<00:09,  9.93it/s, Loss=0.4682, TrainAcc=0.9152, TestAcc=0.8508]
Training Epochs:   3%|█▌                                                | 3/100 [00:00<00:09,  9.93it/s, Loss=0.4457, TrainAcc=0.9279, TestAcc=0.8271]
Training Epochs:   5%|██▌                                               | 5/100 [00:00<00:09,  9.88it/s, Loss=0.4457, TrainAcc=0.9279, TestAcc=0.8271]
Training Epochs:   5%|██▌                                               | 5/100 [00:00<00:09,  9.88it/s, Loss=0.4270, TrainAcc=0.9240, TestAcc=0.8407]
Training Epochs:   6%|███                                               | 6/100 [00:00<00:10,  9.29it/s, Loss=0.4270, TrainAcc=0.9240, TestAcc=0.8407]
Training Epochs:   6%|███                                               | 6/100 [00:00<00:10,  9.29it/s, Loss=0.3768, TrainAcc=0.9581, TestAcc=0.8542]
Training Epochs:   7%|███▌                                              | 7/100 [00:00<00:10,  8.68it/s, Loss=0.3768, TrainAcc=0.9581, TestAcc=0.8542]
Training Epochs:   7%|███▌                                              | 7/100 [00:00<00:10,  8.68it/s, Loss=0.3933, TrainAcc=0.9493, TestAcc=0.8339]
Training Epochs:   8%|████                                              | 8/100 [00:00<00:11,  8.20it/s, Loss=0.3933, TrainAcc=0.9493, TestAcc=0.8339]
Training Epochs:   8%|████                                              | 8/100 [00:01<00:11,  8.20it/s, Loss=0.3765, TrainAcc=0.9649, TestAcc=0.8169]
Training Epochs:   9%|████▌                                             | 9/100 [00:01<00:11,  7.83it/s, Loss=0.3765, TrainAcc=0.9649, TestAcc=0.8169]
Training Epochs:   9%|████▌                                             | 9/100 [00:01<00:11,  7.83it/s, Loss=0.3566, TrainAcc=0.9552, TestAcc=0.8678]
Training Epochs:  10%|████▉                                            | 10/100 [00:01<00:11,  7.55it/s, Loss=0.3566, TrainAcc=0.9552, TestAcc=0.8678]
Training Epochs:  10%|████▉                                            | 10/100 [00:01<00:11,  7.55it/s, Loss=0.3289, TrainAcc=0.9688, TestAcc=0.8475]
Training Epochs:  11%|█████▍                                           | 11/100 [00:01<00:12,  7.36it/s, Loss=0.3289, TrainAcc=0.9688, TestAcc=0.8475]
Training Epochs:  11%|█████▍                                           | 11/100 [00:01<00:12,  7.36it/s, Loss=0.3368, TrainAcc=0.9659, TestAcc=0.8407]
Training Epochs:  12%|█████▉                                           | 12/100 [00:01<00:12,  7.23it/s, Loss=0.3368, TrainAcc=0.9659, TestAcc=0.8407]
Training Epochs:  12%|█████▉                                           | 12/100 [00:01<00:12,  7.23it/s, Loss=0.3435, TrainAcc=0.9639, TestAcc=0.8576]
Training Epochs:  13%|██████▎                                          | 13/100 [00:01<00:12,  7.13it/s, Loss=0.3435, TrainAcc=0.9639, TestAcc=0.8576]
Training Epochs:  13%|██████▎                                          | 13/100 [00:01<00:12,  7.13it/s, Loss=0.3465, TrainAcc=0.9571, TestAcc=0.8339]
Training Epochs:  14%|██████▊                                          | 14/100 [00:01<00:12,  7.05it/s, Loss=0.3465, TrainAcc=0.9571, TestAcc=0.8339]
Training Epochs:  14%|██████▊                                          | 14/100 [00:01<00:12,  7.05it/s, Loss=0.3753, TrainAcc=0.9542, TestAcc=0.8542]
Training Epochs:  15%|███████▎                                         | 15/100 [00:01<00:12,  6.97it/s, Loss=0.3753, TrainAcc=0.9542, TestAcc=0.8542]
Training Epochs:  15%|███████▎                                         | 15/100 [00:02<00:12,  6.97it/s, Loss=0.3247, TrainAcc=0.9708, TestAcc=0.8339]
Training Epochs:  16%|███████▊                                         | 16/100 [00:02<00:12,  6.97it/s, Loss=0.3247, TrainAcc=0.9708, TestAcc=0.8339]
Training Epochs:  16%|███████▊                                         | 16/100 [00:02<00:12,  6.97it/s, Loss=0.3276, TrainAcc=0.9669, TestAcc=0.8305]
Training Epochs:  17%|████████▎                                        | 17/100 [00:02<00:11,  6.96it/s, Loss=0.3276, TrainAcc=0.9669, TestAcc=0.8305]
Training Epochs:  17%|████████▎                                        | 17/100 [00:02<00:11,  6.96it/s, Loss=0.3368, TrainAcc=0.9600, TestAcc=0.8508]
Training Epochs:  18%|████████▊                                        | 18/100 [00:02<00:11,  6.96it/s, Loss=0.3368, TrainAcc=0.9600, TestAcc=0.8508]
Training Epochs:  18%|████████▊                                        | 18/100 [00:02<00:11,  6.96it/s, Loss=0.3177, TrainAcc=0.9727, TestAcc=0.8542]
Training Epochs:  19%|█████████▎                                       | 19/100 [00:02<00:11,  6.94it/s, Loss=0.3177, TrainAcc=0.9727, TestAcc=0.8542]
Training Epochs:  19%|█████████▎                                       | 19/100 [00:02<00:11,  6.94it/s, Loss=0.3294, TrainAcc=0.9669, TestAcc=0.8712]
Training Epochs:  20%|█████████▊                                       | 20/100 [00:02<00:11,  6.91it/s, Loss=0.3294, TrainAcc=0.9669, TestAcc=0.8712]
Training Epochs:  20%|█████████▊                                       | 20/100 [00:02<00:11,  6.91it/s, Loss=0.3300, TrainAcc=0.9669, TestAcc=0.8441]
Training Epochs:  21%|██████████▎                                      | 21/100 [00:02<00:11,  6.89it/s, Loss=0.3300, TrainAcc=0.9669, TestAcc=0.8441]
Training Epochs:  21%|██████████▎                                      | 21/100 [00:02<00:11,  6.89it/s, Loss=0.3007, TrainAcc=0.9795, TestAcc=0.8441]
Training Epochs:  22%|██████████▊                                      | 22/100 [00:02<00:11,  6.88it/s, Loss=0.3007, TrainAcc=0.9795, TestAcc=0.8441]
Training Epochs:  22%|██████████▊                                      | 22/100 [00:03<00:11,  6.88it/s, Loss=0.3031, TrainAcc=0.9766, TestAcc=0.8407]
Training Epochs:  23%|███████████▎                                     | 23/100 [00:03<00:11,  6.86it/s, Loss=0.3031, TrainAcc=0.9766, TestAcc=0.8407]
Training Epochs:  23%|███████████▎                                     | 23/100 [00:03<00:11,  6.86it/s, Loss=0.3188, TrainAcc=0.9708, TestAcc=0.8169]
Training Epochs:  24%|███████████▊                                     | 24/100 [00:03<00:11,  6.85it/s, Loss=0.3188, TrainAcc=0.9708, TestAcc=0.8169]
Training Epochs:  24%|███████████▊                                     | 24/100 [00:03<00:11,  6.85it/s, Loss=0.3121, TrainAcc=0.9698, TestAcc=0.8203]
Training Epochs:  25%|████████████▎                                    | 25/100 [00:03<00:11,  6.81it/s, Loss=0.3121, TrainAcc=0.9698, TestAcc=0.8203]
Training Epochs:  25%|████████████▎                                    | 25/100 [00:03<00:11,  6.81it/s, Loss=0.3859, TrainAcc=0.9659, TestAcc=0.8271]
Training Epochs:  26%|████████████▋                                    | 26/100 [00:03<00:10,  6.82it/s, Loss=0.3859, TrainAcc=0.9659, TestAcc=0.8271]
Training Epochs:  26%|████████████▋                                    | 26/100 [00:03<00:10,  6.82it/s, Loss=0.3581, TrainAcc=0.9630, TestAcc=0.8237]
Training Epochs:  27%|█████████████▏                                   | 27/100 [00:03<00:10,  6.84it/s, Loss=0.3581, TrainAcc=0.9630, TestAcc=0.8237]
Training Epochs:  27%|█████████████▏                                   | 27/100 [00:03<00:10,  6.84it/s, Loss=0.3201, TrainAcc=0.9737, TestAcc=0.8576]
Training Epochs:  28%|█████████████▋                                   | 28/100 [00:03<00:09,  7.20it/s, Loss=0.3201, TrainAcc=0.9737, TestAcc=0.8576]
Training Epochs:  28%|█████████████▋                                   | 28/100 [00:03<00:09,  7.20it/s, Loss=0.3286, TrainAcc=0.9649, TestAcc=0.8203]
Training Epochs:  29%|██████████████▏                                  | 29/100 [00:03<00:09,  7.59it/s, Loss=0.3286, TrainAcc=0.9649, TestAcc=0.8203]
Training Epochs:  29%|██████████████▏                                  | 29/100 [00:04<00:09,  7.59it/s, Loss=0.3219, TrainAcc=0.9698, TestAcc=0.8034]
Training Epochs:  30%|██████████████▋                                  | 30/100 [00:04<00:08,  7.79it/s, Loss=0.3219, TrainAcc=0.9698, TestAcc=0.8034]
Training Epochs:  30%|██████████████▋                                  | 30/100 [00:04<00:08,  7.79it/s, Loss=0.3262, TrainAcc=0.9717, TestAcc=0.8237]
Training Epochs:  31%|███████████████▏                                 | 31/100 [00:04<00:08,  7.94it/s, Loss=0.3262, TrainAcc=0.9717, TestAcc=0.8237]
Training Epochs:  31%|███████████████▏                                 | 31/100 [00:04<00:08,  7.94it/s, Loss=0.3488, TrainAcc=0.9620, TestAcc=0.8508]
Training Epochs:  32%|███████████████▋                                 | 32/100 [00:04<00:08,  7.91it/s, Loss=0.3488, TrainAcc=0.9620, TestAcc=0.8508]
Training Epochs:  32%|███████████████▋                                 | 32/100 [00:04<00:08,  7.91it/s, Loss=0.3151, TrainAcc=0.9815, TestAcc=0.8475]
Training Epochs:  33%|████████████████▏                                | 33/100 [00:04<00:08,  7.75it/s, Loss=0.3151, TrainAcc=0.9815, TestAcc=0.8475]
Training Epochs:  33%|████████████████▏                                | 33/100 [00:04<00:08,  7.75it/s, Loss=0.3162, TrainAcc=0.9786, TestAcc=0.8542]
Training Epochs:  34%|████████████████▋                                | 34/100 [00:04<00:08,  7.56it/s, Loss=0.3162, TrainAcc=0.9786, TestAcc=0.8542]
Training Epochs:  34%|████████████████▋                                | 34/100 [00:04<00:08,  7.56it/s, Loss=0.2903, TrainAcc=0.9834, TestAcc=0.8237]
Training Epochs:  35%|█████████████████▏                               | 35/100 [00:04<00:08,  7.38it/s, Loss=0.2903, TrainAcc=0.9834, TestAcc=0.8237]
Training Epochs:  35%|█████████████████▏                               | 35/100 [00:04<00:08,  7.38it/s, Loss=0.2932, TrainAcc=0.9795, TestAcc=0.8339]
Training Epochs:  36%|█████████████████▋                               | 36/100 [00:04<00:08,  7.25it/s, Loss=0.2932, TrainAcc=0.9795, TestAcc=0.8339]
Training Epochs:  36%|█████████████████▋                               | 36/100 [00:04<00:08,  7.25it/s, Loss=0.2834, TrainAcc=0.9864, TestAcc=0.8271]
Training Epochs:  37%|██████████████████▏                              | 37/100 [00:04<00:08,  7.15it/s, Loss=0.2834, TrainAcc=0.9864, TestAcc=0.8271]
Training Epochs:  37%|██████████████████▏                              | 37/100 [00:05<00:08,  7.15it/s, Loss=0.3057, TrainAcc=0.9756, TestAcc=0.8644]
Training Epochs:  38%|██████████████████▌                              | 38/100 [00:05<00:08,  7.08it/s, Loss=0.3057, TrainAcc=0.9756, TestAcc=0.8644]
Training Epochs:  38%|██████████████████▌                              | 38/100 [00:05<00:08,  7.08it/s, Loss=0.3299, TrainAcc=0.9776, TestAcc=0.8203]
Training Epochs:  39%|███████████████████                              | 39/100 [00:05<00:08,  7.05it/s, Loss=0.3299, TrainAcc=0.9776, TestAcc=0.8203]
Training Epochs:  39%|███████████████████                              | 39/100 [00:05<00:08,  7.05it/s, Loss=0.3104, TrainAcc=0.9737, TestAcc=0.8271]
Training Epochs:  40%|███████████████████▌                             | 40/100 [00:05<00:08,  7.04it/s, Loss=0.3104, TrainAcc=0.9737, TestAcc=0.8271]
Training Epochs:  40%|███████████████████▌                             | 40/100 [00:05<00:08,  7.04it/s, Loss=0.3197, TrainAcc=0.9727, TestAcc=0.8373]
Training Epochs:  41%|████████████████████                             | 41/100 [00:05<00:08,  7.02it/s, Loss=0.3197, TrainAcc=0.9727, TestAcc=0.8373]
Training Epochs:  41%|████████████████████                             | 41/100 [00:05<00:08,  7.02it/s, Loss=0.3227, TrainAcc=0.9737, TestAcc=0.8407]
Training Epochs:  42%|████████████████████▌                            | 42/100 [00:05<00:08,  6.99it/s, Loss=0.3227, TrainAcc=0.9737, TestAcc=0.8407]
Training Epochs:  42%|████████████████████▌                            | 42/100 [00:05<00:08,  6.99it/s, Loss=0.2857, TrainAcc=0.9864, TestAcc=0.8169]
Training Epochs:  43%|█████████████████████                            | 43/100 [00:05<00:07,  7.37it/s, Loss=0.2857, TrainAcc=0.9864, TestAcc=0.8169]
Training Epochs:  43%|█████████████████████                            | 43/100 [00:05<00:07,  7.37it/s, Loss=0.2854, TrainAcc=0.9844, TestAcc=0.8576]
Training Epochs:  43%|█████████████████████                            | 43/100 [00:05<00:07,  7.37it/s, Loss=0.2839, TrainAcc=0.9815, TestAcc=0.8576]
Training Epochs:  45%|██████████████████████                           | 45/100 [00:05<00:06,  8.74it/s, Loss=0.2839, TrainAcc=0.9815, TestAcc=0.8576]
Training Epochs:  45%|██████████████████████                           | 45/100 [00:06<00:06,  8.74it/s, Loss=0.2729, TrainAcc=0.9873, TestAcc=0.8169]
Training Epochs:  45%|██████████████████████                           | 45/100 [00:06<00:06,  8.74it/s, Loss=0.2694, TrainAcc=0.9864, TestAcc=0.8542]
Training Epochs:  47%|███████████████████████                          | 47/100 [00:06<00:05,  9.83it/s, Loss=0.2694, TrainAcc=0.9864, TestAcc=0.8542]
Training Epochs:  47%|███████████████████████                          | 47/100 [00:06<00:05,  9.83it/s, Loss=0.2868, TrainAcc=0.9825, TestAcc=0.8373]
Training Epochs:  47%|███████████████████████                          | 47/100 [00:06<00:05,  9.83it/s, Loss=0.2788, TrainAcc=0.9825, TestAcc=0.8373]
Training Epochs:  49%|████████████████████████                         | 49/100 [00:06<00:04, 10.61it/s, Loss=0.2788, TrainAcc=0.9825, TestAcc=0.8373]
Training Epochs:  49%|████████████████████████                         | 49/100 [00:06<00:04, 10.61it/s, Loss=0.2991, TrainAcc=0.9727, TestAcc=0.8271]
Training Epochs:  49%|████████████████████████                         | 49/100 [00:06<00:04, 10.61it/s, Loss=0.2909, TrainAcc=0.9873, TestAcc=0.8373]
Training Epochs:  51%|████████████████████████▉                        | 51/100 [00:06<00:04, 11.02it/s, Loss=0.2909, TrainAcc=0.9873, TestAcc=0.8373]
Training Epochs:  51%|████████████████████████▉                        | 51/100 [00:06<00:04, 11.02it/s, Loss=0.2847, TrainAcc=0.9844, TestAcc=0.8305]
Training Epochs:  51%|████████████████████████▉                        | 51/100 [00:06<00:04, 11.02it/s, Loss=0.2685, TrainAcc=0.9873, TestAcc=0.8373]
Training Epochs:  53%|█████████████████████████▉                       | 53/100 [00:06<00:04,  9.74it/s, Loss=0.2685, TrainAcc=0.9873, TestAcc=0.8373]
Training Epochs:  53%|█████████████████████████▉                       | 53/100 [00:06<00:04,  9.74it/s, Loss=0.2949, TrainAcc=0.9825, TestAcc=0.8339]
Training Epochs:  54%|██████████████████████████▍                      | 54/100 [00:06<00:05,  9.07it/s, Loss=0.2949, TrainAcc=0.9825, TestAcc=0.8339]
Training Epochs:  54%|██████████████████████████▍                      | 54/100 [00:07<00:05,  9.07it/s, Loss=0.2883, TrainAcc=0.9825, TestAcc=0.8373]
Training Epochs:  55%|██████████████████████████▉                      | 55/100 [00:07<00:05,  8.29it/s, Loss=0.2883, TrainAcc=0.9825, TestAcc=0.8373]
Training Epochs:  55%|██████████████████████████▉                      | 55/100 [00:07<00:05,  8.29it/s, Loss=0.2859, TrainAcc=0.9825, TestAcc=0.8475]
Training Epochs:  56%|███████████████████████████▍                     | 56/100 [00:07<00:05,  7.89it/s, Loss=0.2859, TrainAcc=0.9825, TestAcc=0.8475]
Training Epochs:  56%|███████████████████████████▍                     | 56/100 [00:07<00:05,  7.89it/s, Loss=0.2745, TrainAcc=0.9893, TestAcc=0.8339]
Training Epochs:  57%|███████████████████████████▉                     | 57/100 [00:07<00:05,  7.61it/s, Loss=0.2745, TrainAcc=0.9893, TestAcc=0.8339]
Training Epochs:  57%|███████████████████████████▉                     | 57/100 [00:07<00:05,  7.61it/s, Loss=0.2585, TrainAcc=0.9903, TestAcc=0.8441]
Training Epochs:  58%|████████████████████████████▍                    | 58/100 [00:07<00:05,  7.39it/s, Loss=0.2585, TrainAcc=0.9903, TestAcc=0.8441]
Training Epochs:  58%|████████████████████████████▍                    | 58/100 [00:07<00:05,  7.39it/s, Loss=0.2740, TrainAcc=0.9864, TestAcc=0.8237]
Training Epochs:  59%|████████████████████████████▉                    | 59/100 [00:07<00:05,  7.16it/s, Loss=0.2740, TrainAcc=0.9864, TestAcc=0.8237]
Training Epochs:  59%|████████████████████████████▉                    | 59/100 [00:07<00:05,  7.16it/s, Loss=0.2809, TrainAcc=0.9825, TestAcc=0.8542]
Training Epochs:  60%|█████████████████████████████▍                   | 60/100 [00:07<00:05,  7.01it/s, Loss=0.2809, TrainAcc=0.9825, TestAcc=0.8542]
Training Epochs:  60%|█████████████████████████████▍                   | 60/100 [00:07<00:05,  7.01it/s, Loss=0.2809, TrainAcc=0.9805, TestAcc=0.8339]
Training Epochs:  61%|█████████████████████████████▉                   | 61/100 [00:07<00:05,  6.98it/s, Loss=0.2809, TrainAcc=0.9805, TestAcc=0.8339]
Training Epochs:  61%|█████████████████████████████▉                   | 61/100 [00:08<00:05,  6.98it/s, Loss=0.2851, TrainAcc=0.9834, TestAcc=0.8441]
Training Epochs:  62%|██████████████████████████████▍                  | 62/100 [00:08<00:05,  6.94it/s, Loss=0.2851, TrainAcc=0.9834, TestAcc=0.8441]
Training Epochs:  62%|██████████████████████████████▍                  | 62/100 [00:08<00:05,  6.94it/s, Loss=0.2924, TrainAcc=0.9805, TestAcc=0.8203]
Training Epochs:  63%|██████████████████████████████▊                  | 63/100 [00:08<00:05,  6.92it/s, Loss=0.2924, TrainAcc=0.9805, TestAcc=0.8203]
Training Epochs:  63%|██████████████████████████████▊                  | 63/100 [00:08<00:05,  6.92it/s, Loss=0.2915, TrainAcc=0.9795, TestAcc=0.8373]
Training Epochs:  64%|███████████████████████████████▎                 | 64/100 [00:08<00:05,  6.90it/s, Loss=0.2915, TrainAcc=0.9795, TestAcc=0.8373]
Training Epochs:  64%|███████████████████████████████▎                 | 64/100 [00:08<00:05,  6.90it/s, Loss=0.2901, TrainAcc=0.9786, TestAcc=0.8305]
Training Epochs:  65%|███████████████████████████████▊                 | 65/100 [00:08<00:05,  6.87it/s, Loss=0.2901, TrainAcc=0.9786, TestAcc=0.8305]
Training Epochs:  65%|███████████████████████████████▊                 | 65/100 [00:08<00:05,  6.87it/s, Loss=0.3613, TrainAcc=0.9766, TestAcc=0.8576]
Training Epochs:  66%|████████████████████████████████▎                | 66/100 [00:08<00:05,  6.79it/s, Loss=0.3613, TrainAcc=0.9766, TestAcc=0.8576]
Training Epochs:  66%|████████████████████████████████▎                | 66/100 [00:08<00:05,  6.79it/s, Loss=0.2924, TrainAcc=0.9864, TestAcc=0.8305]
Training Epochs:  67%|████████████████████████████████▊                | 67/100 [00:08<00:04,  6.82it/s, Loss=0.2924, TrainAcc=0.9864, TestAcc=0.8305]
Training Epochs:  67%|████████████████████████████████▊                | 67/100 [00:08<00:04,  6.82it/s, Loss=0.2879, TrainAcc=0.9805, TestAcc=0.8441]
Training Epochs:  68%|█████████████████████████████████▎               | 68/100 [00:08<00:04,  6.83it/s, Loss=0.2879, TrainAcc=0.9805, TestAcc=0.8441]
Training Epochs:  68%|█████████████████████████████████▎               | 68/100 [00:09<00:04,  6.83it/s, Loss=0.2838, TrainAcc=0.9815, TestAcc=0.8441]
Training Epochs:  69%|█████████████████████████████████▊               | 69/100 [00:09<00:04,  6.65it/s, Loss=0.2838, TrainAcc=0.9815, TestAcc=0.8441]
Training Epochs:  69%|█████████████████████████████████▊               | 69/100 [00:09<00:04,  6.65it/s, Loss=0.2795, TrainAcc=0.9844, TestAcc=0.8373]
Training Epochs:  70%|██████████████████████████████████▎              | 70/100 [00:09<00:04,  6.70it/s, Loss=0.2795, TrainAcc=0.9844, TestAcc=0.8373]
Training Epochs:  70%|██████████████████████████████████▎              | 70/100 [00:09<00:04,  6.70it/s, Loss=0.2764, TrainAcc=0.9912, TestAcc=0.8407]
Training Epochs:  71%|██████████████████████████████████▊              | 71/100 [00:09<00:04,  6.72it/s, Loss=0.2764, TrainAcc=0.9912, TestAcc=0.8407]
Training Epochs:  71%|██████████████████████████████████▊              | 71/100 [00:09<00:04,  6.72it/s, Loss=0.2684, TrainAcc=0.9883, TestAcc=0.8373]
Training Epochs:  72%|███████████████████████████████████▎             | 72/100 [00:09<00:04,  6.73it/s, Loss=0.2684, TrainAcc=0.9883, TestAcc=0.8373]
Training Epochs:  72%|███████████████████████████████████▎             | 72/100 [00:09<00:04,  6.73it/s, Loss=0.2781, TrainAcc=0.9795, TestAcc=0.8237]
Training Epochs:  73%|███████████████████████████████████▊             | 73/100 [00:09<00:03,  6.76it/s, Loss=0.2781, TrainAcc=0.9795, TestAcc=0.8237]
Training Epochs:  73%|███████████████████████████████████▊             | 73/100 [00:09<00:03,  6.76it/s, Loss=0.3193, TrainAcc=0.9766, TestAcc=0.8610]
Training Epochs:  74%|████████████████████████████████████▎            | 74/100 [00:09<00:03,  6.72it/s, Loss=0.3193, TrainAcc=0.9766, TestAcc=0.8610]
Training Epochs:  74%|████████████████████████████████████▎            | 74/100 [00:10<00:03,  6.72it/s, Loss=0.2777, TrainAcc=0.9883, TestAcc=0.8508]
Training Epochs:  75%|████████████████████████████████████▊            | 75/100 [00:10<00:03,  6.74it/s, Loss=0.2777, TrainAcc=0.9883, TestAcc=0.8508]
Training Epochs:  75%|████████████████████████████████████▊            | 75/100 [00:10<00:03,  6.74it/s, Loss=0.2706, TrainAcc=0.9864, TestAcc=0.8271]
Training Epochs:  76%|█████████████████████████████████████▏           | 76/100 [00:10<00:03,  6.76it/s, Loss=0.2706, TrainAcc=0.9864, TestAcc=0.8271]
Training Epochs:  76%|█████████████████████████████████████▏           | 76/100 [00:10<00:03,  6.76it/s, Loss=0.2846, TrainAcc=0.9805, TestAcc=0.8373]
Training Epochs:  77%|█████████████████████████████████████▋           | 77/100 [00:10<00:03,  6.82it/s, Loss=0.2846, TrainAcc=0.9805, TestAcc=0.8373]
Training Epochs:  77%|█████████████████████████████████████▋           | 77/100 [00:10<00:03,  6.82it/s, Loss=0.2794, TrainAcc=0.9854, TestAcc=0.8068]
Training Epochs:  78%|██████████████████████████████████████▏          | 78/100 [00:10<00:03,  6.84it/s, Loss=0.2794, TrainAcc=0.9854, TestAcc=0.8068]
Training Epochs:  78%|██████████████████████████████████████▏          | 78/100 [00:10<00:03,  6.84it/s, Loss=0.2871, TrainAcc=0.9834, TestAcc=0.8373]
Training Epochs:  79%|██████████████████████████████████████▋          | 79/100 [00:10<00:03,  6.84it/s, Loss=0.2871, TrainAcc=0.9834, TestAcc=0.8373]
Training Epochs:  79%|██████████████████████████████████████▋          | 79/100 [00:10<00:03,  6.84it/s, Loss=0.2552, TrainAcc=0.9942, TestAcc=0.8237]
Training Epochs:  80%|███████████████████████████████████████▏         | 80/100 [00:10<00:02,  6.85it/s, Loss=0.2552, TrainAcc=0.9942, TestAcc=0.8237]
Training Epochs:  80%|███████████████████████████████████████▏         | 80/100 [00:10<00:02,  6.85it/s, Loss=0.2676, TrainAcc=0.9834, TestAcc=0.8441]
Training Epochs:  81%|███████████████████████████████████████▋         | 81/100 [00:10<00:02,  6.86it/s, Loss=0.2676, TrainAcc=0.9834, TestAcc=0.8441]
Training Epochs:  81%|███████████████████████████████████████▋         | 81/100 [00:11<00:02,  6.86it/s, Loss=0.2665, TrainAcc=0.9864, TestAcc=0.8441]
Training Epochs:  82%|████████████████████████████████████████▏        | 82/100 [00:11<00:02,  6.86it/s, Loss=0.2665, TrainAcc=0.9864, TestAcc=0.8441]
Training Epochs:  82%|████████████████████████████████████████▏        | 82/100 [00:11<00:02,  6.86it/s, Loss=0.2640, TrainAcc=0.9864, TestAcc=0.8542]
Training Epochs:  83%|████████████████████████████████████████▋        | 83/100 [00:11<00:02,  6.87it/s, Loss=0.2640, TrainAcc=0.9864, TestAcc=0.8542]
Training Epochs:  83%|████████████████████████████████████████▋        | 83/100 [00:11<00:02,  6.87it/s, Loss=0.2554, TrainAcc=0.9893, TestAcc=0.8339]
Training Epochs:  84%|█████████████████████████████████████████▏       | 84/100 [00:11<00:02,  6.87it/s, Loss=0.2554, TrainAcc=0.9893, TestAcc=0.8339]
Training Epochs:  84%|█████████████████████████████████████████▏       | 84/100 [00:11<00:02,  6.87it/s, Loss=0.2572, TrainAcc=0.9834, TestAcc=0.8102]
Training Epochs:  85%|█████████████████████████████████████████▋       | 85/100 [00:11<00:02,  6.88it/s, Loss=0.2572, TrainAcc=0.9834, TestAcc=0.8102]
Training Epochs:  85%|█████████████████████████████████████████▋       | 85/100 [00:11<00:02,  6.88it/s, Loss=0.2754, TrainAcc=0.9815, TestAcc=0.8373]
Training Epochs:  86%|██████████████████████████████████████████▏      | 86/100 [00:11<00:02,  6.80it/s, Loss=0.2754, TrainAcc=0.9815, TestAcc=0.8373]
Training Epochs:  86%|██████████████████████████████████████████▏      | 86/100 [00:11<00:02,  6.80it/s, Loss=0.2764, TrainAcc=0.9864, TestAcc=0.8542]
Training Epochs:  87%|██████████████████████████████████████████▋      | 87/100 [00:11<00:01,  6.82it/s, Loss=0.2764, TrainAcc=0.9864, TestAcc=0.8542]
Training Epochs:  87%|██████████████████████████████████████████▋      | 87/100 [00:11<00:01,  6.82it/s, Loss=0.2536, TrainAcc=0.9912, TestAcc=0.8237]
Training Epochs:  88%|███████████████████████████████████████████      | 88/100 [00:11<00:01,  6.77it/s, Loss=0.2536, TrainAcc=0.9912, TestAcc=0.8237]
Training Epochs:  88%|███████████████████████████████████████████      | 88/100 [00:12<00:01,  6.77it/s, Loss=0.2497, TrainAcc=0.9912, TestAcc=0.8475]
Training Epochs:  89%|███████████████████████████████████████████▌     | 89/100 [00:12<00:01,  6.82it/s, Loss=0.2497, TrainAcc=0.9912, TestAcc=0.8475]
Training Epochs:  89%|███████████████████████████████████████████▌     | 89/100 [00:12<00:01,  6.82it/s, Loss=0.2511, TrainAcc=0.9912, TestAcc=0.8373]
Training Epochs:  90%|████████████████████████████████████████████     | 90/100 [00:12<00:01,  6.84it/s, Loss=0.2511, TrainAcc=0.9912, TestAcc=0.8373]
Training Epochs:  90%|████████████████████████████████████████████     | 90/100 [00:12<00:01,  6.84it/s, Loss=0.2610, TrainAcc=0.9883, TestAcc=0.8068]
Training Epochs:  91%|████████████████████████████████████████████▌    | 91/100 [00:12<00:01,  6.84it/s, Loss=0.2610, TrainAcc=0.9883, TestAcc=0.8068]
Training Epochs:  91%|████████████████████████████████████████████▌    | 91/100 [00:12<00:01,  6.84it/s, Loss=0.2435, TrainAcc=0.9932, TestAcc=0.8407]
Training Epochs:  92%|█████████████████████████████████████████████    | 92/100 [00:12<00:01,  6.84it/s, Loss=0.2435, TrainAcc=0.9932, TestAcc=0.8407]
Training Epochs:  92%|█████████████████████████████████████████████    | 92/100 [00:12<00:01,  6.84it/s, Loss=0.2589, TrainAcc=0.9893, TestAcc=0.8203]
Training Epochs:  93%|█████████████████████████████████████████████▌   | 93/100 [00:12<00:01,  6.85it/s, Loss=0.2589, TrainAcc=0.9893, TestAcc=0.8203]
Training Epochs:  93%|█████████████████████████████████████████████▌   | 93/100 [00:12<00:01,  6.85it/s, Loss=0.2370, TrainAcc=0.9932, TestAcc=0.8305]
Training Epochs:  94%|██████████████████████████████████████████████   | 94/100 [00:12<00:00,  6.85it/s, Loss=0.2370, TrainAcc=0.9932, TestAcc=0.8305]
Training Epochs:  94%|██████████████████████████████████████████████   | 94/100 [00:12<00:00,  6.85it/s, Loss=0.2403, TrainAcc=0.9903, TestAcc=0.8441]
Training Epochs:  95%|██████████████████████████████████████████████▌  | 95/100 [00:12<00:00,  6.85it/s, Loss=0.2403, TrainAcc=0.9903, TestAcc=0.8441]
Training Epochs:  95%|██████████████████████████████████████████████▌  | 95/100 [00:13<00:00,  6.85it/s, Loss=0.2494, TrainAcc=0.9903, TestAcc=0.8339]
Training Epochs:  96%|███████████████████████████████████████████████  | 96/100 [00:13<00:00,  6.87it/s, Loss=0.2494, TrainAcc=0.9903, TestAcc=0.8339]
Training Epochs:  96%|███████████████████████████████████████████████  | 96/100 [00:13<00:00,  6.87it/s, Loss=0.2430, TrainAcc=0.9932, TestAcc=0.8373]
Training Epochs:  97%|███████████████████████████████████████████████▌ | 97/100 [00:13<00:00,  6.87it/s, Loss=0.2430, TrainAcc=0.9932, TestAcc=0.8373]
Training Epochs:  97%|███████████████████████████████████████████████▌ | 97/100 [00:13<00:00,  6.87it/s, Loss=0.2387, TrainAcc=0.9922, TestAcc=0.8102]
Training Epochs:  98%|████████████████████████████████████████████████ | 98/100 [00:13<00:00,  6.87it/s, Loss=0.2387, TrainAcc=0.9922, TestAcc=0.8102]
Training Epochs:  98%|████████████████████████████████████████████████ | 98/100 [00:13<00:00,  6.87it/s, Loss=0.2318, TrainAcc=0.9961, TestAcc=0.8237]
Training Epochs:  99%|████████████████████████████████████████████████▌| 99/100 [00:13<00:00,  6.87it/s, Loss=0.2318, TrainAcc=0.9961, TestAcc=0.8237]
Training Epochs:  99%|████████████████████████████████████████████████▌| 99/100 [00:13<00:00,  6.87it/s, Loss=0.2564, TrainAcc=0.9893, TestAcc=0.8373]
Training Epochs: 100%|████████████████████████████████████████████████| 100/100 [00:13<00:00,  6.71it/s, Loss=0.2564, TrainAcc=0.9893, TestAcc=0.8373]
Training Epochs: 100%|████████████████████████████████████████████████| 100/100 [00:13<00:00,  7.32it/s, Loss=0.2564, TrainAcc=0.9893, TestAcc=0.8373]
{'Real': {'precision': 0.8810810810810811, 'recall': 0.9106145251396648, 'f1': 0.8956043956043956}, 'Fake': {'precision': 0.8545454545454545, 'recall': 0.8103448275862069, 'f1': 0.831858407079646}}
====================================================================================================
run at 7-th time
seed:  7
Compared_Baselines/2019_MVAE/train_rbvt.py:85: FutureWarning: You are using `torch.load` with `weights_only=False` (the current default value), which uses the default pickle module implicitly. It is possible to construct malicious pickle data which will execute arbitrary code during unpickling (See https://github.com/pytorch/pytorch/blob/main/SECURITY.md#untrusted-models for more details). In a future release, the default value for `weights_only` will be flipped to `True`. This limits the functions that could be executed during unpickling. Arbitrary objects will no longer be allowed to be loaded via this mode unless they are explicitly allowlisted by the user via `torch.serialization.add_safe_globals`. We recommend you start setting `weights_only=True` for any use case where you don't have full control of the loaded file. Please open an issue on GitHub for any issues related to this experimental feature.
  data_pair = torch.load(dataset_path)

Training Epochs:   0%|                                                                                                        | 0/100 [00:00<?, ?it/s]
Training Epochs:   0%|                                                          | 0/100 [00:00<?, ?it/s, Loss=1.1148, TrainAcc=0.5858, TestAcc=0.7797]
Training Epochs:   0%|                                                          | 0/100 [00:00<?, ?it/s, Loss=0.8073, TrainAcc=0.7895, TestAcc=0.8034]
Training Epochs:   2%|█                                                 | 2/100 [00:00<00:08, 12.08it/s, Loss=0.8073, TrainAcc=0.7895, TestAcc=0.8034]
Training Epochs:   2%|█                                                 | 2/100 [00:00<00:08, 12.08it/s, Loss=0.6235, TrainAcc=0.8596, TestAcc=0.8237]
Training Epochs:   2%|█                                                 | 2/100 [00:00<00:08, 12.08it/s, Loss=0.5199, TrainAcc=0.8967, TestAcc=0.8441]
Training Epochs:   4%|██                                                | 4/100 [00:00<00:09, 10.39it/s, Loss=0.5199, TrainAcc=0.8967, TestAcc=0.8441]
Training Epochs:   4%|██                                                | 4/100 [00:00<00:09, 10.39it/s, Loss=0.4422, TrainAcc=0.9337, TestAcc=0.8237]
Training Epochs:   4%|██                                                | 4/100 [00:00<00:09, 10.39it/s, Loss=0.4163, TrainAcc=0.9386, TestAcc=0.8576]
Training Epochs:   6%|███                                               | 6/100 [00:00<00:10,  8.59it/s, Loss=0.4163, TrainAcc=0.9386, TestAcc=0.8576]
Training Epochs:   6%|███                                               | 6/100 [00:00<00:10,  8.59it/s, Loss=0.3578, TrainAcc=0.9610, TestAcc=0.8441]
Training Epochs:   7%|███▌                                              | 7/100 [00:00<00:11,  8.09it/s, Loss=0.3578, TrainAcc=0.9610, TestAcc=0.8441]
Training Epochs:   7%|███▌                                              | 7/100 [00:00<00:11,  8.09it/s, Loss=0.3624, TrainAcc=0.9639, TestAcc=0.8441]
Training Epochs:   8%|████                                              | 8/100 [00:00<00:11,  7.72it/s, Loss=0.3624, TrainAcc=0.9639, TestAcc=0.8441]
Training Epochs:   8%|████                                              | 8/100 [00:01<00:11,  7.72it/s, Loss=0.4301, TrainAcc=0.9386, TestAcc=0.8407]
Training Epochs:   9%|████▌                                             | 9/100 [00:01<00:12,  7.48it/s, Loss=0.4301, TrainAcc=0.9386, TestAcc=0.8407]
Training Epochs:   9%|████▌                                             | 9/100 [00:01<00:12,  7.48it/s, Loss=0.3997, TrainAcc=0.9561, TestAcc=0.8508]
Training Epochs:  10%|████▉                                            | 10/100 [00:01<00:12,  7.29it/s, Loss=0.3997, TrainAcc=0.9561, TestAcc=0.8508]
Training Epochs:  10%|████▉                                            | 10/100 [00:01<00:12,  7.29it/s, Loss=0.4211, TrainAcc=0.9444, TestAcc=0.8441]
Training Epochs:  11%|█████▍                                           | 11/100 [00:01<00:12,  7.13it/s, Loss=0.4211, TrainAcc=0.9444, TestAcc=0.8441]
Training Epochs:  11%|█████▍                                           | 11/100 [00:01<00:12,  7.13it/s, Loss=0.4065, TrainAcc=0.9542, TestAcc=0.8576]
Training Epochs:  12%|█████▉                                           | 12/100 [00:01<00:12,  6.98it/s, Loss=0.4065, TrainAcc=0.9542, TestAcc=0.8576]
Training Epochs:  12%|█████▉                                           | 12/100 [00:01<00:12,  6.98it/s, Loss=0.3595, TrainAcc=0.9571, TestAcc=0.8475]
Training Epochs:  13%|██████▎                                          | 13/100 [00:01<00:12,  6.95it/s, Loss=0.3595, TrainAcc=0.9571, TestAcc=0.8475]
Training Epochs:  13%|██████▎                                          | 13/100 [00:01<00:12,  6.95it/s, Loss=0.3774, TrainAcc=0.9591, TestAcc=0.8305]
Training Epochs:  14%|██████▊                                          | 14/100 [00:01<00:12,  6.86it/s, Loss=0.3774, TrainAcc=0.9591, TestAcc=0.8305]
Training Epochs:  14%|██████▊                                          | 14/100 [00:01<00:12,  6.86it/s, Loss=0.3776, TrainAcc=0.9513, TestAcc=0.8407]
Training Epochs:  15%|███████▎                                         | 15/100 [00:01<00:12,  6.86it/s, Loss=0.3776, TrainAcc=0.9513, TestAcc=0.8407]
Training Epochs:  15%|███████▎                                         | 15/100 [00:02<00:12,  6.86it/s, Loss=0.3384, TrainAcc=0.9727, TestAcc=0.8203]
Training Epochs:  16%|███████▊                                         | 16/100 [00:02<00:12,  6.88it/s, Loss=0.3384, TrainAcc=0.9727, TestAcc=0.8203]
Training Epochs:  16%|███████▊                                         | 16/100 [00:02<00:12,  6.88it/s, Loss=0.3585, TrainAcc=0.9649, TestAcc=0.8102]
Training Epochs:  17%|████████▎                                        | 17/100 [00:02<00:12,  6.89it/s, Loss=0.3585, TrainAcc=0.9649, TestAcc=0.8102]
Training Epochs:  17%|████████▎                                        | 17/100 [00:02<00:12,  6.89it/s, Loss=0.3140, TrainAcc=0.9805, TestAcc=0.8475]
Training Epochs:  18%|████████▊                                        | 18/100 [00:02<00:11,  6.85it/s, Loss=0.3140, TrainAcc=0.9805, TestAcc=0.8475]
Training Epochs:  18%|████████▊                                        | 18/100 [00:02<00:11,  6.85it/s, Loss=0.3308, TrainAcc=0.9669, TestAcc=0.8102]
Training Epochs:  19%|█████████▎                                       | 19/100 [00:02<00:11,  6.86it/s, Loss=0.3308, TrainAcc=0.9669, TestAcc=0.8102]
Training Epochs:  19%|█████████▎                                       | 19/100 [00:02<00:11,  6.86it/s, Loss=0.3739, TrainAcc=0.9542, TestAcc=0.8475]
Training Epochs:  20%|█████████▊                                       | 20/100 [00:02<00:11,  6.88it/s, Loss=0.3739, TrainAcc=0.9542, TestAcc=0.8475]
Training Epochs:  20%|█████████▊                                       | 20/100 [00:02<00:11,  6.88it/s, Loss=0.3259, TrainAcc=0.9766, TestAcc=0.8237]
Training Epochs:  21%|██████████▎                                      | 21/100 [00:02<00:11,  6.90it/s, Loss=0.3259, TrainAcc=0.9766, TestAcc=0.8237]
Training Epochs:  21%|██████████▎                                      | 21/100 [00:02<00:11,  6.90it/s, Loss=0.3035, TrainAcc=0.9776, TestAcc=0.8407]
Training Epochs:  22%|██████████▊                                      | 22/100 [00:02<00:11,  6.85it/s, Loss=0.3035, TrainAcc=0.9776, TestAcc=0.8407]
Training Epochs:  22%|██████████▊                                      | 22/100 [00:03<00:11,  6.85it/s, Loss=0.2995, TrainAcc=0.9756, TestAcc=0.8203]
Training Epochs:  23%|███████████▎                                     | 23/100 [00:03<00:11,  6.89it/s, Loss=0.2995, TrainAcc=0.9756, TestAcc=0.8203]
Training Epochs:  23%|███████████▎                                     | 23/100 [00:03<00:11,  6.89it/s, Loss=0.3260, TrainAcc=0.9717, TestAcc=0.8339]
Training Epochs:  24%|███████████▊                                     | 24/100 [00:03<00:10,  6.94it/s, Loss=0.3260, TrainAcc=0.9717, TestAcc=0.8339]
Training Epochs:  24%|███████████▊                                     | 24/100 [00:03<00:10,  6.94it/s, Loss=0.3128, TrainAcc=0.9776, TestAcc=0.8373]
Training Epochs:  25%|████████████▎                                    | 25/100 [00:03<00:10,  6.93it/s, Loss=0.3128, TrainAcc=0.9776, TestAcc=0.8373]
Training Epochs:  25%|████████████▎                                    | 25/100 [00:03<00:10,  6.93it/s, Loss=0.3173, TrainAcc=0.9717, TestAcc=0.8373]
Training Epochs:  26%|████████████▋                                    | 26/100 [00:03<00:10,  6.92it/s, Loss=0.3173, TrainAcc=0.9717, TestAcc=0.8373]
Training Epochs:  26%|████████████▋                                    | 26/100 [00:03<00:10,  6.92it/s, Loss=0.3027, TrainAcc=0.9776, TestAcc=0.8441]
Training Epochs:  27%|█████████████▏                                   | 27/100 [00:03<00:10,  6.92it/s, Loss=0.3027, TrainAcc=0.9776, TestAcc=0.8441]
Training Epochs:  27%|█████████████▏                                   | 27/100 [00:03<00:10,  6.92it/s, Loss=0.3148, TrainAcc=0.9795, TestAcc=0.8475]
Training Epochs:  28%|█████████████▋                                   | 28/100 [00:03<00:10,  6.87it/s, Loss=0.3148, TrainAcc=0.9795, TestAcc=0.8475]
Training Epochs:  28%|█████████████▋                                   | 28/100 [00:04<00:10,  6.87it/s, Loss=0.3039, TrainAcc=0.9776, TestAcc=0.8339]
Training Epochs:  29%|██████████████▏                                  | 29/100 [00:04<00:10,  6.90it/s, Loss=0.3039, TrainAcc=0.9776, TestAcc=0.8339]
Training Epochs:  29%|██████████████▏                                  | 29/100 [00:04<00:10,  6.90it/s, Loss=0.3063, TrainAcc=0.9795, TestAcc=0.8068]
Training Epochs:  30%|██████████████▋                                  | 30/100 [00:04<00:10,  6.92it/s, Loss=0.3063, TrainAcc=0.9795, TestAcc=0.8068]
Training Epochs:  30%|██████████████▋                                  | 30/100 [00:04<00:10,  6.92it/s, Loss=0.3167, TrainAcc=0.9737, TestAcc=0.8136]
Training Epochs:  31%|███████████████▏                                 | 31/100 [00:04<00:09,  6.93it/s, Loss=0.3167, TrainAcc=0.9737, TestAcc=0.8136]
Training Epochs:  31%|███████████████▏                                 | 31/100 [00:04<00:09,  6.93it/s, Loss=0.3146, TrainAcc=0.9737, TestAcc=0.8373]
Training Epochs:  32%|███████████████▋                                 | 32/100 [00:04<00:09,  6.94it/s, Loss=0.3146, TrainAcc=0.9737, TestAcc=0.8373]
Training Epochs:  32%|███████████████▋                                 | 32/100 [00:04<00:09,  6.94it/s, Loss=0.3246, TrainAcc=0.9698, TestAcc=0.8237]
Training Epochs:  33%|████████████████▏                                | 33/100 [00:04<00:09,  6.95it/s, Loss=0.3246, TrainAcc=0.9698, TestAcc=0.8237]
Training Epochs:  33%|████████████████▏                                | 33/100 [00:04<00:09,  6.95it/s, Loss=0.3072, TrainAcc=0.9756, TestAcc=0.8237]
Training Epochs:  34%|████████████████▋                                | 34/100 [00:04<00:09,  6.93it/s, Loss=0.3072, TrainAcc=0.9756, TestAcc=0.8237]
Training Epochs:  34%|████████████████▋                                | 34/100 [00:04<00:09,  6.93it/s, Loss=0.3135, TrainAcc=0.9630, TestAcc=0.8339]
Training Epochs:  35%|█████████████████▏                               | 35/100 [00:04<00:09,  6.95it/s, Loss=0.3135, TrainAcc=0.9630, TestAcc=0.8339]
Training Epochs:  35%|█████████████████▏                               | 35/100 [00:05<00:09,  6.95it/s, Loss=0.2878, TrainAcc=0.9795, TestAcc=0.7966]
Training Epochs:  36%|█████████████████▋                               | 36/100 [00:05<00:09,  6.84it/s, Loss=0.2878, TrainAcc=0.9795, TestAcc=0.7966]
Training Epochs:  36%|█████████████████▋                               | 36/100 [00:05<00:09,  6.84it/s, Loss=0.2929, TrainAcc=0.9795, TestAcc=0.7797]
Training Epochs:  37%|██████████████████▏                              | 37/100 [00:05<00:09,  6.81it/s, Loss=0.2929, TrainAcc=0.9795, TestAcc=0.7797]
Training Epochs:  37%|██████████████████▏                              | 37/100 [00:05<00:09,  6.81it/s, Loss=0.4203, TrainAcc=0.9503, TestAcc=0.7593]
Training Epochs:  38%|██████████████████▌                              | 38/100 [00:05<00:09,  6.85it/s, Loss=0.4203, TrainAcc=0.9503, TestAcc=0.7593]
Training Epochs:  38%|██████████████████▌                              | 38/100 [00:05<00:09,  6.85it/s, Loss=0.3464, TrainAcc=0.9639, TestAcc=0.7966]
Training Epochs:  39%|███████████████████                              | 39/100 [00:05<00:08,  6.87it/s, Loss=0.3464, TrainAcc=0.9639, TestAcc=0.7966]
Training Epochs:  39%|███████████████████                              | 39/100 [00:05<00:08,  6.87it/s, Loss=0.3302, TrainAcc=0.9688, TestAcc=0.8373]
Training Epochs:  40%|███████████████████▌                             | 40/100 [00:05<00:08,  6.89it/s, Loss=0.3302, TrainAcc=0.9688, TestAcc=0.8373]
Training Epochs:  40%|███████████████████▌                             | 40/100 [00:05<00:08,  6.89it/s, Loss=0.2978, TrainAcc=0.9893, TestAcc=0.8000]
Training Epochs:  41%|████████████████████                             | 41/100 [00:05<00:08,  6.90it/s, Loss=0.2978, TrainAcc=0.9893, TestAcc=0.8000]
Training Epochs:  41%|████████████████████                             | 41/100 [00:05<00:08,  6.90it/s, Loss=0.2838, TrainAcc=0.9834, TestAcc=0.8136]
Training Epochs:  42%|████████████████████▌                            | 42/100 [00:05<00:08,  6.98it/s, Loss=0.2838, TrainAcc=0.9834, TestAcc=0.8136]
Training Epochs:  42%|████████████████████▌                            | 42/100 [00:06<00:08,  6.98it/s, Loss=0.2939, TrainAcc=0.9844, TestAcc=0.8339]
Training Epochs:  43%|█████████████████████                            | 43/100 [00:06<00:08,  7.10it/s, Loss=0.2939, TrainAcc=0.9844, TestAcc=0.8339]
Training Epochs:  43%|█████████████████████                            | 43/100 [00:06<00:08,  7.10it/s, Loss=0.2755, TrainAcc=0.9854, TestAcc=0.7932]
Training Epochs:  44%|█████████████████████▌                           | 44/100 [00:06<00:07,  7.28it/s, Loss=0.2755, TrainAcc=0.9854, TestAcc=0.7932]
Training Epochs:  44%|█████████████████████▌                           | 44/100 [00:06<00:07,  7.28it/s, Loss=0.2831, TrainAcc=0.9844, TestAcc=0.8136]
Training Epochs:  45%|██████████████████████                           | 45/100 [00:06<00:07,  7.27it/s, Loss=0.2831, TrainAcc=0.9844, TestAcc=0.8136]
Training Epochs:  45%|██████████████████████                           | 45/100 [00:06<00:07,  7.27it/s, Loss=0.2688, TrainAcc=0.9912, TestAcc=0.8203]
Training Epochs:  46%|██████████████████████▌                          | 46/100 [00:06<00:07,  7.22it/s, Loss=0.2688, TrainAcc=0.9912, TestAcc=0.8203]
Training Epochs:  46%|██████████████████████▌                          | 46/100 [00:06<00:07,  7.22it/s, Loss=0.2919, TrainAcc=0.9795, TestAcc=0.8237]
Training Epochs:  47%|███████████████████████                          | 47/100 [00:06<00:07,  7.14it/s, Loss=0.2919, TrainAcc=0.9795, TestAcc=0.8237]
Training Epochs:  47%|███████████████████████                          | 47/100 [00:06<00:07,  7.14it/s, Loss=0.2910, TrainAcc=0.9776, TestAcc=0.8305]
Training Epochs:  48%|███████████████████████▌                         | 48/100 [00:06<00:07,  7.08it/s, Loss=0.2910, TrainAcc=0.9776, TestAcc=0.8305]
Training Epochs:  48%|███████████████████████▌                         | 48/100 [00:06<00:07,  7.08it/s, Loss=0.2903, TrainAcc=0.9815, TestAcc=0.8237]
Training Epochs:  49%|████████████████████████                         | 49/100 [00:06<00:07,  7.03it/s, Loss=0.2903, TrainAcc=0.9815, TestAcc=0.8237]
Training Epochs:  49%|████████████████████████                         | 49/100 [00:07<00:07,  7.03it/s, Loss=0.2881, TrainAcc=0.9815, TestAcc=0.7797]
Training Epochs:  50%|████████████████████████▌                        | 50/100 [00:07<00:07,  7.00it/s, Loss=0.2881, TrainAcc=0.9815, TestAcc=0.7797]
Training Epochs:  50%|████████████████████████▌                        | 50/100 [00:07<00:07,  7.00it/s, Loss=0.3073, TrainAcc=0.9776, TestAcc=0.8000]
Training Epochs:  51%|████████████████████████▉                        | 51/100 [00:07<00:07,  7.00it/s, Loss=0.3073, TrainAcc=0.9776, TestAcc=0.8000]
Training Epochs:  51%|████████████████████████▉                        | 51/100 [00:07<00:07,  7.00it/s, Loss=0.2938, TrainAcc=0.9834, TestAcc=0.8271]
Training Epochs:  52%|█████████████████████████▍                       | 52/100 [00:07<00:06,  6.94it/s, Loss=0.2938, TrainAcc=0.9834, TestAcc=0.8271]
Training Epochs:  52%|█████████████████████████▍                       | 52/100 [00:07<00:06,  6.94it/s, Loss=0.2930, TrainAcc=0.9766, TestAcc=0.8271]
Training Epochs:  53%|█████████████████████████▉                       | 53/100 [00:07<00:06,  6.94it/s, Loss=0.2930, TrainAcc=0.9766, TestAcc=0.8271]
Training Epochs:  53%|█████████████████████████▉                       | 53/100 [00:07<00:06,  6.94it/s, Loss=0.2967, TrainAcc=0.9786, TestAcc=0.8102]
Training Epochs:  54%|██████████████████████████▍                      | 54/100 [00:07<00:06,  6.93it/s, Loss=0.2967, TrainAcc=0.9786, TestAcc=0.8102]
Training Epochs:  54%|██████████████████████████▍                      | 54/100 [00:07<00:06,  6.93it/s, Loss=0.2845, TrainAcc=0.9864, TestAcc=0.8237]
Training Epochs:  55%|██████████████████████████▉                      | 55/100 [00:07<00:06,  6.93it/s, Loss=0.2845, TrainAcc=0.9864, TestAcc=0.8237]
Training Epochs:  55%|██████████████████████████▉                      | 55/100 [00:07<00:06,  6.93it/s, Loss=0.2778, TrainAcc=0.9903, TestAcc=0.8136]
Training Epochs:  56%|███████████████████████████▍                     | 56/100 [00:07<00:06,  6.87it/s, Loss=0.2778, TrainAcc=0.9903, TestAcc=0.8136]
Training Epochs:  56%|███████████████████████████▍                     | 56/100 [00:08<00:06,  6.87it/s, Loss=0.2619, TrainAcc=0.9893, TestAcc=0.8136]
Training Epochs:  57%|███████████████████████████▉                     | 57/100 [00:08<00:06,  7.09it/s, Loss=0.2619, TrainAcc=0.9893, TestAcc=0.8136]
Training Epochs:  57%|███████████████████████████▉                     | 57/100 [00:08<00:06,  7.09it/s, Loss=0.2864, TrainAcc=0.9883, TestAcc=0.8136]
Training Epochs:  58%|████████████████████████████▍                    | 58/100 [00:08<00:05,  7.33it/s, Loss=0.2864, TrainAcc=0.9883, TestAcc=0.8136]
Training Epochs:  58%|████████████████████████████▍                    | 58/100 [00:08<00:05,  7.33it/s, Loss=0.2763, TrainAcc=0.9893, TestAcc=0.8271]
Training Epochs:  59%|████████████████████████████▉                    | 59/100 [00:08<00:05,  7.30it/s, Loss=0.2763, TrainAcc=0.9893, TestAcc=0.8271]
Training Epochs:  59%|████████████████████████████▉                    | 59/100 [00:08<00:05,  7.30it/s, Loss=0.2768, TrainAcc=0.9844, TestAcc=0.8271]
Training Epochs:  60%|█████████████████████████████▍                   | 60/100 [00:08<00:05,  7.22it/s, Loss=0.2768, TrainAcc=0.9844, TestAcc=0.8271]
Training Epochs:  60%|█████████████████████████████▍                   | 60/100 [00:08<00:05,  7.22it/s, Loss=0.3452, TrainAcc=0.9620, TestAcc=0.8339]
Training Epochs:  61%|█████████████████████████████▉                   | 61/100 [00:08<00:05,  7.16it/s, Loss=0.3452, TrainAcc=0.9620, TestAcc=0.8339]
Training Epochs:  61%|█████████████████████████████▉                   | 61/100 [00:08<00:05,  7.16it/s, Loss=0.3412, TrainAcc=0.9737, TestAcc=0.8068]
Training Epochs:  62%|██████████████████████████████▍                  | 62/100 [00:08<00:05,  7.09it/s, Loss=0.3412, TrainAcc=0.9737, TestAcc=0.8068]
Training Epochs:  62%|██████████████████████████████▍                  | 62/100 [00:08<00:05,  7.09it/s, Loss=0.3299, TrainAcc=0.9659, TestAcc=0.8136]
Training Epochs:  63%|██████████████████████████████▊                  | 63/100 [00:08<00:05,  7.01it/s, Loss=0.3299, TrainAcc=0.9659, TestAcc=0.8136]
Training Epochs:  63%|██████████████████████████████▊                  | 63/100 [00:08<00:05,  7.01it/s, Loss=0.2974, TrainAcc=0.9805, TestAcc=0.8000]
Training Epochs:  64%|███████████████████████████████▎                 | 64/100 [00:08<00:05,  7.18it/s, Loss=0.2974, TrainAcc=0.9805, TestAcc=0.8000]
Training Epochs:  64%|███████████████████████████████▎                 | 64/100 [00:09<00:05,  7.18it/s, Loss=0.2955, TrainAcc=0.9854, TestAcc=0.8305]
Training Epochs:  65%|███████████████████████████████▊                 | 65/100 [00:09<00:04,  7.39it/s, Loss=0.2955, TrainAcc=0.9854, TestAcc=0.8305]
Training Epochs:  65%|███████████████████████████████▊                 | 65/100 [00:09<00:04,  7.39it/s, Loss=0.2719, TrainAcc=0.9893, TestAcc=0.8136]
Training Epochs:  66%|████████████████████████████████▎                | 66/100 [00:09<00:04,  7.39it/s, Loss=0.2719, TrainAcc=0.9893, TestAcc=0.8136]
Training Epochs:  66%|████████████████████████████████▎                | 66/100 [00:09<00:04,  7.39it/s, Loss=0.2809, TrainAcc=0.9834, TestAcc=0.8034]
Training Epochs:  67%|████████████████████████████████▊                | 67/100 [00:09<00:04,  7.31it/s, Loss=0.2809, TrainAcc=0.9834, TestAcc=0.8034]
Training Epochs:  67%|████████████████████████████████▊                | 67/100 [00:09<00:04,  7.31it/s, Loss=0.2849, TrainAcc=0.9766, TestAcc=0.8102]
Training Epochs:  68%|█████████████████████████████████▎               | 68/100 [00:09<00:04,  7.22it/s, Loss=0.2849, TrainAcc=0.9766, TestAcc=0.8102]
Training Epochs:  68%|█████████████████████████████████▎               | 68/100 [00:09<00:04,  7.22it/s, Loss=0.2967, TrainAcc=0.9756, TestAcc=0.8068]
Training Epochs:  69%|█████████████████████████████████▊               | 69/100 [00:09<00:04,  7.16it/s, Loss=0.2967, TrainAcc=0.9756, TestAcc=0.8068]
Training Epochs:  69%|█████████████████████████████████▊               | 69/100 [00:09<00:04,  7.16it/s, Loss=0.3015, TrainAcc=0.9815, TestAcc=0.7729]
Training Epochs:  70%|██████████████████████████████████▎              | 70/100 [00:09<00:04,  7.10it/s, Loss=0.3015, TrainAcc=0.9815, TestAcc=0.7729]
Training Epochs:  70%|██████████████████████████████████▎              | 70/100 [00:09<00:04,  7.10it/s, Loss=0.3049, TrainAcc=0.9786, TestAcc=0.8339]
Training Epochs:  71%|██████████████████████████████████▊              | 71/100 [00:09<00:04,  7.01it/s, Loss=0.3049, TrainAcc=0.9786, TestAcc=0.8339]
Training Epochs:  71%|██████████████████████████████████▊              | 71/100 [00:10<00:04,  7.01it/s, Loss=0.2684, TrainAcc=0.9903, TestAcc=0.7797]
Training Epochs:  72%|███████████████████████████████████▎             | 72/100 [00:10<00:03,  7.01it/s, Loss=0.2684, TrainAcc=0.9903, TestAcc=0.7797]
Training Epochs:  72%|███████████████████████████████████▎             | 72/100 [00:10<00:03,  7.01it/s, Loss=0.2690, TrainAcc=0.9893, TestAcc=0.8169]
Training Epochs:  73%|███████████████████████████████████▊             | 73/100 [00:10<00:03,  7.01it/s, Loss=0.2690, TrainAcc=0.9893, TestAcc=0.8169]
Training Epochs:  73%|███████████████████████████████████▊             | 73/100 [00:10<00:03,  7.01it/s, Loss=0.2719, TrainAcc=0.9834, TestAcc=0.8102]
Training Epochs:  74%|████████████████████████████████████▎            | 74/100 [00:10<00:03,  6.93it/s, Loss=0.2719, TrainAcc=0.9834, TestAcc=0.8102]
Training Epochs:  74%|████████████████████████████████████▎            | 74/100 [00:10<00:03,  6.93it/s, Loss=0.2784, TrainAcc=0.9815, TestAcc=0.8169]
Training Epochs:  75%|████████████████████████████████████▊            | 75/100 [00:10<00:03,  6.94it/s, Loss=0.2784, TrainAcc=0.9815, TestAcc=0.8169]
Training Epochs:  75%|████████████████████████████████████▊            | 75/100 [00:10<00:03,  6.94it/s, Loss=0.2683, TrainAcc=0.9893, TestAcc=0.7864]
Training Epochs:  76%|█████████████████████████████████████▏           | 76/100 [00:10<00:03,  6.94it/s, Loss=0.2683, TrainAcc=0.9893, TestAcc=0.7864]
Training Epochs:  76%|█████████████████████████████████████▏           | 76/100 [00:10<00:03,  6.94it/s, Loss=0.2640, TrainAcc=0.9883, TestAcc=0.8000]
Training Epochs:  77%|█████████████████████████████████████▋           | 77/100 [00:10<00:03,  6.94it/s, Loss=0.2640, TrainAcc=0.9883, TestAcc=0.8000]
Training Epochs:  77%|█████████████████████████████████████▋           | 77/100 [00:10<00:03,  6.94it/s, Loss=0.2641, TrainAcc=0.9834, TestAcc=0.7932]
Training Epochs:  78%|██████████████████████████████████████▏          | 78/100 [00:10<00:03,  6.94it/s, Loss=0.2641, TrainAcc=0.9834, TestAcc=0.7932]
Training Epochs:  78%|██████████████████████████████████████▏          | 78/100 [00:11<00:03,  6.94it/s, Loss=0.2671, TrainAcc=0.9912, TestAcc=0.8305]
Training Epochs:  79%|██████████████████████████████████████▋          | 79/100 [00:11<00:03,  6.96it/s, Loss=0.2671, TrainAcc=0.9912, TestAcc=0.8305]
Training Epochs:  79%|██████████████████████████████████████▋          | 79/100 [00:11<00:03,  6.96it/s, Loss=0.2587, TrainAcc=0.9864, TestAcc=0.7559]
Training Epochs:  80%|███████████████████████████████████████▏         | 80/100 [00:11<00:02,  6.97it/s, Loss=0.2587, TrainAcc=0.9864, TestAcc=0.7559]
Training Epochs:  80%|███████████████████████████████████████▏         | 80/100 [00:11<00:02,  6.97it/s, Loss=0.2708, TrainAcc=0.9844, TestAcc=0.7831]
Training Epochs:  81%|███████████████████████████████████████▋         | 81/100 [00:11<00:02,  6.92it/s, Loss=0.2708, TrainAcc=0.9844, TestAcc=0.7831]
Training Epochs:  81%|███████████████████████████████████████▋         | 81/100 [00:11<00:02,  6.92it/s, Loss=0.2560, TrainAcc=0.9903, TestAcc=0.8271]
Training Epochs:  82%|████████████████████████████████████████▏        | 82/100 [00:11<00:02,  6.94it/s, Loss=0.2560, TrainAcc=0.9903, TestAcc=0.8271]
Training Epochs:  82%|████████████████████████████████████████▏        | 82/100 [00:11<00:02,  6.94it/s, Loss=0.2745, TrainAcc=0.9864, TestAcc=0.8102]
Training Epochs:  83%|████████████████████████████████████████▋        | 83/100 [00:11<00:02,  6.92it/s, Loss=0.2745, TrainAcc=0.9864, TestAcc=0.8102]
Training Epochs:  83%|████████████████████████████████████████▋        | 83/100 [00:11<00:02,  6.92it/s, Loss=0.2551, TrainAcc=0.9864, TestAcc=0.7864]
Training Epochs:  84%|█████████████████████████████████████████▏       | 84/100 [00:11<00:02,  6.84it/s, Loss=0.2551, TrainAcc=0.9864, TestAcc=0.7864]
Training Epochs:  84%|█████████████████████████████████████████▏       | 84/100 [00:11<00:02,  6.84it/s, Loss=0.2497, TrainAcc=0.9922, TestAcc=0.8339]
Training Epochs:  85%|█████████████████████████████████████████▋       | 85/100 [00:11<00:02,  6.76it/s, Loss=0.2497, TrainAcc=0.9922, TestAcc=0.8339]
Training Epochs:  85%|█████████████████████████████████████████▋       | 85/100 [00:12<00:02,  6.76it/s, Loss=0.2465, TrainAcc=0.9912, TestAcc=0.8136]
Training Epochs:  86%|██████████████████████████████████████████▏      | 86/100 [00:12<00:02,  6.78it/s, Loss=0.2465, TrainAcc=0.9912, TestAcc=0.8136]
Training Epochs:  86%|██████████████████████████████████████████▏      | 86/100 [00:12<00:02,  6.78it/s, Loss=0.2566, TrainAcc=0.9864, TestAcc=0.7627]
Training Epochs:  87%|██████████████████████████████████████████▋      | 87/100 [00:12<00:01,  6.80it/s, Loss=0.2566, TrainAcc=0.9864, TestAcc=0.7627]
Training Epochs:  87%|██████████████████████████████████████████▋      | 87/100 [00:12<00:01,  6.80it/s, Loss=0.2420, TrainAcc=0.9922, TestAcc=0.8000]
Training Epochs:  88%|███████████████████████████████████████████      | 88/100 [00:12<00:01,  6.75it/s, Loss=0.2420, TrainAcc=0.9922, TestAcc=0.8000]
Training Epochs:  88%|███████████████████████████████████████████      | 88/100 [00:12<00:01,  6.75it/s, Loss=0.2505, TrainAcc=0.9883, TestAcc=0.7831]
Training Epochs:  89%|███████████████████████████████████████████▌     | 89/100 [00:12<00:01,  6.76it/s, Loss=0.2505, TrainAcc=0.9883, TestAcc=0.7831]
Training Epochs:  89%|███████████████████████████████████████████▌     | 89/100 [00:12<00:01,  6.76it/s, Loss=0.2473, TrainAcc=0.9922, TestAcc=0.8068]
Training Epochs:  90%|████████████████████████████████████████████     | 90/100 [00:12<00:01,  6.77it/s, Loss=0.2473, TrainAcc=0.9922, TestAcc=0.8068]
Training Epochs:  90%|████████████████████████████████████████████     | 90/100 [00:12<00:01,  6.77it/s, Loss=0.2578, TrainAcc=0.9873, TestAcc=0.8237]
Training Epochs:  91%|████████████████████████████████████████████▌    | 91/100 [00:12<00:01,  6.75it/s, Loss=0.2578, TrainAcc=0.9873, TestAcc=0.8237]
Training Epochs:  91%|████████████████████████████████████████████▌    | 91/100 [00:13<00:01,  6.75it/s, Loss=0.2499, TrainAcc=0.9883, TestAcc=0.8136]
Training Epochs:  92%|█████████████████████████████████████████████    | 92/100 [00:13<00:01,  6.75it/s, Loss=0.2499, TrainAcc=0.9883, TestAcc=0.8136]
Training Epochs:  92%|█████████████████████████████████████████████    | 92/100 [00:13<00:01,  6.75it/s, Loss=0.2532, TrainAcc=0.9912, TestAcc=0.7966]
Training Epochs:  93%|█████████████████████████████████████████████▌   | 93/100 [00:13<00:01,  6.74it/s, Loss=0.2532, TrainAcc=0.9912, TestAcc=0.7966]
Training Epochs:  93%|█████████████████████████████████████████████▌   | 93/100 [00:13<00:01,  6.74it/s, Loss=0.2403, TrainAcc=0.9951, TestAcc=0.8237]
Training Epochs:  94%|██████████████████████████████████████████████   | 94/100 [00:13<00:00,  6.75it/s, Loss=0.2403, TrainAcc=0.9951, TestAcc=0.8237]
Training Epochs:  94%|██████████████████████████████████████████████   | 94/100 [00:13<00:00,  6.75it/s, Loss=0.2584, TrainAcc=0.9825, TestAcc=0.8068]
Training Epochs:  95%|██████████████████████████████████████████████▌  | 95/100 [00:13<00:00,  6.75it/s, Loss=0.2584, TrainAcc=0.9825, TestAcc=0.8068]
Training Epochs:  95%|██████████████████████████████████████████████▌  | 95/100 [00:13<00:00,  6.75it/s, Loss=0.2420, TrainAcc=0.9893, TestAcc=0.8000]
Training Epochs:  96%|███████████████████████████████████████████████  | 96/100 [00:13<00:00,  6.76it/s, Loss=0.2420, TrainAcc=0.9893, TestAcc=0.8000]
Training Epochs:  96%|███████████████████████████████████████████████  | 96/100 [00:13<00:00,  6.76it/s, Loss=0.2447, TrainAcc=0.9922, TestAcc=0.8136]
Training Epochs:  97%|███████████████████████████████████████████████▌ | 97/100 [00:13<00:00,  6.74it/s, Loss=0.2447, TrainAcc=0.9922, TestAcc=0.8136]
Training Epochs:  97%|███████████████████████████████████████████████▌ | 97/100 [00:13<00:00,  6.74it/s, Loss=0.2588, TrainAcc=0.9873, TestAcc=0.8169]
Training Epochs:  98%|████████████████████████████████████████████████ | 98/100 [00:13<00:00,  6.62it/s, Loss=0.2588, TrainAcc=0.9873, TestAcc=0.8169]
Training Epochs:  98%|████████████████████████████████████████████████ | 98/100 [00:14<00:00,  6.62it/s, Loss=0.2454, TrainAcc=0.9932, TestAcc=0.8203]
Training Epochs:  99%|████████████████████████████████████████████████▌| 99/100 [00:14<00:00,  6.53it/s, Loss=0.2454, TrainAcc=0.9932, TestAcc=0.8203]
Training Epochs:  99%|████████████████████████████████████████████████▌| 99/100 [00:14<00:00,  6.53it/s, Loss=0.2413, TrainAcc=0.9912, TestAcc=0.8237]
Training Epochs: 100%|████████████████████████████████████████████████| 100/100 [00:14<00:00,  6.61it/s, Loss=0.2413, TrainAcc=0.9912, TestAcc=0.8237]
Training Epochs: 100%|████████████████████████████████████████████████| 100/100 [00:14<00:00,  7.03it/s, Loss=0.2413, TrainAcc=0.9912, TestAcc=0.8237]
{'Real': {'precision': 0.8549222797927462, 'recall': 0.9217877094972067, 'f1': 0.8870967741935484}, 'Fake': {'precision': 0.8627450980392157, 'recall': 0.7586206896551724, 'f1': 0.8073394495412844}}
====================================================================================================
run at 8-th time
seed:  8
Compared_Baselines/2019_MVAE/train_rbvt.py:85: FutureWarning: You are using `torch.load` with `weights_only=False` (the current default value), which uses the default pickle module implicitly. It is possible to construct malicious pickle data which will execute arbitrary code during unpickling (See https://github.com/pytorch/pytorch/blob/main/SECURITY.md#untrusted-models for more details). In a future release, the default value for `weights_only` will be flipped to `True`. This limits the functions that could be executed during unpickling. Arbitrary objects will no longer be allowed to be loaded via this mode unless they are explicitly allowlisted by the user via `torch.serialization.add_safe_globals`. We recommend you start setting `weights_only=True` for any use case where you don't have full control of the loaded file. Please open an issue on GitHub for any issues related to this experimental feature.
  data_pair = torch.load(dataset_path)

Training Epochs:   0%|                                                                                                        | 0/100 [00:00<?, ?it/s]
Training Epochs:   0%|                                                          | 0/100 [00:00<?, ?it/s, Loss=1.1165, TrainAcc=0.6121, TestAcc=0.7458]
Training Epochs:   1%|▌                                                 | 1/100 [00:00<00:10,  9.80it/s, Loss=1.1165, TrainAcc=0.6121, TestAcc=0.7458]
Training Epochs:   1%|▌                                                 | 1/100 [00:00<00:10,  9.80it/s, Loss=0.7877, TrainAcc=0.7827, TestAcc=0.8000]
Training Epochs:   1%|▌                                                 | 1/100 [00:00<00:10,  9.80it/s, Loss=0.5949, TrainAcc=0.8772, TestAcc=0.8508]
Training Epochs:   3%|█▌                                                | 3/100 [00:00<00:09, 10.02it/s, Loss=0.5949, TrainAcc=0.8772, TestAcc=0.8508]
Training Epochs:   3%|█▌                                                | 3/100 [00:00<00:09, 10.02it/s, Loss=0.4557, TrainAcc=0.9250, TestAcc=0.8237]
Training Epochs:   3%|█▌                                                | 3/100 [00:00<00:09, 10.02it/s, Loss=0.4423, TrainAcc=0.9298, TestAcc=0.8373]
Training Epochs:   5%|██▌                                               | 5/100 [00:00<00:09,  9.62it/s, Loss=0.4423, TrainAcc=0.9298, TestAcc=0.8373]
Training Epochs:   5%|██▌                                               | 5/100 [00:00<00:09,  9.62it/s, Loss=0.4185, TrainAcc=0.9337, TestAcc=0.8441]
Training Epochs:   6%|███                                               | 6/100 [00:00<00:10,  8.95it/s, Loss=0.4185, TrainAcc=0.9337, TestAcc=0.8441]
Training Epochs:   6%|███                                               | 6/100 [00:00<00:10,  8.95it/s, Loss=0.4134, TrainAcc=0.9444, TestAcc=0.8339]
Training Epochs:   7%|███▌                                              | 7/100 [00:00<00:11,  8.34it/s, Loss=0.4134, TrainAcc=0.9444, TestAcc=0.8339]
Training Epochs:   7%|███▌                                              | 7/100 [00:00<00:11,  8.34it/s, Loss=0.4127, TrainAcc=0.9386, TestAcc=0.8576]
Training Epochs:   8%|████                                              | 8/100 [00:00<00:11,  7.70it/s, Loss=0.4127, TrainAcc=0.9386, TestAcc=0.8576]
Training Epochs:   8%|████                                              | 8/100 [00:01<00:11,  7.70it/s, Loss=0.3818, TrainAcc=0.9532, TestAcc=0.8000]
Training Epochs:   9%|████▌                                             | 9/100 [00:01<00:12,  7.48it/s, Loss=0.3818, TrainAcc=0.9532, TestAcc=0.8000]
Training Epochs:   9%|████▌                                             | 9/100 [00:01<00:12,  7.48it/s, Loss=0.3574, TrainAcc=0.9571, TestAcc=0.8441]
Training Epochs:  10%|████▉                                            | 10/100 [00:01<00:12,  7.30it/s, Loss=0.3574, TrainAcc=0.9571, TestAcc=0.8441]
Training Epochs:  10%|████▉                                            | 10/100 [00:01<00:12,  7.30it/s, Loss=0.3553, TrainAcc=0.9630, TestAcc=0.8169]
Training Epochs:  11%|█████▍                                           | 11/100 [00:01<00:12,  7.01it/s, Loss=0.3553, TrainAcc=0.9630, TestAcc=0.8169]
Training Epochs:  11%|█████▍                                           | 11/100 [00:01<00:12,  7.01it/s, Loss=0.3344, TrainAcc=0.9649, TestAcc=0.8847]
Training Epochs:  12%|█████▉                                           | 12/100 [00:01<00:12,  6.93it/s, Loss=0.3344, TrainAcc=0.9649, TestAcc=0.8847]
Training Epochs:  12%|█████▉                                           | 12/100 [00:01<00:12,  6.93it/s, Loss=0.3265, TrainAcc=0.9717, TestAcc=0.8407]
Training Epochs:  13%|██████▎                                          | 13/100 [00:01<00:12,  6.88it/s, Loss=0.3265, TrainAcc=0.9717, TestAcc=0.8407]
Training Epochs:  13%|██████▎                                          | 13/100 [00:01<00:12,  6.88it/s, Loss=0.3558, TrainAcc=0.9581, TestAcc=0.8407]
Training Epochs:  14%|██████▊                                          | 14/100 [00:01<00:12,  6.86it/s, Loss=0.3558, TrainAcc=0.9581, TestAcc=0.8407]
Training Epochs:  14%|██████▊                                          | 14/100 [00:01<00:12,  6.86it/s, Loss=0.3213, TrainAcc=0.9708, TestAcc=0.8373]
Training Epochs:  15%|███████▎                                         | 15/100 [00:01<00:12,  6.82it/s, Loss=0.3213, TrainAcc=0.9708, TestAcc=0.8373]
Training Epochs:  15%|███████▎                                         | 15/100 [00:02<00:12,  6.82it/s, Loss=0.3222, TrainAcc=0.9747, TestAcc=0.8407]
Training Epochs:  16%|███████▊                                         | 16/100 [00:02<00:12,  6.81it/s, Loss=0.3222, TrainAcc=0.9747, TestAcc=0.8407]
Training Epochs:  16%|███████▊                                         | 16/100 [00:02<00:12,  6.81it/s, Loss=0.3034, TrainAcc=0.9766, TestAcc=0.8610]
Training Epochs:  17%|████████▎                                        | 17/100 [00:02<00:12,  6.86it/s, Loss=0.3034, TrainAcc=0.9766, TestAcc=0.8610]
Training Epochs:  17%|████████▎                                        | 17/100 [00:02<00:12,  6.86it/s, Loss=0.3092, TrainAcc=0.9776, TestAcc=0.8508]
Training Epochs:  18%|████████▊                                        | 18/100 [00:02<00:11,  6.89it/s, Loss=0.3092, TrainAcc=0.9776, TestAcc=0.8508]
Training Epochs:  18%|████████▊                                        | 18/100 [00:02<00:11,  6.89it/s, Loss=0.3381, TrainAcc=0.9669, TestAcc=0.8237]
Training Epochs:  19%|█████████▎                                       | 19/100 [00:02<00:11,  6.86it/s, Loss=0.3381, TrainAcc=0.9669, TestAcc=0.8237]
Training Epochs:  19%|█████████▎                                       | 19/100 [00:02<00:11,  6.86it/s, Loss=0.3341, TrainAcc=0.9688, TestAcc=0.8576]
Training Epochs:  20%|█████████▊                                       | 20/100 [00:02<00:11,  6.87it/s, Loss=0.3341, TrainAcc=0.9688, TestAcc=0.8576]
Training Epochs:  20%|█████████▊                                       | 20/100 [00:02<00:11,  6.87it/s, Loss=0.3259, TrainAcc=0.9747, TestAcc=0.8508]
Training Epochs:  21%|██████████▎                                      | 21/100 [00:02<00:11,  6.90it/s, Loss=0.3259, TrainAcc=0.9747, TestAcc=0.8508]
Training Epochs:  21%|██████████▎                                      | 21/100 [00:02<00:11,  6.90it/s, Loss=0.3714, TrainAcc=0.9630, TestAcc=0.8475]
Training Epochs:  22%|██████████▊                                      | 22/100 [00:02<00:11,  6.91it/s, Loss=0.3714, TrainAcc=0.9630, TestAcc=0.8475]
Training Epochs:  22%|██████████▊                                      | 22/100 [00:03<00:11,  6.91it/s, Loss=0.4448, TrainAcc=0.9366, TestAcc=0.8576]
Training Epochs:  23%|███████████▎                                     | 23/100 [00:03<00:11,  6.90it/s, Loss=0.4448, TrainAcc=0.9366, TestAcc=0.8576]
Training Epochs:  23%|███████████▎                                     | 23/100 [00:03<00:11,  6.90it/s, Loss=0.4592, TrainAcc=0.9552, TestAcc=0.8373]
Training Epochs:  24%|███████████▊                                     | 24/100 [00:03<00:11,  6.87it/s, Loss=0.4592, TrainAcc=0.9552, TestAcc=0.8373]
Training Epochs:  24%|███████████▊                                     | 24/100 [00:03<00:11,  6.87it/s, Loss=0.3916, TrainAcc=0.9708, TestAcc=0.8237]
Training Epochs:  25%|████████████▎                                    | 25/100 [00:03<00:10,  6.92it/s, Loss=0.3916, TrainAcc=0.9708, TestAcc=0.8237]
Training Epochs:  25%|████████████▎                                    | 25/100 [00:03<00:10,  6.92it/s, Loss=0.3497, TrainAcc=0.9747, TestAcc=0.8305]
Training Epochs:  26%|████████████▋                                    | 26/100 [00:03<00:10,  6.97it/s, Loss=0.3497, TrainAcc=0.9747, TestAcc=0.8305]
Training Epochs:  26%|████████████▋                                    | 26/100 [00:03<00:10,  6.97it/s, Loss=0.3735, TrainAcc=0.9620, TestAcc=0.8271]
Training Epochs:  27%|█████████████▏                                   | 27/100 [00:03<00:10,  7.01it/s, Loss=0.3735, TrainAcc=0.9620, TestAcc=0.8271]
Training Epochs:  27%|█████████████▏                                   | 27/100 [00:03<00:10,  7.01it/s, Loss=0.3087, TrainAcc=0.9815, TestAcc=0.8305]
Training Epochs:  28%|█████████████▋                                   | 28/100 [00:03<00:10,  7.01it/s, Loss=0.3087, TrainAcc=0.9815, TestAcc=0.8305]
Training Epochs:  28%|█████████████▋                                   | 28/100 [00:03<00:10,  7.01it/s, Loss=0.2895, TrainAcc=0.9844, TestAcc=0.8237]
Training Epochs:  29%|██████████████▏                                  | 29/100 [00:03<00:10,  6.99it/s, Loss=0.2895, TrainAcc=0.9844, TestAcc=0.8237]
Training Epochs:  29%|██████████████▏                                  | 29/100 [00:04<00:10,  6.99it/s, Loss=0.3275, TrainAcc=0.9766, TestAcc=0.8508]
Training Epochs:  30%|██████████████▋                                  | 30/100 [00:04<00:10,  6.98it/s, Loss=0.3275, TrainAcc=0.9766, TestAcc=0.8508]
Training Epochs:  30%|██████████████▋                                  | 30/100 [00:04<00:10,  6.98it/s, Loss=0.3267, TrainAcc=0.9727, TestAcc=0.8305]
Training Epochs:  31%|███████████████▏                                 | 31/100 [00:04<00:09,  6.98it/s, Loss=0.3267, TrainAcc=0.9727, TestAcc=0.8305]
Training Epochs:  31%|███████████████▏                                 | 31/100 [00:04<00:09,  6.98it/s, Loss=0.3303, TrainAcc=0.9786, TestAcc=0.8237]
Training Epochs:  32%|███████████████▋                                 | 32/100 [00:04<00:09,  6.92it/s, Loss=0.3303, TrainAcc=0.9786, TestAcc=0.8237]
Training Epochs:  32%|███████████████▋                                 | 32/100 [00:04<00:09,  6.92it/s, Loss=0.3143, TrainAcc=0.9776, TestAcc=0.8305]
Training Epochs:  33%|████████████████▏                                | 33/100 [00:04<00:09,  6.85it/s, Loss=0.3143, TrainAcc=0.9776, TestAcc=0.8305]
Training Epochs:  33%|████████████████▏                                | 33/100 [00:04<00:09,  6.85it/s, Loss=0.2966, TrainAcc=0.9825, TestAcc=0.8068]
Training Epochs:  34%|████████████████▋                                | 34/100 [00:04<00:09,  6.85it/s, Loss=0.2966, TrainAcc=0.9825, TestAcc=0.8068]
Training Epochs:  34%|████████████████▋                                | 34/100 [00:04<00:09,  6.85it/s, Loss=0.4006, TrainAcc=0.9639, TestAcc=0.8169]
Training Epochs:  35%|█████████████████▏                               | 35/100 [00:04<00:09,  6.89it/s, Loss=0.4006, TrainAcc=0.9639, TestAcc=0.8169]
Training Epochs:  35%|█████████████████▏                               | 35/100 [00:05<00:09,  6.89it/s, Loss=0.4646, TrainAcc=0.9717, TestAcc=0.8373]
Training Epochs:  36%|█████████████████▋                               | 36/100 [00:05<00:09,  6.97it/s, Loss=0.4646, TrainAcc=0.9717, TestAcc=0.8373]
Training Epochs:  36%|█████████████████▋                               | 36/100 [00:05<00:09,  6.97it/s, Loss=0.3535, TrainAcc=0.9698, TestAcc=0.8373]
Training Epochs:  37%|██████████████████▏                              | 37/100 [00:05<00:09,  6.98it/s, Loss=0.3535, TrainAcc=0.9698, TestAcc=0.8373]
Training Epochs:  37%|██████████████████▏                              | 37/100 [00:05<00:09,  6.98it/s, Loss=0.3149, TrainAcc=0.9805, TestAcc=0.8000]
Training Epochs:  38%|██████████████████▌                              | 38/100 [00:05<00:08,  6.94it/s, Loss=0.3149, TrainAcc=0.9805, TestAcc=0.8000]
Training Epochs:  38%|██████████████████▌                              | 38/100 [00:05<00:08,  6.94it/s, Loss=0.2905, TrainAcc=0.9844, TestAcc=0.8339]
Training Epochs:  39%|███████████████████                              | 39/100 [00:05<00:08,  6.94it/s, Loss=0.2905, TrainAcc=0.9844, TestAcc=0.8339]
Training Epochs:  39%|███████████████████                              | 39/100 [00:05<00:08,  6.94it/s, Loss=0.3123, TrainAcc=0.9727, TestAcc=0.8271]
Training Epochs:  40%|███████████████████▌                             | 40/100 [00:05<00:08,  6.94it/s, Loss=0.3123, TrainAcc=0.9727, TestAcc=0.8271]
Training Epochs:  40%|███████████████████▌                             | 40/100 [00:05<00:08,  6.94it/s, Loss=0.3000, TrainAcc=0.9776, TestAcc=0.8271]
Training Epochs:  41%|████████████████████                             | 41/100 [00:05<00:08,  6.95it/s, Loss=0.3000, TrainAcc=0.9776, TestAcc=0.8271]
Training Epochs:  41%|████████████████████                             | 41/100 [00:05<00:08,  6.95it/s, Loss=0.3131, TrainAcc=0.9756, TestAcc=0.7831]
Training Epochs:  42%|████████████████████▌                            | 42/100 [00:05<00:08,  6.94it/s, Loss=0.3131, TrainAcc=0.9756, TestAcc=0.7831]
Training Epochs:  42%|████████████████████▌                            | 42/100 [00:06<00:08,  6.94it/s, Loss=0.3198, TrainAcc=0.9737, TestAcc=0.8373]
Training Epochs:  43%|█████████████████████                            | 43/100 [00:06<00:08,  6.95it/s, Loss=0.3198, TrainAcc=0.9737, TestAcc=0.8373]
Training Epochs:  43%|█████████████████████                            | 43/100 [00:06<00:08,  6.95it/s, Loss=0.3366, TrainAcc=0.9795, TestAcc=0.8169]
Training Epochs:  44%|█████████████████████▌                           | 44/100 [00:06<00:08,  6.89it/s, Loss=0.3366, TrainAcc=0.9795, TestAcc=0.8169]
Training Epochs:  44%|█████████████████████▌                           | 44/100 [00:06<00:08,  6.89it/s, Loss=0.2982, TrainAcc=0.9834, TestAcc=0.8271]
Training Epochs:  45%|██████████████████████                           | 45/100 [00:06<00:07,  6.90it/s, Loss=0.2982, TrainAcc=0.9834, TestAcc=0.8271]
Training Epochs:  45%|██████████████████████                           | 45/100 [00:06<00:07,  6.90it/s, Loss=0.3252, TrainAcc=0.9747, TestAcc=0.8305]
Training Epochs:  46%|██████████████████████▌                          | 46/100 [00:06<00:07,  6.89it/s, Loss=0.3252, TrainAcc=0.9747, TestAcc=0.8305]
Training Epochs:  46%|██████████████████████▌                          | 46/100 [00:06<00:07,  6.89it/s, Loss=0.3092, TrainAcc=0.9766, TestAcc=0.8237]
Training Epochs:  47%|███████████████████████                          | 47/100 [00:06<00:07,  6.90it/s, Loss=0.3092, TrainAcc=0.9766, TestAcc=0.8237]
Training Epochs:  47%|███████████████████████                          | 47/100 [00:06<00:07,  6.90it/s, Loss=0.3144, TrainAcc=0.9737, TestAcc=0.8339]
Training Epochs:  48%|███████████████████████▌                         | 48/100 [00:06<00:07,  6.89it/s, Loss=0.3144, TrainAcc=0.9737, TestAcc=0.8339]
Training Epochs:  48%|███████████████████████▌                         | 48/100 [00:06<00:07,  6.89it/s, Loss=0.3290, TrainAcc=0.9727, TestAcc=0.8441]
Training Epochs:  49%|████████████████████████                         | 49/100 [00:06<00:07,  6.90it/s, Loss=0.3290, TrainAcc=0.9727, TestAcc=0.8441]
Training Epochs:  49%|████████████████████████                         | 49/100 [00:07<00:07,  6.90it/s, Loss=0.3057, TrainAcc=0.9786, TestAcc=0.8373]
Training Epochs:  50%|████████████████████████▌                        | 50/100 [00:07<00:07,  6.89it/s, Loss=0.3057, TrainAcc=0.9786, TestAcc=0.8373]
Training Epochs:  50%|████████████████████████▌                        | 50/100 [00:07<00:07,  6.89it/s, Loss=0.3114, TrainAcc=0.9766, TestAcc=0.8203]
Training Epochs:  51%|████████████████████████▉                        | 51/100 [00:07<00:07,  6.88it/s, Loss=0.3114, TrainAcc=0.9766, TestAcc=0.8203]
Training Epochs:  51%|████████████████████████▉                        | 51/100 [00:07<00:07,  6.88it/s, Loss=0.3172, TrainAcc=0.9747, TestAcc=0.8068]
Training Epochs:  52%|█████████████████████████▍                       | 52/100 [00:07<00:07,  6.79it/s, Loss=0.3172, TrainAcc=0.9747, TestAcc=0.8068]
Training Epochs:  52%|█████████████████████████▍                       | 52/100 [00:07<00:07,  6.79it/s, Loss=0.3039, TrainAcc=0.9795, TestAcc=0.8102]
Training Epochs:  53%|█████████████████████████▉                       | 53/100 [00:07<00:06,  6.76it/s, Loss=0.3039, TrainAcc=0.9795, TestAcc=0.8102]
Training Epochs:  53%|█████████████████████████▉                       | 53/100 [00:07<00:06,  6.76it/s, Loss=0.2844, TrainAcc=0.9883, TestAcc=0.8407]
Training Epochs:  54%|██████████████████████████▍                      | 54/100 [00:07<00:06,  6.94it/s, Loss=0.2844, TrainAcc=0.9883, TestAcc=0.8407]
Training Epochs:  54%|██████████████████████████▍                      | 54/100 [00:07<00:06,  6.94it/s, Loss=0.3031, TrainAcc=0.9756, TestAcc=0.8271]
Training Epochs:  55%|██████████████████████████▉                      | 55/100 [00:07<00:06,  6.93it/s, Loss=0.3031, TrainAcc=0.9756, TestAcc=0.8271]
Training Epochs:  55%|██████████████████████████▉                      | 55/100 [00:07<00:06,  6.93it/s, Loss=0.3000, TrainAcc=0.9766, TestAcc=0.8508]
Training Epochs:  56%|███████████████████████████▍                     | 56/100 [00:07<00:06,  6.91it/s, Loss=0.3000, TrainAcc=0.9766, TestAcc=0.8508]
Training Epochs:  56%|███████████████████████████▍                     | 56/100 [00:08<00:06,  6.91it/s, Loss=0.2776, TrainAcc=0.9883, TestAcc=0.8237]
Training Epochs:  57%|███████████████████████████▉                     | 57/100 [00:08<00:06,  6.90it/s, Loss=0.2776, TrainAcc=0.9883, TestAcc=0.8237]
Training Epochs:  57%|███████████████████████████▉                     | 57/100 [00:08<00:06,  6.90it/s, Loss=0.2767, TrainAcc=0.9873, TestAcc=0.7898]
Training Epochs:  58%|████████████████████████████▍                    | 58/100 [00:08<00:06,  6.93it/s, Loss=0.2767, TrainAcc=0.9873, TestAcc=0.7898]
Training Epochs:  58%|████████████████████████████▍                    | 58/100 [00:08<00:06,  6.93it/s, Loss=0.3141, TrainAcc=0.9737, TestAcc=0.8271]
Training Epochs:  59%|████████████████████████████▉                    | 59/100 [00:08<00:05,  6.89it/s, Loss=0.3141, TrainAcc=0.9737, TestAcc=0.8271]
Training Epochs:  59%|████████████████████████████▉                    | 59/100 [00:08<00:05,  6.89it/s, Loss=0.2784, TrainAcc=0.9864, TestAcc=0.8407]
Training Epochs:  60%|█████████████████████████████▍                   | 60/100 [00:08<00:05,  6.93it/s, Loss=0.2784, TrainAcc=0.9864, TestAcc=0.8407]
Training Epochs:  60%|█████████████████████████████▍                   | 60/100 [00:08<00:05,  6.93it/s, Loss=0.2709, TrainAcc=0.9873, TestAcc=0.8271]
Training Epochs:  61%|█████████████████████████████▉                   | 61/100 [00:08<00:05,  6.95it/s, Loss=0.2709, TrainAcc=0.9873, TestAcc=0.8271]
Training Epochs:  61%|█████████████████████████████▉                   | 61/100 [00:08<00:05,  6.95it/s, Loss=0.3925, TrainAcc=0.9630, TestAcc=0.8407]
Training Epochs:  62%|██████████████████████████████▍                  | 62/100 [00:08<00:05,  6.95it/s, Loss=0.3925, TrainAcc=0.9630, TestAcc=0.8407]
Training Epochs:  62%|██████████████████████████████▍                  | 62/100 [00:08<00:05,  6.95it/s, Loss=0.4528, TrainAcc=0.9425, TestAcc=0.7864]
Training Epochs:  63%|██████████████████████████████▊                  | 63/100 [00:08<00:05,  6.95it/s, Loss=0.4528, TrainAcc=0.9425, TestAcc=0.7864]
Training Epochs:  63%|██████████████████████████████▊                  | 63/100 [00:09<00:05,  6.95it/s, Loss=0.3697, TrainAcc=0.9688, TestAcc=0.8339]
Training Epochs:  64%|███████████████████████████████▎                 | 64/100 [00:09<00:05,  6.95it/s, Loss=0.3697, TrainAcc=0.9688, TestAcc=0.8339]
Training Epochs:  64%|███████████████████████████████▎                 | 64/100 [00:09<00:05,  6.95it/s, Loss=0.3478, TrainAcc=0.9669, TestAcc=0.8034]
Training Epochs:  65%|███████████████████████████████▊                 | 65/100 [00:09<00:05,  6.95it/s, Loss=0.3478, TrainAcc=0.9669, TestAcc=0.8034]
Training Epochs:  65%|███████████████████████████████▊                 | 65/100 [00:09<00:05,  6.95it/s, Loss=0.3121, TrainAcc=0.9795, TestAcc=0.8000]
Training Epochs:  66%|████████████████████████████████▎                | 66/100 [00:09<00:04,  6.86it/s, Loss=0.3121, TrainAcc=0.9795, TestAcc=0.8000]
Training Epochs:  66%|████████████████████████████████▎                | 66/100 [00:09<00:04,  6.86it/s, Loss=0.3171, TrainAcc=0.9717, TestAcc=0.8102]
Training Epochs:  67%|████████████████████████████████▊                | 67/100 [00:09<00:04,  6.88it/s, Loss=0.3171, TrainAcc=0.9717, TestAcc=0.8102]
Training Epochs:  67%|████████████████████████████████▊                | 67/100 [00:09<00:04,  6.88it/s, Loss=0.3056, TrainAcc=0.9776, TestAcc=0.8475]
Training Epochs:  68%|█████████████████████████████████▎               | 68/100 [00:09<00:04,  6.92it/s, Loss=0.3056, TrainAcc=0.9776, TestAcc=0.8475]
Training Epochs:  68%|█████████████████████████████████▎               | 68/100 [00:09<00:04,  6.92it/s, Loss=0.2889, TrainAcc=0.9864, TestAcc=0.8068]
Training Epochs:  69%|█████████████████████████████████▊               | 69/100 [00:09<00:04,  6.81it/s, Loss=0.2889, TrainAcc=0.9864, TestAcc=0.8068]
Training Epochs:  69%|█████████████████████████████████▊               | 69/100 [00:09<00:04,  6.81it/s, Loss=0.2900, TrainAcc=0.9805, TestAcc=0.8136]
Training Epochs:  70%|██████████████████████████████████▎              | 70/100 [00:09<00:04,  6.85it/s, Loss=0.2900, TrainAcc=0.9805, TestAcc=0.8136]
Training Epochs:  70%|██████████████████████████████████▎              | 70/100 [00:10<00:04,  6.85it/s, Loss=0.4301, TrainAcc=0.9522, TestAcc=0.7932]
Training Epochs:  71%|██████████████████████████████████▊              | 71/100 [00:10<00:04,  6.88it/s, Loss=0.4301, TrainAcc=0.9522, TestAcc=0.7932]
Training Epochs:  71%|██████████████████████████████████▊              | 71/100 [00:10<00:04,  6.88it/s, Loss=0.3557, TrainAcc=0.9698, TestAcc=0.8169]
Training Epochs:  72%|███████████████████████████████████▎             | 72/100 [00:10<00:04,  6.90it/s, Loss=0.3557, TrainAcc=0.9698, TestAcc=0.8169]
Training Epochs:  72%|███████████████████████████████████▎             | 72/100 [00:10<00:04,  6.90it/s, Loss=0.3312, TrainAcc=0.9737, TestAcc=0.8203]
Training Epochs:  73%|███████████████████████████████████▊             | 73/100 [00:10<00:03,  6.92it/s, Loss=0.3312, TrainAcc=0.9737, TestAcc=0.8203]
Training Epochs:  73%|███████████████████████████████████▊             | 73/100 [00:10<00:03,  6.92it/s, Loss=0.3068, TrainAcc=0.9786, TestAcc=0.8000]
Training Epochs:  74%|████████████████████████████████████▎            | 74/100 [00:10<00:03,  6.91it/s, Loss=0.3068, TrainAcc=0.9786, TestAcc=0.8000]
Training Epochs:  74%|████████████████████████████████████▎            | 74/100 [00:10<00:03,  6.91it/s, Loss=0.3314, TrainAcc=0.9747, TestAcc=0.8034]
Training Epochs:  75%|████████████████████████████████████▊            | 75/100 [00:10<00:03,  6.87it/s, Loss=0.3314, TrainAcc=0.9747, TestAcc=0.8034]
Training Epochs:  75%|████████████████████████████████████▊            | 75/100 [00:10<00:03,  6.87it/s, Loss=0.2935, TrainAcc=0.9844, TestAcc=0.8271]
Training Epochs:  76%|█████████████████████████████████████▏           | 76/100 [00:10<00:03,  6.91it/s, Loss=0.2935, TrainAcc=0.9844, TestAcc=0.8271]
Training Epochs:  76%|█████████████████████████████████████▏           | 76/100 [00:10<00:03,  6.91it/s, Loss=0.2812, TrainAcc=0.9883, TestAcc=0.7864]
Training Epochs:  77%|█████████████████████████████████████▋           | 77/100 [00:10<00:03,  6.87it/s, Loss=0.2812, TrainAcc=0.9883, TestAcc=0.7864]
Training Epochs:  77%|█████████████████████████████████████▋           | 77/100 [00:11<00:03,  6.87it/s, Loss=0.2754, TrainAcc=0.9912, TestAcc=0.8373]
Training Epochs:  78%|██████████████████████████████████████▏          | 78/100 [00:11<00:03,  6.90it/s, Loss=0.2754, TrainAcc=0.9912, TestAcc=0.8373]
Training Epochs:  78%|██████████████████████████████████████▏          | 78/100 [00:11<00:03,  6.90it/s, Loss=0.2850, TrainAcc=0.9805, TestAcc=0.8068]
Training Epochs:  79%|██████████████████████████████████████▋          | 79/100 [00:11<00:03,  6.87it/s, Loss=0.2850, TrainAcc=0.9805, TestAcc=0.8068]
Training Epochs:  79%|██████████████████████████████████████▋          | 79/100 [00:11<00:03,  6.87it/s, Loss=0.2925, TrainAcc=0.9756, TestAcc=0.7966]
Training Epochs:  80%|███████████████████████████████████████▏         | 80/100 [00:11<00:02,  6.85it/s, Loss=0.2925, TrainAcc=0.9756, TestAcc=0.7966]
Training Epochs:  80%|███████████████████████████████████████▏         | 80/100 [00:11<00:02,  6.85it/s, Loss=0.2638, TrainAcc=0.9873, TestAcc=0.8475]
Training Epochs:  81%|███████████████████████████████████████▋         | 81/100 [00:11<00:02,  6.87it/s, Loss=0.2638, TrainAcc=0.9873, TestAcc=0.8475]
Training Epochs:  81%|███████████████████████████████████████▋         | 81/100 [00:11<00:02,  6.87it/s, Loss=0.2756, TrainAcc=0.9864, TestAcc=0.8373]
Training Epochs:  82%|████████████████████████████████████████▏        | 82/100 [00:11<00:02,  6.90it/s, Loss=0.2756, TrainAcc=0.9864, TestAcc=0.8373]
Training Epochs:  82%|████████████████████████████████████████▏        | 82/100 [00:11<00:02,  6.90it/s, Loss=0.2737, TrainAcc=0.9825, TestAcc=0.8136]
Training Epochs:  83%|████████████████████████████████████████▋        | 83/100 [00:11<00:02,  6.92it/s, Loss=0.2737, TrainAcc=0.9825, TestAcc=0.8136]
Training Epochs:  83%|████████████████████████████████████████▋        | 83/100 [00:11<00:02,  6.92it/s, Loss=0.2739, TrainAcc=0.9825, TestAcc=0.8339]
Training Epochs:  84%|█████████████████████████████████████████▏       | 84/100 [00:11<00:02,  6.94it/s, Loss=0.2739, TrainAcc=0.9825, TestAcc=0.8339]
Training Epochs:  84%|█████████████████████████████████████████▏       | 84/100 [00:12<00:02,  6.94it/s, Loss=0.2712, TrainAcc=0.9834, TestAcc=0.8068]
Training Epochs:  85%|█████████████████████████████████████████▋       | 85/100 [00:12<00:02,  6.94it/s, Loss=0.2712, TrainAcc=0.9834, TestAcc=0.8068]
Training Epochs:  85%|█████████████████████████████████████████▋       | 85/100 [00:12<00:02,  6.94it/s, Loss=0.2670, TrainAcc=0.9864, TestAcc=0.8271]
Training Epochs:  86%|██████████████████████████████████████████▏      | 86/100 [00:12<00:02,  6.95it/s, Loss=0.2670, TrainAcc=0.9864, TestAcc=0.8271]
Training Epochs:  86%|██████████████████████████████████████████▏      | 86/100 [00:12<00:02,  6.95it/s, Loss=0.2598, TrainAcc=0.9912, TestAcc=0.8203]
Training Epochs:  87%|██████████████████████████████████████████▋      | 87/100 [00:12<00:01,  6.94it/s, Loss=0.2598, TrainAcc=0.9912, TestAcc=0.8203]
Training Epochs:  87%|██████████████████████████████████████████▋      | 87/100 [00:12<00:01,  6.94it/s, Loss=0.2621, TrainAcc=0.9883, TestAcc=0.8475]
Training Epochs:  88%|███████████████████████████████████████████      | 88/100 [00:12<00:01,  6.97it/s, Loss=0.2621, TrainAcc=0.9883, TestAcc=0.8475]
Training Epochs:  88%|███████████████████████████████████████████      | 88/100 [00:12<00:01,  6.97it/s, Loss=0.2816, TrainAcc=0.9854, TestAcc=0.8271]
Training Epochs:  89%|███████████████████████████████████████████▌     | 89/100 [00:12<00:01,  6.96it/s, Loss=0.2816, TrainAcc=0.9854, TestAcc=0.8271]
Training Epochs:  89%|███████████████████████████████████████████▌     | 89/100 [00:12<00:01,  6.96it/s, Loss=0.2563, TrainAcc=0.9844, TestAcc=0.8475]
Training Epochs:  90%|████████████████████████████████████████████     | 90/100 [00:12<00:01,  6.98it/s, Loss=0.2563, TrainAcc=0.9844, TestAcc=0.8475]
Training Epochs:  90%|████████████████████████████████████████████     | 90/100 [00:12<00:01,  6.98it/s, Loss=0.2725, TrainAcc=0.9834, TestAcc=0.8475]
Training Epochs:  91%|████████████████████████████████████████████▌    | 91/100 [00:12<00:01,  7.00it/s, Loss=0.2725, TrainAcc=0.9834, TestAcc=0.8475]
Training Epochs:  91%|████████████████████████████████████████████▌    | 91/100 [00:13<00:01,  7.00it/s, Loss=0.2650, TrainAcc=0.9864, TestAcc=0.8305]
Training Epochs:  92%|█████████████████████████████████████████████    | 92/100 [00:13<00:01,  7.04it/s, Loss=0.2650, TrainAcc=0.9864, TestAcc=0.8305]
Training Epochs:  92%|█████████████████████████████████████████████    | 92/100 [00:13<00:01,  7.04it/s, Loss=0.2650, TrainAcc=0.9883, TestAcc=0.8000]
Training Epochs:  93%|█████████████████████████████████████████████▌   | 93/100 [00:13<00:00,  7.03it/s, Loss=0.2650, TrainAcc=0.9883, TestAcc=0.8000]
Training Epochs:  93%|█████████████████████████████████████████████▌   | 93/100 [00:13<00:00,  7.03it/s, Loss=0.2719, TrainAcc=0.9795, TestAcc=0.8203]
Training Epochs:  94%|██████████████████████████████████████████████   | 94/100 [00:13<00:00,  6.96it/s, Loss=0.2719, TrainAcc=0.9795, TestAcc=0.8203]
Training Epochs:  94%|██████████████████████████████████████████████   | 94/100 [00:13<00:00,  6.96it/s, Loss=0.2899, TrainAcc=0.9786, TestAcc=0.8305]
Training Epochs:  95%|██████████████████████████████████████████████▌  | 95/100 [00:13<00:00,  6.99it/s, Loss=0.2899, TrainAcc=0.9786, TestAcc=0.8305]
Training Epochs:  95%|██████████████████████████████████████████████▌  | 95/100 [00:13<00:00,  6.99it/s, Loss=0.2629, TrainAcc=0.9932, TestAcc=0.8102]
Training Epochs:  96%|███████████████████████████████████████████████  | 96/100 [00:13<00:00,  6.99it/s, Loss=0.2629, TrainAcc=0.9932, TestAcc=0.8102]
Training Epochs:  96%|███████████████████████████████████████████████  | 96/100 [00:13<00:00,  6.99it/s, Loss=0.2620, TrainAcc=0.9864, TestAcc=0.8339]
Training Epochs:  97%|███████████████████████████████████████████████▌ | 97/100 [00:13<00:00,  7.02it/s, Loss=0.2620, TrainAcc=0.9864, TestAcc=0.8339]
Training Epochs:  97%|███████████████████████████████████████████████▌ | 97/100 [00:13<00:00,  7.02it/s, Loss=0.2753, TrainAcc=0.9834, TestAcc=0.8136]
Training Epochs:  98%|████████████████████████████████████████████████ | 98/100 [00:13<00:00,  6.99it/s, Loss=0.2753, TrainAcc=0.9834, TestAcc=0.8136]
Training Epochs:  98%|████████████████████████████████████████████████ | 98/100 [00:14<00:00,  6.99it/s, Loss=0.2524, TrainAcc=0.9942, TestAcc=0.8136]
Training Epochs:  99%|████████████████████████████████████████████████▌| 99/100 [00:14<00:00,  7.01it/s, Loss=0.2524, TrainAcc=0.9942, TestAcc=0.8136]
Training Epochs:  99%|████████████████████████████████████████████████▌| 99/100 [00:14<00:00,  7.01it/s, Loss=0.2575, TrainAcc=0.9893, TestAcc=0.8136]
Training Epochs: 100%|████████████████████████████████████████████████| 100/100 [00:14<00:00,  6.95it/s, Loss=0.2575, TrainAcc=0.9893, TestAcc=0.8136]
Training Epochs: 100%|████████████████████████████████████████████████| 100/100 [00:14<00:00,  7.01it/s, Loss=0.2575, TrainAcc=0.9893, TestAcc=0.8136]
{'Real': {'precision': 0.9096045197740112, 'recall': 0.8994413407821229, 'f1': 0.9044943820224719}, 'Fake': {'precision': 0.847457627118644, 'recall': 0.8620689655172413, 'f1': 0.8547008547008547}}
====================================================================================================
run at 9-th time
seed:  9
Compared_Baselines/2019_MVAE/train_rbvt.py:85: FutureWarning: You are using `torch.load` with `weights_only=False` (the current default value), which uses the default pickle module implicitly. It is possible to construct malicious pickle data which will execute arbitrary code during unpickling (See https://github.com/pytorch/pytorch/blob/main/SECURITY.md#untrusted-models for more details). In a future release, the default value for `weights_only` will be flipped to `True`. This limits the functions that could be executed during unpickling. Arbitrary objects will no longer be allowed to be loaded via this mode unless they are explicitly allowlisted by the user via `torch.serialization.add_safe_globals`. We recommend you start setting `weights_only=True` for any use case where you don't have full control of the loaded file. Please open an issue on GitHub for any issues related to this experimental feature.
  data_pair = torch.load(dataset_path)

Training Epochs:   0%|                                                                                                        | 0/100 [00:00<?, ?it/s]
Training Epochs:   0%|                                                          | 0/100 [00:00<?, ?it/s, Loss=1.1021, TrainAcc=0.5945, TestAcc=0.7356]
Training Epochs:   1%|▌                                                 | 1/100 [00:00<00:10,  9.70it/s, Loss=1.1021, TrainAcc=0.5945, TestAcc=0.7356]
Training Epochs:   1%|▌                                                 | 1/100 [00:00<00:10,  9.70it/s, Loss=0.7359, TrainAcc=0.8353, TestAcc=0.8441]
Training Epochs:   1%|▌                                                 | 1/100 [00:00<00:10,  9.70it/s, Loss=0.5928, TrainAcc=0.8752, TestAcc=0.8237]
Training Epochs:   3%|█▌                                                | 3/100 [00:00<00:09, 10.03it/s, Loss=0.5928, TrainAcc=0.8752, TestAcc=0.8237]
Training Epochs:   3%|█▌                                                | 3/100 [00:00<00:09, 10.03it/s, Loss=0.5396, TrainAcc=0.8918, TestAcc=0.8203]
Training Epochs:   4%|██                                                | 4/100 [00:00<00:09,  9.98it/s, Loss=0.5396, TrainAcc=0.8918, TestAcc=0.8203]
Training Epochs:   4%|██                                                | 4/100 [00:00<00:09,  9.98it/s, Loss=0.4606, TrainAcc=0.9220, TestAcc=0.8169]
Training Epochs:   4%|██                                                | 4/100 [00:00<00:09,  9.98it/s, Loss=0.3996, TrainAcc=0.9483, TestAcc=0.8441]
Training Epochs:   6%|███                                               | 6/100 [00:00<00:09,  9.69it/s, Loss=0.3996, TrainAcc=0.9483, TestAcc=0.8441]
Training Epochs:   6%|███                                               | 6/100 [00:00<00:09,  9.69it/s, Loss=0.3873, TrainAcc=0.9464, TestAcc=0.8373]
Training Epochs:   7%|███▌                                              | 7/100 [00:00<00:10,  9.12it/s, Loss=0.3873, TrainAcc=0.9464, TestAcc=0.8373]
Training Epochs:   7%|███▌                                              | 7/100 [00:00<00:10,  9.12it/s, Loss=0.3974, TrainAcc=0.9513, TestAcc=0.8136]
Training Epochs:   8%|████                                              | 8/100 [00:00<00:10,  8.46it/s, Loss=0.3974, TrainAcc=0.9513, TestAcc=0.8136]
Training Epochs:   8%|████                                              | 8/100 [00:01<00:10,  8.46it/s, Loss=0.3745, TrainAcc=0.9610, TestAcc=0.8576]
Training Epochs:   9%|████▌                                             | 9/100 [00:01<00:11,  8.01it/s, Loss=0.3745, TrainAcc=0.9610, TestAcc=0.8576]
Training Epochs:   9%|████▌                                             | 9/100 [00:01<00:11,  8.01it/s, Loss=0.3359, TrainAcc=0.9688, TestAcc=0.8441]
Training Epochs:  10%|████▉                                            | 10/100 [00:01<00:11,  7.69it/s, Loss=0.3359, TrainAcc=0.9688, TestAcc=0.8441]
Training Epochs:  10%|████▉                                            | 10/100 [00:01<00:11,  7.69it/s, Loss=0.3986, TrainAcc=0.9347, TestAcc=0.8203]
Training Epochs:  11%|█████▍                                           | 11/100 [00:01<00:12,  7.38it/s, Loss=0.3986, TrainAcc=0.9347, TestAcc=0.8203]
Training Epochs:  11%|█████▍                                           | 11/100 [00:01<00:12,  7.38it/s, Loss=0.4275, TrainAcc=0.9357, TestAcc=0.8407]
Training Epochs:  12%|█████▉                                           | 12/100 [00:01<00:12,  7.25it/s, Loss=0.4275, TrainAcc=0.9357, TestAcc=0.8407]
Training Epochs:  12%|█████▉                                           | 12/100 [00:01<00:12,  7.25it/s, Loss=0.4305, TrainAcc=0.9337, TestAcc=0.8271]
Training Epochs:  13%|██████▎                                          | 13/100 [00:01<00:12,  7.11it/s, Loss=0.4305, TrainAcc=0.9337, TestAcc=0.8271]
Training Epochs:  13%|██████▎                                          | 13/100 [00:01<00:12,  7.11it/s, Loss=0.3736, TrainAcc=0.9610, TestAcc=0.7932]
Training Epochs:  14%|██████▊                                          | 14/100 [00:01<00:12,  7.06it/s, Loss=0.3736, TrainAcc=0.9610, TestAcc=0.7932]
Training Epochs:  14%|██████▊                                          | 14/100 [00:01<00:12,  7.06it/s, Loss=0.3421, TrainAcc=0.9708, TestAcc=0.7966]
Training Epochs:  15%|███████▎                                         | 15/100 [00:01<00:12,  7.02it/s, Loss=0.3421, TrainAcc=0.9708, TestAcc=0.7966]
Training Epochs:  15%|███████▎                                         | 15/100 [00:02<00:12,  7.02it/s, Loss=0.3294, TrainAcc=0.9795, TestAcc=0.8034]
Training Epochs:  16%|███████▊                                         | 16/100 [00:02<00:12,  6.99it/s, Loss=0.3294, TrainAcc=0.9795, TestAcc=0.8034]
Training Epochs:  16%|███████▊                                         | 16/100 [00:02<00:12,  6.99it/s, Loss=0.3316, TrainAcc=0.9708, TestAcc=0.8373]
Training Epochs:  17%|████████▎                                        | 17/100 [00:02<00:11,  6.97it/s, Loss=0.3316, TrainAcc=0.9708, TestAcc=0.8373]
Training Epochs:  17%|████████▎                                        | 17/100 [00:02<00:11,  6.97it/s, Loss=0.3546, TrainAcc=0.9591, TestAcc=0.8136]
Training Epochs:  18%|████████▊                                        | 18/100 [00:02<00:11,  6.96it/s, Loss=0.3546, TrainAcc=0.9591, TestAcc=0.8136]
Training Epochs:  18%|████████▊                                        | 18/100 [00:02<00:11,  6.96it/s, Loss=0.3124, TrainAcc=0.9756, TestAcc=0.8169]
Training Epochs:  19%|█████████▎                                       | 19/100 [00:02<00:11,  6.93it/s, Loss=0.3124, TrainAcc=0.9756, TestAcc=0.8169]
Training Epochs:  19%|█████████▎                                       | 19/100 [00:02<00:11,  6.93it/s, Loss=0.3946, TrainAcc=0.9581, TestAcc=0.7831]
Training Epochs:  20%|█████████▊                                       | 20/100 [00:02<00:11,  7.03it/s, Loss=0.3946, TrainAcc=0.9581, TestAcc=0.7831]
Training Epochs:  20%|█████████▊                                       | 20/100 [00:02<00:11,  7.03it/s, Loss=0.3742, TrainAcc=0.9542, TestAcc=0.8237]
Training Epochs:  21%|██████████▎                                      | 21/100 [00:02<00:11,  7.12it/s, Loss=0.3742, TrainAcc=0.9542, TestAcc=0.8237]
Training Epochs:  21%|██████████▎                                      | 21/100 [00:02<00:11,  7.12it/s, Loss=0.3290, TrainAcc=0.9669, TestAcc=0.8305]
Training Epochs:  22%|██████████▊                                      | 22/100 [00:02<00:10,  7.12it/s, Loss=0.3290, TrainAcc=0.9669, TestAcc=0.8305]
Training Epochs:  22%|██████████▊                                      | 22/100 [00:03<00:10,  7.12it/s, Loss=0.3332, TrainAcc=0.9727, TestAcc=0.7966]
Training Epochs:  23%|███████████▎                                     | 23/100 [00:03<00:10,  7.09it/s, Loss=0.3332, TrainAcc=0.9727, TestAcc=0.7966]
Training Epochs:  23%|███████████▎                                     | 23/100 [00:03<00:10,  7.09it/s, Loss=0.3460, TrainAcc=0.9639, TestAcc=0.8237]
Training Epochs:  24%|███████████▊                                     | 24/100 [00:03<00:10,  7.06it/s, Loss=0.3460, TrainAcc=0.9639, TestAcc=0.8237]
Training Epochs:  24%|███████████▊                                     | 24/100 [00:03<00:10,  7.06it/s, Loss=0.3068, TrainAcc=0.9737, TestAcc=0.8305]
Training Epochs:  25%|████████████▎                                    | 25/100 [00:03<00:10,  7.04it/s, Loss=0.3068, TrainAcc=0.9737, TestAcc=0.8305]
Training Epochs:  25%|████████████▎                                    | 25/100 [00:03<00:10,  7.04it/s, Loss=0.3274, TrainAcc=0.9708, TestAcc=0.8034]
Training Epochs:  26%|████████████▋                                    | 26/100 [00:03<00:10,  7.03it/s, Loss=0.3274, TrainAcc=0.9708, TestAcc=0.8034]
Training Epochs:  26%|████████████▋                                    | 26/100 [00:03<00:10,  7.03it/s, Loss=0.3295, TrainAcc=0.9639, TestAcc=0.8237]
Training Epochs:  27%|█████████████▏                                   | 27/100 [00:03<00:10,  6.99it/s, Loss=0.3295, TrainAcc=0.9639, TestAcc=0.8237]
Training Epochs:  27%|█████████████▏                                   | 27/100 [00:03<00:10,  6.99it/s, Loss=0.3147, TrainAcc=0.9766, TestAcc=0.7966]
Training Epochs:  28%|█████████████▋                                   | 28/100 [00:03<00:10,  7.01it/s, Loss=0.3147, TrainAcc=0.9766, TestAcc=0.7966]
Training Epochs:  28%|█████████████▋                                   | 28/100 [00:03<00:10,  7.01it/s, Loss=0.3192, TrainAcc=0.9717, TestAcc=0.8068]
Training Epochs:  29%|██████████████▏                                  | 29/100 [00:03<00:10,  7.01it/s, Loss=0.3192, TrainAcc=0.9717, TestAcc=0.8068]
Training Epochs:  29%|██████████████▏                                  | 29/100 [00:04<00:10,  7.01it/s, Loss=0.3010, TrainAcc=0.9815, TestAcc=0.8203]
Training Epochs:  30%|██████████████▋                                  | 30/100 [00:04<00:10,  6.93it/s, Loss=0.3010, TrainAcc=0.9815, TestAcc=0.8203]
Training Epochs:  30%|██████████████▋                                  | 30/100 [00:04<00:10,  6.93it/s, Loss=0.2850, TrainAcc=0.9893, TestAcc=0.8508]
Training Epochs:  31%|███████████████▏                                 | 31/100 [00:04<00:09,  6.96it/s, Loss=0.2850, TrainAcc=0.9893, TestAcc=0.8508]
Training Epochs:  31%|███████████████▏                                 | 31/100 [00:04<00:09,  6.96it/s, Loss=0.3021, TrainAcc=0.9795, TestAcc=0.8339]
Training Epochs:  32%|███████████████▋                                 | 32/100 [00:04<00:09,  6.94it/s, Loss=0.3021, TrainAcc=0.9795, TestAcc=0.8339]
Training Epochs:  32%|███████████████▋                                 | 32/100 [00:04<00:09,  6.94it/s, Loss=0.3012, TrainAcc=0.9766, TestAcc=0.8136]
Training Epochs:  33%|████████████████▏                                | 33/100 [00:04<00:09,  6.90it/s, Loss=0.3012, TrainAcc=0.9766, TestAcc=0.8136]
Training Epochs:  33%|████████████████▏                                | 33/100 [00:04<00:09,  6.90it/s, Loss=0.3114, TrainAcc=0.9756, TestAcc=0.8237]
Training Epochs:  34%|████████████████▋                                | 34/100 [00:04<00:09,  6.83it/s, Loss=0.3114, TrainAcc=0.9756, TestAcc=0.8237]
Training Epochs:  34%|████████████████▋                                | 34/100 [00:04<00:09,  6.83it/s, Loss=0.2799, TrainAcc=0.9864, TestAcc=0.8271]
Training Epochs:  34%|████████████████▋                                | 34/100 [00:04<00:09,  6.83it/s, Loss=0.2944, TrainAcc=0.9834, TestAcc=0.8000]
Training Epochs:  36%|█████████████████▋                               | 36/100 [00:04<00:07,  8.61it/s, Loss=0.2944, TrainAcc=0.9834, TestAcc=0.8000]
Training Epochs:  36%|█████████████████▋                               | 36/100 [00:04<00:07,  8.61it/s, Loss=0.3315, TrainAcc=0.9717, TestAcc=0.8169]
Training Epochs:  36%|█████████████████▋                               | 36/100 [00:04<00:07,  8.61it/s, Loss=0.3043, TrainAcc=0.9776, TestAcc=0.8102]
Training Epochs:  38%|██████████████████▌                              | 38/100 [00:04<00:05, 10.49it/s, Loss=0.3043, TrainAcc=0.9776, TestAcc=0.8102]
Training Epochs:  38%|██████████████████▌                              | 38/100 [00:04<00:05, 10.49it/s, Loss=0.3013, TrainAcc=0.9747, TestAcc=0.8136]
Training Epochs:  38%|██████████████████▌                              | 38/100 [00:05<00:05, 10.49it/s, Loss=0.3194, TrainAcc=0.9717, TestAcc=0.8271]
Training Epochs:  40%|███████████████████▌                             | 40/100 [00:05<00:04, 12.25it/s, Loss=0.3194, TrainAcc=0.9717, TestAcc=0.8271]
Training Epochs:  40%|███████████████████▌                             | 40/100 [00:05<00:04, 12.25it/s, Loss=0.3604, TrainAcc=0.9669, TestAcc=0.8000]
Training Epochs:  40%|███████████████████▌                             | 40/100 [00:05<00:04, 12.25it/s, Loss=0.5250, TrainAcc=0.9444, TestAcc=0.8169]
Training Epochs:  42%|████████████████████▌                            | 42/100 [00:05<00:04, 13.59it/s, Loss=0.5250, TrainAcc=0.9444, TestAcc=0.8169]
Training Epochs:  42%|████████████████████▌                            | 42/100 [00:05<00:04, 13.59it/s, Loss=0.3794, TrainAcc=0.9581, TestAcc=0.8034]
Training Epochs:  42%|████████████████████▌                            | 42/100 [00:05<00:04, 13.59it/s, Loss=0.3630, TrainAcc=0.9639, TestAcc=0.7864]
Training Epochs:  44%|█████████████████████▌                           | 44/100 [00:05<00:03, 14.17it/s, Loss=0.3630, TrainAcc=0.9639, TestAcc=0.7864]
Training Epochs:  44%|█████████████████████▌                           | 44/100 [00:05<00:03, 14.17it/s, Loss=0.3384, TrainAcc=0.9776, TestAcc=0.7966]
Training Epochs:  44%|█████████████████████▌                           | 44/100 [00:05<00:03, 14.17it/s, Loss=0.2922, TrainAcc=0.9864, TestAcc=0.8068]
Training Epochs:  46%|██████████████████████▌                          | 46/100 [00:05<00:03, 13.53it/s, Loss=0.2922, TrainAcc=0.9864, TestAcc=0.8068]
Training Epochs:  46%|██████████████████████▌                          | 46/100 [00:05<00:03, 13.53it/s, Loss=0.2934, TrainAcc=0.9864, TestAcc=0.8271]
Training Epochs:  46%|██████████████████████▌                          | 46/100 [00:05<00:03, 13.53it/s, Loss=0.2902, TrainAcc=0.9834, TestAcc=0.8237]
Training Epochs:  48%|███████████████████████▌                         | 48/100 [00:05<00:04, 11.72it/s, Loss=0.2902, TrainAcc=0.9834, TestAcc=0.8237]
Training Epochs:  48%|███████████████████████▌                         | 48/100 [00:05<00:04, 11.72it/s, Loss=0.2940, TrainAcc=0.9844, TestAcc=0.8203]
Training Epochs:  48%|███████████████████████▌                         | 48/100 [00:05<00:04, 11.72it/s, Loss=0.2954, TrainAcc=0.9786, TestAcc=0.7966]
Training Epochs:  50%|████████████████████████▌                        | 50/100 [00:05<00:05,  9.85it/s, Loss=0.2954, TrainAcc=0.9786, TestAcc=0.7966]
Training Epochs:  50%|████████████████████████▌                        | 50/100 [00:06<00:05,  9.85it/s, Loss=0.3054, TrainAcc=0.9756, TestAcc=0.8136]
Training Epochs:  50%|████████████████████████▌                        | 50/100 [00:06<00:05,  9.85it/s, Loss=0.3089, TrainAcc=0.9786, TestAcc=0.8136]
Training Epochs:  52%|█████████████████████████▍                       | 52/100 [00:06<00:05,  8.75it/s, Loss=0.3089, TrainAcc=0.9786, TestAcc=0.8136]
Training Epochs:  52%|█████████████████████████▍                       | 52/100 [00:06<00:05,  8.75it/s, Loss=0.2954, TrainAcc=0.9854, TestAcc=0.8203]
Training Epochs:  53%|█████████████████████████▉                       | 53/100 [00:06<00:05,  8.37it/s, Loss=0.2954, TrainAcc=0.9854, TestAcc=0.8203]
Training Epochs:  53%|█████████████████████████▉                       | 53/100 [00:06<00:05,  8.37it/s, Loss=0.2910, TrainAcc=0.9805, TestAcc=0.8169]
Training Epochs:  54%|██████████████████████████▍                      | 54/100 [00:06<00:05,  8.01it/s, Loss=0.2910, TrainAcc=0.9805, TestAcc=0.8169]
Training Epochs:  54%|██████████████████████████▍                      | 54/100 [00:06<00:05,  8.01it/s, Loss=0.2759, TrainAcc=0.9864, TestAcc=0.8203]
Training Epochs:  55%|██████████████████████████▉                      | 55/100 [00:06<00:05,  7.75it/s, Loss=0.2759, TrainAcc=0.9864, TestAcc=0.8203]
Training Epochs:  55%|██████████████████████████▉                      | 55/100 [00:06<00:05,  7.75it/s, Loss=0.2914, TrainAcc=0.9805, TestAcc=0.8136]
Training Epochs:  56%|███████████████████████████▍                     | 56/100 [00:06<00:05,  7.55it/s, Loss=0.2914, TrainAcc=0.9805, TestAcc=0.8136]
Training Epochs:  56%|███████████████████████████▍                     | 56/100 [00:06<00:05,  7.55it/s, Loss=0.2835, TrainAcc=0.9815, TestAcc=0.7864]
Training Epochs:  57%|███████████████████████████▉                     | 57/100 [00:06<00:05,  7.37it/s, Loss=0.2835, TrainAcc=0.9815, TestAcc=0.7864]
Training Epochs:  57%|███████████████████████████▉                     | 57/100 [00:07<00:05,  7.37it/s, Loss=0.2725, TrainAcc=0.9883, TestAcc=0.8339]
Training Epochs:  58%|████████████████████████████▍                    | 58/100 [00:07<00:05,  7.25it/s, Loss=0.2725, TrainAcc=0.9883, TestAcc=0.8339]
Training Epochs:  58%|████████████████████████████▍                    | 58/100 [00:07<00:05,  7.25it/s, Loss=0.2752, TrainAcc=0.9873, TestAcc=0.7729]
Training Epochs:  59%|████████████████████████████▉                    | 59/100 [00:07<00:05,  7.18it/s, Loss=0.2752, TrainAcc=0.9873, TestAcc=0.7729]
Training Epochs:  59%|████████████████████████████▉                    | 59/100 [00:07<00:05,  7.18it/s, Loss=0.2750, TrainAcc=0.9825, TestAcc=0.7763]
Training Epochs:  60%|█████████████████████████████▍                   | 60/100 [00:07<00:05,  7.11it/s, Loss=0.2750, TrainAcc=0.9825, TestAcc=0.7763]
Training Epochs:  60%|█████████████████████████████▍                   | 60/100 [00:07<00:05,  7.11it/s, Loss=0.2733, TrainAcc=0.9854, TestAcc=0.8034]
Training Epochs:  61%|█████████████████████████████▉                   | 61/100 [00:07<00:05,  7.06it/s, Loss=0.2733, TrainAcc=0.9854, TestAcc=0.8034]
Training Epochs:  61%|█████████████████████████████▉                   | 61/100 [00:07<00:05,  7.06it/s, Loss=0.2895, TrainAcc=0.9825, TestAcc=0.8203]
Training Epochs:  62%|██████████████████████████████▍                  | 62/100 [00:07<00:05,  7.02it/s, Loss=0.2895, TrainAcc=0.9825, TestAcc=0.8203]
Training Epochs:  62%|██████████████████████████████▍                  | 62/100 [00:07<00:05,  7.02it/s, Loss=0.2989, TrainAcc=0.9795, TestAcc=0.8169]
Training Epochs:  63%|██████████████████████████████▊                  | 63/100 [00:07<00:05,  7.01it/s, Loss=0.2989, TrainAcc=0.9795, TestAcc=0.8169]
Training Epochs:  63%|██████████████████████████████▊                  | 63/100 [00:07<00:05,  7.01it/s, Loss=0.2797, TrainAcc=0.9893, TestAcc=0.8000]
Training Epochs:  64%|███████████████████████████████▎                 | 64/100 [00:07<00:05,  6.99it/s, Loss=0.2797, TrainAcc=0.9893, TestAcc=0.8000]
Training Epochs:  64%|███████████████████████████████▎                 | 64/100 [00:08<00:05,  6.99it/s, Loss=0.2765, TrainAcc=0.9873, TestAcc=0.8203]
Training Epochs:  65%|███████████████████████████████▊                 | 65/100 [00:08<00:05,  6.96it/s, Loss=0.2765, TrainAcc=0.9873, TestAcc=0.8203]
Training Epochs:  65%|███████████████████████████████▊                 | 65/100 [00:08<00:05,  6.96it/s, Loss=0.2880, TrainAcc=0.9805, TestAcc=0.8271]
Training Epochs:  66%|████████████████████████████████▎                | 66/100 [00:08<00:04,  6.94it/s, Loss=0.2880, TrainAcc=0.9805, TestAcc=0.8271]
Training Epochs:  66%|████████████████████████████████▎                | 66/100 [00:08<00:04,  6.94it/s, Loss=0.2806, TrainAcc=0.9834, TestAcc=0.8136]
Training Epochs:  67%|████████████████████████████████▊                | 67/100 [00:08<00:04,  6.93it/s, Loss=0.2806, TrainAcc=0.9834, TestAcc=0.8136]
Training Epochs:  67%|████████████████████████████████▊                | 67/100 [00:08<00:04,  6.93it/s, Loss=0.3263, TrainAcc=0.9737, TestAcc=0.8271]
Training Epochs:  68%|█████████████████████████████████▎               | 68/100 [00:08<00:04,  6.92it/s, Loss=0.3263, TrainAcc=0.9737, TestAcc=0.8271]
Training Epochs:  68%|█████████████████████████████████▎               | 68/100 [00:08<00:04,  6.92it/s, Loss=0.2939, TrainAcc=0.9805, TestAcc=0.7864]
Training Epochs:  69%|█████████████████████████████████▊               | 69/100 [00:08<00:04,  6.90it/s, Loss=0.2939, TrainAcc=0.9805, TestAcc=0.7864]
Training Epochs:  69%|█████████████████████████████████▊               | 69/100 [00:08<00:04,  6.90it/s, Loss=0.2664, TrainAcc=0.9912, TestAcc=0.8068]
Training Epochs:  70%|██████████████████████████████████▎              | 70/100 [00:08<00:04,  6.90it/s, Loss=0.2664, TrainAcc=0.9912, TestAcc=0.8068]
Training Epochs:  70%|██████████████████████████████████▎              | 70/100 [00:08<00:04,  6.90it/s, Loss=0.3311, TrainAcc=0.9766, TestAcc=0.8203]
Training Epochs:  71%|██████████████████████████████████▊              | 71/100 [00:08<00:04,  6.89it/s, Loss=0.3311, TrainAcc=0.9766, TestAcc=0.8203]
Training Epochs:  71%|██████████████████████████████████▊              | 71/100 [00:09<00:04,  6.89it/s, Loss=0.2902, TrainAcc=0.9795, TestAcc=0.7932]
Training Epochs:  72%|███████████████████████████████████▎             | 72/100 [00:09<00:04,  6.91it/s, Loss=0.2902, TrainAcc=0.9795, TestAcc=0.7932]
Training Epochs:  72%|███████████████████████████████████▎             | 72/100 [00:09<00:04,  6.91it/s, Loss=0.2775, TrainAcc=0.9854, TestAcc=0.8000]
Training Epochs:  73%|███████████████████████████████████▊             | 73/100 [00:09<00:03,  6.91it/s, Loss=0.2775, TrainAcc=0.9854, TestAcc=0.8000]
Training Epochs:  73%|███████████████████████████████████▊             | 73/100 [00:09<00:03,  6.91it/s, Loss=0.2731, TrainAcc=0.9825, TestAcc=0.8169]
Training Epochs:  74%|████████████████████████████████████▎            | 74/100 [00:09<00:03,  6.90it/s, Loss=0.2731, TrainAcc=0.9825, TestAcc=0.8169]
Training Epochs:  74%|████████████████████████████████████▎            | 74/100 [00:09<00:03,  6.90it/s, Loss=0.3022, TrainAcc=0.9805, TestAcc=0.7932]
Training Epochs:  75%|████████████████████████████████████▊            | 75/100 [00:09<00:03,  6.93it/s, Loss=0.3022, TrainAcc=0.9805, TestAcc=0.7932]
Training Epochs:  75%|████████████████████████████████████▊            | 75/100 [00:09<00:03,  6.93it/s, Loss=0.2780, TrainAcc=0.9873, TestAcc=0.8034]
Training Epochs:  76%|█████████████████████████████████████▏           | 76/100 [00:09<00:03,  6.94it/s, Loss=0.2780, TrainAcc=0.9873, TestAcc=0.8034]
Training Epochs:  76%|█████████████████████████████████████▏           | 76/100 [00:09<00:03,  6.94it/s, Loss=0.2919, TrainAcc=0.9815, TestAcc=0.8237]
Training Epochs:  77%|█████████████████████████████████████▋           | 77/100 [00:09<00:03,  6.96it/s, Loss=0.2919, TrainAcc=0.9815, TestAcc=0.8237]
Training Epochs:  77%|█████████████████████████████████████▋           | 77/100 [00:09<00:03,  6.96it/s, Loss=0.2906, TrainAcc=0.9864, TestAcc=0.8102]
Training Epochs:  78%|██████████████████████████████████████▏          | 78/100 [00:09<00:03,  6.89it/s, Loss=0.2906, TrainAcc=0.9864, TestAcc=0.8102]
Training Epochs:  78%|██████████████████████████████████████▏          | 78/100 [00:10<00:03,  6.89it/s, Loss=0.2715, TrainAcc=0.9893, TestAcc=0.8169]
Training Epochs:  79%|██████████████████████████████████████▋          | 79/100 [00:10<00:03,  6.92it/s, Loss=0.2715, TrainAcc=0.9893, TestAcc=0.8169]
Training Epochs:  79%|██████████████████████████████████████▋          | 79/100 [00:10<00:03,  6.92it/s, Loss=0.2798, TrainAcc=0.9854, TestAcc=0.7898]
Training Epochs:  80%|███████████████████████████████████████▏         | 80/100 [00:10<00:02,  6.93it/s, Loss=0.2798, TrainAcc=0.9854, TestAcc=0.7898]
Training Epochs:  80%|███████████████████████████████████████▏         | 80/100 [00:10<00:02,  6.93it/s, Loss=0.2822, TrainAcc=0.9825, TestAcc=0.8000]
Training Epochs:  81%|███████████████████████████████████████▋         | 81/100 [00:10<00:02,  6.94it/s, Loss=0.2822, TrainAcc=0.9825, TestAcc=0.8000]
Training Epochs:  81%|███████████████████████████████████████▋         | 81/100 [00:10<00:02,  6.94it/s, Loss=0.2782, TrainAcc=0.9834, TestAcc=0.8169]
Training Epochs:  82%|████████████████████████████████████████▏        | 82/100 [00:10<00:02,  6.93it/s, Loss=0.2782, TrainAcc=0.9834, TestAcc=0.8169]
Training Epochs:  82%|████████████████████████████████████████▏        | 82/100 [00:10<00:02,  6.93it/s, Loss=0.2711, TrainAcc=0.9864, TestAcc=0.8203]
Training Epochs:  83%|████████████████████████████████████████▋        | 83/100 [00:10<00:02,  6.95it/s, Loss=0.2711, TrainAcc=0.9864, TestAcc=0.8203]
Training Epochs:  83%|████████████████████████████████████████▋        | 83/100 [00:10<00:02,  6.95it/s, Loss=0.2844, TrainAcc=0.9815, TestAcc=0.8068]
Training Epochs:  84%|█████████████████████████████████████████▏       | 84/100 [00:10<00:02,  6.99it/s, Loss=0.2844, TrainAcc=0.9815, TestAcc=0.8068]
Training Epochs:  84%|█████████████████████████████████████████▏       | 84/100 [00:10<00:02,  6.99it/s, Loss=0.2627, TrainAcc=0.9873, TestAcc=0.8237]
Training Epochs:  85%|█████████████████████████████████████████▋       | 85/100 [00:10<00:02,  6.99it/s, Loss=0.2627, TrainAcc=0.9873, TestAcc=0.8237]
Training Epochs:  85%|█████████████████████████████████████████▋       | 85/100 [00:11<00:02,  6.99it/s, Loss=0.2701, TrainAcc=0.9864, TestAcc=0.7763]
Training Epochs:  86%|██████████████████████████████████████████▏      | 86/100 [00:11<00:02,  6.93it/s, Loss=0.2701, TrainAcc=0.9864, TestAcc=0.7763]
Training Epochs:  86%|██████████████████████████████████████████▏      | 86/100 [00:11<00:02,  6.93it/s, Loss=0.2516, TrainAcc=0.9903, TestAcc=0.8102]
Training Epochs:  87%|██████████████████████████████████████████▋      | 87/100 [00:11<00:01,  6.96it/s, Loss=0.2516, TrainAcc=0.9903, TestAcc=0.8102]
Training Epochs:  87%|██████████████████████████████████████████▋      | 87/100 [00:11<00:01,  6.96it/s, Loss=0.2781, TrainAcc=0.9844, TestAcc=0.8373]
Training Epochs:  88%|███████████████████████████████████████████      | 88/100 [00:11<00:01,  6.95it/s, Loss=0.2781, TrainAcc=0.9844, TestAcc=0.8373]
Training Epochs:  88%|███████████████████████████████████████████      | 88/100 [00:11<00:01,  6.95it/s, Loss=0.2735, TrainAcc=0.9854, TestAcc=0.8271]
Training Epochs:  89%|███████████████████████████████████████████▌     | 89/100 [00:11<00:01,  6.95it/s, Loss=0.2735, TrainAcc=0.9854, TestAcc=0.8271]
Training Epochs:  89%|███████████████████████████████████████████▌     | 89/100 [00:11<00:01,  6.95it/s, Loss=0.2624, TrainAcc=0.9873, TestAcc=0.8102]
Training Epochs:  90%|████████████████████████████████████████████     | 90/100 [00:11<00:01,  6.95it/s, Loss=0.2624, TrainAcc=0.9873, TestAcc=0.8102]
Training Epochs:  90%|████████████████████████████████████████████     | 90/100 [00:11<00:01,  6.95it/s, Loss=0.2947, TrainAcc=0.9854, TestAcc=0.8102]
Training Epochs:  91%|████████████████████████████████████████████▌    | 91/100 [00:11<00:01,  6.97it/s, Loss=0.2947, TrainAcc=0.9854, TestAcc=0.8102]
Training Epochs:  91%|████████████████████████████████████████████▌    | 91/100 [00:11<00:01,  6.97it/s, Loss=0.2843, TrainAcc=0.9795, TestAcc=0.8102]
Training Epochs:  92%|█████████████████████████████████████████████    | 92/100 [00:11<00:01,  6.95it/s, Loss=0.2843, TrainAcc=0.9795, TestAcc=0.8102]
Training Epochs:  92%|█████████████████████████████████████████████    | 92/100 [00:12<00:01,  6.95it/s, Loss=0.2696, TrainAcc=0.9873, TestAcc=0.7966]
Training Epochs:  93%|█████████████████████████████████████████████▌   | 93/100 [00:12<00:01,  6.94it/s, Loss=0.2696, TrainAcc=0.9873, TestAcc=0.7966]
Training Epochs:  93%|█████████████████████████████████████████████▌   | 93/100 [00:12<00:01,  6.94it/s, Loss=0.2693, TrainAcc=0.9883, TestAcc=0.8169]
Training Epochs:  94%|██████████████████████████████████████████████   | 94/100 [00:12<00:00,  6.96it/s, Loss=0.2693, TrainAcc=0.9883, TestAcc=0.8169]
Training Epochs:  94%|██████████████████████████████████████████████   | 94/100 [00:12<00:00,  6.96it/s, Loss=0.2655, TrainAcc=0.9883, TestAcc=0.7898]
Training Epochs:  95%|██████████████████████████████████████████████▌  | 95/100 [00:12<00:00,  6.94it/s, Loss=0.2655, TrainAcc=0.9883, TestAcc=0.7898]
Training Epochs:  95%|██████████████████████████████████████████████▌  | 95/100 [00:12<00:00,  6.94it/s, Loss=0.2772, TrainAcc=0.9903, TestAcc=0.8000]
Training Epochs:  96%|███████████████████████████████████████████████  | 96/100 [00:12<00:00,  6.94it/s, Loss=0.2772, TrainAcc=0.9903, TestAcc=0.8000]
Training Epochs:  96%|███████████████████████████████████████████████  | 96/100 [00:12<00:00,  6.94it/s, Loss=0.2636, TrainAcc=0.9873, TestAcc=0.7864]
Training Epochs:  97%|███████████████████████████████████████████████▌ | 97/100 [00:12<00:00,  6.95it/s, Loss=0.2636, TrainAcc=0.9873, TestAcc=0.7864]
Training Epochs:  97%|███████████████████████████████████████████████▌ | 97/100 [00:12<00:00,  6.95it/s, Loss=0.2759, TrainAcc=0.9825, TestAcc=0.8271]
Training Epochs:  98%|████████████████████████████████████████████████ | 98/100 [00:12<00:00,  6.95it/s, Loss=0.2759, TrainAcc=0.9825, TestAcc=0.8271]
Training Epochs:  98%|████████████████████████████████████████████████ | 98/100 [00:12<00:00,  6.95it/s, Loss=0.2732, TrainAcc=0.9893, TestAcc=0.8407]
Training Epochs:  99%|████████████████████████████████████████████████▌| 99/100 [00:12<00:00,  6.95it/s, Loss=0.2732, TrainAcc=0.9893, TestAcc=0.8407]
Training Epochs:  99%|████████████████████████████████████████████████▌| 99/100 [00:13<00:00,  6.95it/s, Loss=0.2596, TrainAcc=0.9903, TestAcc=0.8034]
Training Epochs: 100%|████████████████████████████████████████████████| 100/100 [00:13<00:00,  6.95it/s, Loss=0.2596, TrainAcc=0.9903, TestAcc=0.8034]
Training Epochs: 100%|████████████████████████████████████████████████| 100/100 [00:13<00:00,  7.61it/s, Loss=0.2596, TrainAcc=0.9903, TestAcc=0.8034]
{'Real': {'precision': 0.8702702702702703, 'recall': 0.8994413407821229, 'f1': 0.8846153846153846}, 'Fake': {'precision': 0.8363636363636363, 'recall': 0.7931034482758621, 'f1': 0.8141592920353983}}
====================================================================================================
run at 10-th time
seed:  10
Compared_Baselines/2019_MVAE/train_rbvt.py:85: FutureWarning: You are using `torch.load` with `weights_only=False` (the current default value), which uses the default pickle module implicitly. It is possible to construct malicious pickle data which will execute arbitrary code during unpickling (See https://github.com/pytorch/pytorch/blob/main/SECURITY.md#untrusted-models for more details). In a future release, the default value for `weights_only` will be flipped to `True`. This limits the functions that could be executed during unpickling. Arbitrary objects will no longer be allowed to be loaded via this mode unless they are explicitly allowlisted by the user via `torch.serialization.add_safe_globals`. We recommend you start setting `weights_only=True` for any use case where you don't have full control of the loaded file. Please open an issue on GitHub for any issues related to this experimental feature.
  data_pair = torch.load(dataset_path)

Training Epochs:   0%|                                                                                                        | 0/100 [00:00<?, ?it/s]
Training Epochs:   0%|                                                          | 0/100 [00:00<?, ?it/s, Loss=1.1296, TrainAcc=0.5867, TestAcc=0.7525]
Training Epochs:   1%|▌                                                 | 1/100 [00:00<00:10,  9.74it/s, Loss=1.1296, TrainAcc=0.5867, TestAcc=0.7525]
Training Epochs:   1%|▌                                                 | 1/100 [00:00<00:10,  9.74it/s, Loss=0.8031, TrainAcc=0.8002, TestAcc=0.8305]
Training Epochs:   2%|█                                                 | 2/100 [00:00<00:10,  9.07it/s, Loss=0.8031, TrainAcc=0.8002, TestAcc=0.8305]
Training Epochs:   2%|█                                                 | 2/100 [00:00<00:10,  9.07it/s, Loss=0.5773, TrainAcc=0.8869, TestAcc=0.8441]
Training Epochs:   3%|█▌                                                | 3/100 [00:00<00:11,  8.36it/s, Loss=0.5773, TrainAcc=0.8869, TestAcc=0.8441]
Training Epochs:   3%|█▌                                                | 3/100 [00:00<00:11,  8.36it/s, Loss=0.5168, TrainAcc=0.9045, TestAcc=0.8610]
Training Epochs:   4%|██                                                | 4/100 [00:00<00:12,  7.82it/s, Loss=0.5168, TrainAcc=0.9045, TestAcc=0.8610]
Training Epochs:   4%|██                                                | 4/100 [00:00<00:12,  7.82it/s, Loss=0.4471, TrainAcc=0.9357, TestAcc=0.8305]
Training Epochs:   5%|██▌                                               | 5/100 [00:00<00:12,  7.47it/s, Loss=0.4471, TrainAcc=0.9357, TestAcc=0.8305]
Training Epochs:   5%|██▌                                               | 5/100 [00:00<00:12,  7.47it/s, Loss=0.4403, TrainAcc=0.9405, TestAcc=0.8508]
Training Epochs:   6%|███                                               | 6/100 [00:00<00:12,  7.25it/s, Loss=0.4403, TrainAcc=0.9405, TestAcc=0.8508]
Training Epochs:   6%|███                                               | 6/100 [00:00<00:12,  7.25it/s, Loss=0.4103, TrainAcc=0.9483, TestAcc=0.8407]
Training Epochs:   7%|███▌                                              | 7/100 [00:00<00:12,  7.16it/s, Loss=0.4103, TrainAcc=0.9483, TestAcc=0.8407]
Training Epochs:   7%|███▌                                              | 7/100 [00:01<00:12,  7.16it/s, Loss=0.3792, TrainAcc=0.9571, TestAcc=0.8373]
Training Epochs:   8%|████                                              | 8/100 [00:01<00:12,  7.15it/s, Loss=0.3792, TrainAcc=0.9571, TestAcc=0.8373]
Training Epochs:   8%|████                                              | 8/100 [00:01<00:12,  7.15it/s, Loss=0.3592, TrainAcc=0.9581, TestAcc=0.8169]
Training Epochs:   9%|████▌                                             | 9/100 [00:01<00:12,  7.11it/s, Loss=0.3592, TrainAcc=0.9581, TestAcc=0.8169]
Training Epochs:   9%|████▌                                             | 9/100 [00:01<00:12,  7.11it/s, Loss=0.3613, TrainAcc=0.9552, TestAcc=0.8271]
Training Epochs:  10%|████▉                                            | 10/100 [00:01<00:12,  7.06it/s, Loss=0.3613, TrainAcc=0.9552, TestAcc=0.8271]
Training Epochs:  10%|████▉                                            | 10/100 [00:01<00:12,  7.06it/s, Loss=0.3228, TrainAcc=0.9786, TestAcc=0.8576]
Training Epochs:  11%|█████▍                                           | 11/100 [00:01<00:12,  7.04it/s, Loss=0.3228, TrainAcc=0.9786, TestAcc=0.8576]
Training Epochs:  11%|█████▍                                           | 11/100 [00:01<00:12,  7.04it/s, Loss=0.3496, TrainAcc=0.9571, TestAcc=0.8542]
Training Epochs:  12%|█████▉                                           | 12/100 [00:01<00:12,  7.03it/s, Loss=0.3496, TrainAcc=0.9571, TestAcc=0.8542]
Training Epochs:  12%|█████▉                                           | 12/100 [00:01<00:12,  7.03it/s, Loss=0.3782, TrainAcc=0.9571, TestAcc=0.8475]
Training Epochs:  13%|██████▎                                          | 13/100 [00:01<00:12,  7.01it/s, Loss=0.3782, TrainAcc=0.9571, TestAcc=0.8475]
Training Epochs:  13%|██████▎                                          | 13/100 [00:01<00:12,  7.01it/s, Loss=0.3795, TrainAcc=0.9552, TestAcc=0.8169]
Training Epochs:  14%|██████▊                                          | 14/100 [00:01<00:12,  7.00it/s, Loss=0.3795, TrainAcc=0.9552, TestAcc=0.8169]
Training Epochs:  14%|██████▊                                          | 14/100 [00:02<00:12,  7.00it/s, Loss=0.3410, TrainAcc=0.9669, TestAcc=0.8678]
Training Epochs:  15%|███████▎                                         | 15/100 [00:02<00:12,  6.98it/s, Loss=0.3410, TrainAcc=0.9669, TestAcc=0.8678]
Training Epochs:  15%|███████▎                                         | 15/100 [00:02<00:12,  6.98it/s, Loss=0.3324, TrainAcc=0.9717, TestAcc=0.8508]
Training Epochs:  16%|███████▊                                         | 16/100 [00:02<00:12,  6.94it/s, Loss=0.3324, TrainAcc=0.9717, TestAcc=0.8508]
Training Epochs:  16%|███████▊                                         | 16/100 [00:02<00:12,  6.94it/s, Loss=0.3132, TrainAcc=0.9737, TestAcc=0.8136]
Training Epochs:  17%|████████▎                                        | 17/100 [00:02<00:11,  6.95it/s, Loss=0.3132, TrainAcc=0.9737, TestAcc=0.8136]
Training Epochs:  17%|████████▎                                        | 17/100 [00:02<00:11,  6.95it/s, Loss=0.3291, TrainAcc=0.9678, TestAcc=0.8441]
Training Epochs:  18%|████████▊                                        | 18/100 [00:02<00:11,  6.96it/s, Loss=0.3291, TrainAcc=0.9678, TestAcc=0.8441]
Training Epochs:  18%|████████▊                                        | 18/100 [00:02<00:11,  6.96it/s, Loss=0.3196, TrainAcc=0.9688, TestAcc=0.8508]
Training Epochs:  19%|█████████▎                                       | 19/100 [00:02<00:11,  6.96it/s, Loss=0.3196, TrainAcc=0.9688, TestAcc=0.8508]
Training Epochs:  19%|█████████▎                                       | 19/100 [00:02<00:11,  6.96it/s, Loss=0.3198, TrainAcc=0.9669, TestAcc=0.8475]
Training Epochs:  20%|█████████▊                                       | 20/100 [00:02<00:11,  6.95it/s, Loss=0.3198, TrainAcc=0.9669, TestAcc=0.8475]
Training Epochs:  20%|█████████▊                                       | 20/100 [00:02<00:11,  6.95it/s, Loss=0.2998, TrainAcc=0.9737, TestAcc=0.8508]
Training Epochs:  21%|██████████▎                                      | 21/100 [00:02<00:11,  6.95it/s, Loss=0.2998, TrainAcc=0.9737, TestAcc=0.8508]
Training Epochs:  21%|██████████▎                                      | 21/100 [00:03<00:11,  6.95it/s, Loss=0.4409, TrainAcc=0.9444, TestAcc=0.8203]
Training Epochs:  22%|██████████▊                                      | 22/100 [00:03<00:11,  6.95it/s, Loss=0.4409, TrainAcc=0.9444, TestAcc=0.8203]
Training Epochs:  22%|██████████▊                                      | 22/100 [00:03<00:11,  6.95it/s, Loss=0.4329, TrainAcc=0.9454, TestAcc=0.8203]
Training Epochs:  23%|███████████▎                                     | 23/100 [00:03<00:11,  6.95it/s, Loss=0.4329, TrainAcc=0.9454, TestAcc=0.8203]
Training Epochs:  23%|███████████▎                                     | 23/100 [00:03<00:11,  6.95it/s, Loss=0.3363, TrainAcc=0.9717, TestAcc=0.8305]
Training Epochs:  24%|███████████▊                                     | 24/100 [00:03<00:10,  6.94it/s, Loss=0.3363, TrainAcc=0.9717, TestAcc=0.8305]
Training Epochs:  24%|███████████▊                                     | 24/100 [00:03<00:10,  6.94it/s, Loss=0.3312, TrainAcc=0.9727, TestAcc=0.8169]
Training Epochs:  25%|████████████▎                                    | 25/100 [00:03<00:10,  6.94it/s, Loss=0.3312, TrainAcc=0.9727, TestAcc=0.8169]
Training Epochs:  25%|████████████▎                                    | 25/100 [00:03<00:10,  6.94it/s, Loss=0.3263, TrainAcc=0.9678, TestAcc=0.8102]
Training Epochs:  26%|████████████▋                                    | 26/100 [00:03<00:10,  6.96it/s, Loss=0.3263, TrainAcc=0.9678, TestAcc=0.8102]
Training Epochs:  26%|████████████▋                                    | 26/100 [00:03<00:10,  6.96it/s, Loss=0.3130, TrainAcc=0.9805, TestAcc=0.8237]
Training Epochs:  27%|█████████████▏                                   | 27/100 [00:03<00:10,  6.95it/s, Loss=0.3130, TrainAcc=0.9805, TestAcc=0.8237]
Training Epochs:  27%|█████████████▏                                   | 27/100 [00:03<00:10,  6.95it/s, Loss=0.3102, TrainAcc=0.9766, TestAcc=0.7898]
Training Epochs:  28%|█████████████▋                                   | 28/100 [00:03<00:10,  6.94it/s, Loss=0.3102, TrainAcc=0.9766, TestAcc=0.7898]
Training Epochs:  28%|█████████████▋                                   | 28/100 [00:04<00:10,  6.94it/s, Loss=0.3178, TrainAcc=0.9708, TestAcc=0.8305]
Training Epochs:  29%|██████████████▏                                  | 29/100 [00:04<00:10,  6.92it/s, Loss=0.3178, TrainAcc=0.9708, TestAcc=0.8305]
Training Epochs:  29%|██████████████▏                                  | 29/100 [00:04<00:10,  6.92it/s, Loss=0.2967, TrainAcc=0.9825, TestAcc=0.8237]
Training Epochs:  30%|██████████████▋                                  | 30/100 [00:04<00:10,  6.94it/s, Loss=0.2967, TrainAcc=0.9825, TestAcc=0.8237]
Training Epochs:  30%|██████████████▋                                  | 30/100 [00:04<00:10,  6.94it/s, Loss=0.2959, TrainAcc=0.9844, TestAcc=0.8339]
Training Epochs:  31%|███████████████▏                                 | 31/100 [00:04<00:09,  6.95it/s, Loss=0.2959, TrainAcc=0.9844, TestAcc=0.8339]
Training Epochs:  31%|███████████████▏                                 | 31/100 [00:04<00:09,  6.95it/s, Loss=0.3082, TrainAcc=0.9737, TestAcc=0.8169]
Training Epochs:  32%|███████████████▋                                 | 32/100 [00:04<00:09,  6.94it/s, Loss=0.3082, TrainAcc=0.9737, TestAcc=0.8169]
Training Epochs:  32%|███████████████▋                                 | 32/100 [00:04<00:09,  6.94it/s, Loss=0.2903, TrainAcc=0.9786, TestAcc=0.8373]
Training Epochs:  33%|████████████████▏                                | 33/100 [00:04<00:09,  6.94it/s, Loss=0.2903, TrainAcc=0.9786, TestAcc=0.8373]
Training Epochs:  33%|████████████████▏                                | 33/100 [00:04<00:09,  6.94it/s, Loss=0.2977, TrainAcc=0.9795, TestAcc=0.7695]
Training Epochs:  34%|████████████████▋                                | 34/100 [00:04<00:09,  7.09it/s, Loss=0.2977, TrainAcc=0.9795, TestAcc=0.7695]
Training Epochs:  34%|████████████████▋                                | 34/100 [00:04<00:09,  7.09it/s, Loss=0.3217, TrainAcc=0.9678, TestAcc=0.8373]
Training Epochs:  35%|█████████████████▏                               | 35/100 [00:04<00:08,  7.77it/s, Loss=0.3217, TrainAcc=0.9678, TestAcc=0.8373]
Training Epochs:  35%|█████████████████▏                               | 35/100 [00:04<00:08,  7.77it/s, Loss=0.3111, TrainAcc=0.9727, TestAcc=0.8068]
Training Epochs:  35%|█████████████████▏                               | 35/100 [00:05<00:08,  7.77it/s, Loss=0.2985, TrainAcc=0.9756, TestAcc=0.8203]
Training Epochs:  37%|██████████████████▏                              | 37/100 [00:05<00:06,  9.00it/s, Loss=0.2985, TrainAcc=0.9756, TestAcc=0.8203]
Training Epochs:  37%|██████████████████▏                              | 37/100 [00:05<00:06,  9.00it/s, Loss=0.2974, TrainAcc=0.9786, TestAcc=0.8373]
Training Epochs:  37%|██████████████████▏                              | 37/100 [00:05<00:06,  9.00it/s, Loss=0.2920, TrainAcc=0.9786, TestAcc=0.8102]
Training Epochs:  39%|███████████████████                              | 39/100 [00:05<00:05, 10.50it/s, Loss=0.2920, TrainAcc=0.9786, TestAcc=0.8102]
Training Epochs:  39%|███████████████████                              | 39/100 [00:05<00:05, 10.50it/s, Loss=0.2881, TrainAcc=0.9854, TestAcc=0.8271]
Training Epochs:  39%|███████████████████                              | 39/100 [00:05<00:05, 10.50it/s, Loss=0.2975, TrainAcc=0.9737, TestAcc=0.8339]
Training Epochs:  41%|████████████████████                             | 41/100 [00:05<00:05, 11.02it/s, Loss=0.2975, TrainAcc=0.9737, TestAcc=0.8339]
Training Epochs:  41%|████████████████████                             | 41/100 [00:05<00:05, 11.02it/s, Loss=0.2911, TrainAcc=0.9795, TestAcc=0.8441]
Training Epochs:  41%|████████████████████                             | 41/100 [00:05<00:05, 11.02it/s, Loss=0.2720, TrainAcc=0.9932, TestAcc=0.8271]
Training Epochs:  43%|█████████████████████                            | 43/100 [00:05<00:04, 12.02it/s, Loss=0.2720, TrainAcc=0.9932, TestAcc=0.8271]
Training Epochs:  43%|█████████████████████                            | 43/100 [00:05<00:04, 12.02it/s, Loss=0.2775, TrainAcc=0.9795, TestAcc=0.8102]
Training Epochs:  43%|█████████████████████                            | 43/100 [00:05<00:04, 12.02it/s, Loss=0.2949, TrainAcc=0.9805, TestAcc=0.8305]
Training Epochs:  45%|██████████████████████                           | 45/100 [00:05<00:04, 12.87it/s, Loss=0.2949, TrainAcc=0.9805, TestAcc=0.8305]
Training Epochs:  45%|██████████████████████                           | 45/100 [00:05<00:04, 12.87it/s, Loss=0.2801, TrainAcc=0.9864, TestAcc=0.8102]
Training Epochs:  45%|██████████████████████                           | 45/100 [00:05<00:04, 12.87it/s, Loss=0.2784, TrainAcc=0.9834, TestAcc=0.8339]
Training Epochs:  47%|███████████████████████                          | 47/100 [00:05<00:04, 12.31it/s, Loss=0.2784, TrainAcc=0.9834, TestAcc=0.8339]
Training Epochs:  47%|███████████████████████                          | 47/100 [00:05<00:04, 12.31it/s, Loss=0.2713, TrainAcc=0.9854, TestAcc=0.8102]
Training Epochs:  47%|███████████████████████                          | 47/100 [00:06<00:04, 12.31it/s, Loss=0.2953, TrainAcc=0.9815, TestAcc=0.8271]
Training Epochs:  49%|████████████████████████                         | 49/100 [00:06<00:04, 11.82it/s, Loss=0.2953, TrainAcc=0.9815, TestAcc=0.8271]
Training Epochs:  49%|████████████████████████                         | 49/100 [00:06<00:04, 11.82it/s, Loss=0.2856, TrainAcc=0.9776, TestAcc=0.8407]
Training Epochs:  49%|████████████████████████                         | 49/100 [00:06<00:04, 11.82it/s, Loss=0.2771, TrainAcc=0.9805, TestAcc=0.8068]
Training Epochs:  51%|████████████████████████▉                        | 51/100 [00:06<00:03, 12.92it/s, Loss=0.2771, TrainAcc=0.9805, TestAcc=0.8068]
Training Epochs:  51%|████████████████████████▉                        | 51/100 [00:06<00:03, 12.92it/s, Loss=0.2849, TrainAcc=0.9805, TestAcc=0.8508]
Training Epochs:  51%|████████████████████████▉                        | 51/100 [00:06<00:03, 12.92it/s, Loss=0.2714, TrainAcc=0.9903, TestAcc=0.8339]
Training Epochs:  53%|█████████████████████████▉                       | 53/100 [00:06<00:03, 13.97it/s, Loss=0.2714, TrainAcc=0.9903, TestAcc=0.8339]
Training Epochs:  53%|█████████████████████████▉                       | 53/100 [00:06<00:03, 13.97it/s, Loss=0.2654, TrainAcc=0.9873, TestAcc=0.8203]
Training Epochs:  53%|█████████████████████████▉                       | 53/100 [00:06<00:03, 13.97it/s, Loss=0.2714, TrainAcc=0.9864, TestAcc=0.8373]
Training Epochs:  55%|██████████████████████████▉                      | 55/100 [00:06<00:03, 14.77it/s, Loss=0.2714, TrainAcc=0.9864, TestAcc=0.8373]
Training Epochs:  55%|██████████████████████████▉                      | 55/100 [00:06<00:03, 14.77it/s, Loss=0.2772, TrainAcc=0.9815, TestAcc=0.8203]
Training Epochs:  55%|██████████████████████████▉                      | 55/100 [00:06<00:03, 14.77it/s, Loss=0.2789, TrainAcc=0.9864, TestAcc=0.8441]
Training Epochs:  57%|███████████████████████████▉                     | 57/100 [00:06<00:02, 15.34it/s, Loss=0.2789, TrainAcc=0.9864, TestAcc=0.8441]
Training Epochs:  57%|███████████████████████████▉                     | 57/100 [00:06<00:02, 15.34it/s, Loss=0.2900, TrainAcc=0.9805, TestAcc=0.8136]
Training Epochs:  57%|███████████████████████████▉                     | 57/100 [00:06<00:02, 15.34it/s, Loss=0.2595, TrainAcc=0.9932, TestAcc=0.8508]
Training Epochs:  59%|████████████████████████████▉                    | 59/100 [00:06<00:02, 15.82it/s, Loss=0.2595, TrainAcc=0.9932, TestAcc=0.8508]
Training Epochs:  59%|████████████████████████████▉                    | 59/100 [00:06<00:02, 15.82it/s, Loss=0.2544, TrainAcc=0.9893, TestAcc=0.8271]
Training Epochs:  59%|████████████████████████████▉                    | 59/100 [00:06<00:02, 15.82it/s, Loss=0.2731, TrainAcc=0.9805, TestAcc=0.8102]
Training Epochs:  61%|█████████████████████████████▉                   | 61/100 [00:06<00:02, 15.42it/s, Loss=0.2731, TrainAcc=0.9805, TestAcc=0.8102]
Training Epochs:  61%|█████████████████████████████▉                   | 61/100 [00:06<00:02, 15.42it/s, Loss=0.2651, TrainAcc=0.9912, TestAcc=0.8373]
Training Epochs:  61%|█████████████████████████████▉                   | 61/100 [00:06<00:02, 15.42it/s, Loss=0.2563, TrainAcc=0.9903, TestAcc=0.8339]
Training Epochs:  63%|██████████████████████████████▊                  | 63/100 [00:06<00:02, 13.09it/s, Loss=0.2563, TrainAcc=0.9903, TestAcc=0.8339]
Training Epochs:  63%|██████████████████████████████▊                  | 63/100 [00:07<00:02, 13.09it/s, Loss=0.2467, TrainAcc=0.9903, TestAcc=0.8305]
Training Epochs:  63%|██████████████████████████████▊                  | 63/100 [00:07<00:02, 13.09it/s, Loss=0.2379, TrainAcc=0.9932, TestAcc=0.8136]
Training Epochs:  65%|███████████████████████████████▊                 | 65/100 [00:07<00:03, 10.80it/s, Loss=0.2379, TrainAcc=0.9932, TestAcc=0.8136]
Training Epochs:  65%|███████████████████████████████▊                 | 65/100 [00:07<00:03, 10.80it/s, Loss=0.2433, TrainAcc=0.9912, TestAcc=0.8508]
Training Epochs:  65%|███████████████████████████████▊                 | 65/100 [00:07<00:03, 10.80it/s, Loss=0.2412, TrainAcc=0.9932, TestAcc=0.8542]
Training Epochs:  67%|████████████████████████████████▊                | 67/100 [00:07<00:03,  9.20it/s, Loss=0.2412, TrainAcc=0.9932, TestAcc=0.8542]
Training Epochs:  67%|████████████████████████████████▊                | 67/100 [00:07<00:03,  9.20it/s, Loss=0.2354, TrainAcc=0.9932, TestAcc=0.8373]
Training Epochs:  67%|████████████████████████████████▊                | 67/100 [00:07<00:03,  9.20it/s, Loss=0.2423, TrainAcc=0.9893, TestAcc=0.8203]
Training Epochs:  69%|█████████████████████████████████▊               | 69/100 [00:07<00:03,  8.20it/s, Loss=0.2423, TrainAcc=0.9893, TestAcc=0.8203]
Training Epochs:  69%|█████████████████████████████████▊               | 69/100 [00:07<00:03,  8.20it/s, Loss=0.2432, TrainAcc=0.9912, TestAcc=0.8610]
Training Epochs:  70%|██████████████████████████████████▎              | 70/100 [00:07<00:03,  7.92it/s, Loss=0.2432, TrainAcc=0.9912, TestAcc=0.8610]
Training Epochs:  70%|██████████████████████████████████▎              | 70/100 [00:08<00:03,  7.92it/s, Loss=0.2383, TrainAcc=0.9922, TestAcc=0.8475]
Training Epochs:  71%|██████████████████████████████████▊              | 71/100 [00:08<00:03,  7.65it/s, Loss=0.2383, TrainAcc=0.9922, TestAcc=0.8475]
Training Epochs:  71%|██████████████████████████████████▊              | 71/100 [00:08<00:03,  7.65it/s, Loss=0.2233, TrainAcc=0.9971, TestAcc=0.8339]
Training Epochs:  72%|███████████████████████████████████▎             | 72/100 [00:08<00:03,  7.38it/s, Loss=0.2233, TrainAcc=0.9971, TestAcc=0.8339]
Training Epochs:  72%|███████████████████████████████████▎             | 72/100 [00:08<00:03,  7.38it/s, Loss=0.2395, TrainAcc=0.9883, TestAcc=0.8508]
Training Epochs:  73%|███████████████████████████████████▊             | 73/100 [00:08<00:03,  7.16it/s, Loss=0.2395, TrainAcc=0.9883, TestAcc=0.8508]
Training Epochs:  73%|███████████████████████████████████▊             | 73/100 [00:08<00:03,  7.16it/s, Loss=0.2474, TrainAcc=0.9883, TestAcc=0.8441]
Training Epochs:  74%|████████████████████████████████████▎            | 74/100 [00:08<00:03,  6.98it/s, Loss=0.2474, TrainAcc=0.9883, TestAcc=0.8441]
Training Epochs:  74%|████████████████████████████████████▎            | 74/100 [00:08<00:03,  6.98it/s, Loss=0.2329, TrainAcc=0.9932, TestAcc=0.8373]
Training Epochs:  75%|████████████████████████████████████▊            | 75/100 [00:08<00:03,  6.98it/s, Loss=0.2329, TrainAcc=0.9932, TestAcc=0.8373]
Training Epochs:  75%|████████████████████████████████████▊            | 75/100 [00:08<00:03,  6.98it/s, Loss=0.2516, TrainAcc=0.9844, TestAcc=0.8576]
Training Epochs:  76%|█████████████████████████████████████▏           | 76/100 [00:08<00:03,  7.02it/s, Loss=0.2516, TrainAcc=0.9844, TestAcc=0.8576]
Training Epochs:  76%|█████████████████████████████████████▏           | 76/100 [00:08<00:03,  7.02it/s, Loss=0.2465, TrainAcc=0.9912, TestAcc=0.8169]
Training Epochs:  77%|█████████████████████████████████████▋           | 77/100 [00:08<00:03,  7.03it/s, Loss=0.2465, TrainAcc=0.9912, TestAcc=0.8169]
Training Epochs:  77%|█████████████████████████████████████▋           | 77/100 [00:09<00:03,  7.03it/s, Loss=0.2442, TrainAcc=0.9912, TestAcc=0.8373]
Training Epochs:  78%|██████████████████████████████████████▏          | 78/100 [00:09<00:03,  7.13it/s, Loss=0.2442, TrainAcc=0.9912, TestAcc=0.8373]
Training Epochs:  78%|██████████████████████████████████████▏          | 78/100 [00:09<00:03,  7.13it/s, Loss=0.2207, TrainAcc=0.9981, TestAcc=0.8441]
Training Epochs:  79%|██████████████████████████████████████▋          | 79/100 [00:09<00:02,  7.03it/s, Loss=0.2207, TrainAcc=0.9981, TestAcc=0.8441]
Training Epochs:  79%|██████████████████████████████████████▋          | 79/100 [00:09<00:02,  7.03it/s, Loss=0.2300, TrainAcc=0.9932, TestAcc=0.8407]
Training Epochs:  80%|███████████████████████████████████████▏         | 80/100 [00:09<00:02,  6.97it/s, Loss=0.2300, TrainAcc=0.9932, TestAcc=0.8407]
Training Epochs:  80%|███████████████████████████████████████▏         | 80/100 [00:09<00:02,  6.97it/s, Loss=0.2200, TrainAcc=0.9961, TestAcc=0.8508]
Training Epochs:  81%|███████████████████████████████████████▋         | 81/100 [00:09<00:02,  6.91it/s, Loss=0.2200, TrainAcc=0.9961, TestAcc=0.8508]
Training Epochs:  81%|███████████████████████████████████████▋         | 81/100 [00:09<00:02,  6.91it/s, Loss=0.2222, TrainAcc=0.9971, TestAcc=0.8305]
Training Epochs:  82%|████████████████████████████████████████▏        | 82/100 [00:09<00:02,  6.89it/s, Loss=0.2222, TrainAcc=0.9971, TestAcc=0.8305]
Training Epochs:  82%|████████████████████████████████████████▏        | 82/100 [00:09<00:02,  6.89it/s, Loss=0.2212, TrainAcc=0.9971, TestAcc=0.8542]
Training Epochs:  83%|████████████████████████████████████████▋        | 83/100 [00:09<00:02,  6.85it/s, Loss=0.2212, TrainAcc=0.9971, TestAcc=0.8542]
Training Epochs:  83%|████████████████████████████████████████▋        | 83/100 [00:10<00:02,  6.85it/s, Loss=0.2156, TrainAcc=0.9981, TestAcc=0.8441]
Training Epochs:  84%|█████████████████████████████████████████▏       | 84/100 [00:10<00:02,  6.80it/s, Loss=0.2156, TrainAcc=0.9981, TestAcc=0.8441]
Training Epochs:  84%|█████████████████████████████████████████▏       | 84/100 [00:10<00:02,  6.80it/s, Loss=0.2122, TrainAcc=0.9971, TestAcc=0.8237]
Training Epochs:  85%|█████████████████████████████████████████▋       | 85/100 [00:10<00:02,  6.77it/s, Loss=0.2122, TrainAcc=0.9971, TestAcc=0.8237]
Training Epochs:  85%|█████████████████████████████████████████▋       | 85/100 [00:10<00:02,  6.77it/s, Loss=0.2160, TrainAcc=0.9961, TestAcc=0.8169]
Training Epochs:  86%|██████████████████████████████████████████▏      | 86/100 [00:10<00:02,  6.80it/s, Loss=0.2160, TrainAcc=0.9961, TestAcc=0.8169]
Training Epochs:  86%|██████████████████████████████████████████▏      | 86/100 [00:10<00:02,  6.80it/s, Loss=0.2287, TrainAcc=0.9922, TestAcc=0.8305]
Training Epochs:  87%|██████████████████████████████████████████▋      | 87/100 [00:10<00:01,  6.79it/s, Loss=0.2287, TrainAcc=0.9922, TestAcc=0.8305]
Training Epochs:  87%|██████████████████████████████████████████▋      | 87/100 [00:10<00:01,  6.79it/s, Loss=0.2225, TrainAcc=0.9922, TestAcc=0.8203]
Training Epochs:  88%|███████████████████████████████████████████      | 88/100 [00:10<00:01,  6.76it/s, Loss=0.2225, TrainAcc=0.9922, TestAcc=0.8203]
Training Epochs:  88%|███████████████████████████████████████████      | 88/100 [00:10<00:01,  6.76it/s, Loss=0.2329, TrainAcc=0.9903, TestAcc=0.8508]
Training Epochs:  89%|███████████████████████████████████████████▌     | 89/100 [00:10<00:01,  6.76it/s, Loss=0.2329, TrainAcc=0.9903, TestAcc=0.8508]
Training Epochs:  89%|███████████████████████████████████████████▌     | 89/100 [00:10<00:01,  6.76it/s, Loss=0.2386, TrainAcc=0.9932, TestAcc=0.8339]
Training Epochs:  90%|████████████████████████████████████████████     | 90/100 [00:10<00:01,  6.78it/s, Loss=0.2386, TrainAcc=0.9932, TestAcc=0.8339]
Training Epochs:  90%|████████████████████████████████████████████     | 90/100 [00:11<00:01,  6.78it/s, Loss=0.2362, TrainAcc=0.9864, TestAcc=0.8339]
Training Epochs:  91%|████████████████████████████████████████████▌    | 91/100 [00:11<00:01,  6.83it/s, Loss=0.2362, TrainAcc=0.9864, TestAcc=0.8339]
Training Epochs:  91%|████████████████████████████████████████████▌    | 91/100 [00:11<00:01,  6.83it/s, Loss=0.2298, TrainAcc=0.9922, TestAcc=0.8169]
Training Epochs:  92%|█████████████████████████████████████████████    | 92/100 [00:11<00:01,  6.86it/s, Loss=0.2298, TrainAcc=0.9922, TestAcc=0.8169]
Training Epochs:  92%|█████████████████████████████████████████████    | 92/100 [00:11<00:01,  6.86it/s, Loss=0.2288, TrainAcc=0.9961, TestAcc=0.8373]
Training Epochs:  93%|█████████████████████████████████████████████▌   | 93/100 [00:11<00:01,  6.86it/s, Loss=0.2288, TrainAcc=0.9961, TestAcc=0.8373]
Training Epochs:  93%|█████████████████████████████████████████████▌   | 93/100 [00:11<00:01,  6.86it/s, Loss=0.2251, TrainAcc=0.9903, TestAcc=0.8068]
Training Epochs:  94%|██████████████████████████████████████████████   | 94/100 [00:11<00:00,  6.85it/s, Loss=0.2251, TrainAcc=0.9903, TestAcc=0.8068]
Training Epochs:  94%|██████████████████████████████████████████████   | 94/100 [00:11<00:00,  6.85it/s, Loss=0.2264, TrainAcc=0.9922, TestAcc=0.8407]
Training Epochs:  95%|██████████████████████████████████████████████▌  | 95/100 [00:11<00:00,  6.81it/s, Loss=0.2264, TrainAcc=0.9922, TestAcc=0.8407]
Training Epochs:  95%|██████████████████████████████████████████████▌  | 95/100 [00:11<00:00,  6.81it/s, Loss=0.2243, TrainAcc=0.9951, TestAcc=0.8271]
Training Epochs:  96%|███████████████████████████████████████████████  | 96/100 [00:11<00:00,  6.80it/s, Loss=0.2243, TrainAcc=0.9951, TestAcc=0.8271]
Training Epochs:  96%|███████████████████████████████████████████████  | 96/100 [00:11<00:00,  6.80it/s, Loss=0.2150, TrainAcc=0.9981, TestAcc=0.8169]
Training Epochs:  97%|███████████████████████████████████████████████▌ | 97/100 [00:11<00:00,  6.81it/s, Loss=0.2150, TrainAcc=0.9981, TestAcc=0.8169]
Training Epochs:  97%|███████████████████████████████████████████████▌ | 97/100 [00:12<00:00,  6.81it/s, Loss=0.2288, TrainAcc=0.9903, TestAcc=0.8373]
Training Epochs:  98%|████████████████████████████████████████████████ | 98/100 [00:12<00:00,  6.81it/s, Loss=0.2288, TrainAcc=0.9903, TestAcc=0.8373]
Training Epochs:  98%|████████████████████████████████████████████████ | 98/100 [00:12<00:00,  6.81it/s, Loss=0.2149, TrainAcc=0.9961, TestAcc=0.8475]
Training Epochs:  99%|████████████████████████████████████████████████▌| 99/100 [00:12<00:00,  6.79it/s, Loss=0.2149, TrainAcc=0.9961, TestAcc=0.8475]
Training Epochs:  99%|████████████████████████████████████████████████▌| 99/100 [00:12<00:00,  6.79it/s, Loss=0.2189, TrainAcc=0.9942, TestAcc=0.8373]
Training Epochs: 100%|████████████████████████████████████████████████| 100/100 [00:12<00:00,  6.78it/s, Loss=0.2189, TrainAcc=0.9942, TestAcc=0.8373]
Training Epochs: 100%|████████████████████████████████████████████████| 100/100 [00:12<00:00,  8.09it/s, Loss=0.2189, TrainAcc=0.9942, TestAcc=0.8373]
{'Real': {'precision': 0.8888888888888888, 'recall': 0.8938547486033519, 'f1': 0.8913649025069638}, 'Fake': {'precision': 0.8347826086956521, 'recall': 0.8275862068965517, 'f1': 0.8311688311688312}}
====================================================================================================

📊 Final Results (over 10 runs):
            Accuracy: 86.98 ± 0.87
    Precision (Fake): 85.14 ± 1.38
    Recall    (Fake): 81.12 ± 3.35
    F1-score  (Fake): 83.02 ± 1.48
    Precision (Real): 88.17 ± 1.72
    Recall    (Real): 90.78 ± 1.23
    F1-score  (Real): 89.44 ± 0.61
