nohup: ignoring input
dataset_name:  weibo

Training Epochs:   0%|                                                                                                        | 0/100 [00:00<?, ?it/s]
Training Epochs:   0%|                                                          | 0/100 [00:01<?, ?it/s, Loss=1.1469, TrainAcc=0.5887, TestAcc=0.6542]
Training Epochs:   1%|▌                                                 | 1/100 [00:01<02:02,  1.23s/it, Loss=1.1469, TrainAcc=0.5887, TestAcc=0.6542]
Training Epochs:   1%|▌                                                 | 1/100 [00:01<02:02,  1.23s/it, Loss=0.9695, TrainAcc=0.6725, TestAcc=0.7051]
Training Epochs:   2%|█                                                 | 2/100 [00:01<00:57,  1.71it/s, Loss=0.9695, TrainAcc=0.6725, TestAcc=0.7051]
Training Epochs:   2%|█                                                 | 2/100 [00:01<00:57,  1.71it/s, Loss=0.9040, TrainAcc=0.7008, TestAcc=0.7254]
Training Epochs:   3%|█▌                                                | 3/100 [00:01<00:36,  2.63it/s, Loss=0.9040, TrainAcc=0.7008, TestAcc=0.7254]
Training Epochs:   3%|█▌                                                | 3/100 [00:01<00:36,  2.63it/s, Loss=0.8285, TrainAcc=0.7641, TestAcc=0.6949]
Training Epochs:   4%|██                                                | 4/100 [00:01<00:27,  3.47it/s, Loss=0.8285, TrainAcc=0.7641, TestAcc=0.6949]
Training Epochs:   4%|██                                                | 4/100 [00:01<00:27,  3.47it/s, Loss=0.7646, TrainAcc=0.7875, TestAcc=0.6847]
Training Epochs:   5%|██▌                                               | 5/100 [00:01<00:22,  4.20it/s, Loss=0.7646, TrainAcc=0.7875, TestAcc=0.6847]
Training Epochs:   5%|██▌                                               | 5/100 [00:01<00:22,  4.20it/s, Loss=0.7610, TrainAcc=0.7992, TestAcc=0.7220]
Training Epochs:   6%|███                                               | 6/100 [00:01<00:19,  4.85it/s, Loss=0.7610, TrainAcc=0.7992, TestAcc=0.7220]
Training Epochs:   6%|███                                               | 6/100 [00:02<00:19,  4.85it/s, Loss=0.7238, TrainAcc=0.8197, TestAcc=0.7153]
Training Epochs:   7%|███▌                                              | 7/100 [00:02<00:17,  5.35it/s, Loss=0.7238, TrainAcc=0.8197, TestAcc=0.7153]
Training Epochs:   7%|███▌                                              | 7/100 [00:02<00:17,  5.35it/s, Loss=0.7558, TrainAcc=0.8158, TestAcc=0.7390]
Training Epochs:   8%|████                                              | 8/100 [00:02<00:15,  6.13it/s, Loss=0.7558, TrainAcc=0.8158, TestAcc=0.7390]
Training Epochs:   8%|████                                              | 8/100 [00:02<00:15,  6.13it/s, Loss=0.7385, TrainAcc=0.8197, TestAcc=0.7390]
Training Epochs:   9%|████▌                                             | 9/100 [00:02<00:13,  6.58it/s, Loss=0.7385, TrainAcc=0.8197, TestAcc=0.7390]
Training Epochs:   9%|████▌                                             | 9/100 [00:02<00:13,  6.58it/s, Loss=0.7039, TrainAcc=0.8382, TestAcc=0.7153]
Training Epochs:  10%|████▉                                            | 10/100 [00:02<00:13,  6.75it/s, Loss=0.7039, TrainAcc=0.8382, TestAcc=0.7153]
Training Epochs:  10%|████▉                                            | 10/100 [00:02<00:13,  6.75it/s, Loss=0.6844, TrainAcc=0.8499, TestAcc=0.7458]
Training Epochs:  11%|█████▍                                           | 11/100 [00:02<00:13,  6.79it/s, Loss=0.6844, TrainAcc=0.8499, TestAcc=0.7458]
Training Epochs:  11%|█████▍                                           | 11/100 [00:02<00:13,  6.79it/s, Loss=0.6642, TrainAcc=0.8577, TestAcc=0.7424]
Training Epochs:  12%|█████▉                                           | 12/100 [00:02<00:12,  6.80it/s, Loss=0.6642, TrainAcc=0.8577, TestAcc=0.7424]
Training Epochs:  12%|█████▉                                           | 12/100 [00:02<00:12,  6.80it/s, Loss=0.6744, TrainAcc=0.8402, TestAcc=0.7288]
Training Epochs:  13%|██████▎                                          | 13/100 [00:02<00:12,  6.78it/s, Loss=0.6744, TrainAcc=0.8402, TestAcc=0.7288]
Training Epochs:  13%|██████▎                                          | 13/100 [00:03<00:12,  6.78it/s, Loss=0.6298, TrainAcc=0.8626, TestAcc=0.7695]
Training Epochs:  14%|██████▊                                          | 14/100 [00:03<00:12,  6.77it/s, Loss=0.6298, TrainAcc=0.8626, TestAcc=0.7695]
Training Epochs:  14%|██████▊                                          | 14/100 [00:03<00:12,  6.77it/s, Loss=0.6267, TrainAcc=0.8694, TestAcc=0.7390]
Training Epochs:  15%|███████▎                                         | 15/100 [00:03<00:11,  7.20it/s, Loss=0.6267, TrainAcc=0.8694, TestAcc=0.7390]
Training Epochs:  15%|███████▎                                         | 15/100 [00:03<00:11,  7.20it/s, Loss=0.6248, TrainAcc=0.8811, TestAcc=0.7356]
Training Epochs:  16%|███████▊                                         | 16/100 [00:03<00:10,  7.64it/s, Loss=0.6248, TrainAcc=0.8811, TestAcc=0.7356]
Training Epochs:  16%|███████▊                                         | 16/100 [00:03<00:10,  7.64it/s, Loss=0.6525, TrainAcc=0.8382, TestAcc=0.7898]
Training Epochs:  17%|████████▎                                        | 17/100 [00:03<00:10,  7.99it/s, Loss=0.6525, TrainAcc=0.8382, TestAcc=0.7898]
Training Epochs:  17%|████████▎                                        | 17/100 [00:03<00:10,  7.99it/s, Loss=0.6317, TrainAcc=0.8782, TestAcc=0.6949]
Training Epochs:  18%|████████▊                                        | 18/100 [00:03<00:09,  8.26it/s, Loss=0.6317, TrainAcc=0.8782, TestAcc=0.6949]
Training Epochs:  18%|████████▊                                        | 18/100 [00:03<00:09,  8.26it/s, Loss=0.6211, TrainAcc=0.8723, TestAcc=0.7559]
Training Epochs:  19%|█████████▎                                       | 19/100 [00:03<00:09,  8.10it/s, Loss=0.6211, TrainAcc=0.8723, TestAcc=0.7559]
Training Epochs:  19%|█████████▎                                       | 19/100 [00:03<00:09,  8.10it/s, Loss=0.6102, TrainAcc=0.8879, TestAcc=0.7458]
Training Epochs:  20%|█████████▊                                       | 20/100 [00:03<00:10,  7.81it/s, Loss=0.6102, TrainAcc=0.8879, TestAcc=0.7458]
Training Epochs:  20%|█████████▊                                       | 20/100 [00:03<00:10,  7.81it/s, Loss=0.5734, TrainAcc=0.8928, TestAcc=0.7424]
Training Epochs:  21%|██████████▎                                      | 21/100 [00:03<00:10,  7.53it/s, Loss=0.5734, TrainAcc=0.8928, TestAcc=0.7424]
Training Epochs:  21%|██████████▎                                      | 21/100 [00:04<00:10,  7.53it/s, Loss=0.6015, TrainAcc=0.8811, TestAcc=0.7288]
Training Epochs:  22%|██████████▊                                      | 22/100 [00:04<00:10,  7.21it/s, Loss=0.6015, TrainAcc=0.8811, TestAcc=0.7288]
Training Epochs:  22%|██████████▊                                      | 22/100 [00:04<00:10,  7.21it/s, Loss=0.5634, TrainAcc=0.8899, TestAcc=0.7797]
Training Epochs:  23%|███████████▎                                     | 23/100 [00:04<00:10,  7.54it/s, Loss=0.5634, TrainAcc=0.8899, TestAcc=0.7797]
Training Epochs:  23%|███████████▎                                     | 23/100 [00:04<00:10,  7.54it/s, Loss=0.5933, TrainAcc=0.8850, TestAcc=0.7288]
Training Epochs:  24%|███████████▊                                     | 24/100 [00:04<00:10,  7.44it/s, Loss=0.5933, TrainAcc=0.8850, TestAcc=0.7288]
Training Epochs:  24%|███████████▊                                     | 24/100 [00:04<00:10,  7.44it/s, Loss=0.5777, TrainAcc=0.8977, TestAcc=0.7220]
Training Epochs:  25%|████████████▎                                    | 25/100 [00:04<00:09,  7.83it/s, Loss=0.5777, TrainAcc=0.8977, TestAcc=0.7220]
Training Epochs:  25%|████████████▎                                    | 25/100 [00:04<00:09,  7.83it/s, Loss=0.5956, TrainAcc=0.8860, TestAcc=0.7559]
Training Epochs:  26%|████████████▋                                    | 26/100 [00:04<00:09,  8.02it/s, Loss=0.5956, TrainAcc=0.8860, TestAcc=0.7559]
Training Epochs:  26%|████████████▋                                    | 26/100 [00:04<00:09,  8.02it/s, Loss=0.6224, TrainAcc=0.8645, TestAcc=0.6915]
Training Epochs:  27%|█████████████▏                                   | 27/100 [00:04<00:09,  7.84it/s, Loss=0.6224, TrainAcc=0.8645, TestAcc=0.6915]
Training Epochs:  27%|█████████████▏                                   | 27/100 [00:04<00:09,  7.84it/s, Loss=0.6172, TrainAcc=0.8762, TestAcc=0.7424]
Training Epochs:  28%|█████████████▋                                   | 28/100 [00:04<00:09,  7.60it/s, Loss=0.6172, TrainAcc=0.8762, TestAcc=0.7424]
Training Epochs:  28%|█████████████▋                                   | 28/100 [00:04<00:09,  7.60it/s, Loss=0.5517, TrainAcc=0.9074, TestAcc=0.7017]
Training Epochs:  29%|██████████████▏                                  | 29/100 [00:04<00:09,  7.39it/s, Loss=0.5517, TrainAcc=0.9074, TestAcc=0.7017]
Training Epochs:  29%|██████████████▏                                  | 29/100 [00:05<00:09,  7.39it/s, Loss=0.5547, TrainAcc=0.9094, TestAcc=0.7085]
Training Epochs:  30%|██████████████▋                                  | 30/100 [00:05<00:09,  7.39it/s, Loss=0.5547, TrainAcc=0.9094, TestAcc=0.7085]
Training Epochs:  30%|██████████████▋                                  | 30/100 [00:05<00:09,  7.39it/s, Loss=0.6003, TrainAcc=0.8928, TestAcc=0.7525]
Training Epochs:  31%|███████████████▏                                 | 31/100 [00:05<00:08,  7.76it/s, Loss=0.6003, TrainAcc=0.8928, TestAcc=0.7525]
Training Epochs:  31%|███████████████▏                                 | 31/100 [00:05<00:08,  7.76it/s, Loss=0.5692, TrainAcc=0.9084, TestAcc=0.7186]
Training Epochs:  32%|███████████████▋                                 | 32/100 [00:05<00:08,  7.68it/s, Loss=0.5692, TrainAcc=0.9084, TestAcc=0.7186]
Training Epochs:  32%|███████████████▋                                 | 32/100 [00:05<00:08,  7.68it/s, Loss=0.5253, TrainAcc=0.9250, TestAcc=0.7017]
Training Epochs:  33%|████████████████▏                                | 33/100 [00:05<00:08,  7.52it/s, Loss=0.5253, TrainAcc=0.9250, TestAcc=0.7017]
Training Epochs:  33%|████████████████▏                                | 33/100 [00:05<00:08,  7.52it/s, Loss=0.5948, TrainAcc=0.8850, TestAcc=0.7525]
Training Epochs:  34%|████████████████▋                                | 34/100 [00:05<00:09,  7.33it/s, Loss=0.5948, TrainAcc=0.8850, TestAcc=0.7525]
Training Epochs:  34%|████████████████▋                                | 34/100 [00:05<00:09,  7.33it/s, Loss=0.5259, TrainAcc=0.9084, TestAcc=0.7390]
Training Epochs:  35%|█████████████████▏                               | 35/100 [00:05<00:09,  7.15it/s, Loss=0.5259, TrainAcc=0.9084, TestAcc=0.7390]
Training Epochs:  35%|█████████████████▏                               | 35/100 [00:05<00:09,  7.15it/s, Loss=0.5854, TrainAcc=0.8899, TestAcc=0.7525]
Training Epochs:  36%|█████████████████▋                               | 36/100 [00:05<00:09,  7.04it/s, Loss=0.5854, TrainAcc=0.8899, TestAcc=0.7525]
Training Epochs:  36%|█████████████████▋                               | 36/100 [00:06<00:09,  7.04it/s, Loss=0.5538, TrainAcc=0.9064, TestAcc=0.7220]
Training Epochs:  37%|██████████████████▏                              | 37/100 [00:06<00:09,  6.96it/s, Loss=0.5538, TrainAcc=0.9064, TestAcc=0.7220]
Training Epochs:  37%|██████████████████▏                              | 37/100 [00:06<00:09,  6.96it/s, Loss=0.5616, TrainAcc=0.9016, TestAcc=0.7492]
Training Epochs:  38%|██████████████████▌                              | 38/100 [00:06<00:08,  7.07it/s, Loss=0.5616, TrainAcc=0.9016, TestAcc=0.7492]
Training Epochs:  38%|██████████████████▌                              | 38/100 [00:06<00:08,  7.07it/s, Loss=0.5219, TrainAcc=0.9220, TestAcc=0.7424]
Training Epochs:  39%|███████████████████                              | 39/100 [00:06<00:08,  7.01it/s, Loss=0.5219, TrainAcc=0.9220, TestAcc=0.7424]
Training Epochs:  39%|███████████████████                              | 39/100 [00:06<00:08,  7.01it/s, Loss=0.5306, TrainAcc=0.9279, TestAcc=0.7525]
Training Epochs:  40%|███████████████████▌                             | 40/100 [00:06<00:08,  7.00it/s, Loss=0.5306, TrainAcc=0.9279, TestAcc=0.7525]
Training Epochs:  40%|███████████████████▌                             | 40/100 [00:06<00:08,  7.00it/s, Loss=0.5350, TrainAcc=0.9172, TestAcc=0.7695]
Training Epochs:  41%|████████████████████                             | 41/100 [00:06<00:08,  6.93it/s, Loss=0.5350, TrainAcc=0.9172, TestAcc=0.7695]
Training Epochs:  41%|████████████████████                             | 41/100 [00:06<00:08,  6.93it/s, Loss=0.5485, TrainAcc=0.9055, TestAcc=0.7356]
Training Epochs:  42%|████████████████████▌                            | 42/100 [00:06<00:08,  6.90it/s, Loss=0.5485, TrainAcc=0.9055, TestAcc=0.7356]
Training Epochs:  42%|████████████████████▌                            | 42/100 [00:06<00:08,  6.90it/s, Loss=0.5364, TrainAcc=0.9162, TestAcc=0.7322]
Training Epochs:  43%|█████████████████████                            | 43/100 [00:06<00:08,  6.86it/s, Loss=0.5364, TrainAcc=0.9162, TestAcc=0.7322]
Training Epochs:  43%|█████████████████████                            | 43/100 [00:07<00:08,  6.86it/s, Loss=0.5374, TrainAcc=0.9269, TestAcc=0.7220]
Training Epochs:  44%|█████████████████████▌                           | 44/100 [00:07<00:08,  6.92it/s, Loss=0.5374, TrainAcc=0.9269, TestAcc=0.7220]
Training Epochs:  44%|█████████████████████▌                           | 44/100 [00:07<00:08,  6.92it/s, Loss=0.5422, TrainAcc=0.9162, TestAcc=0.7322]
Training Epochs:  45%|██████████████████████                           | 45/100 [00:07<00:07,  7.41it/s, Loss=0.5422, TrainAcc=0.9162, TestAcc=0.7322]
Training Epochs:  45%|██████████████████████                           | 45/100 [00:07<00:07,  7.41it/s, Loss=0.5220, TrainAcc=0.9211, TestAcc=0.7322]
Training Epochs:  46%|██████████████████████▌                          | 46/100 [00:07<00:07,  7.51it/s, Loss=0.5220, TrainAcc=0.9211, TestAcc=0.7322]
Training Epochs:  46%|██████████████████████▌                          | 46/100 [00:07<00:07,  7.51it/s, Loss=0.5271, TrainAcc=0.9288, TestAcc=0.7424]
Training Epochs:  47%|███████████████████████                          | 47/100 [00:07<00:07,  7.37it/s, Loss=0.5271, TrainAcc=0.9288, TestAcc=0.7424]
Training Epochs:  47%|███████████████████████                          | 47/100 [00:07<00:07,  7.37it/s, Loss=0.5373, TrainAcc=0.9113, TestAcc=0.7593]
Training Epochs:  48%|███████████████████████▌                         | 48/100 [00:07<00:07,  7.25it/s, Loss=0.5373, TrainAcc=0.9113, TestAcc=0.7593]
Training Epochs:  48%|███████████████████████▌                         | 48/100 [00:07<00:07,  7.25it/s, Loss=0.5397, TrainAcc=0.9094, TestAcc=0.7525]
Training Epochs:  49%|████████████████████████                         | 49/100 [00:07<00:07,  7.11it/s, Loss=0.5397, TrainAcc=0.9094, TestAcc=0.7525]
Training Epochs:  49%|████████████████████████                         | 49/100 [00:07<00:07,  7.11it/s, Loss=0.5552, TrainAcc=0.9064, TestAcc=0.7627]
Training Epochs:  50%|████████████████████████▌                        | 50/100 [00:07<00:07,  7.01it/s, Loss=0.5552, TrainAcc=0.9064, TestAcc=0.7627]
Training Epochs:  50%|████████████████████████▌                        | 50/100 [00:08<00:07,  7.01it/s, Loss=0.5509, TrainAcc=0.9064, TestAcc=0.7390]
Training Epochs:  51%|████████████████████████▉                        | 51/100 [00:08<00:07,  6.94it/s, Loss=0.5509, TrainAcc=0.9064, TestAcc=0.7390]
Training Epochs:  51%|████████████████████████▉                        | 51/100 [00:08<00:07,  6.94it/s, Loss=0.5668, TrainAcc=0.9074, TestAcc=0.7763]
Training Epochs:  52%|█████████████████████████▍                       | 52/100 [00:08<00:06,  7.04it/s, Loss=0.5668, TrainAcc=0.9074, TestAcc=0.7763]
Training Epochs:  52%|█████████████████████████▍                       | 52/100 [00:08<00:06,  7.04it/s, Loss=0.5533, TrainAcc=0.9152, TestAcc=0.7254]
Training Epochs:  53%|█████████████████████████▉                       | 53/100 [00:08<00:06,  7.05it/s, Loss=0.5533, TrainAcc=0.9152, TestAcc=0.7254]
Training Epochs:  53%|█████████████████████████▉                       | 53/100 [00:08<00:06,  7.05it/s, Loss=0.5442, TrainAcc=0.9084, TestAcc=0.7593]
Training Epochs:  54%|██████████████████████████▍                      | 54/100 [00:08<00:06,  7.00it/s, Loss=0.5442, TrainAcc=0.9084, TestAcc=0.7593]
Training Epochs:  54%|██████████████████████████▍                      | 54/100 [00:08<00:06,  7.00it/s, Loss=0.5136, TrainAcc=0.9347, TestAcc=0.7864]
Training Epochs:  55%|██████████████████████████▉                      | 55/100 [00:08<00:06,  6.92it/s, Loss=0.5136, TrainAcc=0.9347, TestAcc=0.7864]
Training Epochs:  55%|██████████████████████████▉                      | 55/100 [00:08<00:06,  6.92it/s, Loss=0.5322, TrainAcc=0.9172, TestAcc=0.7492]
Training Epochs:  56%|███████████████████████████▍                     | 56/100 [00:08<00:06,  6.81it/s, Loss=0.5322, TrainAcc=0.9172, TestAcc=0.7492]
Training Epochs:  56%|███████████████████████████▍                     | 56/100 [00:08<00:06,  6.81it/s, Loss=0.5346, TrainAcc=0.9133, TestAcc=0.7153]
Training Epochs:  57%|███████████████████████████▉                     | 57/100 [00:08<00:06,  6.79it/s, Loss=0.5346, TrainAcc=0.9133, TestAcc=0.7153]
Training Epochs:  57%|███████████████████████████▉                     | 57/100 [00:09<00:06,  6.79it/s, Loss=0.5476, TrainAcc=0.9035, TestAcc=0.7559]
Training Epochs:  58%|████████████████████████████▍                    | 58/100 [00:09<00:06,  6.80it/s, Loss=0.5476, TrainAcc=0.9035, TestAcc=0.7559]
Training Epochs:  58%|████████████████████████████▍                    | 58/100 [00:09<00:06,  6.80it/s, Loss=0.5271, TrainAcc=0.9152, TestAcc=0.7492]
Training Epochs:  59%|████████████████████████████▉                    | 59/100 [00:09<00:05,  6.96it/s, Loss=0.5271, TrainAcc=0.9152, TestAcc=0.7492]
Training Epochs:  59%|████████████████████████████▉                    | 59/100 [00:09<00:05,  6.96it/s, Loss=0.5143, TrainAcc=0.9201, TestAcc=0.7627]
Training Epochs:  60%|█████████████████████████████▍                   | 60/100 [00:09<00:05,  6.97it/s, Loss=0.5143, TrainAcc=0.9201, TestAcc=0.7627]
Training Epochs:  60%|█████████████████████████████▍                   | 60/100 [00:09<00:05,  6.97it/s, Loss=0.5545, TrainAcc=0.8986, TestAcc=0.7729]
Training Epochs:  61%|█████████████████████████████▉                   | 61/100 [00:09<00:05,  6.95it/s, Loss=0.5545, TrainAcc=0.8986, TestAcc=0.7729]
Training Epochs:  61%|█████████████████████████████▉                   | 61/100 [00:09<00:05,  6.95it/s, Loss=0.5367, TrainAcc=0.9181, TestAcc=0.7593]
Training Epochs:  62%|██████████████████████████████▍                  | 62/100 [00:09<00:05,  6.90it/s, Loss=0.5367, TrainAcc=0.9181, TestAcc=0.7593]
Training Epochs:  62%|██████████████████████████████▍                  | 62/100 [00:09<00:05,  6.90it/s, Loss=0.5271, TrainAcc=0.9133, TestAcc=0.7356]
Training Epochs:  63%|██████████████████████████████▊                  | 63/100 [00:09<00:05,  6.85it/s, Loss=0.5271, TrainAcc=0.9133, TestAcc=0.7356]
Training Epochs:  63%|██████████████████████████████▊                  | 63/100 [00:09<00:05,  6.85it/s, Loss=0.5257, TrainAcc=0.9133, TestAcc=0.7763]
Training Epochs:  64%|███████████████████████████████▎                 | 64/100 [00:09<00:05,  6.86it/s, Loss=0.5257, TrainAcc=0.9133, TestAcc=0.7763]
Training Epochs:  64%|███████████████████████████████▎                 | 64/100 [00:10<00:05,  6.86it/s, Loss=0.5398, TrainAcc=0.9084, TestAcc=0.7220]
Training Epochs:  65%|███████████████████████████████▊                 | 65/100 [00:10<00:05,  6.88it/s, Loss=0.5398, TrainAcc=0.9084, TestAcc=0.7220]
Training Epochs:  65%|███████████████████████████████▊                 | 65/100 [00:10<00:05,  6.88it/s, Loss=0.5735, TrainAcc=0.8967, TestAcc=0.6983]
Training Epochs:  66%|████████████████████████████████▎                | 66/100 [00:10<00:04,  7.34it/s, Loss=0.5735, TrainAcc=0.8967, TestAcc=0.6983]
Training Epochs:  66%|████████████████████████████████▎                | 66/100 [00:10<00:04,  7.34it/s, Loss=0.5776, TrainAcc=0.8860, TestAcc=0.7220]
Training Epochs:  67%|████████████████████████████████▊                | 67/100 [00:10<00:04,  7.71it/s, Loss=0.5776, TrainAcc=0.8860, TestAcc=0.7220]
Training Epochs:  67%|████████████████████████████████▊                | 67/100 [00:10<00:04,  7.71it/s, Loss=0.5681, TrainAcc=0.8850, TestAcc=0.7356]
Training Epochs:  68%|█████████████████████████████████▎               | 68/100 [00:10<00:03,  8.02it/s, Loss=0.5681, TrainAcc=0.8850, TestAcc=0.7356]
Training Epochs:  68%|█████████████████████████████████▎               | 68/100 [00:10<00:03,  8.02it/s, Loss=0.5461, TrainAcc=0.9035, TestAcc=0.7254]
Training Epochs:  69%|█████████████████████████████████▊               | 69/100 [00:10<00:03,  8.27it/s, Loss=0.5461, TrainAcc=0.9035, TestAcc=0.7254]
Training Epochs:  69%|█████████████████████████████████▊               | 69/100 [00:10<00:03,  8.27it/s, Loss=0.5470, TrainAcc=0.9084, TestAcc=0.7593]
Training Epochs:  70%|██████████████████████████████████▎              | 70/100 [00:10<00:03,  8.41it/s, Loss=0.5470, TrainAcc=0.9084, TestAcc=0.7593]
Training Epochs:  70%|██████████████████████████████████▎              | 70/100 [00:10<00:03,  8.41it/s, Loss=0.5357, TrainAcc=0.9103, TestAcc=0.7390]
Training Epochs:  71%|██████████████████████████████████▊              | 71/100 [00:10<00:03,  8.53it/s, Loss=0.5357, TrainAcc=0.9103, TestAcc=0.7390]
Training Epochs:  71%|██████████████████████████████████▊              | 71/100 [00:10<00:03,  8.53it/s, Loss=0.5291, TrainAcc=0.9191, TestAcc=0.7186]
Training Epochs:  72%|███████████████████████████████████▎             | 72/100 [00:10<00:03,  8.33it/s, Loss=0.5291, TrainAcc=0.9191, TestAcc=0.7186]
Training Epochs:  72%|███████████████████████████████████▎             | 72/100 [00:11<00:03,  8.33it/s, Loss=0.5837, TrainAcc=0.8850, TestAcc=0.7254]
Training Epochs:  73%|███████████████████████████████████▊             | 73/100 [00:11<00:03,  7.97it/s, Loss=0.5837, TrainAcc=0.8850, TestAcc=0.7254]
Training Epochs:  73%|███████████████████████████████████▊             | 73/100 [00:11<00:03,  7.97it/s, Loss=0.5746, TrainAcc=0.8957, TestAcc=0.7119]
Training Epochs:  74%|████████████████████████████████████▎            | 74/100 [00:11<00:03,  8.01it/s, Loss=0.5746, TrainAcc=0.8957, TestAcc=0.7119]
Training Epochs:  74%|████████████████████████████████████▎            | 74/100 [00:11<00:03,  8.01it/s, Loss=0.5540, TrainAcc=0.8977, TestAcc=0.7254]
Training Epochs:  75%|████████████████████████████████████▊            | 75/100 [00:11<00:03,  7.81it/s, Loss=0.5540, TrainAcc=0.8977, TestAcc=0.7254]
Training Epochs:  75%|████████████████████████████████████▊            | 75/100 [00:11<00:03,  7.81it/s, Loss=0.5815, TrainAcc=0.8918, TestAcc=0.7424]
Training Epochs:  76%|█████████████████████████████████████▏           | 76/100 [00:11<00:03,  7.58it/s, Loss=0.5815, TrainAcc=0.8918, TestAcc=0.7424]
Training Epochs:  76%|█████████████████████████████████████▏           | 76/100 [00:11<00:03,  7.58it/s, Loss=0.5740, TrainAcc=0.8977, TestAcc=0.7220]
Training Epochs:  77%|█████████████████████████████████████▋           | 77/100 [00:11<00:03,  7.41it/s, Loss=0.5740, TrainAcc=0.8977, TestAcc=0.7220]
Training Epochs:  77%|█████████████████████████████████████▋           | 77/100 [00:11<00:03,  7.41it/s, Loss=0.5390, TrainAcc=0.9055, TestAcc=0.7593]
Training Epochs:  78%|██████████████████████████████████████▏          | 78/100 [00:11<00:03,  6.71it/s, Loss=0.5390, TrainAcc=0.9055, TestAcc=0.7593]
Training Epochs:  78%|██████████████████████████████████████▏          | 78/100 [00:11<00:03,  6.71it/s, Loss=0.5241, TrainAcc=0.9133, TestAcc=0.7763]
Training Epochs:  79%|██████████████████████████████████████▋          | 79/100 [00:11<00:03,  6.41it/s, Loss=0.5241, TrainAcc=0.9133, TestAcc=0.7763]
Training Epochs:  79%|██████████████████████████████████████▋          | 79/100 [00:12<00:03,  6.41it/s, Loss=0.4900, TrainAcc=0.9288, TestAcc=0.7593]
Training Epochs:  80%|███████████████████████████████████████▏         | 80/100 [00:12<00:03,  6.40it/s, Loss=0.4900, TrainAcc=0.9288, TestAcc=0.7593]
Training Epochs:  80%|███████████████████████████████████████▏         | 80/100 [00:12<00:03,  6.40it/s, Loss=0.5445, TrainAcc=0.9123, TestAcc=0.7593]
Training Epochs:  81%|███████████████████████████████████████▋         | 81/100 [00:12<00:02,  6.53it/s, Loss=0.5445, TrainAcc=0.9123, TestAcc=0.7593]
Training Epochs:  81%|███████████████████████████████████████▋         | 81/100 [00:12<00:02,  6.53it/s, Loss=0.5071, TrainAcc=0.9269, TestAcc=0.7695]
Training Epochs:  82%|████████████████████████████████████████▏        | 82/100 [00:12<00:02,  6.63it/s, Loss=0.5071, TrainAcc=0.9269, TestAcc=0.7695]
Training Epochs:  82%|████████████████████████████████████████▏        | 82/100 [00:12<00:02,  6.63it/s, Loss=0.4932, TrainAcc=0.9327, TestAcc=0.7627]
Training Epochs:  83%|████████████████████████████████████████▋        | 83/100 [00:12<00:02,  6.68it/s, Loss=0.4932, TrainAcc=0.9327, TestAcc=0.7627]
Training Epochs:  83%|████████████████████████████████████████▋        | 83/100 [00:12<00:02,  6.68it/s, Loss=0.4943, TrainAcc=0.9298, TestAcc=0.7661]
Training Epochs:  84%|█████████████████████████████████████████▏       | 84/100 [00:12<00:02,  6.67it/s, Loss=0.4943, TrainAcc=0.9298, TestAcc=0.7661]
Training Epochs:  84%|█████████████████████████████████████████▏       | 84/100 [00:12<00:02,  6.67it/s, Loss=0.4987, TrainAcc=0.9211, TestAcc=0.7593]
Training Epochs:  85%|█████████████████████████████████████████▋       | 85/100 [00:12<00:02,  6.71it/s, Loss=0.4987, TrainAcc=0.9211, TestAcc=0.7593]
Training Epochs:  85%|█████████████████████████████████████████▋       | 85/100 [00:12<00:02,  6.71it/s, Loss=0.4989, TrainAcc=0.9240, TestAcc=0.7492]
Training Epochs:  86%|██████████████████████████████████████████▏      | 86/100 [00:12<00:02,  6.72it/s, Loss=0.4989, TrainAcc=0.9240, TestAcc=0.7492]
Training Epochs:  86%|██████████████████████████████████████████▏      | 86/100 [00:13<00:02,  6.72it/s, Loss=0.4974, TrainAcc=0.9220, TestAcc=0.7763]
Training Epochs:  87%|██████████████████████████████████████████▋      | 87/100 [00:13<00:01,  6.71it/s, Loss=0.4974, TrainAcc=0.9220, TestAcc=0.7763]
Training Epochs:  87%|██████████████████████████████████████████▋      | 87/100 [00:13<00:01,  6.71it/s, Loss=0.4981, TrainAcc=0.9259, TestAcc=0.7695]
Training Epochs:  88%|███████████████████████████████████████████      | 88/100 [00:13<00:01,  6.71it/s, Loss=0.4981, TrainAcc=0.9259, TestAcc=0.7695]
Training Epochs:  88%|███████████████████████████████████████████      | 88/100 [00:13<00:01,  6.71it/s, Loss=0.5053, TrainAcc=0.9240, TestAcc=0.7593]
Training Epochs:  89%|███████████████████████████████████████████▌     | 89/100 [00:13<00:01,  6.70it/s, Loss=0.5053, TrainAcc=0.9240, TestAcc=0.7593]
Training Epochs:  89%|███████████████████████████████████████████▌     | 89/100 [00:13<00:01,  6.70it/s, Loss=0.5058, TrainAcc=0.9162, TestAcc=0.7695]
Training Epochs:  90%|████████████████████████████████████████████     | 90/100 [00:13<00:01,  6.73it/s, Loss=0.5058, TrainAcc=0.9162, TestAcc=0.7695]
Training Epochs:  90%|████████████████████████████████████████████     | 90/100 [00:13<00:01,  6.73it/s, Loss=0.4910, TrainAcc=0.9327, TestAcc=0.7661]
Training Epochs:  91%|████████████████████████████████████████████▌    | 91/100 [00:13<00:01,  6.74it/s, Loss=0.4910, TrainAcc=0.9327, TestAcc=0.7661]
Training Epochs:  91%|████████████████████████████████████████████▌    | 91/100 [00:13<00:01,  6.74it/s, Loss=0.4856, TrainAcc=0.9269, TestAcc=0.7424]
Training Epochs:  92%|█████████████████████████████████████████████    | 92/100 [00:13<00:01,  6.74it/s, Loss=0.4856, TrainAcc=0.9269, TestAcc=0.7424]
Training Epochs:  92%|█████████████████████████████████████████████    | 92/100 [00:14<00:01,  6.74it/s, Loss=0.4751, TrainAcc=0.9347, TestAcc=0.7288]
Training Epochs:  93%|█████████████████████████████████████████████▌   | 93/100 [00:14<00:01,  6.73it/s, Loss=0.4751, TrainAcc=0.9347, TestAcc=0.7288]
Training Epochs:  93%|█████████████████████████████████████████████▌   | 93/100 [00:14<00:01,  6.73it/s, Loss=0.4934, TrainAcc=0.9347, TestAcc=0.7729]
Training Epochs:  94%|██████████████████████████████████████████████   | 94/100 [00:14<00:00,  6.73it/s, Loss=0.4934, TrainAcc=0.9347, TestAcc=0.7729]
Training Epochs:  94%|██████████████████████████████████████████████   | 94/100 [00:14<00:00,  6.73it/s, Loss=0.4933, TrainAcc=0.9337, TestAcc=0.6983]
Training Epochs:  95%|██████████████████████████████████████████████▌  | 95/100 [00:14<00:00,  6.73it/s, Loss=0.4933, TrainAcc=0.9337, TestAcc=0.6983]
Training Epochs:  95%|██████████████████████████████████████████████▌  | 95/100 [00:14<00:00,  6.73it/s, Loss=0.5061, TrainAcc=0.9103, TestAcc=0.7288]
Training Epochs:  96%|███████████████████████████████████████████████  | 96/100 [00:14<00:00,  6.72it/s, Loss=0.5061, TrainAcc=0.9103, TestAcc=0.7288]
Training Epochs:  96%|███████████████████████████████████████████████  | 96/100 [00:14<00:00,  6.72it/s, Loss=0.4959, TrainAcc=0.9318, TestAcc=0.7220]
Training Epochs:  97%|███████████████████████████████████████████████▌ | 97/100 [00:14<00:00,  6.73it/s, Loss=0.4959, TrainAcc=0.9318, TestAcc=0.7220]
Training Epochs:  97%|███████████████████████████████████████████████▌ | 97/100 [00:14<00:00,  6.73it/s, Loss=0.4707, TrainAcc=0.9415, TestAcc=0.7627]
Training Epochs:  98%|████████████████████████████████████████████████ | 98/100 [00:14<00:00,  6.74it/s, Loss=0.4707, TrainAcc=0.9415, TestAcc=0.7627]
Training Epochs:  98%|████████████████████████████████████████████████ | 98/100 [00:14<00:00,  6.74it/s, Loss=0.4683, TrainAcc=0.9425, TestAcc=0.7593]
Training Epochs:  99%|████████████████████████████████████████████████▌| 99/100 [00:14<00:00,  6.75it/s, Loss=0.4683, TrainAcc=0.9425, TestAcc=0.7593]
Training Epochs:  99%|████████████████████████████████████████████████▌| 99/100 [00:15<00:00,  6.75it/s, Loss=0.4701, TrainAcc=0.9405, TestAcc=0.7661]
Training Epochs: 100%|████████████████████████████████████████████████| 100/100 [00:15<00:00,  6.75it/s, Loss=0.4701, TrainAcc=0.9405, TestAcc=0.7661]
Training Epochs: 100%|████████████████████████████████████████████████| 100/100 [00:15<00:00,  6.64it/s, Loss=0.4701, TrainAcc=0.9405, TestAcc=0.7661]
{'Real': {'precision': np.float64(0.782608695652174), 'recall': np.float64(0.9050279329608939), 'f1': np.float64(0.8393782383419689)}, 'Fake': {'precision': np.float64(0.8068181818181818), 'recall': np.float64(0.6120689655172413), 'f1': np.float64(0.696078431372549)}}

Training Epochs:   0%|                                                                                                        | 0/100 [00:00<?, ?it/s]
Training Epochs:   0%|                                                          | 0/100 [00:00<?, ?it/s, Loss=1.1529, TrainAcc=0.5916, TestAcc=0.6610]
Training Epochs:   0%|                                                          | 0/100 [00:00<?, ?it/s, Loss=0.9604, TrainAcc=0.6823, TestAcc=0.7051]
Training Epochs:   2%|█                                                 | 2/100 [00:00<00:10,  9.61it/s, Loss=0.9604, TrainAcc=0.6823, TestAcc=0.7051]
Training Epochs:   2%|█                                                 | 2/100 [00:00<00:10,  9.61it/s, Loss=0.8876, TrainAcc=0.7115, TestAcc=0.7119]
Training Epochs:   3%|█▌                                                | 3/100 [00:00<00:10,  9.12it/s, Loss=0.8876, TrainAcc=0.7115, TestAcc=0.7119]
Training Epochs:   3%|█▌                                                | 3/100 [00:00<00:10,  9.12it/s, Loss=0.8618, TrainAcc=0.7417, TestAcc=0.6814]
Training Epochs:   4%|██                                                | 4/100 [00:00<00:11,  8.44it/s, Loss=0.8618, TrainAcc=0.7417, TestAcc=0.6814]
Training Epochs:   4%|██                                                | 4/100 [00:00<00:11,  8.44it/s, Loss=0.7867, TrainAcc=0.7865, TestAcc=0.7559]
Training Epochs:   5%|██▌                                               | 5/100 [00:00<00:11,  7.93it/s, Loss=0.7867, TrainAcc=0.7865, TestAcc=0.7559]
Training Epochs:   5%|██▌                                               | 5/100 [00:00<00:11,  7.93it/s, Loss=0.7557, TrainAcc=0.7904, TestAcc=0.6915]
Training Epochs:   6%|███                                               | 6/100 [00:00<00:12,  7.57it/s, Loss=0.7557, TrainAcc=0.7904, TestAcc=0.6915]
Training Epochs:   6%|███                                               | 6/100 [00:00<00:12,  7.57it/s, Loss=0.7451, TrainAcc=0.8099, TestAcc=0.7051]
Training Epochs:   7%|███▌                                              | 7/100 [00:00<00:12,  7.29it/s, Loss=0.7451, TrainAcc=0.8099, TestAcc=0.7051]
Training Epochs:   7%|███▌                                              | 7/100 [00:01<00:12,  7.29it/s, Loss=0.7119, TrainAcc=0.8333, TestAcc=0.7051]
Training Epochs:   8%|████                                              | 8/100 [00:01<00:12,  7.12it/s, Loss=0.7119, TrainAcc=0.8333, TestAcc=0.7051]
Training Epochs:   8%|████                                              | 8/100 [00:01<00:12,  7.12it/s, Loss=0.6955, TrainAcc=0.8236, TestAcc=0.7153]
Training Epochs:   9%|████▌                                             | 9/100 [00:01<00:12,  7.02it/s, Loss=0.6955, TrainAcc=0.8236, TestAcc=0.7153]
Training Epochs:   9%|████▌                                             | 9/100 [00:01<00:12,  7.02it/s, Loss=0.6626, TrainAcc=0.8499, TestAcc=0.7119]
Training Epochs:  10%|████▉                                            | 10/100 [00:01<00:12,  6.96it/s, Loss=0.6626, TrainAcc=0.8499, TestAcc=0.7119]
Training Epochs:  10%|████▉                                            | 10/100 [00:01<00:12,  6.96it/s, Loss=0.6543, TrainAcc=0.8528, TestAcc=0.7797]
Training Epochs:  11%|█████▍                                           | 11/100 [00:01<00:12,  6.91it/s, Loss=0.6543, TrainAcc=0.8528, TestAcc=0.7797]
Training Epochs:  11%|█████▍                                           | 11/100 [00:01<00:12,  6.91it/s, Loss=0.6584, TrainAcc=0.8519, TestAcc=0.7424]
Training Epochs:  12%|█████▉                                           | 12/100 [00:01<00:12,  6.82it/s, Loss=0.6584, TrainAcc=0.8519, TestAcc=0.7424]
Training Epochs:  12%|█████▉                                           | 12/100 [00:01<00:12,  6.82it/s, Loss=0.6457, TrainAcc=0.8577, TestAcc=0.7153]
Training Epochs:  13%|██████▎                                          | 13/100 [00:01<00:12,  6.79it/s, Loss=0.6457, TrainAcc=0.8577, TestAcc=0.7153]
Training Epochs:  13%|██████▎                                          | 13/100 [00:01<00:12,  6.79it/s, Loss=0.6669, TrainAcc=0.8567, TestAcc=0.7220]
Training Epochs:  14%|██████▊                                          | 14/100 [00:01<00:12,  6.78it/s, Loss=0.6669, TrainAcc=0.8567, TestAcc=0.7220]
Training Epochs:  14%|██████▊                                          | 14/100 [00:02<00:12,  6.78it/s, Loss=0.6484, TrainAcc=0.8743, TestAcc=0.7322]
Training Epochs:  15%|███████▎                                         | 15/100 [00:02<00:12,  6.79it/s, Loss=0.6484, TrainAcc=0.8743, TestAcc=0.7322]
Training Epochs:  15%|███████▎                                         | 15/100 [00:02<00:12,  6.79it/s, Loss=0.6562, TrainAcc=0.8606, TestAcc=0.7322]
Training Epochs:  16%|███████▊                                         | 16/100 [00:02<00:12,  6.81it/s, Loss=0.6562, TrainAcc=0.8606, TestAcc=0.7322]
Training Epochs:  16%|███████▊                                         | 16/100 [00:02<00:12,  6.81it/s, Loss=0.6315, TrainAcc=0.8723, TestAcc=0.6949]
Training Epochs:  17%|████████▎                                        | 17/100 [00:02<00:12,  6.80it/s, Loss=0.6315, TrainAcc=0.8723, TestAcc=0.6949]
Training Epochs:  17%|████████▎                                        | 17/100 [00:02<00:12,  6.80it/s, Loss=0.6134, TrainAcc=0.8762, TestAcc=0.7186]
Training Epochs:  18%|████████▊                                        | 18/100 [00:02<00:12,  6.81it/s, Loss=0.6134, TrainAcc=0.8762, TestAcc=0.7186]
Training Epochs:  18%|████████▊                                        | 18/100 [00:02<00:12,  6.81it/s, Loss=0.5837, TrainAcc=0.8986, TestAcc=0.7492]
Training Epochs:  19%|█████████▎                                       | 19/100 [00:02<00:11,  6.79it/s, Loss=0.5837, TrainAcc=0.8986, TestAcc=0.7492]
Training Epochs:  19%|█████████▎                                       | 19/100 [00:02<00:11,  6.79it/s, Loss=0.6182, TrainAcc=0.8752, TestAcc=0.7492]
Training Epochs:  20%|█████████▊                                       | 20/100 [00:02<00:11,  6.77it/s, Loss=0.6182, TrainAcc=0.8752, TestAcc=0.7492]
Training Epochs:  20%|█████████▊                                       | 20/100 [00:02<00:11,  6.77it/s, Loss=0.6276, TrainAcc=0.8879, TestAcc=0.7492]
Training Epochs:  21%|██████████▎                                      | 21/100 [00:02<00:11,  6.76it/s, Loss=0.6276, TrainAcc=0.8879, TestAcc=0.7492]
Training Epochs:  21%|██████████▎                                      | 21/100 [00:03<00:11,  6.76it/s, Loss=0.6331, TrainAcc=0.8674, TestAcc=0.7661]
Training Epochs:  22%|██████████▊                                      | 22/100 [00:03<00:11,  6.78it/s, Loss=0.6331, TrainAcc=0.8674, TestAcc=0.7661]
Training Epochs:  22%|██████████▊                                      | 22/100 [00:03<00:11,  6.78it/s, Loss=0.6082, TrainAcc=0.8860, TestAcc=0.7864]
Training Epochs:  23%|███████████▎                                     | 23/100 [00:03<00:11,  6.79it/s, Loss=0.6082, TrainAcc=0.8860, TestAcc=0.7864]
Training Epochs:  23%|███████████▎                                     | 23/100 [00:03<00:11,  6.79it/s, Loss=0.6197, TrainAcc=0.8743, TestAcc=0.7356]
Training Epochs:  24%|███████████▊                                     | 24/100 [00:03<00:11,  6.78it/s, Loss=0.6197, TrainAcc=0.8743, TestAcc=0.7356]
Training Epochs:  24%|███████████▊                                     | 24/100 [00:03<00:11,  6.78it/s, Loss=0.5905, TrainAcc=0.8996, TestAcc=0.7525]
Training Epochs:  25%|████████████▎                                    | 25/100 [00:03<00:11,  6.79it/s, Loss=0.5905, TrainAcc=0.8996, TestAcc=0.7525]
Training Epochs:  25%|████████████▎                                    | 25/100 [00:03<00:11,  6.79it/s, Loss=0.5796, TrainAcc=0.8928, TestAcc=0.7559]
Training Epochs:  26%|████████████▋                                    | 26/100 [00:03<00:10,  6.76it/s, Loss=0.5796, TrainAcc=0.8928, TestAcc=0.7559]
Training Epochs:  26%|████████████▋                                    | 26/100 [00:03<00:10,  6.76it/s, Loss=0.5882, TrainAcc=0.8899, TestAcc=0.7220]
Training Epochs:  27%|█████████████▏                                   | 27/100 [00:03<00:10,  6.72it/s, Loss=0.5882, TrainAcc=0.8899, TestAcc=0.7220]
Training Epochs:  27%|█████████████▏                                   | 27/100 [00:03<00:10,  6.72it/s, Loss=0.5714, TrainAcc=0.8938, TestAcc=0.7627]
Training Epochs:  28%|█████████████▋                                   | 28/100 [00:03<00:10,  6.74it/s, Loss=0.5714, TrainAcc=0.8938, TestAcc=0.7627]
Training Epochs:  28%|█████████████▋                                   | 28/100 [00:04<00:10,  6.74it/s, Loss=0.5911, TrainAcc=0.8967, TestAcc=0.7424]
Training Epochs:  29%|██████████████▏                                  | 29/100 [00:04<00:10,  6.76it/s, Loss=0.5911, TrainAcc=0.8967, TestAcc=0.7424]
Training Epochs:  29%|██████████████▏                                  | 29/100 [00:04<00:10,  6.76it/s, Loss=0.5455, TrainAcc=0.9035, TestAcc=0.7220]
Training Epochs:  30%|██████████████▋                                  | 30/100 [00:04<00:10,  6.76it/s, Loss=0.5455, TrainAcc=0.9035, TestAcc=0.7220]
Training Epochs:  30%|██████████████▋                                  | 30/100 [00:04<00:10,  6.76it/s, Loss=0.5502, TrainAcc=0.8977, TestAcc=0.7627]
Training Epochs:  31%|███████████████▏                                 | 31/100 [00:04<00:10,  6.76it/s, Loss=0.5502, TrainAcc=0.8977, TestAcc=0.7627]
Training Epochs:  31%|███████████████▏                                 | 31/100 [00:04<00:10,  6.76it/s, Loss=0.5399, TrainAcc=0.9201, TestAcc=0.7729]
Training Epochs:  32%|███████████████▋                                 | 32/100 [00:04<00:10,  6.76it/s, Loss=0.5399, TrainAcc=0.9201, TestAcc=0.7729]
Training Epochs:  32%|███████████████▋                                 | 32/100 [00:04<00:10,  6.76it/s, Loss=0.5577, TrainAcc=0.9084, TestAcc=0.7525]
Training Epochs:  33%|████████████████▏                                | 33/100 [00:04<00:09,  6.75it/s, Loss=0.5577, TrainAcc=0.9084, TestAcc=0.7525]
Training Epochs:  33%|████████████████▏                                | 33/100 [00:04<00:09,  6.75it/s, Loss=0.5710, TrainAcc=0.8977, TestAcc=0.7525]
Training Epochs:  34%|████████████████▋                                | 34/100 [00:04<00:09,  6.74it/s, Loss=0.5710, TrainAcc=0.8977, TestAcc=0.7525]
Training Epochs:  34%|████████████████▋                                | 34/100 [00:05<00:09,  6.74it/s, Loss=0.5412, TrainAcc=0.9064, TestAcc=0.7356]
Training Epochs:  35%|█████████████████▏                               | 35/100 [00:05<00:09,  6.70it/s, Loss=0.5412, TrainAcc=0.9064, TestAcc=0.7356]
Training Epochs:  35%|█████████████████▏                               | 35/100 [00:05<00:09,  6.70it/s, Loss=0.5719, TrainAcc=0.9025, TestAcc=0.7593]
Training Epochs:  36%|█████████████████▋                               | 36/100 [00:05<00:09,  6.69it/s, Loss=0.5719, TrainAcc=0.9025, TestAcc=0.7593]
Training Epochs:  36%|█████████████████▋                               | 36/100 [00:05<00:09,  6.69it/s, Loss=0.5750, TrainAcc=0.8967, TestAcc=0.7559]
Training Epochs:  37%|██████████████████▏                              | 37/100 [00:05<00:09,  6.69it/s, Loss=0.5750, TrainAcc=0.8967, TestAcc=0.7559]
Training Epochs:  37%|██████████████████▏                              | 37/100 [00:05<00:09,  6.69it/s, Loss=0.6279, TrainAcc=0.8704, TestAcc=0.7220]
Training Epochs:  38%|██████████████████▌                              | 38/100 [00:05<00:09,  6.70it/s, Loss=0.6279, TrainAcc=0.8704, TestAcc=0.7220]
Training Epochs:  38%|██████████████████▌                              | 38/100 [00:05<00:09,  6.70it/s, Loss=0.5942, TrainAcc=0.8791, TestAcc=0.7492]
Training Epochs:  39%|███████████████████                              | 39/100 [00:05<00:09,  6.71it/s, Loss=0.5942, TrainAcc=0.8791, TestAcc=0.7492]
Training Epochs:  39%|███████████████████                              | 39/100 [00:05<00:09,  6.71it/s, Loss=0.5869, TrainAcc=0.8879, TestAcc=0.7797]
Training Epochs:  40%|███████████████████▌                             | 40/100 [00:05<00:08,  6.73it/s, Loss=0.5869, TrainAcc=0.8879, TestAcc=0.7797]
Training Epochs:  40%|███████████████████▌                             | 40/100 [00:05<00:08,  6.73it/s, Loss=0.5564, TrainAcc=0.9152, TestAcc=0.7729]
Training Epochs:  41%|████████████████████                             | 41/100 [00:05<00:08,  6.73it/s, Loss=0.5564, TrainAcc=0.9152, TestAcc=0.7729]
Training Epochs:  41%|████████████████████                             | 41/100 [00:06<00:08,  6.73it/s, Loss=0.5429, TrainAcc=0.9142, TestAcc=0.7695]
Training Epochs:  42%|████████████████████▌                            | 42/100 [00:06<00:08,  6.75it/s, Loss=0.5429, TrainAcc=0.9142, TestAcc=0.7695]
Training Epochs:  42%|████████████████████▌                            | 42/100 [00:06<00:08,  6.75it/s, Loss=0.6004, TrainAcc=0.8957, TestAcc=0.7458]
Training Epochs:  43%|█████████████████████                            | 43/100 [00:06<00:08,  6.79it/s, Loss=0.6004, TrainAcc=0.8957, TestAcc=0.7458]
Training Epochs:  43%|█████████████████████                            | 43/100 [00:06<00:08,  6.79it/s, Loss=0.5681, TrainAcc=0.8908, TestAcc=0.7627]
Training Epochs:  44%|█████████████████████▌                           | 44/100 [00:06<00:08,  6.77it/s, Loss=0.5681, TrainAcc=0.8908, TestAcc=0.7627]
Training Epochs:  44%|█████████████████████▌                           | 44/100 [00:06<00:08,  6.77it/s, Loss=0.5708, TrainAcc=0.9074, TestAcc=0.7186]
Training Epochs:  45%|██████████████████████                           | 45/100 [00:06<00:08,  6.78it/s, Loss=0.5708, TrainAcc=0.9074, TestAcc=0.7186]
Training Epochs:  45%|██████████████████████                           | 45/100 [00:06<00:08,  6.78it/s, Loss=0.5649, TrainAcc=0.9113, TestAcc=0.7186]
Training Epochs:  46%|██████████████████████▌                          | 46/100 [00:06<00:07,  6.76it/s, Loss=0.5649, TrainAcc=0.9113, TestAcc=0.7186]
Training Epochs:  46%|██████████████████████▌                          | 46/100 [00:06<00:07,  6.76it/s, Loss=0.5453, TrainAcc=0.9103, TestAcc=0.7627]
Training Epochs:  47%|███████████████████████                          | 47/100 [00:06<00:07,  6.75it/s, Loss=0.5453, TrainAcc=0.9103, TestAcc=0.7627]
Training Epochs:  47%|███████████████████████                          | 47/100 [00:06<00:07,  6.75it/s, Loss=0.5385, TrainAcc=0.9103, TestAcc=0.7695]
Training Epochs:  48%|███████████████████████▌                         | 48/100 [00:06<00:07,  6.73it/s, Loss=0.5385, TrainAcc=0.9103, TestAcc=0.7695]
Training Epochs:  48%|███████████████████████▌                         | 48/100 [00:07<00:07,  6.73it/s, Loss=0.5258, TrainAcc=0.9201, TestAcc=0.7085]
Training Epochs:  49%|████████████████████████                         | 49/100 [00:07<00:07,  6.74it/s, Loss=0.5258, TrainAcc=0.9201, TestAcc=0.7085]
Training Epochs:  49%|████████████████████████                         | 49/100 [00:07<00:07,  6.74it/s, Loss=0.5430, TrainAcc=0.9045, TestAcc=0.7288]
Training Epochs:  50%|████████████████████████▌                        | 50/100 [00:07<00:07,  6.73it/s, Loss=0.5430, TrainAcc=0.9045, TestAcc=0.7288]
Training Epochs:  50%|████████████████████████▌                        | 50/100 [00:07<00:07,  6.73it/s, Loss=0.6203, TrainAcc=0.9016, TestAcc=0.7424]
Training Epochs:  51%|████████████████████████▉                        | 51/100 [00:07<00:07,  6.75it/s, Loss=0.6203, TrainAcc=0.9016, TestAcc=0.7424]
Training Epochs:  51%|████████████████████████▉                        | 51/100 [00:07<00:07,  6.75it/s, Loss=0.5721, TrainAcc=0.9172, TestAcc=0.7729]
Training Epochs:  52%|█████████████████████████▍                       | 52/100 [00:07<00:07,  6.62it/s, Loss=0.5721, TrainAcc=0.9172, TestAcc=0.7729]
Training Epochs:  52%|█████████████████████████▍                       | 52/100 [00:07<00:07,  6.62it/s, Loss=0.5962, TrainAcc=0.8840, TestAcc=0.7153]
Training Epochs:  53%|█████████████████████████▉                       | 53/100 [00:07<00:07,  6.62it/s, Loss=0.5962, TrainAcc=0.8840, TestAcc=0.7153]
Training Epochs:  53%|█████████████████████████▉                       | 53/100 [00:07<00:07,  6.62it/s, Loss=0.6129, TrainAcc=0.8918, TestAcc=0.7220]
Training Epochs:  54%|██████████████████████████▍                      | 54/100 [00:07<00:06,  6.70it/s, Loss=0.6129, TrainAcc=0.8918, TestAcc=0.7220]
Training Epochs:  54%|██████████████████████████▍                      | 54/100 [00:08<00:06,  6.70it/s, Loss=0.5805, TrainAcc=0.8938, TestAcc=0.7356]
Training Epochs:  55%|██████████████████████████▉                      | 55/100 [00:08<00:06,  6.75it/s, Loss=0.5805, TrainAcc=0.8938, TestAcc=0.7356]
Training Epochs:  55%|██████████████████████████▉                      | 55/100 [00:08<00:06,  6.75it/s, Loss=0.5644, TrainAcc=0.8899, TestAcc=0.7492]
Training Epochs:  56%|███████████████████████████▍                     | 56/100 [00:08<00:06,  6.76it/s, Loss=0.5644, TrainAcc=0.8899, TestAcc=0.7492]
Training Epochs:  56%|███████████████████████████▍                     | 56/100 [00:08<00:06,  6.76it/s, Loss=0.5568, TrainAcc=0.9064, TestAcc=0.7492]
Training Epochs:  57%|███████████████████████████▉                     | 57/100 [00:08<00:06,  6.74it/s, Loss=0.5568, TrainAcc=0.9064, TestAcc=0.7492]
Training Epochs:  57%|███████████████████████████▉                     | 57/100 [00:08<00:06,  6.74it/s, Loss=0.5513, TrainAcc=0.9094, TestAcc=0.7220]
Training Epochs:  58%|████████████████████████████▍                    | 58/100 [00:08<00:06,  6.76it/s, Loss=0.5513, TrainAcc=0.9094, TestAcc=0.7220]
Training Epochs:  58%|████████████████████████████▍                    | 58/100 [00:08<00:06,  6.76it/s, Loss=0.5474, TrainAcc=0.9211, TestAcc=0.7458]
Training Epochs:  59%|████████████████████████████▉                    | 59/100 [00:08<00:06,  6.77it/s, Loss=0.5474, TrainAcc=0.9211, TestAcc=0.7458]
Training Epochs:  59%|████████████████████████████▉                    | 59/100 [00:08<00:06,  6.77it/s, Loss=0.5132, TrainAcc=0.9230, TestAcc=0.7356]
Training Epochs:  60%|█████████████████████████████▍                   | 60/100 [00:08<00:05,  6.77it/s, Loss=0.5132, TrainAcc=0.9230, TestAcc=0.7356]
Training Epochs:  60%|█████████████████████████████▍                   | 60/100 [00:08<00:05,  6.77it/s, Loss=0.5283, TrainAcc=0.9279, TestAcc=0.7593]
Training Epochs:  61%|█████████████████████████████▉                   | 61/100 [00:08<00:05,  6.75it/s, Loss=0.5283, TrainAcc=0.9279, TestAcc=0.7593]
Training Epochs:  61%|█████████████████████████████▉                   | 61/100 [00:09<00:05,  6.75it/s, Loss=0.5326, TrainAcc=0.9123, TestAcc=0.7492]
Training Epochs:  62%|██████████████████████████████▍                  | 62/100 [00:09<00:05,  6.73it/s, Loss=0.5326, TrainAcc=0.9123, TestAcc=0.7492]
Training Epochs:  62%|██████████████████████████████▍                  | 62/100 [00:09<00:05,  6.73it/s, Loss=0.5217, TrainAcc=0.9142, TestAcc=0.7356]
Training Epochs:  63%|██████████████████████████████▊                  | 63/100 [00:09<00:05,  6.75it/s, Loss=0.5217, TrainAcc=0.9142, TestAcc=0.7356]
Training Epochs:  63%|██████████████████████████████▊                  | 63/100 [00:09<00:05,  6.75it/s, Loss=0.5122, TrainAcc=0.9250, TestAcc=0.7220]
Training Epochs:  64%|███████████████████████████████▎                 | 64/100 [00:09<00:05,  6.73it/s, Loss=0.5122, TrainAcc=0.9250, TestAcc=0.7220]
Training Epochs:  64%|███████████████████████████████▎                 | 64/100 [00:09<00:05,  6.73it/s, Loss=0.5206, TrainAcc=0.9142, TestAcc=0.7492]
Training Epochs:  65%|███████████████████████████████▊                 | 65/100 [00:09<00:05,  6.73it/s, Loss=0.5206, TrainAcc=0.9142, TestAcc=0.7492]
Training Epochs:  65%|███████████████████████████████▊                 | 65/100 [00:09<00:05,  6.73it/s, Loss=0.4940, TrainAcc=0.9327, TestAcc=0.7356]
Training Epochs:  66%|████████████████████████████████▎                | 66/100 [00:09<00:05,  6.74it/s, Loss=0.4940, TrainAcc=0.9327, TestAcc=0.7356]
Training Epochs:  66%|████████████████████████████████▎                | 66/100 [00:09<00:05,  6.74it/s, Loss=0.5063, TrainAcc=0.9308, TestAcc=0.7458]
Training Epochs:  67%|████████████████████████████████▊                | 67/100 [00:09<00:04,  6.73it/s, Loss=0.5063, TrainAcc=0.9308, TestAcc=0.7458]
Training Epochs:  67%|████████████████████████████████▊                | 67/100 [00:09<00:04,  6.73it/s, Loss=0.4984, TrainAcc=0.9308, TestAcc=0.7763]
Training Epochs:  68%|█████████████████████████████████▎               | 68/100 [00:09<00:04,  6.78it/s, Loss=0.4984, TrainAcc=0.9308, TestAcc=0.7763]
Training Epochs:  68%|█████████████████████████████████▎               | 68/100 [00:10<00:04,  6.78it/s, Loss=0.5057, TrainAcc=0.9142, TestAcc=0.7627]
Training Epochs:  69%|█████████████████████████████████▊               | 69/100 [00:10<00:04,  6.97it/s, Loss=0.5057, TrainAcc=0.9142, TestAcc=0.7627]
Training Epochs:  69%|█████████████████████████████████▊               | 69/100 [00:10<00:04,  6.97it/s, Loss=0.4984, TrainAcc=0.9366, TestAcc=0.7322]
Training Epochs:  70%|██████████████████████████████████▎              | 70/100 [00:10<00:04,  7.17it/s, Loss=0.4984, TrainAcc=0.9366, TestAcc=0.7322]
Training Epochs:  70%|██████████████████████████████████▎              | 70/100 [00:10<00:04,  7.17it/s, Loss=0.5218, TrainAcc=0.9337, TestAcc=0.7356]
Training Epochs:  71%|██████████████████████████████████▊              | 71/100 [00:10<00:03,  7.33it/s, Loss=0.5218, TrainAcc=0.9337, TestAcc=0.7356]
Training Epochs:  71%|██████████████████████████████████▊              | 71/100 [00:10<00:03,  7.33it/s, Loss=0.5581, TrainAcc=0.9152, TestAcc=0.7254]
Training Epochs:  72%|███████████████████████████████████▎             | 72/100 [00:10<00:03,  7.30it/s, Loss=0.5581, TrainAcc=0.9152, TestAcc=0.7254]
Training Epochs:  72%|███████████████████████████████████▎             | 72/100 [00:10<00:03,  7.30it/s, Loss=0.5440, TrainAcc=0.9123, TestAcc=0.7322]
Training Epochs:  73%|███████████████████████████████████▊             | 73/100 [00:10<00:03,  7.20it/s, Loss=0.5440, TrainAcc=0.9123, TestAcc=0.7322]
Training Epochs:  73%|███████████████████████████████████▊             | 73/100 [00:10<00:03,  7.20it/s, Loss=0.5245, TrainAcc=0.9181, TestAcc=0.7424]
Training Epochs:  74%|████████████████████████████████████▎            | 74/100 [00:10<00:03,  7.11it/s, Loss=0.5245, TrainAcc=0.9181, TestAcc=0.7424]
Training Epochs:  74%|████████████████████████████████████▎            | 74/100 [00:10<00:03,  7.11it/s, Loss=0.5282, TrainAcc=0.9269, TestAcc=0.7458]
Training Epochs:  75%|████████████████████████████████████▊            | 75/100 [00:10<00:03,  7.02it/s, Loss=0.5282, TrainAcc=0.9269, TestAcc=0.7458]
Training Epochs:  75%|████████████████████████████████████▊            | 75/100 [00:11<00:03,  7.02it/s, Loss=0.5402, TrainAcc=0.9123, TestAcc=0.7322]
Training Epochs:  76%|█████████████████████████████████████▏           | 76/100 [00:11<00:03,  6.94it/s, Loss=0.5402, TrainAcc=0.9123, TestAcc=0.7322]
Training Epochs:  76%|█████████████████████████████████████▏           | 76/100 [00:11<00:03,  6.94it/s, Loss=0.5350, TrainAcc=0.9103, TestAcc=0.7356]
Training Epochs:  77%|█████████████████████████████████████▋           | 77/100 [00:11<00:03,  6.86it/s, Loss=0.5350, TrainAcc=0.9103, TestAcc=0.7356]
Training Epochs:  77%|█████████████████████████████████████▋           | 77/100 [00:11<00:03,  6.86it/s, Loss=0.5526, TrainAcc=0.9113, TestAcc=0.7356]
Training Epochs:  78%|██████████████████████████████████████▏          | 78/100 [00:11<00:03,  6.84it/s, Loss=0.5526, TrainAcc=0.9113, TestAcc=0.7356]
Training Epochs:  78%|██████████████████████████████████████▏          | 78/100 [00:11<00:03,  6.84it/s, Loss=0.5428, TrainAcc=0.9064, TestAcc=0.7390]
Training Epochs:  79%|██████████████████████████████████████▋          | 79/100 [00:11<00:03,  6.81it/s, Loss=0.5428, TrainAcc=0.9064, TestAcc=0.7390]
Training Epochs:  79%|██████████████████████████████████████▋          | 79/100 [00:11<00:03,  6.81it/s, Loss=0.5179, TrainAcc=0.9230, TestAcc=0.7492]
Training Epochs:  80%|███████████████████████████████████████▏         | 80/100 [00:11<00:02,  6.81it/s, Loss=0.5179, TrainAcc=0.9230, TestAcc=0.7492]
Training Epochs:  80%|███████████████████████████████████████▏         | 80/100 [00:11<00:02,  6.81it/s, Loss=0.5302, TrainAcc=0.9240, TestAcc=0.7525]
Training Epochs:  81%|███████████████████████████████████████▋         | 81/100 [00:11<00:02,  6.79it/s, Loss=0.5302, TrainAcc=0.9240, TestAcc=0.7525]
Training Epochs:  81%|███████████████████████████████████████▋         | 81/100 [00:11<00:02,  6.79it/s, Loss=0.5107, TrainAcc=0.9318, TestAcc=0.7695]
Training Epochs:  82%|████████████████████████████████████████▏        | 82/100 [00:11<00:02,  6.76it/s, Loss=0.5107, TrainAcc=0.9318, TestAcc=0.7695]
Training Epochs:  82%|████████████████████████████████████████▏        | 82/100 [00:12<00:02,  6.76it/s, Loss=0.5197, TrainAcc=0.9103, TestAcc=0.7424]
Training Epochs:  83%|████████████████████████████████████████▋        | 83/100 [00:12<00:02,  6.75it/s, Loss=0.5197, TrainAcc=0.9103, TestAcc=0.7424]
Training Epochs:  83%|████████████████████████████████████████▋        | 83/100 [00:12<00:02,  6.75it/s, Loss=0.5044, TrainAcc=0.9279, TestAcc=0.7559]
Training Epochs:  84%|█████████████████████████████████████████▏       | 84/100 [00:12<00:02,  6.77it/s, Loss=0.5044, TrainAcc=0.9279, TestAcc=0.7559]
Training Epochs:  84%|█████████████████████████████████████████▏       | 84/100 [00:12<00:02,  6.77it/s, Loss=0.4980, TrainAcc=0.9250, TestAcc=0.7525]
Training Epochs:  85%|█████████████████████████████████████████▋       | 85/100 [00:12<00:02,  6.78it/s, Loss=0.4980, TrainAcc=0.9250, TestAcc=0.7525]
Training Epochs:  85%|█████████████████████████████████████████▋       | 85/100 [00:12<00:02,  6.78it/s, Loss=0.4971, TrainAcc=0.9279, TestAcc=0.7661]
Training Epochs:  86%|██████████████████████████████████████████▏      | 86/100 [00:12<00:02,  6.78it/s, Loss=0.4971, TrainAcc=0.9279, TestAcc=0.7661]
Training Epochs:  86%|██████████████████████████████████████████▏      | 86/100 [00:12<00:02,  6.78it/s, Loss=0.5024, TrainAcc=0.9201, TestAcc=0.7356]
Training Epochs:  87%|██████████████████████████████████████████▋      | 87/100 [00:12<00:01,  6.77it/s, Loss=0.5024, TrainAcc=0.9201, TestAcc=0.7356]
Training Epochs:  87%|██████████████████████████████████████████▋      | 87/100 [00:12<00:01,  6.77it/s, Loss=0.5483, TrainAcc=0.9055, TestAcc=0.7356]
Training Epochs:  88%|███████████████████████████████████████████      | 88/100 [00:12<00:01,  6.77it/s, Loss=0.5483, TrainAcc=0.9055, TestAcc=0.7356]
Training Epochs:  88%|███████████████████████████████████████████      | 88/100 [00:12<00:01,  6.77it/s, Loss=0.5226, TrainAcc=0.9133, TestAcc=0.7458]
Training Epochs:  89%|███████████████████████████████████████████▌     | 89/100 [00:12<00:01,  6.75it/s, Loss=0.5226, TrainAcc=0.9133, TestAcc=0.7458]
Training Epochs:  89%|███████████████████████████████████████████▌     | 89/100 [00:13<00:01,  6.75it/s, Loss=0.5389, TrainAcc=0.9035, TestAcc=0.7559]
Training Epochs:  90%|████████████████████████████████████████████     | 90/100 [00:13<00:01,  6.73it/s, Loss=0.5389, TrainAcc=0.9035, TestAcc=0.7559]
Training Epochs:  90%|████████████████████████████████████████████     | 90/100 [00:13<00:01,  6.73it/s, Loss=0.5219, TrainAcc=0.9142, TestAcc=0.7390]
Training Epochs:  91%|████████████████████████████████████████████▌    | 91/100 [00:13<00:01,  6.76it/s, Loss=0.5219, TrainAcc=0.9142, TestAcc=0.7390]
Training Epochs:  91%|████████████████████████████████████████████▌    | 91/100 [00:13<00:01,  6.76it/s, Loss=0.5076, TrainAcc=0.9172, TestAcc=0.7424]
Training Epochs:  92%|█████████████████████████████████████████████    | 92/100 [00:13<00:01,  6.78it/s, Loss=0.5076, TrainAcc=0.9172, TestAcc=0.7424]
Training Epochs:  92%|█████████████████████████████████████████████    | 92/100 [00:13<00:01,  6.78it/s, Loss=0.4907, TrainAcc=0.9269, TestAcc=0.7492]
Training Epochs:  93%|█████████████████████████████████████████████▌   | 93/100 [00:13<00:01,  6.78it/s, Loss=0.4907, TrainAcc=0.9269, TestAcc=0.7492]
Training Epochs:  93%|█████████████████████████████████████████████▌   | 93/100 [00:13<00:01,  6.78it/s, Loss=0.5050, TrainAcc=0.9298, TestAcc=0.7356]
Training Epochs:  94%|██████████████████████████████████████████████   | 94/100 [00:13<00:00,  6.76it/s, Loss=0.5050, TrainAcc=0.9298, TestAcc=0.7356]
Training Epochs:  94%|██████████████████████████████████████████████   | 94/100 [00:13<00:00,  6.76it/s, Loss=0.5896, TrainAcc=0.9133, TestAcc=0.7288]
Training Epochs:  95%|██████████████████████████████████████████████▌  | 95/100 [00:13<00:00,  6.74it/s, Loss=0.5896, TrainAcc=0.9133, TestAcc=0.7288]
Training Epochs:  95%|██████████████████████████████████████████████▌  | 95/100 [00:14<00:00,  6.74it/s, Loss=0.5488, TrainAcc=0.9201, TestAcc=0.8000]
Training Epochs:  96%|███████████████████████████████████████████████  | 96/100 [00:14<00:00,  6.74it/s, Loss=0.5488, TrainAcc=0.9201, TestAcc=0.8000]
Training Epochs:  96%|███████████████████████████████████████████████  | 96/100 [00:14<00:00,  6.74it/s, Loss=0.5424, TrainAcc=0.9074, TestAcc=0.7458]
Training Epochs:  97%|███████████████████████████████████████████████▌ | 97/100 [00:14<00:00,  6.76it/s, Loss=0.5424, TrainAcc=0.9074, TestAcc=0.7458]
Training Epochs:  97%|███████████████████████████████████████████████▌ | 97/100 [00:14<00:00,  6.76it/s, Loss=0.5023, TrainAcc=0.9230, TestAcc=0.7492]
Training Epochs:  98%|████████████████████████████████████████████████ | 98/100 [00:14<00:00,  6.75it/s, Loss=0.5023, TrainAcc=0.9230, TestAcc=0.7492]
Training Epochs:  98%|████████████████████████████████████████████████ | 98/100 [00:14<00:00,  6.75it/s, Loss=0.5584, TrainAcc=0.8986, TestAcc=0.7559]
Training Epochs:  99%|████████████████████████████████████████████████▌| 99/100 [00:14<00:00,  6.76it/s, Loss=0.5584, TrainAcc=0.8986, TestAcc=0.7559]
Training Epochs:  99%|████████████████████████████████████████████████▌| 99/100 [00:14<00:00,  6.76it/s, Loss=0.5115, TrainAcc=0.9133, TestAcc=0.7356]
Training Epochs: 100%|████████████████████████████████████████████████| 100/100 [00:14<00:00,  6.74it/s, Loss=0.5115, TrainAcc=0.9133, TestAcc=0.7356]
Training Epochs: 100%|████████████████████████████████████████████████| 100/100 [00:14<00:00,  6.85it/s, Loss=0.5115, TrainAcc=0.9133, TestAcc=0.7356]
{'Real': {'precision': np.float64(0.8296703296703297), 'recall': np.float64(0.8435754189944135), 'f1': np.float64(0.8365650969529086)}, 'Fake': {'precision': np.float64(0.7522123893805309), 'recall': np.float64(0.7327586206896551), 'f1': np.float64(0.74235807860262)}}

Training Epochs:   0%|                                                                                                        | 0/100 [00:00<?, ?it/s]
Training Epochs:   0%|                                                          | 0/100 [00:00<?, ?it/s, Loss=1.1341, TrainAcc=0.6053, TestAcc=0.6746]
Training Epochs:   1%|▌                                                 | 1/100 [00:00<00:11,  8.27it/s, Loss=1.1341, TrainAcc=0.6053, TestAcc=0.6746]
Training Epochs:   1%|▌                                                 | 1/100 [00:00<00:11,  8.27it/s, Loss=0.9434, TrainAcc=0.7096, TestAcc=0.7186]
Training Epochs:   2%|█                                                 | 2/100 [00:00<00:12,  7.67it/s, Loss=0.9434, TrainAcc=0.7096, TestAcc=0.7186]
Training Epochs:   2%|█                                                 | 2/100 [00:00<00:12,  7.67it/s, Loss=0.8643, TrainAcc=0.7378, TestAcc=0.6915]
Training Epochs:   3%|█▌                                                | 3/100 [00:00<00:13,  7.31it/s, Loss=0.8643, TrainAcc=0.7378, TestAcc=0.6915]
Training Epochs:   3%|█▌                                                | 3/100 [00:00<00:13,  7.31it/s, Loss=0.7831, TrainAcc=0.7963, TestAcc=0.7254]
Training Epochs:   4%|██                                                | 4/100 [00:00<00:13,  7.11it/s, Loss=0.7831, TrainAcc=0.7963, TestAcc=0.7254]
Training Epochs:   4%|██                                                | 4/100 [00:00<00:13,  7.11it/s, Loss=0.7745, TrainAcc=0.8041, TestAcc=0.7119]
Training Epochs:   5%|██▌                                               | 5/100 [00:00<00:13,  6.99it/s, Loss=0.7745, TrainAcc=0.8041, TestAcc=0.7119]
Training Epochs:   5%|██▌                                               | 5/100 [00:00<00:13,  6.99it/s, Loss=0.7299, TrainAcc=0.8285, TestAcc=0.6949]
Training Epochs:   6%|███                                               | 6/100 [00:00<00:13,  6.91it/s, Loss=0.7299, TrainAcc=0.8285, TestAcc=0.6949]
Training Epochs:   6%|███                                               | 6/100 [00:00<00:13,  6.91it/s, Loss=0.7126, TrainAcc=0.8441, TestAcc=0.7525]
Training Epochs:   7%|███▌                                              | 7/100 [00:00<00:13,  6.86it/s, Loss=0.7126, TrainAcc=0.8441, TestAcc=0.7525]
Training Epochs:   7%|███▌                                              | 7/100 [00:01<00:13,  6.86it/s, Loss=0.6740, TrainAcc=0.8509, TestAcc=0.7356]
Training Epochs:   8%|████                                              | 8/100 [00:01<00:13,  6.82it/s, Loss=0.6740, TrainAcc=0.8509, TestAcc=0.7356]
Training Epochs:   8%|████                                              | 8/100 [00:01<00:13,  6.82it/s, Loss=0.6659, TrainAcc=0.8499, TestAcc=0.7051]
Training Epochs:   9%|████▌                                             | 9/100 [00:01<00:13,  6.80it/s, Loss=0.6659, TrainAcc=0.8499, TestAcc=0.7051]
Training Epochs:   9%|████▌                                             | 9/100 [00:01<00:13,  6.80it/s, Loss=0.6426, TrainAcc=0.8635, TestAcc=0.7220]
Training Epochs:  10%|████▉                                            | 10/100 [00:01<00:13,  6.80it/s, Loss=0.6426, TrainAcc=0.8635, TestAcc=0.7220]
Training Epochs:  10%|████▉                                            | 10/100 [00:01<00:13,  6.80it/s, Loss=0.6406, TrainAcc=0.8694, TestAcc=0.7424]
Training Epochs:  11%|█████▍                                           | 11/100 [00:01<00:13,  6.77it/s, Loss=0.6406, TrainAcc=0.8694, TestAcc=0.7424]
Training Epochs:  11%|█████▍                                           | 11/100 [00:01<00:13,  6.77it/s, Loss=0.6502, TrainAcc=0.8889, TestAcc=0.6847]
Training Epochs:  12%|█████▉                                           | 12/100 [00:01<00:13,  6.75it/s, Loss=0.6502, TrainAcc=0.8889, TestAcc=0.6847]
Training Epochs:  12%|█████▉                                           | 12/100 [00:01<00:13,  6.75it/s, Loss=0.6670, TrainAcc=0.8587, TestAcc=0.7254]
Training Epochs:  13%|██████▎                                          | 13/100 [00:01<00:12,  6.73it/s, Loss=0.6670, TrainAcc=0.8587, TestAcc=0.7254]
Training Epochs:  13%|██████▎                                          | 13/100 [00:02<00:12,  6.73it/s, Loss=0.5844, TrainAcc=0.8928, TestAcc=0.7559]
Training Epochs:  14%|██████▊                                          | 14/100 [00:02<00:12,  6.77it/s, Loss=0.5844, TrainAcc=0.8928, TestAcc=0.7559]
Training Epochs:  14%|██████▊                                          | 14/100 [00:02<00:12,  6.77it/s, Loss=0.5956, TrainAcc=0.8957, TestAcc=0.7220]
Training Epochs:  15%|███████▎                                         | 15/100 [00:02<00:12,  6.75it/s, Loss=0.5956, TrainAcc=0.8957, TestAcc=0.7220]
Training Epochs:  15%|███████▎                                         | 15/100 [00:02<00:12,  6.75it/s, Loss=0.5697, TrainAcc=0.9025, TestAcc=0.7492]
Training Epochs:  16%|███████▊                                         | 16/100 [00:02<00:12,  6.76it/s, Loss=0.5697, TrainAcc=0.9025, TestAcc=0.7492]
Training Epochs:  16%|███████▊                                         | 16/100 [00:02<00:12,  6.76it/s, Loss=0.5756, TrainAcc=0.8967, TestAcc=0.7220]
Training Epochs:  17%|████████▎                                        | 17/100 [00:02<00:12,  6.73it/s, Loss=0.5756, TrainAcc=0.8967, TestAcc=0.7220]
Training Epochs:  17%|████████▎                                        | 17/100 [00:02<00:12,  6.73it/s, Loss=0.5949, TrainAcc=0.9006, TestAcc=0.7322]
Training Epochs:  18%|████████▊                                        | 18/100 [00:02<00:12,  6.75it/s, Loss=0.5949, TrainAcc=0.9006, TestAcc=0.7322]
Training Epochs:  18%|████████▊                                        | 18/100 [00:02<00:12,  6.75it/s, Loss=0.6051, TrainAcc=0.8928, TestAcc=0.7288]
Training Epochs:  19%|█████████▎                                       | 19/100 [00:02<00:11,  6.75it/s, Loss=0.6051, TrainAcc=0.8928, TestAcc=0.7288]
Training Epochs:  19%|█████████▎                                       | 19/100 [00:02<00:11,  6.75it/s, Loss=0.5920, TrainAcc=0.8986, TestAcc=0.7458]
Training Epochs:  20%|█████████▊                                       | 20/100 [00:02<00:11,  6.76it/s, Loss=0.5920, TrainAcc=0.8986, TestAcc=0.7458]
Training Epochs:  20%|█████████▊                                       | 20/100 [00:03<00:11,  6.76it/s, Loss=0.5639, TrainAcc=0.9133, TestAcc=0.7424]
Training Epochs:  21%|██████████▎                                      | 21/100 [00:03<00:11,  6.77it/s, Loss=0.5639, TrainAcc=0.9133, TestAcc=0.7424]
Training Epochs:  21%|██████████▎                                      | 21/100 [00:03<00:11,  6.77it/s, Loss=0.5568, TrainAcc=0.9172, TestAcc=0.7220]
Training Epochs:  22%|██████████▊                                      | 22/100 [00:03<00:11,  6.73it/s, Loss=0.5568, TrainAcc=0.9172, TestAcc=0.7220]
Training Epochs:  22%|██████████▊                                      | 22/100 [00:03<00:11,  6.73it/s, Loss=0.5487, TrainAcc=0.9094, TestAcc=0.7356]
Training Epochs:  23%|███████████▎                                     | 23/100 [00:03<00:11,  6.75it/s, Loss=0.5487, TrainAcc=0.9094, TestAcc=0.7356]
Training Epochs:  23%|███████████▎                                     | 23/100 [00:03<00:11,  6.75it/s, Loss=0.5632, TrainAcc=0.9113, TestAcc=0.7390]
Training Epochs:  24%|███████████▊                                     | 24/100 [00:03<00:11,  6.76it/s, Loss=0.5632, TrainAcc=0.9113, TestAcc=0.7390]
Training Epochs:  24%|███████████▊                                     | 24/100 [00:03<00:11,  6.76it/s, Loss=0.5627, TrainAcc=0.9064, TestAcc=0.7390]
Training Epochs:  25%|████████████▎                                    | 25/100 [00:03<00:11,  6.75it/s, Loss=0.5627, TrainAcc=0.9064, TestAcc=0.7390]
Training Epochs:  25%|████████████▎                                    | 25/100 [00:03<00:11,  6.75it/s, Loss=0.5604, TrainAcc=0.9133, TestAcc=0.7051]
Training Epochs:  26%|████████████▋                                    | 26/100 [00:03<00:10,  6.75it/s, Loss=0.5604, TrainAcc=0.9133, TestAcc=0.7051]
Training Epochs:  26%|████████████▋                                    | 26/100 [00:03<00:10,  6.75it/s, Loss=0.5539, TrainAcc=0.9123, TestAcc=0.7220]
Training Epochs:  27%|█████████████▏                                   | 27/100 [00:03<00:10,  6.72it/s, Loss=0.5539, TrainAcc=0.9123, TestAcc=0.7220]
Training Epochs:  27%|█████████████▏                                   | 27/100 [00:04<00:10,  6.72it/s, Loss=0.5695, TrainAcc=0.9152, TestAcc=0.7288]
Training Epochs:  28%|█████████████▋                                   | 28/100 [00:04<00:10,  6.75it/s, Loss=0.5695, TrainAcc=0.9152, TestAcc=0.7288]
Training Epochs:  28%|█████████████▋                                   | 28/100 [00:04<00:10,  6.75it/s, Loss=0.5399, TrainAcc=0.9211, TestAcc=0.7492]
Training Epochs:  29%|██████████████▏                                  | 29/100 [00:04<00:10,  6.75it/s, Loss=0.5399, TrainAcc=0.9211, TestAcc=0.7492]
Training Epochs:  29%|██████████████▏                                  | 29/100 [00:04<00:10,  6.75it/s, Loss=0.5492, TrainAcc=0.9366, TestAcc=0.7186]
Training Epochs:  30%|██████████████▋                                  | 30/100 [00:04<00:10,  6.75it/s, Loss=0.5492, TrainAcc=0.9366, TestAcc=0.7186]
Training Epochs:  30%|██████████████▋                                  | 30/100 [00:04<00:10,  6.75it/s, Loss=0.5601, TrainAcc=0.9035, TestAcc=0.7356]
Training Epochs:  31%|███████████████▏                                 | 31/100 [00:04<00:10,  6.76it/s, Loss=0.5601, TrainAcc=0.9035, TestAcc=0.7356]
Training Epochs:  31%|███████████████▏                                 | 31/100 [00:04<00:10,  6.76it/s, Loss=0.5359, TrainAcc=0.9201, TestAcc=0.7559]
Training Epochs:  32%|███████████████▋                                 | 32/100 [00:04<00:10,  6.75it/s, Loss=0.5359, TrainAcc=0.9201, TestAcc=0.7559]
Training Epochs:  32%|███████████████▋                                 | 32/100 [00:04<00:10,  6.75it/s, Loss=0.5262, TrainAcc=0.9250, TestAcc=0.6881]
Training Epochs:  33%|████████████████▏                                | 33/100 [00:04<00:09,  6.74it/s, Loss=0.5262, TrainAcc=0.9250, TestAcc=0.6881]
Training Epochs:  33%|████████████████▏                                | 33/100 [00:04<00:09,  6.74it/s, Loss=0.5237, TrainAcc=0.9220, TestAcc=0.7492]
Training Epochs:  34%|████████████████▋                                | 34/100 [00:04<00:09,  6.74it/s, Loss=0.5237, TrainAcc=0.9220, TestAcc=0.7492]
Training Epochs:  34%|████████████████▋                                | 34/100 [00:05<00:09,  6.74it/s, Loss=0.5058, TrainAcc=0.9337, TestAcc=0.7593]
Training Epochs:  35%|█████████████████▏                               | 35/100 [00:05<00:09,  6.79it/s, Loss=0.5058, TrainAcc=0.9337, TestAcc=0.7593]
Training Epochs:  35%|█████████████████▏                               | 35/100 [00:05<00:09,  6.79it/s, Loss=0.4993, TrainAcc=0.9337, TestAcc=0.7220]
Training Epochs:  36%|█████████████████▋                               | 36/100 [00:05<00:09,  6.81it/s, Loss=0.4993, TrainAcc=0.9337, TestAcc=0.7220]
Training Epochs:  36%|█████████████████▋                               | 36/100 [00:05<00:09,  6.81it/s, Loss=0.5215, TrainAcc=0.9376, TestAcc=0.7525]
Training Epochs:  37%|██████████████████▏                              | 37/100 [00:05<00:09,  6.81it/s, Loss=0.5215, TrainAcc=0.9376, TestAcc=0.7525]
Training Epochs:  37%|██████████████████▏                              | 37/100 [00:05<00:09,  6.81it/s, Loss=0.5249, TrainAcc=0.9201, TestAcc=0.7424]
Training Epochs:  38%|██████████████████▌                              | 38/100 [00:05<00:09,  6.80it/s, Loss=0.5249, TrainAcc=0.9201, TestAcc=0.7424]
Training Epochs:  38%|██████████████████▌                              | 38/100 [00:05<00:09,  6.80it/s, Loss=0.5060, TrainAcc=0.9366, TestAcc=0.7424]
Training Epochs:  39%|███████████████████                              | 39/100 [00:05<00:08,  6.80it/s, Loss=0.5060, TrainAcc=0.9366, TestAcc=0.7424]
Training Epochs:  39%|███████████████████                              | 39/100 [00:05<00:08,  6.80it/s, Loss=0.5013, TrainAcc=0.9318, TestAcc=0.7627]
Training Epochs:  40%|███████████████████▌                             | 40/100 [00:05<00:08,  6.77it/s, Loss=0.5013, TrainAcc=0.9318, TestAcc=0.7627]
Training Epochs:  40%|███████████████████▌                             | 40/100 [00:06<00:08,  6.77it/s, Loss=0.5286, TrainAcc=0.9211, TestAcc=0.7288]
Training Epochs:  41%|████████████████████                             | 41/100 [00:06<00:08,  6.73it/s, Loss=0.5286, TrainAcc=0.9211, TestAcc=0.7288]
Training Epochs:  41%|████████████████████                             | 41/100 [00:06<00:08,  6.73it/s, Loss=0.5297, TrainAcc=0.9230, TestAcc=0.7220]
Training Epochs:  42%|████████████████████▌                            | 42/100 [00:06<00:08,  6.76it/s, Loss=0.5297, TrainAcc=0.9230, TestAcc=0.7220]
Training Epochs:  42%|████████████████████▌                            | 42/100 [00:06<00:08,  6.76it/s, Loss=0.5590, TrainAcc=0.9288, TestAcc=0.7153]
Training Epochs:  43%|█████████████████████                            | 43/100 [00:06<00:08,  6.78it/s, Loss=0.5590, TrainAcc=0.9288, TestAcc=0.7153]
Training Epochs:  43%|█████████████████████                            | 43/100 [00:06<00:08,  6.78it/s, Loss=0.5338, TrainAcc=0.9094, TestAcc=0.7220]
Training Epochs:  44%|█████████████████████▌                           | 44/100 [00:06<00:08,  6.78it/s, Loss=0.5338, TrainAcc=0.9094, TestAcc=0.7220]
Training Epochs:  44%|█████████████████████▌                           | 44/100 [00:06<00:08,  6.78it/s, Loss=0.5328, TrainAcc=0.9201, TestAcc=0.7593]
Training Epochs:  45%|██████████████████████                           | 45/100 [00:06<00:08,  6.75it/s, Loss=0.5328, TrainAcc=0.9201, TestAcc=0.7593]
Training Epochs:  45%|██████████████████████                           | 45/100 [00:06<00:08,  6.75it/s, Loss=0.5269, TrainAcc=0.9318, TestAcc=0.7017]
Training Epochs:  46%|██████████████████████▌                          | 46/100 [00:06<00:08,  6.67it/s, Loss=0.5269, TrainAcc=0.9318, TestAcc=0.7017]
Training Epochs:  46%|██████████████████████▌                          | 46/100 [00:06<00:08,  6.67it/s, Loss=0.5171, TrainAcc=0.9308, TestAcc=0.7356]
Training Epochs:  47%|███████████████████████                          | 47/100 [00:06<00:07,  6.72it/s, Loss=0.5171, TrainAcc=0.9308, TestAcc=0.7356]
Training Epochs:  47%|███████████████████████                          | 47/100 [00:07<00:07,  6.72it/s, Loss=0.5161, TrainAcc=0.9347, TestAcc=0.7424]
Training Epochs:  48%|███████████████████████▌                         | 48/100 [00:07<00:07,  6.76it/s, Loss=0.5161, TrainAcc=0.9347, TestAcc=0.7424]
Training Epochs:  48%|███████████████████████▌                         | 48/100 [00:07<00:07,  6.76it/s, Loss=0.5218, TrainAcc=0.9288, TestAcc=0.7322]
Training Epochs:  49%|████████████████████████                         | 49/100 [00:07<00:07,  6.80it/s, Loss=0.5218, TrainAcc=0.9288, TestAcc=0.7322]
Training Epochs:  49%|████████████████████████                         | 49/100 [00:07<00:07,  6.80it/s, Loss=0.5123, TrainAcc=0.9347, TestAcc=0.7153]
Training Epochs:  50%|████████████████████████▌                        | 50/100 [00:07<00:07,  6.78it/s, Loss=0.5123, TrainAcc=0.9347, TestAcc=0.7153]
Training Epochs:  50%|████████████████████████▌                        | 50/100 [00:07<00:07,  6.78it/s, Loss=0.4885, TrainAcc=0.9454, TestAcc=0.7254]
Training Epochs:  51%|████████████████████████▉                        | 51/100 [00:07<00:07,  6.78it/s, Loss=0.4885, TrainAcc=0.9454, TestAcc=0.7254]
Training Epochs:  51%|████████████████████████▉                        | 51/100 [00:07<00:07,  6.78it/s, Loss=0.4869, TrainAcc=0.9415, TestAcc=0.7458]
Training Epochs:  52%|█████████████████████████▍                       | 52/100 [00:07<00:07,  6.78it/s, Loss=0.4869, TrainAcc=0.9415, TestAcc=0.7458]
Training Epochs:  52%|█████████████████████████▍                       | 52/100 [00:07<00:07,  6.78it/s, Loss=0.5184, TrainAcc=0.9240, TestAcc=0.7390]
Training Epochs:  53%|█████████████████████████▉                       | 53/100 [00:07<00:06,  6.77it/s, Loss=0.5184, TrainAcc=0.9240, TestAcc=0.7390]
Training Epochs:  53%|█████████████████████████▉                       | 53/100 [00:07<00:06,  6.77it/s, Loss=0.4914, TrainAcc=0.9405, TestAcc=0.7356]
Training Epochs:  54%|██████████████████████████▍                      | 54/100 [00:07<00:06,  6.70it/s, Loss=0.4914, TrainAcc=0.9405, TestAcc=0.7356]
Training Epochs:  54%|██████████████████████████▍                      | 54/100 [00:08<00:06,  6.70it/s, Loss=0.5008, TrainAcc=0.9327, TestAcc=0.7525]
Training Epochs:  55%|██████████████████████████▉                      | 55/100 [00:08<00:06,  6.63it/s, Loss=0.5008, TrainAcc=0.9327, TestAcc=0.7525]
Training Epochs:  55%|██████████████████████████▉                      | 55/100 [00:08<00:06,  6.63it/s, Loss=0.4931, TrainAcc=0.9464, TestAcc=0.7119]
Training Epochs:  56%|███████████████████████████▍                     | 56/100 [00:08<00:06,  6.73it/s, Loss=0.4931, TrainAcc=0.9464, TestAcc=0.7119]
Training Epochs:  56%|███████████████████████████▍                     | 56/100 [00:08<00:06,  6.73it/s, Loss=0.5165, TrainAcc=0.9327, TestAcc=0.7492]
Training Epochs:  57%|███████████████████████████▉                     | 57/100 [00:08<00:06,  6.75it/s, Loss=0.5165, TrainAcc=0.9327, TestAcc=0.7492]
Training Epochs:  57%|███████████████████████████▉                     | 57/100 [00:08<00:06,  6.75it/s, Loss=0.5496, TrainAcc=0.9308, TestAcc=0.7356]
Training Epochs:  58%|████████████████████████████▍                    | 58/100 [00:08<00:06,  6.76it/s, Loss=0.5496, TrainAcc=0.9308, TestAcc=0.7356]
Training Epochs:  58%|████████████████████████████▍                    | 58/100 [00:08<00:06,  6.76it/s, Loss=0.5488, TrainAcc=0.9250, TestAcc=0.7085]
Training Epochs:  59%|████████████████████████████▉                    | 59/100 [00:08<00:06,  6.76it/s, Loss=0.5488, TrainAcc=0.9250, TestAcc=0.7085]
Training Epochs:  59%|████████████████████████████▉                    | 59/100 [00:08<00:06,  6.76it/s, Loss=0.5123, TrainAcc=0.9327, TestAcc=0.7390]
Training Epochs:  60%|█████████████████████████████▍                   | 60/100 [00:08<00:05,  6.76it/s, Loss=0.5123, TrainAcc=0.9327, TestAcc=0.7390]
Training Epochs:  60%|█████████████████████████████▍                   | 60/100 [00:08<00:05,  6.76it/s, Loss=0.5030, TrainAcc=0.9415, TestAcc=0.7356]
Training Epochs:  61%|█████████████████████████████▉                   | 61/100 [00:08<00:05,  6.79it/s, Loss=0.5030, TrainAcc=0.9415, TestAcc=0.7356]
Training Epochs:  61%|█████████████████████████████▉                   | 61/100 [00:09<00:05,  6.79it/s, Loss=0.5320, TrainAcc=0.9259, TestAcc=0.7424]
Training Epochs:  62%|██████████████████████████████▍                  | 62/100 [00:09<00:05,  6.82it/s, Loss=0.5320, TrainAcc=0.9259, TestAcc=0.7424]
Training Epochs:  62%|██████████████████████████████▍                  | 62/100 [00:09<00:05,  6.82it/s, Loss=0.5452, TrainAcc=0.9133, TestAcc=0.7627]
Training Epochs:  63%|██████████████████████████████▊                  | 63/100 [00:09<00:05,  6.84it/s, Loss=0.5452, TrainAcc=0.9133, TestAcc=0.7627]
Training Epochs:  63%|██████████████████████████████▊                  | 63/100 [00:09<00:05,  6.84it/s, Loss=0.5160, TrainAcc=0.9298, TestAcc=0.7458]
Training Epochs:  64%|███████████████████████████████▎                 | 64/100 [00:09<00:05,  6.84it/s, Loss=0.5160, TrainAcc=0.9298, TestAcc=0.7458]
Training Epochs:  64%|███████████████████████████████▎                 | 64/100 [00:09<00:05,  6.84it/s, Loss=0.5244, TrainAcc=0.9425, TestAcc=0.7695]
Training Epochs:  65%|███████████████████████████████▊                 | 65/100 [00:09<00:05,  6.85it/s, Loss=0.5244, TrainAcc=0.9425, TestAcc=0.7695]
Training Epochs:  65%|███████████████████████████████▊                 | 65/100 [00:09<00:05,  6.85it/s, Loss=0.5190, TrainAcc=0.9230, TestAcc=0.7424]
Training Epochs:  66%|████████████████████████████████▎                | 66/100 [00:09<00:04,  6.86it/s, Loss=0.5190, TrainAcc=0.9230, TestAcc=0.7424]
Training Epochs:  66%|████████████████████████████████▎                | 66/100 [00:09<00:04,  6.86it/s, Loss=0.5254, TrainAcc=0.9269, TestAcc=0.7424]
Training Epochs:  67%|████████████████████████████████▊                | 67/100 [00:09<00:04,  6.88it/s, Loss=0.5254, TrainAcc=0.9269, TestAcc=0.7424]
Training Epochs:  67%|████████████████████████████████▊                | 67/100 [00:10<00:04,  6.88it/s, Loss=0.5161, TrainAcc=0.9220, TestAcc=0.7153]
Training Epochs:  68%|█████████████████████████████████▎               | 68/100 [00:10<00:04,  6.84it/s, Loss=0.5161, TrainAcc=0.9220, TestAcc=0.7153]
Training Epochs:  68%|█████████████████████████████████▎               | 68/100 [00:10<00:04,  6.84it/s, Loss=0.5056, TrainAcc=0.9376, TestAcc=0.7424]
Training Epochs:  69%|█████████████████████████████████▊               | 69/100 [00:10<00:04,  6.84it/s, Loss=0.5056, TrainAcc=0.9376, TestAcc=0.7424]
Training Epochs:  69%|█████████████████████████████████▊               | 69/100 [00:10<00:04,  6.84it/s, Loss=0.4984, TrainAcc=0.9366, TestAcc=0.7492]
Training Epochs:  70%|██████████████████████████████████▎              | 70/100 [00:10<00:04,  6.85it/s, Loss=0.4984, TrainAcc=0.9366, TestAcc=0.7492]
Training Epochs:  70%|██████████████████████████████████▎              | 70/100 [00:10<00:04,  6.85it/s, Loss=0.4803, TrainAcc=0.9415, TestAcc=0.7627]
Training Epochs:  71%|██████████████████████████████████▊              | 71/100 [00:10<00:04,  6.84it/s, Loss=0.4803, TrainAcc=0.9415, TestAcc=0.7627]
Training Epochs:  71%|██████████████████████████████████▊              | 71/100 [00:10<00:04,  6.84it/s, Loss=0.4906, TrainAcc=0.9347, TestAcc=0.7390]
Training Epochs:  72%|███████████████████████████████████▎             | 72/100 [00:10<00:04,  6.81it/s, Loss=0.4906, TrainAcc=0.9347, TestAcc=0.7390]
Training Epochs:  72%|███████████████████████████████████▎             | 72/100 [00:10<00:04,  6.81it/s, Loss=0.4790, TrainAcc=0.9425, TestAcc=0.7424]
Training Epochs:  73%|███████████████████████████████████▊             | 73/100 [00:10<00:03,  6.79it/s, Loss=0.4790, TrainAcc=0.9425, TestAcc=0.7424]
Training Epochs:  73%|███████████████████████████████████▊             | 73/100 [00:10<00:03,  6.79it/s, Loss=0.5023, TrainAcc=0.9318, TestAcc=0.7017]
Training Epochs:  74%|████████████████████████████████████▎            | 74/100 [00:10<00:03,  6.76it/s, Loss=0.5023, TrainAcc=0.9318, TestAcc=0.7017]
Training Epochs:  74%|████████████████████████████████████▎            | 74/100 [00:11<00:03,  6.76it/s, Loss=0.4983, TrainAcc=0.9396, TestAcc=0.7288]
Training Epochs:  75%|████████████████████████████████████▊            | 75/100 [00:11<00:03,  6.78it/s, Loss=0.4983, TrainAcc=0.9396, TestAcc=0.7288]
Training Epochs:  75%|████████████████████████████████████▊            | 75/100 [00:11<00:03,  6.78it/s, Loss=0.4993, TrainAcc=0.9366, TestAcc=0.7254]
Training Epochs:  76%|█████████████████████████████████████▏           | 76/100 [00:11<00:03,  6.78it/s, Loss=0.4993, TrainAcc=0.9366, TestAcc=0.7254]
Training Epochs:  76%|█████████████████████████████████████▏           | 76/100 [00:11<00:03,  6.78it/s, Loss=0.4801, TrainAcc=0.9396, TestAcc=0.7424]
Training Epochs:  77%|█████████████████████████████████████▋           | 77/100 [00:11<00:03,  6.77it/s, Loss=0.4801, TrainAcc=0.9396, TestAcc=0.7424]
Training Epochs:  77%|█████████████████████████████████████▋           | 77/100 [00:11<00:03,  6.77it/s, Loss=0.5018, TrainAcc=0.9279, TestAcc=0.7458]
Training Epochs:  78%|██████████████████████████████████████▏          | 78/100 [00:11<00:03,  6.77it/s, Loss=0.5018, TrainAcc=0.9279, TestAcc=0.7458]
Training Epochs:  78%|██████████████████████████████████████▏          | 78/100 [00:11<00:03,  6.77it/s, Loss=0.4778, TrainAcc=0.9435, TestAcc=0.7153]
Training Epochs:  79%|██████████████████████████████████████▋          | 79/100 [00:11<00:03,  6.76it/s, Loss=0.4778, TrainAcc=0.9435, TestAcc=0.7153]
Training Epochs:  79%|██████████████████████████████████████▋          | 79/100 [00:11<00:03,  6.76it/s, Loss=0.4996, TrainAcc=0.9357, TestAcc=0.7390]
Training Epochs:  80%|███████████████████████████████████████▏         | 80/100 [00:11<00:02,  6.75it/s, Loss=0.4996, TrainAcc=0.9357, TestAcc=0.7390]
Training Epochs:  80%|███████████████████████████████████████▏         | 80/100 [00:11<00:02,  6.75it/s, Loss=0.4702, TrainAcc=0.9454, TestAcc=0.7186]
Training Epochs:  81%|███████████████████████████████████████▋         | 81/100 [00:11<00:02,  6.74it/s, Loss=0.4702, TrainAcc=0.9454, TestAcc=0.7186]
Training Epochs:  81%|███████████████████████████████████████▋         | 81/100 [00:12<00:02,  6.74it/s, Loss=0.4751, TrainAcc=0.9396, TestAcc=0.7220]
Training Epochs:  82%|████████████████████████████████████████▏        | 82/100 [00:12<00:02,  6.73it/s, Loss=0.4751, TrainAcc=0.9396, TestAcc=0.7220]
Training Epochs:  82%|████████████████████████████████████████▏        | 82/100 [00:12<00:02,  6.73it/s, Loss=0.4780, TrainAcc=0.9396, TestAcc=0.7254]
Training Epochs:  83%|████████████████████████████████████████▋        | 83/100 [00:12<00:02,  6.72it/s, Loss=0.4780, TrainAcc=0.9396, TestAcc=0.7254]
Training Epochs:  83%|████████████████████████████████████████▋        | 83/100 [00:12<00:02,  6.72it/s, Loss=0.4784, TrainAcc=0.9464, TestAcc=0.7695]
Training Epochs:  84%|█████████████████████████████████████████▏       | 84/100 [00:12<00:02,  6.75it/s, Loss=0.4784, TrainAcc=0.9464, TestAcc=0.7695]
Training Epochs:  84%|█████████████████████████████████████████▏       | 84/100 [00:12<00:02,  6.75it/s, Loss=0.4779, TrainAcc=0.9444, TestAcc=0.7356]
Training Epochs:  85%|█████████████████████████████████████████▋       | 85/100 [00:12<00:02,  6.75it/s, Loss=0.4779, TrainAcc=0.9444, TestAcc=0.7356]
Training Epochs:  85%|█████████████████████████████████████████▋       | 85/100 [00:12<00:02,  6.75it/s, Loss=0.4891, TrainAcc=0.9279, TestAcc=0.7424]
Training Epochs:  86%|██████████████████████████████████████████▏      | 86/100 [00:12<00:02,  6.75it/s, Loss=0.4891, TrainAcc=0.9279, TestAcc=0.7424]
Training Epochs:  86%|██████████████████████████████████████████▏      | 86/100 [00:12<00:02,  6.75it/s, Loss=0.4818, TrainAcc=0.9337, TestAcc=0.7458]
Training Epochs:  87%|██████████████████████████████████████████▋      | 87/100 [00:12<00:01,  6.70it/s, Loss=0.4818, TrainAcc=0.9337, TestAcc=0.7458]
Training Epochs:  87%|██████████████████████████████████████████▋      | 87/100 [00:12<00:01,  6.70it/s, Loss=0.5010, TrainAcc=0.9454, TestAcc=0.7627]
Training Epochs:  88%|███████████████████████████████████████████      | 88/100 [00:12<00:01,  6.73it/s, Loss=0.5010, TrainAcc=0.9454, TestAcc=0.7627]
Training Epochs:  88%|███████████████████████████████████████████      | 88/100 [00:13<00:01,  6.73it/s, Loss=0.4718, TrainAcc=0.9347, TestAcc=0.7356]
Training Epochs:  89%|███████████████████████████████████████████▌     | 89/100 [00:13<00:01,  6.74it/s, Loss=0.4718, TrainAcc=0.9347, TestAcc=0.7356]
Training Epochs:  89%|███████████████████████████████████████████▌     | 89/100 [00:13<00:01,  6.74it/s, Loss=0.4952, TrainAcc=0.9259, TestAcc=0.7153]
Training Epochs:  90%|████████████████████████████████████████████     | 90/100 [00:13<00:01,  6.75it/s, Loss=0.4952, TrainAcc=0.9259, TestAcc=0.7153]
Training Epochs:  90%|████████████████████████████████████████████     | 90/100 [00:13<00:01,  6.75it/s, Loss=0.4894, TrainAcc=0.9396, TestAcc=0.7661]
Training Epochs:  91%|████████████████████████████████████████████▌    | 91/100 [00:13<00:01,  6.75it/s, Loss=0.4894, TrainAcc=0.9396, TestAcc=0.7661]
Training Epochs:  91%|████████████████████████████████████████████▌    | 91/100 [00:13<00:01,  6.75it/s, Loss=0.4820, TrainAcc=0.9376, TestAcc=0.7525]
Training Epochs:  92%|█████████████████████████████████████████████    | 92/100 [00:13<00:01,  6.75it/s, Loss=0.4820, TrainAcc=0.9376, TestAcc=0.7525]
Training Epochs:  92%|█████████████████████████████████████████████    | 92/100 [00:13<00:01,  6.75it/s, Loss=0.4569, TrainAcc=0.9337, TestAcc=0.7492]
Training Epochs:  93%|█████████████████████████████████████████████▌   | 93/100 [00:13<00:01,  6.73it/s, Loss=0.4569, TrainAcc=0.9337, TestAcc=0.7492]
Training Epochs:  93%|█████████████████████████████████████████████▌   | 93/100 [00:13<00:01,  6.73it/s, Loss=0.4498, TrainAcc=0.9522, TestAcc=0.7220]
Training Epochs:  94%|██████████████████████████████████████████████   | 94/100 [00:13<00:00,  6.73it/s, Loss=0.4498, TrainAcc=0.9522, TestAcc=0.7220]
Training Epochs:  94%|██████████████████████████████████████████████   | 94/100 [00:14<00:00,  6.73it/s, Loss=0.4387, TrainAcc=0.9552, TestAcc=0.7661]
Training Epochs:  95%|██████████████████████████████████████████████▌  | 95/100 [00:14<00:00,  6.73it/s, Loss=0.4387, TrainAcc=0.9552, TestAcc=0.7661]
Training Epochs:  95%|██████████████████████████████████████████████▌  | 95/100 [00:14<00:00,  6.73it/s, Loss=0.4419, TrainAcc=0.9522, TestAcc=0.7492]
Training Epochs:  96%|███████████████████████████████████████████████  | 96/100 [00:14<00:00,  6.71it/s, Loss=0.4419, TrainAcc=0.9522, TestAcc=0.7492]
Training Epochs:  96%|███████████████████████████████████████████████  | 96/100 [00:14<00:00,  6.71it/s, Loss=0.5172, TrainAcc=0.9376, TestAcc=0.7424]
Training Epochs:  97%|███████████████████████████████████████████████▌ | 97/100 [00:14<00:00,  6.70it/s, Loss=0.5172, TrainAcc=0.9376, TestAcc=0.7424]
Training Epochs:  97%|███████████████████████████████████████████████▌ | 97/100 [00:14<00:00,  6.70it/s, Loss=0.4878, TrainAcc=0.9386, TestAcc=0.7322]
Training Epochs:  98%|████████████████████████████████████████████████ | 98/100 [00:14<00:00,  6.71it/s, Loss=0.4878, TrainAcc=0.9386, TestAcc=0.7322]
Training Epochs:  98%|████████████████████████████████████████████████ | 98/100 [00:14<00:00,  6.71it/s, Loss=0.4753, TrainAcc=0.9386, TestAcc=0.7288]
Training Epochs:  99%|████████████████████████████████████████████████▌| 99/100 [00:14<00:00,  6.39it/s, Loss=0.4753, TrainAcc=0.9386, TestAcc=0.7288]
Training Epochs:  99%|████████████████████████████████████████████████▌| 99/100 [00:14<00:00,  6.39it/s, Loss=0.4452, TrainAcc=0.9542, TestAcc=0.7492]
Training Epochs: 100%|████████████████████████████████████████████████| 100/100 [00:14<00:00,  6.03it/s, Loss=0.4452, TrainAcc=0.9542, TestAcc=0.7492]
Training Epochs: 100%|████████████████████████████████████████████████| 100/100 [00:14<00:00,  6.75it/s, Loss=0.4452, TrainAcc=0.9542, TestAcc=0.7492]
{'Real': {'precision': np.float64(0.7761194029850746), 'recall': np.float64(0.8715083798882681), 'f1': np.float64(0.8210526315789474)}, 'Fake': {'precision': np.float64(0.7553191489361702), 'recall': np.float64(0.6120689655172413), 'f1': np.float64(0.6761904761904762)}}

Training Epochs:   0%|                                                                                                        | 0/100 [00:00<?, ?it/s]
Training Epochs:   0%|                                                          | 0/100 [00:00<?, ?it/s, Loss=1.1312, TrainAcc=0.5643, TestAcc=0.6169]
Training Epochs:   0%|                                                          | 0/100 [00:00<?, ?it/s, Loss=0.9527, TrainAcc=0.6481, TestAcc=0.6542]
Training Epochs:   2%|█                                                 | 2/100 [00:00<00:09, 10.21it/s, Loss=0.9527, TrainAcc=0.6481, TestAcc=0.6542]
Training Epochs:   2%|█                                                 | 2/100 [00:00<00:09, 10.21it/s, Loss=0.8898, TrainAcc=0.7164, TestAcc=0.7356]
Training Epochs:   2%|█                                                 | 2/100 [00:00<00:09, 10.21it/s, Loss=0.8350, TrainAcc=0.7554, TestAcc=0.7322]
Training Epochs:   4%|██                                                | 4/100 [00:00<00:09, 10.03it/s, Loss=0.8350, TrainAcc=0.7554, TestAcc=0.7322]
Training Epochs:   4%|██                                                | 4/100 [00:00<00:09, 10.03it/s, Loss=0.7885, TrainAcc=0.7827, TestAcc=0.7492]
Training Epochs:   4%|██                                                | 4/100 [00:00<00:09, 10.03it/s, Loss=0.7752, TrainAcc=0.8119, TestAcc=0.6847]
Training Epochs:   6%|███                                               | 6/100 [00:00<00:09,  9.44it/s, Loss=0.7752, TrainAcc=0.8119, TestAcc=0.6847]
Training Epochs:   6%|███                                               | 6/100 [00:00<00:09,  9.44it/s, Loss=0.7189, TrainAcc=0.8197, TestAcc=0.7458]
Training Epochs:   7%|███▌                                              | 7/100 [00:00<00:09,  9.33it/s, Loss=0.7189, TrainAcc=0.8197, TestAcc=0.7458]
Training Epochs:   7%|███▌                                              | 7/100 [00:00<00:09,  9.33it/s, Loss=0.7177, TrainAcc=0.8246, TestAcc=0.7356]
Training Epochs:   8%|████                                              | 8/100 [00:00<00:10,  8.83it/s, Loss=0.7177, TrainAcc=0.8246, TestAcc=0.7356]
Training Epochs:   8%|████                                              | 8/100 [00:01<00:10,  8.83it/s, Loss=0.6986, TrainAcc=0.8168, TestAcc=0.6983]
Training Epochs:   9%|████▌                                             | 9/100 [00:01<00:10,  8.33it/s, Loss=0.6986, TrainAcc=0.8168, TestAcc=0.6983]
Training Epochs:   9%|████▌                                             | 9/100 [00:01<00:10,  8.33it/s, Loss=0.6734, TrainAcc=0.8411, TestAcc=0.7356]
Training Epochs:  10%|████▉                                            | 10/100 [00:01<00:11,  7.87it/s, Loss=0.6734, TrainAcc=0.8411, TestAcc=0.7356]
Training Epochs:  10%|████▉                                            | 10/100 [00:01<00:11,  7.87it/s, Loss=0.6472, TrainAcc=0.8558, TestAcc=0.7119]
Training Epochs:  11%|█████▍                                           | 11/100 [00:01<00:11,  7.55it/s, Loss=0.6472, TrainAcc=0.8558, TestAcc=0.7119]
Training Epochs:  11%|█████▍                                           | 11/100 [00:01<00:11,  7.55it/s, Loss=0.6417, TrainAcc=0.8752, TestAcc=0.7627]
Training Epochs:  12%|█████▉                                           | 12/100 [00:01<00:12,  7.33it/s, Loss=0.6417, TrainAcc=0.8752, TestAcc=0.7627]
Training Epochs:  12%|█████▉                                           | 12/100 [00:01<00:12,  7.33it/s, Loss=0.6434, TrainAcc=0.8558, TestAcc=0.7695]
Training Epochs:  13%|██████▎                                          | 13/100 [00:01<00:12,  7.16it/s, Loss=0.6434, TrainAcc=0.8558, TestAcc=0.7695]
Training Epochs:  13%|██████▎                                          | 13/100 [00:01<00:12,  7.16it/s, Loss=0.6535, TrainAcc=0.8645, TestAcc=0.7729]
Training Epochs:  14%|██████▊                                          | 14/100 [00:01<00:12,  7.05it/s, Loss=0.6535, TrainAcc=0.8645, TestAcc=0.7729]
Training Epochs:  14%|██████▊                                          | 14/100 [00:01<00:12,  7.05it/s, Loss=0.6387, TrainAcc=0.8626, TestAcc=0.7424]
Training Epochs:  15%|███████▎                                         | 15/100 [00:01<00:12,  6.94it/s, Loss=0.6387, TrainAcc=0.8626, TestAcc=0.7424]
Training Epochs:  15%|███████▎                                         | 15/100 [00:02<00:12,  6.94it/s, Loss=0.6332, TrainAcc=0.8743, TestAcc=0.7322]
Training Epochs:  16%|███████▊                                         | 16/100 [00:02<00:12,  6.87it/s, Loss=0.6332, TrainAcc=0.8743, TestAcc=0.7322]
Training Epochs:  16%|███████▊                                         | 16/100 [00:02<00:12,  6.87it/s, Loss=0.6104, TrainAcc=0.8713, TestAcc=0.7525]
Training Epochs:  17%|████████▎                                        | 17/100 [00:02<00:12,  6.84it/s, Loss=0.6104, TrainAcc=0.8713, TestAcc=0.7525]
Training Epochs:  17%|████████▎                                        | 17/100 [00:02<00:12,  6.84it/s, Loss=0.6055, TrainAcc=0.8811, TestAcc=0.7458]
Training Epochs:  18%|████████▊                                        | 18/100 [00:02<00:12,  6.81it/s, Loss=0.6055, TrainAcc=0.8811, TestAcc=0.7458]
Training Epochs:  18%|████████▊                                        | 18/100 [00:02<00:12,  6.81it/s, Loss=0.5789, TrainAcc=0.9006, TestAcc=0.7593]
Training Epochs:  19%|█████████▎                                       | 19/100 [00:02<00:11,  6.79it/s, Loss=0.5789, TrainAcc=0.9006, TestAcc=0.7593]
Training Epochs:  19%|█████████▎                                       | 19/100 [00:02<00:11,  6.79it/s, Loss=0.5627, TrainAcc=0.9094, TestAcc=0.7525]
Training Epochs:  20%|█████████▊                                       | 20/100 [00:02<00:11,  6.77it/s, Loss=0.5627, TrainAcc=0.9094, TestAcc=0.7525]
Training Epochs:  20%|█████████▊                                       | 20/100 [00:02<00:11,  6.77it/s, Loss=0.6087, TrainAcc=0.8860, TestAcc=0.7356]
Training Epochs:  21%|██████████▎                                      | 21/100 [00:02<00:11,  6.77it/s, Loss=0.6087, TrainAcc=0.8860, TestAcc=0.7356]
Training Epochs:  21%|██████████▎                                      | 21/100 [00:02<00:11,  6.77it/s, Loss=0.6201, TrainAcc=0.8860, TestAcc=0.7356]
Training Epochs:  22%|██████████▊                                      | 22/100 [00:02<00:11,  6.76it/s, Loss=0.6201, TrainAcc=0.8860, TestAcc=0.7356]
Training Epochs:  22%|██████████▊                                      | 22/100 [00:03<00:11,  6.76it/s, Loss=0.5807, TrainAcc=0.8967, TestAcc=0.7424]
Training Epochs:  23%|███████████▎                                     | 23/100 [00:03<00:11,  6.74it/s, Loss=0.5807, TrainAcc=0.8967, TestAcc=0.7424]
Training Epochs:  23%|███████████▎                                     | 23/100 [00:03<00:11,  6.74it/s, Loss=0.5739, TrainAcc=0.9025, TestAcc=0.7932]
Training Epochs:  24%|███████████▊                                     | 24/100 [00:03<00:11,  6.73it/s, Loss=0.5739, TrainAcc=0.9025, TestAcc=0.7932]
Training Epochs:  24%|███████████▊                                     | 24/100 [00:03<00:11,  6.73it/s, Loss=0.6476, TrainAcc=0.8655, TestAcc=0.7559]
Training Epochs:  25%|████████████▎                                    | 25/100 [00:03<00:11,  6.68it/s, Loss=0.6476, TrainAcc=0.8655, TestAcc=0.7559]
Training Epochs:  25%|████████████▎                                    | 25/100 [00:03<00:11,  6.68it/s, Loss=0.5875, TrainAcc=0.9016, TestAcc=0.7322]
Training Epochs:  26%|████████████▋                                    | 26/100 [00:03<00:11,  6.70it/s, Loss=0.5875, TrainAcc=0.9016, TestAcc=0.7322]
Training Epochs:  26%|████████████▋                                    | 26/100 [00:03<00:11,  6.70it/s, Loss=0.5920, TrainAcc=0.8791, TestAcc=0.7254]
Training Epochs:  27%|█████████████▏                                   | 27/100 [00:03<00:10,  6.71it/s, Loss=0.5920, TrainAcc=0.8791, TestAcc=0.7254]
Training Epochs:  27%|█████████████▏                                   | 27/100 [00:03<00:10,  6.71it/s, Loss=0.6410, TrainAcc=0.8860, TestAcc=0.7390]
Training Epochs:  28%|█████████████▋                                   | 28/100 [00:03<00:10,  6.70it/s, Loss=0.6410, TrainAcc=0.8860, TestAcc=0.7390]
Training Epochs:  28%|█████████████▋                                   | 28/100 [00:03<00:10,  6.70it/s, Loss=0.6005, TrainAcc=0.8791, TestAcc=0.7525]
Training Epochs:  29%|██████████████▏                                  | 29/100 [00:03<00:10,  6.71it/s, Loss=0.6005, TrainAcc=0.8791, TestAcc=0.7525]
Training Epochs:  29%|██████████████▏                                  | 29/100 [00:04<00:10,  6.71it/s, Loss=0.6170, TrainAcc=0.8713, TestAcc=0.7390]
Training Epochs:  30%|██████████████▋                                  | 30/100 [00:04<00:10,  6.74it/s, Loss=0.6170, TrainAcc=0.8713, TestAcc=0.7390]
Training Epochs:  30%|██████████████▋                                  | 30/100 [00:04<00:10,  6.74it/s, Loss=0.5816, TrainAcc=0.8977, TestAcc=0.7322]
Training Epochs:  31%|███████████████▏                                 | 31/100 [00:04<00:10,  6.76it/s, Loss=0.5816, TrainAcc=0.8977, TestAcc=0.7322]
Training Epochs:  31%|███████████████▏                                 | 31/100 [00:04<00:10,  6.76it/s, Loss=0.5731, TrainAcc=0.8986, TestAcc=0.7492]
Training Epochs:  32%|███████████████▋                                 | 32/100 [00:04<00:10,  6.77it/s, Loss=0.5731, TrainAcc=0.8986, TestAcc=0.7492]
Training Epochs:  32%|███████████████▋                                 | 32/100 [00:04<00:10,  6.77it/s, Loss=0.5920, TrainAcc=0.8899, TestAcc=0.7695]
Training Epochs:  33%|████████████████▏                                | 33/100 [00:04<00:09,  6.79it/s, Loss=0.5920, TrainAcc=0.8899, TestAcc=0.7695]
Training Epochs:  33%|████████████████▏                                | 33/100 [00:04<00:09,  6.79it/s, Loss=0.5661, TrainAcc=0.8938, TestAcc=0.7661]
Training Epochs:  34%|████████████████▋                                | 34/100 [00:04<00:09,  6.77it/s, Loss=0.5661, TrainAcc=0.8938, TestAcc=0.7661]
Training Epochs:  34%|████████████████▋                                | 34/100 [00:04<00:09,  6.77it/s, Loss=0.5551, TrainAcc=0.9055, TestAcc=0.7322]
Training Epochs:  35%|█████████████████▏                               | 35/100 [00:04<00:09,  6.80it/s, Loss=0.5551, TrainAcc=0.9055, TestAcc=0.7322]
Training Epochs:  35%|█████████████████▏                               | 35/100 [00:05<00:09,  6.80it/s, Loss=0.5609, TrainAcc=0.9064, TestAcc=0.7288]
Training Epochs:  36%|█████████████████▋                               | 36/100 [00:05<00:09,  6.57it/s, Loss=0.5609, TrainAcc=0.9064, TestAcc=0.7288]
Training Epochs:  36%|█████████████████▋                               | 36/100 [00:05<00:09,  6.57it/s, Loss=0.5361, TrainAcc=0.9084, TestAcc=0.7356]
Training Epochs:  37%|██████████████████▏                              | 37/100 [00:05<00:09,  6.75it/s, Loss=0.5361, TrainAcc=0.9084, TestAcc=0.7356]
Training Epochs:  37%|██████████████████▏                              | 37/100 [00:05<00:09,  6.75it/s, Loss=0.5388, TrainAcc=0.9074, TestAcc=0.7458]
Training Epochs:  38%|██████████████████▌                              | 38/100 [00:05<00:09,  6.81it/s, Loss=0.5388, TrainAcc=0.9074, TestAcc=0.7458]
Training Epochs:  38%|██████████████████▌                              | 38/100 [00:05<00:09,  6.81it/s, Loss=0.5532, TrainAcc=0.9084, TestAcc=0.7390]
Training Epochs:  39%|███████████████████                              | 39/100 [00:05<00:08,  6.83it/s, Loss=0.5532, TrainAcc=0.9084, TestAcc=0.7390]
Training Epochs:  39%|███████████████████                              | 39/100 [00:05<00:08,  6.83it/s, Loss=0.5501, TrainAcc=0.9162, TestAcc=0.7593]
Training Epochs:  40%|███████████████████▌                             | 40/100 [00:05<00:08,  6.82it/s, Loss=0.5501, TrainAcc=0.9162, TestAcc=0.7593]
Training Epochs:  40%|███████████████████▌                             | 40/100 [00:05<00:08,  6.82it/s, Loss=0.5842, TrainAcc=0.8996, TestAcc=0.7288]
Training Epochs:  41%|████████████████████                             | 41/100 [00:05<00:08,  6.81it/s, Loss=0.5842, TrainAcc=0.8996, TestAcc=0.7288]
Training Epochs:  41%|████████████████████                             | 41/100 [00:05<00:08,  6.81it/s, Loss=0.5284, TrainAcc=0.9191, TestAcc=0.7559]
Training Epochs:  42%|████████████████████▌                            | 42/100 [00:05<00:08,  6.79it/s, Loss=0.5284, TrainAcc=0.9191, TestAcc=0.7559]
Training Epochs:  42%|████████████████████▌                            | 42/100 [00:06<00:08,  6.79it/s, Loss=0.5341, TrainAcc=0.9142, TestAcc=0.7288]
Training Epochs:  43%|█████████████████████                            | 43/100 [00:06<00:08,  6.75it/s, Loss=0.5341, TrainAcc=0.9142, TestAcc=0.7288]
Training Epochs:  43%|█████████████████████                            | 43/100 [00:06<00:08,  6.75it/s, Loss=0.5313, TrainAcc=0.9220, TestAcc=0.7525]
Training Epochs:  44%|█████████████████████▌                           | 44/100 [00:06<00:08,  6.76it/s, Loss=0.5313, TrainAcc=0.9220, TestAcc=0.7525]
Training Epochs:  44%|█████████████████████▌                           | 44/100 [00:06<00:08,  6.76it/s, Loss=0.5039, TrainAcc=0.9259, TestAcc=0.7559]
Training Epochs:  45%|██████████████████████                           | 45/100 [00:06<00:08,  6.77it/s, Loss=0.5039, TrainAcc=0.9259, TestAcc=0.7559]
Training Epochs:  45%|██████████████████████                           | 45/100 [00:06<00:08,  6.77it/s, Loss=0.5335, TrainAcc=0.9230, TestAcc=0.7458]
Training Epochs:  46%|██████████████████████▌                          | 46/100 [00:06<00:07,  6.77it/s, Loss=0.5335, TrainAcc=0.9230, TestAcc=0.7458]
Training Epochs:  46%|██████████████████████▌                          | 46/100 [00:06<00:07,  6.77it/s, Loss=0.5205, TrainAcc=0.9211, TestAcc=0.7525]
Training Epochs:  47%|███████████████████████                          | 47/100 [00:06<00:07,  6.79it/s, Loss=0.5205, TrainAcc=0.9211, TestAcc=0.7525]
Training Epochs:  47%|███████████████████████                          | 47/100 [00:06<00:07,  6.79it/s, Loss=0.5384, TrainAcc=0.9152, TestAcc=0.7424]
Training Epochs:  48%|███████████████████████▌                         | 48/100 [00:06<00:07,  6.79it/s, Loss=0.5384, TrainAcc=0.9152, TestAcc=0.7424]
Training Epochs:  48%|███████████████████████▌                         | 48/100 [00:06<00:07,  6.79it/s, Loss=0.5287, TrainAcc=0.9288, TestAcc=0.7695]
Training Epochs:  49%|████████████████████████                         | 49/100 [00:06<00:07,  6.80it/s, Loss=0.5287, TrainAcc=0.9288, TestAcc=0.7695]
Training Epochs:  49%|████████████████████████                         | 49/100 [00:07<00:07,  6.80it/s, Loss=0.5193, TrainAcc=0.9211, TestAcc=0.7661]
Training Epochs:  50%|████████████████████████▌                        | 50/100 [00:07<00:07,  6.79it/s, Loss=0.5193, TrainAcc=0.9211, TestAcc=0.7661]
Training Epochs:  50%|████████████████████████▌                        | 50/100 [00:07<00:07,  6.79it/s, Loss=0.5381, TrainAcc=0.9064, TestAcc=0.7593]
Training Epochs:  51%|████████████████████████▉                        | 51/100 [00:07<00:07,  6.76it/s, Loss=0.5381, TrainAcc=0.9064, TestAcc=0.7593]
Training Epochs:  51%|████████████████████████▉                        | 51/100 [00:07<00:07,  6.76it/s, Loss=0.5192, TrainAcc=0.9220, TestAcc=0.7593]
Training Epochs:  52%|█████████████████████████▍                       | 52/100 [00:07<00:07,  6.77it/s, Loss=0.5192, TrainAcc=0.9220, TestAcc=0.7593]
Training Epochs:  52%|█████████████████████████▍                       | 52/100 [00:07<00:07,  6.77it/s, Loss=0.5368, TrainAcc=0.9201, TestAcc=0.7525]
Training Epochs:  53%|█████████████████████████▉                       | 53/100 [00:07<00:06,  6.77it/s, Loss=0.5368, TrainAcc=0.9201, TestAcc=0.7525]
Training Epochs:  53%|█████████████████████████▉                       | 53/100 [00:07<00:06,  6.77it/s, Loss=0.5359, TrainAcc=0.9230, TestAcc=0.7051]
Training Epochs:  54%|██████████████████████████▍                      | 54/100 [00:07<00:06,  6.77it/s, Loss=0.5359, TrainAcc=0.9230, TestAcc=0.7051]
Training Epochs:  54%|██████████████████████████▍                      | 54/100 [00:07<00:06,  6.77it/s, Loss=0.5221, TrainAcc=0.9191, TestAcc=0.7864]
Training Epochs:  55%|██████████████████████████▉                      | 55/100 [00:07<00:06,  6.76it/s, Loss=0.5221, TrainAcc=0.9191, TestAcc=0.7864]
Training Epochs:  55%|██████████████████████████▉                      | 55/100 [00:07<00:06,  6.76it/s, Loss=0.5020, TrainAcc=0.9318, TestAcc=0.7424]
Training Epochs:  56%|███████████████████████████▍                     | 56/100 [00:07<00:06,  6.73it/s, Loss=0.5020, TrainAcc=0.9318, TestAcc=0.7424]
Training Epochs:  56%|███████████████████████████▍                     | 56/100 [00:08<00:06,  6.73it/s, Loss=0.4844, TrainAcc=0.9376, TestAcc=0.7288]
Training Epochs:  57%|███████████████████████████▉                     | 57/100 [00:08<00:06,  6.74it/s, Loss=0.4844, TrainAcc=0.9376, TestAcc=0.7288]
Training Epochs:  57%|███████████████████████████▉                     | 57/100 [00:08<00:06,  6.74it/s, Loss=0.5305, TrainAcc=0.9240, TestAcc=0.7051]
Training Epochs:  58%|████████████████████████████▍                    | 58/100 [00:08<00:06,  6.75it/s, Loss=0.5305, TrainAcc=0.9240, TestAcc=0.7051]
Training Epochs:  58%|████████████████████████████▍                    | 58/100 [00:08<00:06,  6.75it/s, Loss=0.5171, TrainAcc=0.9191, TestAcc=0.7458]
Training Epochs:  59%|████████████████████████████▉                    | 59/100 [00:08<00:06,  6.74it/s, Loss=0.5171, TrainAcc=0.9191, TestAcc=0.7458]
Training Epochs:  59%|████████████████████████████▉                    | 59/100 [00:08<00:06,  6.74it/s, Loss=0.5544, TrainAcc=0.9103, TestAcc=0.7458]
Training Epochs:  60%|█████████████████████████████▍                   | 60/100 [00:08<00:05,  6.75it/s, Loss=0.5544, TrainAcc=0.9103, TestAcc=0.7458]
Training Epochs:  60%|█████████████████████████████▍                   | 60/100 [00:08<00:05,  6.75it/s, Loss=0.5197, TrainAcc=0.9259, TestAcc=0.7525]
Training Epochs:  61%|█████████████████████████████▉                   | 61/100 [00:08<00:05,  6.76it/s, Loss=0.5197, TrainAcc=0.9259, TestAcc=0.7525]
Training Epochs:  61%|█████████████████████████████▉                   | 61/100 [00:08<00:05,  6.76it/s, Loss=0.5126, TrainAcc=0.9279, TestAcc=0.7729]
Training Epochs:  62%|██████████████████████████████▍                  | 62/100 [00:08<00:05,  6.76it/s, Loss=0.5126, TrainAcc=0.9279, TestAcc=0.7729]
Training Epochs:  62%|██████████████████████████████▍                  | 62/100 [00:08<00:05,  6.76it/s, Loss=0.5130, TrainAcc=0.9288, TestAcc=0.7322]
Training Epochs:  63%|██████████████████████████████▊                  | 63/100 [00:08<00:05,  6.76it/s, Loss=0.5130, TrainAcc=0.9288, TestAcc=0.7322]
Training Epochs:  63%|██████████████████████████████▊                  | 63/100 [00:09<00:05,  6.76it/s, Loss=0.5188, TrainAcc=0.9142, TestAcc=0.7424]
Training Epochs:  64%|███████████████████████████████▎                 | 64/100 [00:09<00:05,  6.77it/s, Loss=0.5188, TrainAcc=0.9142, TestAcc=0.7424]
Training Epochs:  64%|███████████████████████████████▎                 | 64/100 [00:09<00:05,  6.77it/s, Loss=0.5458, TrainAcc=0.9288, TestAcc=0.7288]
Training Epochs:  65%|███████████████████████████████▊                 | 65/100 [00:09<00:05,  6.76it/s, Loss=0.5458, TrainAcc=0.9288, TestAcc=0.7288]
Training Epochs:  65%|███████████████████████████████▊                 | 65/100 [00:09<00:05,  6.76it/s, Loss=0.5352, TrainAcc=0.9162, TestAcc=0.7627]
Training Epochs:  66%|████████████████████████████████▎                | 66/100 [00:09<00:05,  6.75it/s, Loss=0.5352, TrainAcc=0.9162, TestAcc=0.7627]
Training Epochs:  66%|████████████████████████████████▎                | 66/100 [00:09<00:05,  6.75it/s, Loss=0.5163, TrainAcc=0.9279, TestAcc=0.7695]
Training Epochs:  67%|████████████████████████████████▊                | 67/100 [00:09<00:04,  6.77it/s, Loss=0.5163, TrainAcc=0.9279, TestAcc=0.7695]
Training Epochs:  67%|████████████████████████████████▊                | 67/100 [00:09<00:04,  6.77it/s, Loss=0.4762, TrainAcc=0.9464, TestAcc=0.7593]
Training Epochs:  68%|█████████████████████████████████▎               | 68/100 [00:09<00:04,  6.65it/s, Loss=0.4762, TrainAcc=0.9464, TestAcc=0.7593]
Training Epochs:  68%|█████████████████████████████████▎               | 68/100 [00:09<00:04,  6.65it/s, Loss=0.5153, TrainAcc=0.9250, TestAcc=0.7356]
Training Epochs:  69%|█████████████████████████████████▊               | 69/100 [00:09<00:04,  6.67it/s, Loss=0.5153, TrainAcc=0.9250, TestAcc=0.7356]
Training Epochs:  69%|█████████████████████████████████▊               | 69/100 [00:10<00:04,  6.67it/s, Loss=0.5255, TrainAcc=0.9230, TestAcc=0.7458]
Training Epochs:  70%|██████████████████████████████████▎              | 70/100 [00:10<00:04,  6.73it/s, Loss=0.5255, TrainAcc=0.9230, TestAcc=0.7458]
Training Epochs:  70%|██████████████████████████████████▎              | 70/100 [00:10<00:04,  6.73it/s, Loss=0.4989, TrainAcc=0.9327, TestAcc=0.7593]
Training Epochs:  71%|██████████████████████████████████▊              | 71/100 [00:10<00:04,  6.77it/s, Loss=0.4989, TrainAcc=0.9327, TestAcc=0.7593]
Training Epochs:  71%|██████████████████████████████████▊              | 71/100 [00:10<00:04,  6.77it/s, Loss=0.5361, TrainAcc=0.9181, TestAcc=0.7356]
Training Epochs:  72%|███████████████████████████████████▎             | 72/100 [00:10<00:04,  6.77it/s, Loss=0.5361, TrainAcc=0.9181, TestAcc=0.7356]
Training Epochs:  72%|███████████████████████████████████▎             | 72/100 [00:10<00:04,  6.77it/s, Loss=0.5262, TrainAcc=0.9211, TestAcc=0.7220]
Training Epochs:  73%|███████████████████████████████████▊             | 73/100 [00:10<00:03,  6.77it/s, Loss=0.5262, TrainAcc=0.9211, TestAcc=0.7220]
Training Epochs:  73%|███████████████████████████████████▊             | 73/100 [00:10<00:03,  6.77it/s, Loss=0.5078, TrainAcc=0.9279, TestAcc=0.7525]
Training Epochs:  74%|████████████████████████████████████▎            | 74/100 [00:10<00:03,  6.75it/s, Loss=0.5078, TrainAcc=0.9279, TestAcc=0.7525]
Training Epochs:  74%|████████████████████████████████████▎            | 74/100 [00:10<00:03,  6.75it/s, Loss=0.4966, TrainAcc=0.9366, TestAcc=0.7695]
Training Epochs:  75%|████████████████████████████████████▊            | 75/100 [00:10<00:03,  6.74it/s, Loss=0.4966, TrainAcc=0.9366, TestAcc=0.7695]
Training Epochs:  75%|████████████████████████████████████▊            | 75/100 [00:10<00:03,  6.74it/s, Loss=0.4792, TrainAcc=0.9444, TestAcc=0.7763]
Training Epochs:  76%|█████████████████████████████████████▏           | 76/100 [00:10<00:03,  6.76it/s, Loss=0.4792, TrainAcc=0.9444, TestAcc=0.7763]
Training Epochs:  76%|█████████████████████████████████████▏           | 76/100 [00:11<00:03,  6.76it/s, Loss=0.4918, TrainAcc=0.9308, TestAcc=0.7525]
Training Epochs:  77%|█████████████████████████████████████▋           | 77/100 [00:11<00:03,  6.76it/s, Loss=0.4918, TrainAcc=0.9308, TestAcc=0.7525]
Training Epochs:  77%|█████████████████████████████████████▋           | 77/100 [00:11<00:03,  6.76it/s, Loss=0.5043, TrainAcc=0.9181, TestAcc=0.7458]
Training Epochs:  78%|██████████████████████████████████████▏          | 78/100 [00:11<00:03,  6.74it/s, Loss=0.5043, TrainAcc=0.9181, TestAcc=0.7458]
Training Epochs:  78%|██████████████████████████████████████▏          | 78/100 [00:11<00:03,  6.74it/s, Loss=0.4942, TrainAcc=0.9211, TestAcc=0.7627]
Training Epochs:  79%|██████████████████████████████████████▋          | 79/100 [00:11<00:03,  6.73it/s, Loss=0.4942, TrainAcc=0.9211, TestAcc=0.7627]
Training Epochs:  79%|██████████████████████████████████████▋          | 79/100 [00:11<00:03,  6.73it/s, Loss=0.4804, TrainAcc=0.9415, TestAcc=0.7729]
Training Epochs:  80%|███████████████████████████████████████▏         | 80/100 [00:11<00:02,  6.72it/s, Loss=0.4804, TrainAcc=0.9415, TestAcc=0.7729]
Training Epochs:  80%|███████████████████████████████████████▏         | 80/100 [00:11<00:02,  6.72it/s, Loss=0.4601, TrainAcc=0.9454, TestAcc=0.7559]
Training Epochs:  81%|███████████████████████████████████████▋         | 81/100 [00:11<00:02,  6.70it/s, Loss=0.4601, TrainAcc=0.9454, TestAcc=0.7559]
Training Epochs:  81%|███████████████████████████████████████▋         | 81/100 [00:11<00:02,  6.70it/s, Loss=0.4440, TrainAcc=0.9561, TestAcc=0.7492]
Training Epochs:  82%|████████████████████████████████████████▏        | 82/100 [00:11<00:02,  6.69it/s, Loss=0.4440, TrainAcc=0.9561, TestAcc=0.7492]
Training Epochs:  82%|████████████████████████████████████████▏        | 82/100 [00:11<00:02,  6.69it/s, Loss=0.4662, TrainAcc=0.9415, TestAcc=0.7627]
Training Epochs:  83%|████████████████████████████████████████▋        | 83/100 [00:11<00:02,  6.68it/s, Loss=0.4662, TrainAcc=0.9415, TestAcc=0.7627]
Training Epochs:  83%|████████████████████████████████████████▋        | 83/100 [00:12<00:02,  6.68it/s, Loss=0.4801, TrainAcc=0.9415, TestAcc=0.7695]
Training Epochs:  84%|█████████████████████████████████████████▏       | 84/100 [00:12<00:02,  6.67it/s, Loss=0.4801, TrainAcc=0.9415, TestAcc=0.7695]
Training Epochs:  84%|█████████████████████████████████████████▏       | 84/100 [00:12<00:02,  6.67it/s, Loss=0.4877, TrainAcc=0.9327, TestAcc=0.7763]
Training Epochs:  85%|█████████████████████████████████████████▋       | 85/100 [00:12<00:02,  6.69it/s, Loss=0.4877, TrainAcc=0.9327, TestAcc=0.7763]
Training Epochs:  85%|█████████████████████████████████████████▋       | 85/100 [00:12<00:02,  6.69it/s, Loss=0.4788, TrainAcc=0.9386, TestAcc=0.7559]
Training Epochs:  86%|██████████████████████████████████████████▏      | 86/100 [00:12<00:02,  6.72it/s, Loss=0.4788, TrainAcc=0.9386, TestAcc=0.7559]
Training Epochs:  86%|██████████████████████████████████████████▏      | 86/100 [00:12<00:02,  6.72it/s, Loss=0.4580, TrainAcc=0.9444, TestAcc=0.7492]
Training Epochs:  87%|██████████████████████████████████████████▋      | 87/100 [00:12<00:01,  6.73it/s, Loss=0.4580, TrainAcc=0.9444, TestAcc=0.7492]
Training Epochs:  87%|██████████████████████████████████████████▋      | 87/100 [00:12<00:01,  6.73it/s, Loss=0.4432, TrainAcc=0.9561, TestAcc=0.7458]
Training Epochs:  88%|███████████████████████████████████████████      | 88/100 [00:12<00:01,  6.75it/s, Loss=0.4432, TrainAcc=0.9561, TestAcc=0.7458]
Training Epochs:  88%|███████████████████████████████████████████      | 88/100 [00:12<00:01,  6.75it/s, Loss=0.4801, TrainAcc=0.9327, TestAcc=0.7424]
Training Epochs:  89%|███████████████████████████████████████████▌     | 89/100 [00:12<00:01,  6.74it/s, Loss=0.4801, TrainAcc=0.9327, TestAcc=0.7424]
Training Epochs:  89%|███████████████████████████████████████████▌     | 89/100 [00:13<00:01,  6.74it/s, Loss=0.4539, TrainAcc=0.9376, TestAcc=0.7492]
Training Epochs:  90%|████████████████████████████████████████████     | 90/100 [00:13<00:01,  6.72it/s, Loss=0.4539, TrainAcc=0.9376, TestAcc=0.7492]
Training Epochs:  90%|████████████████████████████████████████████     | 90/100 [00:13<00:01,  6.72it/s, Loss=0.4406, TrainAcc=0.9542, TestAcc=0.7492]
Training Epochs:  91%|████████████████████████████████████████████▌    | 91/100 [00:13<00:01,  6.72it/s, Loss=0.4406, TrainAcc=0.9542, TestAcc=0.7492]
Training Epochs:  91%|████████████████████████████████████████████▌    | 91/100 [00:13<00:01,  6.72it/s, Loss=0.4609, TrainAcc=0.9386, TestAcc=0.7695]
Training Epochs:  92%|█████████████████████████████████████████████    | 92/100 [00:13<00:01,  6.72it/s, Loss=0.4609, TrainAcc=0.9386, TestAcc=0.7695]
Training Epochs:  92%|█████████████████████████████████████████████    | 92/100 [00:13<00:01,  6.72it/s, Loss=0.4547, TrainAcc=0.9444, TestAcc=0.7390]
Training Epochs:  93%|█████████████████████████████████████████████▌   | 93/100 [00:13<00:01,  6.73it/s, Loss=0.4547, TrainAcc=0.9444, TestAcc=0.7390]
Training Epochs:  93%|█████████████████████████████████████████████▌   | 93/100 [00:13<00:01,  6.73it/s, Loss=0.4997, TrainAcc=0.9405, TestAcc=0.7763]
Training Epochs:  94%|██████████████████████████████████████████████   | 94/100 [00:13<00:00,  6.74it/s, Loss=0.4997, TrainAcc=0.9405, TestAcc=0.7763]
Training Epochs:  94%|██████████████████████████████████████████████   | 94/100 [00:13<00:00,  6.74it/s, Loss=0.4726, TrainAcc=0.9357, TestAcc=0.7559]
Training Epochs:  95%|██████████████████████████████████████████████▌  | 95/100 [00:13<00:00,  6.73it/s, Loss=0.4726, TrainAcc=0.9357, TestAcc=0.7559]
Training Epochs:  95%|██████████████████████████████████████████████▌  | 95/100 [00:13<00:00,  6.73it/s, Loss=0.4527, TrainAcc=0.9474, TestAcc=0.7695]
Training Epochs:  96%|███████████████████████████████████████████████  | 96/100 [00:13<00:00,  6.71it/s, Loss=0.4527, TrainAcc=0.9474, TestAcc=0.7695]
Training Epochs:  96%|███████████████████████████████████████████████  | 96/100 [00:14<00:00,  6.71it/s, Loss=0.4360, TrainAcc=0.9542, TestAcc=0.7695]
Training Epochs:  97%|███████████████████████████████████████████████▌ | 97/100 [00:14<00:00,  6.73it/s, Loss=0.4360, TrainAcc=0.9542, TestAcc=0.7695]
Training Epochs:  97%|███████████████████████████████████████████████▌ | 97/100 [00:14<00:00,  6.73it/s, Loss=0.4454, TrainAcc=0.9532, TestAcc=0.7695]
Training Epochs:  98%|████████████████████████████████████████████████ | 98/100 [00:14<00:00,  6.73it/s, Loss=0.4454, TrainAcc=0.9532, TestAcc=0.7695]
Training Epochs:  98%|████████████████████████████████████████████████ | 98/100 [00:14<00:00,  6.73it/s, Loss=0.4562, TrainAcc=0.9435, TestAcc=0.7492]
Training Epochs:  99%|████████████████████████████████████████████████▌| 99/100 [00:14<00:00,  6.74it/s, Loss=0.4562, TrainAcc=0.9435, TestAcc=0.7492]
Training Epochs:  99%|████████████████████████████████████████████████▌| 99/100 [00:14<00:00,  6.74it/s, Loss=0.4331, TrainAcc=0.9620, TestAcc=0.7932]
Training Epochs: 100%|████████████████████████████████████████████████| 100/100 [00:14<00:00,  6.73it/s, Loss=0.4331, TrainAcc=0.9620, TestAcc=0.7932]
Training Epochs: 100%|████████████████████████████████████████████████| 100/100 [00:14<00:00,  6.90it/s, Loss=0.4331, TrainAcc=0.9620, TestAcc=0.7932]
{'Real': {'precision': np.float64(0.7892156862745098), 'recall': np.float64(0.8994413407821229), 'f1': np.float64(0.8407310704960835)}, 'Fake': {'precision': np.float64(0.8021978021978022), 'recall': np.float64(0.6293103448275862), 'f1': np.float64(0.7053140096618358)}}

Training Epochs:   0%|                                                                                                        | 0/100 [00:00<?, ?it/s]
Training Epochs:   0%|                                                          | 0/100 [00:00<?, ?it/s, Loss=1.1405, TrainAcc=0.5965, TestAcc=0.6508]
Training Epochs:   0%|                                                          | 0/100 [00:00<?, ?it/s, Loss=1.0043, TrainAcc=0.6209, TestAcc=0.6983]
Training Epochs:   2%|█                                                 | 2/100 [00:00<00:09, 10.18it/s, Loss=1.0043, TrainAcc=0.6209, TestAcc=0.6983]
Training Epochs:   2%|█                                                 | 2/100 [00:00<00:09, 10.18it/s, Loss=0.8947, TrainAcc=0.7076, TestAcc=0.7186]
Training Epochs:   2%|█                                                 | 2/100 [00:00<00:09, 10.18it/s, Loss=0.8563, TrainAcc=0.7378, TestAcc=0.6847]
Training Epochs:   4%|██                                                | 4/100 [00:00<00:10,  9.38it/s, Loss=0.8563, TrainAcc=0.7378, TestAcc=0.6847]
Training Epochs:   4%|██                                                | 4/100 [00:00<00:10,  9.38it/s, Loss=0.7938, TrainAcc=0.7651, TestAcc=0.7220]
Training Epochs:   5%|██▌                                               | 5/100 [00:00<00:10,  9.10it/s, Loss=0.7938, TrainAcc=0.7651, TestAcc=0.7220]
Training Epochs:   5%|██▌                                               | 5/100 [00:00<00:10,  9.10it/s, Loss=0.7399, TrainAcc=0.8109, TestAcc=0.7288]
Training Epochs:   6%|███                                               | 6/100 [00:00<00:10,  8.89it/s, Loss=0.7399, TrainAcc=0.8109, TestAcc=0.7288]
Training Epochs:   6%|███                                               | 6/100 [00:00<00:10,  8.89it/s, Loss=0.7482, TrainAcc=0.8109, TestAcc=0.7119]
Training Epochs:   7%|███▌                                              | 7/100 [00:00<00:10,  8.73it/s, Loss=0.7482, TrainAcc=0.8109, TestAcc=0.7119]
Training Epochs:   7%|███▌                                              | 7/100 [00:00<00:10,  8.73it/s, Loss=0.7485, TrainAcc=0.8099, TestAcc=0.7356]
Training Epochs:   8%|████                                              | 8/100 [00:00<00:10,  8.64it/s, Loss=0.7485, TrainAcc=0.8099, TestAcc=0.7356]
Training Epochs:   8%|████                                              | 8/100 [00:01<00:10,  8.64it/s, Loss=0.6942, TrainAcc=0.8138, TestAcc=0.7220]
Training Epochs:   9%|████▌                                             | 9/100 [00:01<00:10,  8.58it/s, Loss=0.6942, TrainAcc=0.8138, TestAcc=0.7220]
Training Epochs:   9%|████▌                                             | 9/100 [00:01<00:10,  8.58it/s, Loss=0.6876, TrainAcc=0.8275, TestAcc=0.7186]
Training Epochs:  10%|████▉                                            | 10/100 [00:01<00:10,  8.53it/s, Loss=0.6876, TrainAcc=0.8275, TestAcc=0.7186]
Training Epochs:  10%|████▉                                            | 10/100 [00:01<00:10,  8.53it/s, Loss=0.7283, TrainAcc=0.8129, TestAcc=0.7525]
Training Epochs:  11%|█████▍                                           | 11/100 [00:01<00:10,  8.47it/s, Loss=0.7283, TrainAcc=0.8129, TestAcc=0.7525]
Training Epochs:  11%|█████▍                                           | 11/100 [00:01<00:10,  8.47it/s, Loss=0.7050, TrainAcc=0.8207, TestAcc=0.7559]
Training Epochs:  12%|█████▉                                           | 12/100 [00:01<00:10,  8.19it/s, Loss=0.7050, TrainAcc=0.8207, TestAcc=0.7559]
Training Epochs:  12%|█████▉                                           | 12/100 [00:01<00:10,  8.19it/s, Loss=0.6692, TrainAcc=0.8538, TestAcc=0.7051]
Training Epochs:  13%|██████▎                                          | 13/100 [00:01<00:11,  7.84it/s, Loss=0.6692, TrainAcc=0.8538, TestAcc=0.7051]
Training Epochs:  13%|██████▎                                          | 13/100 [00:01<00:11,  7.84it/s, Loss=0.6629, TrainAcc=0.8645, TestAcc=0.7288]
Training Epochs:  14%|██████▊                                          | 14/100 [00:01<00:11,  7.54it/s, Loss=0.6629, TrainAcc=0.8645, TestAcc=0.7288]
Training Epochs:  14%|██████▊                                          | 14/100 [00:01<00:11,  7.54it/s, Loss=0.6461, TrainAcc=0.8558, TestAcc=0.7492]
Training Epochs:  15%|███████▎                                         | 15/100 [00:01<00:11,  7.30it/s, Loss=0.6461, TrainAcc=0.8558, TestAcc=0.7492]
Training Epochs:  15%|███████▎                                         | 15/100 [00:01<00:11,  7.30it/s, Loss=0.6479, TrainAcc=0.8558, TestAcc=0.7492]
Training Epochs:  16%|███████▊                                         | 16/100 [00:01<00:11,  7.14it/s, Loss=0.6479, TrainAcc=0.8558, TestAcc=0.7492]
Training Epochs:  16%|███████▊                                         | 16/100 [00:02<00:11,  7.14it/s, Loss=0.6471, TrainAcc=0.8587, TestAcc=0.7390]
Training Epochs:  17%|████████▎                                        | 17/100 [00:02<00:11,  7.01it/s, Loss=0.6471, TrainAcc=0.8587, TestAcc=0.7390]
Training Epochs:  17%|████████▎                                        | 17/100 [00:02<00:11,  7.01it/s, Loss=0.6070, TrainAcc=0.8811, TestAcc=0.7390]
Training Epochs:  18%|████████▊                                        | 18/100 [00:02<00:11,  6.92it/s, Loss=0.6070, TrainAcc=0.8811, TestAcc=0.7390]
Training Epochs:  18%|████████▊                                        | 18/100 [00:02<00:11,  6.92it/s, Loss=0.5843, TrainAcc=0.9045, TestAcc=0.7525]
Training Epochs:  19%|█████████▎                                       | 19/100 [00:02<00:11,  6.87it/s, Loss=0.5843, TrainAcc=0.9045, TestAcc=0.7525]
Training Epochs:  19%|█████████▎                                       | 19/100 [00:02<00:11,  6.87it/s, Loss=0.5838, TrainAcc=0.8889, TestAcc=0.7288]
Training Epochs:  20%|█████████▊                                       | 20/100 [00:02<00:11,  6.87it/s, Loss=0.5838, TrainAcc=0.8889, TestAcc=0.7288]
Training Epochs:  20%|█████████▊                                       | 20/100 [00:02<00:11,  6.87it/s, Loss=0.5995, TrainAcc=0.8830, TestAcc=0.7186]
Training Epochs:  21%|██████████▎                                      | 21/100 [00:02<00:11,  6.93it/s, Loss=0.5995, TrainAcc=0.8830, TestAcc=0.7186]
Training Epochs:  21%|██████████▎                                      | 21/100 [00:02<00:11,  6.93it/s, Loss=0.5878, TrainAcc=0.8821, TestAcc=0.7390]
Training Epochs:  22%|██████████▊                                      | 22/100 [00:02<00:11,  6.94it/s, Loss=0.5878, TrainAcc=0.8821, TestAcc=0.7390]
Training Epochs:  22%|██████████▊                                      | 22/100 [00:02<00:11,  6.94it/s, Loss=0.5981, TrainAcc=0.8928, TestAcc=0.7492]
Training Epochs:  23%|███████████▎                                     | 23/100 [00:02<00:10,  7.62it/s, Loss=0.5981, TrainAcc=0.8928, TestAcc=0.7492]
Training Epochs:  23%|███████████▎                                     | 23/100 [00:03<00:10,  7.62it/s, Loss=0.5638, TrainAcc=0.9055, TestAcc=0.7051]
Training Epochs:  23%|███████████▎                                     | 23/100 [00:03<00:10,  7.62it/s, Loss=0.5863, TrainAcc=0.8860, TestAcc=0.7593]
Training Epochs:  25%|████████████▎                                    | 25/100 [00:03<00:07,  9.40it/s, Loss=0.5863, TrainAcc=0.8860, TestAcc=0.7593]
Training Epochs:  25%|████████████▎                                    | 25/100 [00:03<00:07,  9.40it/s, Loss=0.6134, TrainAcc=0.8782, TestAcc=0.7220]
Training Epochs:  25%|████████████▎                                    | 25/100 [00:03<00:07,  9.40it/s, Loss=0.5872, TrainAcc=0.8850, TestAcc=0.7797]
Training Epochs:  27%|█████████████▏                                   | 27/100 [00:03<00:06, 10.72it/s, Loss=0.5872, TrainAcc=0.8850, TestAcc=0.7797]
Training Epochs:  27%|█████████████▏                                   | 27/100 [00:03<00:06, 10.72it/s, Loss=0.5698, TrainAcc=0.8986, TestAcc=0.7458]
Training Epochs:  27%|█████████████▏                                   | 27/100 [00:03<00:06, 10.72it/s, Loss=0.5579, TrainAcc=0.8977, TestAcc=0.7322]
Training Epochs:  29%|██████████████▏                                  | 29/100 [00:03<00:06, 11.64it/s, Loss=0.5579, TrainAcc=0.8977, TestAcc=0.7322]
Training Epochs:  29%|██████████████▏                                  | 29/100 [00:03<00:06, 11.64it/s, Loss=0.5654, TrainAcc=0.9025, TestAcc=0.7492]
Training Epochs:  29%|██████████████▏                                  | 29/100 [00:03<00:06, 11.64it/s, Loss=0.5654, TrainAcc=0.8967, TestAcc=0.7424]
Training Epochs:  31%|███████████████▏                                 | 31/100 [00:03<00:06, 10.98it/s, Loss=0.5654, TrainAcc=0.8967, TestAcc=0.7424]
Training Epochs:  31%|███████████████▏                                 | 31/100 [00:03<00:06, 10.98it/s, Loss=0.5622, TrainAcc=0.8977, TestAcc=0.7458]
Training Epochs:  31%|███████████████▏                                 | 31/100 [00:03<00:06, 10.98it/s, Loss=0.5546, TrainAcc=0.9006, TestAcc=0.7220]
Training Epochs:  33%|████████████████▏                                | 33/100 [00:03<00:06,  9.90it/s, Loss=0.5546, TrainAcc=0.9006, TestAcc=0.7220]
Training Epochs:  33%|████████████████▏                                | 33/100 [00:03<00:06,  9.90it/s, Loss=0.5384, TrainAcc=0.9084, TestAcc=0.7695]
Training Epochs:  33%|████████████████▏                                | 33/100 [00:04<00:06,  9.90it/s, Loss=0.5526, TrainAcc=0.9094, TestAcc=0.7356]
Training Epochs:  35%|█████████████████▏                               | 35/100 [00:04<00:06, 10.39it/s, Loss=0.5526, TrainAcc=0.9094, TestAcc=0.7356]
Training Epochs:  35%|█████████████████▏                               | 35/100 [00:04<00:06, 10.39it/s, Loss=0.5463, TrainAcc=0.9084, TestAcc=0.7424]
Training Epochs:  35%|█████████████████▏                               | 35/100 [00:04<00:06, 10.39it/s, Loss=0.5505, TrainAcc=0.9025, TestAcc=0.7593]
Training Epochs:  37%|██████████████████▏                              | 37/100 [00:04<00:05, 10.80it/s, Loss=0.5505, TrainAcc=0.9025, TestAcc=0.7593]
Training Epochs:  37%|██████████████████▏                              | 37/100 [00:04<00:05, 10.80it/s, Loss=0.5363, TrainAcc=0.9084, TestAcc=0.7390]
Training Epochs:  37%|██████████████████▏                              | 37/100 [00:04<00:05, 10.80it/s, Loss=0.5459, TrainAcc=0.9191, TestAcc=0.7390]
Training Epochs:  39%|███████████████████                              | 39/100 [00:04<00:05, 11.04it/s, Loss=0.5459, TrainAcc=0.9191, TestAcc=0.7390]
Training Epochs:  39%|███████████████████                              | 39/100 [00:04<00:05, 11.04it/s, Loss=0.5659, TrainAcc=0.9035, TestAcc=0.7458]
Training Epochs:  39%|███████████████████                              | 39/100 [00:04<00:05, 11.04it/s, Loss=0.5719, TrainAcc=0.8977, TestAcc=0.7322]
Training Epochs:  41%|████████████████████                             | 41/100 [00:04<00:05, 11.20it/s, Loss=0.5719, TrainAcc=0.8977, TestAcc=0.7322]
Training Epochs:  41%|████████████████████                             | 41/100 [00:04<00:05, 11.20it/s, Loss=0.5673, TrainAcc=0.9064, TestAcc=0.7017]
Training Epochs:  41%|████████████████████                             | 41/100 [00:04<00:05, 11.20it/s, Loss=0.5346, TrainAcc=0.9240, TestAcc=0.7661]
Training Epochs:  43%|█████████████████████                            | 43/100 [00:04<00:05,  9.96it/s, Loss=0.5346, TrainAcc=0.9240, TestAcc=0.7661]
Training Epochs:  43%|█████████████████████                            | 43/100 [00:04<00:05,  9.96it/s, Loss=0.5390, TrainAcc=0.9035, TestAcc=0.7390]
Training Epochs:  43%|█████████████████████                            | 43/100 [00:05<00:05,  9.96it/s, Loss=0.5591, TrainAcc=0.9084, TestAcc=0.7288]
Training Epochs:  45%|██████████████████████                           | 45/100 [00:05<00:06,  8.81it/s, Loss=0.5591, TrainAcc=0.9084, TestAcc=0.7288]
Training Epochs:  45%|██████████████████████                           | 45/100 [00:05<00:06,  8.81it/s, Loss=0.5615, TrainAcc=0.9074, TestAcc=0.7525]
Training Epochs:  46%|██████████████████████▌                          | 46/100 [00:05<00:06,  8.51it/s, Loss=0.5615, TrainAcc=0.9074, TestAcc=0.7525]
Training Epochs:  46%|██████████████████████▌                          | 46/100 [00:05<00:06,  8.51it/s, Loss=0.5351, TrainAcc=0.9152, TestAcc=0.7593]
Training Epochs:  47%|███████████████████████                          | 47/100 [00:05<00:06,  8.63it/s, Loss=0.5351, TrainAcc=0.9152, TestAcc=0.7593]
Training Epochs:  47%|███████████████████████                          | 47/100 [00:05<00:06,  8.63it/s, Loss=0.5538, TrainAcc=0.9133, TestAcc=0.7424]
Training Epochs:  47%|███████████████████████                          | 47/100 [00:05<00:06,  8.63it/s, Loss=0.5402, TrainAcc=0.9055, TestAcc=0.7288]
Training Epochs:  49%|████████████████████████                         | 49/100 [00:05<00:05,  8.95it/s, Loss=0.5402, TrainAcc=0.9055, TestAcc=0.7288]
Training Epochs:  49%|████████████████████████                         | 49/100 [00:05<00:05,  8.95it/s, Loss=0.5638, TrainAcc=0.8869, TestAcc=0.7288]
Training Epochs:  50%|████████████████████████▌                        | 50/100 [00:05<00:05,  8.58it/s, Loss=0.5638, TrainAcc=0.8869, TestAcc=0.7288]
Training Epochs:  50%|████████████████████████▌                        | 50/100 [00:05<00:05,  8.58it/s, Loss=0.5269, TrainAcc=0.9113, TestAcc=0.7559]
Training Epochs:  51%|████████████████████████▉                        | 51/100 [00:05<00:05,  8.17it/s, Loss=0.5269, TrainAcc=0.9113, TestAcc=0.7559]
Training Epochs:  51%|████████████████████████▉                        | 51/100 [00:05<00:05,  8.17it/s, Loss=0.5464, TrainAcc=0.9045, TestAcc=0.7492]
Training Epochs:  52%|█████████████████████████▍                       | 52/100 [00:05<00:06,  7.82it/s, Loss=0.5464, TrainAcc=0.9045, TestAcc=0.7492]
Training Epochs:  52%|█████████████████████████▍                       | 52/100 [00:06<00:06,  7.82it/s, Loss=0.5159, TrainAcc=0.9230, TestAcc=0.7186]
Training Epochs:  53%|█████████████████████████▉                       | 53/100 [00:06<00:06,  7.78it/s, Loss=0.5159, TrainAcc=0.9230, TestAcc=0.7186]
Training Epochs:  53%|█████████████████████████▉                       | 53/100 [00:06<00:06,  7.78it/s, Loss=0.4888, TrainAcc=0.9357, TestAcc=0.7593]
Training Epochs:  53%|█████████████████████████▉                       | 53/100 [00:06<00:06,  7.78it/s, Loss=0.5294, TrainAcc=0.9133, TestAcc=0.7695]
Training Epochs:  55%|██████████████████████████▉                      | 55/100 [00:06<00:05,  8.63it/s, Loss=0.5294, TrainAcc=0.9133, TestAcc=0.7695]
Training Epochs:  55%|██████████████████████████▉                      | 55/100 [00:06<00:05,  8.63it/s, Loss=0.5721, TrainAcc=0.9074, TestAcc=0.7695]
Training Epochs:  56%|███████████████████████████▍                     | 56/100 [00:06<00:05,  8.39it/s, Loss=0.5721, TrainAcc=0.9074, TestAcc=0.7695]
Training Epochs:  56%|███████████████████████████▍                     | 56/100 [00:06<00:05,  8.39it/s, Loss=0.5670, TrainAcc=0.9006, TestAcc=0.7458]
Training Epochs:  57%|███████████████████████████▉                     | 57/100 [00:06<00:05,  8.02it/s, Loss=0.5670, TrainAcc=0.9006, TestAcc=0.7458]
Training Epochs:  57%|███████████████████████████▉                     | 57/100 [00:06<00:05,  8.02it/s, Loss=0.5693, TrainAcc=0.8869, TestAcc=0.7525]
Training Epochs:  58%|████████████████████████████▍                    | 58/100 [00:06<00:05,  7.67it/s, Loss=0.5693, TrainAcc=0.8869, TestAcc=0.7525]
Training Epochs:  58%|████████████████████████████▍                    | 58/100 [00:06<00:05,  7.67it/s, Loss=0.5750, TrainAcc=0.8986, TestAcc=0.7254]
Training Epochs:  59%|████████████████████████████▉                    | 59/100 [00:06<00:05,  7.45it/s, Loss=0.5750, TrainAcc=0.8986, TestAcc=0.7254]
Training Epochs:  59%|████████████████████████████▉                    | 59/100 [00:06<00:05,  7.45it/s, Loss=0.5400, TrainAcc=0.9181, TestAcc=0.7322]
Training Epochs:  60%|█████████████████████████████▍                   | 60/100 [00:06<00:05,  7.25it/s, Loss=0.5400, TrainAcc=0.9181, TestAcc=0.7322]
Training Epochs:  60%|█████████████████████████████▍                   | 60/100 [00:07<00:05,  7.25it/s, Loss=0.5465, TrainAcc=0.9113, TestAcc=0.7627]
Training Epochs:  61%|█████████████████████████████▉                   | 61/100 [00:07<00:05,  7.10it/s, Loss=0.5465, TrainAcc=0.9113, TestAcc=0.7627]
Training Epochs:  61%|█████████████████████████████▉                   | 61/100 [00:07<00:05,  7.10it/s, Loss=0.5259, TrainAcc=0.9113, TestAcc=0.7661]
Training Epochs:  62%|██████████████████████████████▍                  | 62/100 [00:07<00:05,  6.96it/s, Loss=0.5259, TrainAcc=0.9113, TestAcc=0.7661]
Training Epochs:  62%|██████████████████████████████▍                  | 62/100 [00:07<00:05,  6.96it/s, Loss=0.5174, TrainAcc=0.9308, TestAcc=0.7627]
Training Epochs:  63%|██████████████████████████████▊                  | 63/100 [00:07<00:05,  6.92it/s, Loss=0.5174, TrainAcc=0.9308, TestAcc=0.7627]
Training Epochs:  63%|██████████████████████████████▊                  | 63/100 [00:07<00:05,  6.92it/s, Loss=0.5205, TrainAcc=0.9162, TestAcc=0.7559]
Training Epochs:  64%|███████████████████████████████▎                 | 64/100 [00:07<00:05,  6.89it/s, Loss=0.5205, TrainAcc=0.9162, TestAcc=0.7559]
Training Epochs:  64%|███████████████████████████████▎                 | 64/100 [00:07<00:05,  6.89it/s, Loss=0.5352, TrainAcc=0.9094, TestAcc=0.7559]
Training Epochs:  65%|███████████████████████████████▊                 | 65/100 [00:07<00:05,  6.85it/s, Loss=0.5352, TrainAcc=0.9094, TestAcc=0.7559]
Training Epochs:  65%|███████████████████████████████▊                 | 65/100 [00:07<00:05,  6.85it/s, Loss=0.4979, TrainAcc=0.9298, TestAcc=0.7424]
Training Epochs:  66%|████████████████████████████████▎                | 66/100 [00:07<00:04,  6.82it/s, Loss=0.4979, TrainAcc=0.9298, TestAcc=0.7424]
Training Epochs:  66%|████████████████████████████████▎                | 66/100 [00:08<00:04,  6.82it/s, Loss=0.5118, TrainAcc=0.9211, TestAcc=0.7288]
Training Epochs:  67%|████████████████████████████████▊                | 67/100 [00:08<00:04,  6.79it/s, Loss=0.5118, TrainAcc=0.9211, TestAcc=0.7288]
Training Epochs:  67%|████████████████████████████████▊                | 67/100 [00:08<00:04,  6.79it/s, Loss=0.5090, TrainAcc=0.9201, TestAcc=0.7525]
Training Epochs:  68%|█████████████████████████████████▎               | 68/100 [00:08<00:04,  6.76it/s, Loss=0.5090, TrainAcc=0.9201, TestAcc=0.7525]
Training Epochs:  68%|█████████████████████████████████▎               | 68/100 [00:08<00:04,  6.76it/s, Loss=0.4999, TrainAcc=0.9259, TestAcc=0.7593]
Training Epochs:  69%|█████████████████████████████████▊               | 69/100 [00:08<00:04,  6.74it/s, Loss=0.4999, TrainAcc=0.9259, TestAcc=0.7593]
Training Epochs:  69%|█████████████████████████████████▊               | 69/100 [00:08<00:04,  6.74it/s, Loss=0.5157, TrainAcc=0.9211, TestAcc=0.7220]
Training Epochs:  70%|██████████████████████████████████▎              | 70/100 [00:08<00:04,  6.78it/s, Loss=0.5157, TrainAcc=0.9211, TestAcc=0.7220]
Training Epochs:  70%|██████████████████████████████████▎              | 70/100 [00:08<00:04,  6.78it/s, Loss=0.4899, TrainAcc=0.9337, TestAcc=0.7390]
Training Epochs:  71%|██████████████████████████████████▊              | 71/100 [00:08<00:04,  6.81it/s, Loss=0.4899, TrainAcc=0.9337, TestAcc=0.7390]
Training Epochs:  71%|██████████████████████████████████▊              | 71/100 [00:08<00:04,  6.81it/s, Loss=0.4927, TrainAcc=0.9211, TestAcc=0.7390]
Training Epochs:  72%|███████████████████████████████████▎             | 72/100 [00:08<00:04,  6.84it/s, Loss=0.4927, TrainAcc=0.9211, TestAcc=0.7390]
Training Epochs:  72%|███████████████████████████████████▎             | 72/100 [00:08<00:04,  6.84it/s, Loss=0.4699, TrainAcc=0.9376, TestAcc=0.7627]
Training Epochs:  73%|███████████████████████████████████▊             | 73/100 [00:08<00:03,  6.84it/s, Loss=0.4699, TrainAcc=0.9376, TestAcc=0.7627]
Training Epochs:  73%|███████████████████████████████████▊             | 73/100 [00:09<00:03,  6.84it/s, Loss=0.4818, TrainAcc=0.9288, TestAcc=0.7390]
Training Epochs:  74%|████████████████████████████████████▎            | 74/100 [00:09<00:03,  6.83it/s, Loss=0.4818, TrainAcc=0.9288, TestAcc=0.7390]
Training Epochs:  74%|████████████████████████████████████▎            | 74/100 [00:09<00:03,  6.83it/s, Loss=0.4920, TrainAcc=0.9337, TestAcc=0.7424]
Training Epochs:  75%|████████████████████████████████████▊            | 75/100 [00:09<00:03,  6.78it/s, Loss=0.4920, TrainAcc=0.9337, TestAcc=0.7424]
Training Epochs:  75%|████████████████████████████████████▊            | 75/100 [00:09<00:03,  6.78it/s, Loss=0.4785, TrainAcc=0.9327, TestAcc=0.7525]
Training Epochs:  76%|█████████████████████████████████████▏           | 76/100 [00:09<00:03,  6.75it/s, Loss=0.4785, TrainAcc=0.9327, TestAcc=0.7525]
Training Epochs:  76%|█████████████████████████████████████▏           | 76/100 [00:09<00:03,  6.75it/s, Loss=0.4895, TrainAcc=0.9337, TestAcc=0.7356]
Training Epochs:  77%|█████████████████████████████████████▋           | 77/100 [00:09<00:03,  6.76it/s, Loss=0.4895, TrainAcc=0.9337, TestAcc=0.7356]
Training Epochs:  77%|█████████████████████████████████████▋           | 77/100 [00:09<00:03,  6.76it/s, Loss=0.4901, TrainAcc=0.9288, TestAcc=0.7458]
Training Epochs:  78%|██████████████████████████████████████▏          | 78/100 [00:09<00:03,  6.75it/s, Loss=0.4901, TrainAcc=0.9288, TestAcc=0.7458]
Training Epochs:  78%|██████████████████████████████████████▏          | 78/100 [00:09<00:03,  6.75it/s, Loss=0.4725, TrainAcc=0.9396, TestAcc=0.7695]
Training Epochs:  79%|██████████████████████████████████████▋          | 79/100 [00:09<00:03,  6.74it/s, Loss=0.4725, TrainAcc=0.9396, TestAcc=0.7695]
Training Epochs:  79%|██████████████████████████████████████▋          | 79/100 [00:09<00:03,  6.74it/s, Loss=0.5105, TrainAcc=0.9269, TestAcc=0.7525]
Training Epochs:  80%|███████████████████████████████████████▏         | 80/100 [00:09<00:02,  6.74it/s, Loss=0.5105, TrainAcc=0.9269, TestAcc=0.7525]
Training Epochs:  80%|███████████████████████████████████████▏         | 80/100 [00:10<00:02,  6.74it/s, Loss=0.4549, TrainAcc=0.9532, TestAcc=0.7525]
Training Epochs:  81%|███████████████████████████████████████▋         | 81/100 [00:10<00:02,  6.69it/s, Loss=0.4549, TrainAcc=0.9532, TestAcc=0.7525]
Training Epochs:  81%|███████████████████████████████████████▋         | 81/100 [00:10<00:02,  6.69it/s, Loss=0.4847, TrainAcc=0.9366, TestAcc=0.7356]
Training Epochs:  82%|████████████████████████████████████████▏        | 82/100 [00:10<00:02,  6.64it/s, Loss=0.4847, TrainAcc=0.9366, TestAcc=0.7356]
Training Epochs:  82%|████████████████████████████████████████▏        | 82/100 [00:10<00:02,  6.64it/s, Loss=0.4587, TrainAcc=0.9444, TestAcc=0.7424]
Training Epochs:  83%|████████████████████████████████████████▋        | 83/100 [00:10<00:02,  6.56it/s, Loss=0.4587, TrainAcc=0.9444, TestAcc=0.7424]
Training Epochs:  83%|████████████████████████████████████████▋        | 83/100 [00:10<00:02,  6.56it/s, Loss=0.4577, TrainAcc=0.9474, TestAcc=0.7593]
Training Epochs:  84%|█████████████████████████████████████████▏       | 84/100 [00:10<00:02,  6.60it/s, Loss=0.4577, TrainAcc=0.9474, TestAcc=0.7593]
Training Epochs:  84%|█████████████████████████████████████████▏       | 84/100 [00:10<00:02,  6.60it/s, Loss=0.4472, TrainAcc=0.9571, TestAcc=0.7288]
Training Epochs:  85%|█████████████████████████████████████████▋       | 85/100 [00:10<00:02,  6.63it/s, Loss=0.4472, TrainAcc=0.9571, TestAcc=0.7288]
Training Epochs:  85%|█████████████████████████████████████████▋       | 85/100 [00:10<00:02,  6.63it/s, Loss=0.4847, TrainAcc=0.9337, TestAcc=0.7390]
Training Epochs:  86%|██████████████████████████████████████████▏      | 86/100 [00:10<00:02,  6.65it/s, Loss=0.4847, TrainAcc=0.9337, TestAcc=0.7390]
Training Epochs:  86%|██████████████████████████████████████████▏      | 86/100 [00:10<00:02,  6.65it/s, Loss=0.4910, TrainAcc=0.9396, TestAcc=0.7424]
Training Epochs:  87%|██████████████████████████████████████████▋      | 87/100 [00:10<00:01,  6.63it/s, Loss=0.4910, TrainAcc=0.9396, TestAcc=0.7424]
Training Epochs:  87%|██████████████████████████████████████████▋      | 87/100 [00:11<00:01,  6.63it/s, Loss=0.5092, TrainAcc=0.9250, TestAcc=0.7525]
Training Epochs:  88%|███████████████████████████████████████████      | 88/100 [00:11<00:01,  6.66it/s, Loss=0.5092, TrainAcc=0.9250, TestAcc=0.7525]
Training Epochs:  88%|███████████████████████████████████████████      | 88/100 [00:11<00:01,  6.66it/s, Loss=0.5169, TrainAcc=0.9327, TestAcc=0.7356]
Training Epochs:  89%|███████████████████████████████████████████▌     | 89/100 [00:11<00:01,  6.63it/s, Loss=0.5169, TrainAcc=0.9327, TestAcc=0.7356]
Training Epochs:  89%|███████████████████████████████████████████▌     | 89/100 [00:11<00:01,  6.63it/s, Loss=0.5078, TrainAcc=0.9211, TestAcc=0.7458]
Training Epochs:  90%|████████████████████████████████████████████     | 90/100 [00:11<00:01,  6.61it/s, Loss=0.5078, TrainAcc=0.9211, TestAcc=0.7458]
Training Epochs:  90%|████████████████████████████████████████████     | 90/100 [00:11<00:01,  6.61it/s, Loss=0.5416, TrainAcc=0.9152, TestAcc=0.7288]
Training Epochs:  91%|████████████████████████████████████████████▌    | 91/100 [00:11<00:01,  6.59it/s, Loss=0.5416, TrainAcc=0.9152, TestAcc=0.7288]
Training Epochs:  91%|████████████████████████████████████████████▌    | 91/100 [00:11<00:01,  6.59it/s, Loss=0.4988, TrainAcc=0.9259, TestAcc=0.7661]
Training Epochs:  92%|█████████████████████████████████████████████    | 92/100 [00:11<00:01,  6.60it/s, Loss=0.4988, TrainAcc=0.9259, TestAcc=0.7661]
Training Epochs:  92%|█████████████████████████████████████████████    | 92/100 [00:11<00:01,  6.60it/s, Loss=0.4666, TrainAcc=0.9376, TestAcc=0.7492]
Training Epochs:  93%|█████████████████████████████████████████████▌   | 93/100 [00:11<00:01,  6.63it/s, Loss=0.4666, TrainAcc=0.9376, TestAcc=0.7492]
Training Epochs:  93%|█████████████████████████████████████████████▌   | 93/100 [00:12<00:01,  6.63it/s, Loss=0.4978, TrainAcc=0.9211, TestAcc=0.7695]
Training Epochs:  94%|██████████████████████████████████████████████   | 94/100 [00:12<00:00,  6.63it/s, Loss=0.4978, TrainAcc=0.9211, TestAcc=0.7695]
Training Epochs:  94%|██████████████████████████████████████████████   | 94/100 [00:12<00:00,  6.63it/s, Loss=0.4736, TrainAcc=0.9347, TestAcc=0.7525]
Training Epochs:  95%|██████████████████████████████████████████████▌  | 95/100 [00:12<00:00,  6.62it/s, Loss=0.4736, TrainAcc=0.9347, TestAcc=0.7525]
Training Epochs:  95%|██████████████████████████████████████████████▌  | 95/100 [00:12<00:00,  6.62it/s, Loss=0.4910, TrainAcc=0.9396, TestAcc=0.7458]
Training Epochs:  96%|███████████████████████████████████████████████  | 96/100 [00:12<00:00,  6.64it/s, Loss=0.4910, TrainAcc=0.9396, TestAcc=0.7458]
Training Epochs:  96%|███████████████████████████████████████████████  | 96/100 [00:12<00:00,  6.64it/s, Loss=0.4683, TrainAcc=0.9454, TestAcc=0.7593]
Training Epochs:  97%|███████████████████████████████████████████████▌ | 97/100 [00:12<00:00,  6.66it/s, Loss=0.4683, TrainAcc=0.9454, TestAcc=0.7593]
Training Epochs:  97%|███████████████████████████████████████████████▌ | 97/100 [00:12<00:00,  6.66it/s, Loss=0.4817, TrainAcc=0.9347, TestAcc=0.7525]
Training Epochs:  98%|████████████████████████████████████████████████ | 98/100 [00:12<00:00,  6.63it/s, Loss=0.4817, TrainAcc=0.9347, TestAcc=0.7525]
Training Epochs:  98%|████████████████████████████████████████████████ | 98/100 [00:12<00:00,  6.63it/s, Loss=0.4732, TrainAcc=0.9425, TestAcc=0.7525]
Training Epochs:  99%|████████████████████████████████████████████████▌| 99/100 [00:12<00:00,  6.65it/s, Loss=0.4732, TrainAcc=0.9425, TestAcc=0.7525]
Training Epochs:  99%|████████████████████████████████████████████████▌| 99/100 [00:12<00:00,  6.65it/s, Loss=0.4600, TrainAcc=0.9483, TestAcc=0.7559]
Training Epochs: 100%|████████████████████████████████████████████████| 100/100 [00:12<00:00,  6.67it/s, Loss=0.4600, TrainAcc=0.9483, TestAcc=0.7559]
Training Epochs: 100%|████████████████████████████████████████████████| 100/100 [00:12<00:00,  7.72it/s, Loss=0.4600, TrainAcc=0.9483, TestAcc=0.7559]
{'Real': {'precision': np.float64(0.7908163265306123), 'recall': np.float64(0.8659217877094972), 'f1': np.float64(0.8266666666666667)}, 'Fake': {'precision': np.float64(0.7575757575757576), 'recall': np.float64(0.646551724137931), 'f1': np.float64(0.6976744186046512)}}

Training Epochs:   0%|                                                                                                        | 0/100 [00:00<?, ?it/s]
Training Epochs:   0%|                                                          | 0/100 [00:00<?, ?it/s, Loss=1.1617, TrainAcc=0.5682, TestAcc=0.6441]
Training Epochs:   1%|▌                                                 | 1/100 [00:00<00:12,  7.99it/s, Loss=1.1617, TrainAcc=0.5682, TestAcc=0.6441]
Training Epochs:   1%|▌                                                 | 1/100 [00:00<00:12,  7.99it/s, Loss=0.9642, TrainAcc=0.6647, TestAcc=0.6780]
Training Epochs:   2%|█                                                 | 2/100 [00:00<00:12,  7.66it/s, Loss=0.9642, TrainAcc=0.6647, TestAcc=0.6780]
Training Epochs:   2%|█                                                 | 2/100 [00:00<00:12,  7.66it/s, Loss=0.8973, TrainAcc=0.7115, TestAcc=0.6983]
Training Epochs:   3%|█▌                                                | 3/100 [00:00<00:13,  7.45it/s, Loss=0.8973, TrainAcc=0.7115, TestAcc=0.6983]
Training Epochs:   3%|█▌                                                | 3/100 [00:00<00:13,  7.45it/s, Loss=0.8521, TrainAcc=0.7388, TestAcc=0.7085]
Training Epochs:   4%|██                                                | 4/100 [00:00<00:12,  7.42it/s, Loss=0.8521, TrainAcc=0.7388, TestAcc=0.7085]
Training Epochs:   4%|██                                                | 4/100 [00:00<00:12,  7.42it/s, Loss=0.7923, TrainAcc=0.7953, TestAcc=0.7390]
Training Epochs:   5%|██▌                                               | 5/100 [00:00<00:13,  7.30it/s, Loss=0.7923, TrainAcc=0.7953, TestAcc=0.7390]
Training Epochs:   5%|██▌                                               | 5/100 [00:00<00:13,  7.30it/s, Loss=0.7413, TrainAcc=0.8197, TestAcc=0.7051]
Training Epochs:   6%|███                                               | 6/100 [00:00<00:12,  7.24it/s, Loss=0.7413, TrainAcc=0.8197, TestAcc=0.7051]
Training Epochs:   6%|███                                               | 6/100 [00:00<00:12,  7.24it/s, Loss=0.7413, TrainAcc=0.8207, TestAcc=0.7492]
Training Epochs:   7%|███▌                                              | 7/100 [00:00<00:12,  7.26it/s, Loss=0.7413, TrainAcc=0.8207, TestAcc=0.7492]
Training Epochs:   7%|███▌                                              | 7/100 [00:01<00:12,  7.26it/s, Loss=0.6814, TrainAcc=0.8509, TestAcc=0.7322]
Training Epochs:   8%|████                                              | 8/100 [00:01<00:12,  7.30it/s, Loss=0.6814, TrainAcc=0.8509, TestAcc=0.7322]
Training Epochs:   8%|████                                              | 8/100 [00:01<00:12,  7.30it/s, Loss=0.6670, TrainAcc=0.8480, TestAcc=0.7559]
Training Epochs:   9%|████▌                                             | 9/100 [00:01<00:12,  7.16it/s, Loss=0.6670, TrainAcc=0.8480, TestAcc=0.7559]
Training Epochs:   9%|████▌                                             | 9/100 [00:01<00:12,  7.16it/s, Loss=0.6795, TrainAcc=0.8441, TestAcc=0.7085]
Training Epochs:  10%|████▉                                            | 10/100 [00:01<00:12,  7.06it/s, Loss=0.6795, TrainAcc=0.8441, TestAcc=0.7085]
Training Epochs:  10%|████▉                                            | 10/100 [00:01<00:12,  7.06it/s, Loss=0.6949, TrainAcc=0.8372, TestAcc=0.7525]
Training Epochs:  11%|█████▍                                           | 11/100 [00:01<00:12,  6.98it/s, Loss=0.6949, TrainAcc=0.8372, TestAcc=0.7525]
Training Epochs:  11%|█████▍                                           | 11/100 [00:01<00:12,  6.98it/s, Loss=0.6564, TrainAcc=0.8538, TestAcc=0.7288]
Training Epochs:  12%|█████▉                                           | 12/100 [00:01<00:12,  6.88it/s, Loss=0.6564, TrainAcc=0.8538, TestAcc=0.7288]
Training Epochs:  12%|█████▉                                           | 12/100 [00:01<00:12,  6.88it/s, Loss=0.6211, TrainAcc=0.8752, TestAcc=0.7017]
Training Epochs:  13%|██████▎                                          | 13/100 [00:01<00:12,  6.79it/s, Loss=0.6211, TrainAcc=0.8752, TestAcc=0.7017]
Training Epochs:  13%|██████▎                                          | 13/100 [00:01<00:12,  6.79it/s, Loss=0.6091, TrainAcc=0.8704, TestAcc=0.7288]
Training Epochs:  14%|██████▊                                          | 14/100 [00:01<00:12,  6.77it/s, Loss=0.6091, TrainAcc=0.8704, TestAcc=0.7288]
Training Epochs:  14%|██████▊                                          | 14/100 [00:02<00:12,  6.77it/s, Loss=0.6187, TrainAcc=0.8772, TestAcc=0.7153]
Training Epochs:  15%|███████▎                                         | 15/100 [00:02<00:12,  6.74it/s, Loss=0.6187, TrainAcc=0.8772, TestAcc=0.7153]
Training Epochs:  15%|███████▎                                         | 15/100 [00:02<00:12,  6.74it/s, Loss=0.5843, TrainAcc=0.9074, TestAcc=0.7627]
Training Epochs:  16%|███████▊                                         | 16/100 [00:02<00:12,  6.72it/s, Loss=0.5843, TrainAcc=0.9074, TestAcc=0.7627]
Training Epochs:  16%|███████▊                                         | 16/100 [00:02<00:12,  6.72it/s, Loss=0.5754, TrainAcc=0.8977, TestAcc=0.7254]
Training Epochs:  17%|████████▎                                        | 17/100 [00:02<00:12,  6.72it/s, Loss=0.5754, TrainAcc=0.8977, TestAcc=0.7254]
Training Epochs:  17%|████████▎                                        | 17/100 [00:02<00:12,  6.72it/s, Loss=0.5559, TrainAcc=0.9142, TestAcc=0.7559]
Training Epochs:  18%|████████▊                                        | 18/100 [00:02<00:12,  6.68it/s, Loss=0.5559, TrainAcc=0.9142, TestAcc=0.7559]
Training Epochs:  18%|████████▊                                        | 18/100 [00:02<00:12,  6.68it/s, Loss=0.5765, TrainAcc=0.8996, TestAcc=0.7322]
Training Epochs:  19%|█████████▎                                       | 19/100 [00:02<00:12,  6.64it/s, Loss=0.5765, TrainAcc=0.8996, TestAcc=0.7322]
Training Epochs:  19%|█████████▎                                       | 19/100 [00:02<00:12,  6.64it/s, Loss=0.5811, TrainAcc=0.8889, TestAcc=0.7390]
Training Epochs:  20%|█████████▊                                       | 20/100 [00:02<00:12,  6.66it/s, Loss=0.5811, TrainAcc=0.8889, TestAcc=0.7390]
Training Epochs:  20%|█████████▊                                       | 20/100 [00:03<00:12,  6.66it/s, Loss=0.5687, TrainAcc=0.9006, TestAcc=0.7288]
Training Epochs:  21%|██████████▎                                      | 21/100 [00:03<00:11,  6.87it/s, Loss=0.5687, TrainAcc=0.9006, TestAcc=0.7288]
Training Epochs:  21%|██████████▎                                      | 21/100 [00:03<00:11,  6.87it/s, Loss=0.5522, TrainAcc=0.9055, TestAcc=0.7492]
Training Epochs:  22%|██████████▊                                      | 22/100 [00:03<00:11,  6.89it/s, Loss=0.5522, TrainAcc=0.9055, TestAcc=0.7492]
Training Epochs:  22%|██████████▊                                      | 22/100 [00:03<00:11,  6.89it/s, Loss=0.5829, TrainAcc=0.9074, TestAcc=0.7119]
Training Epochs:  23%|███████████▎                                     | 23/100 [00:03<00:11,  6.86it/s, Loss=0.5829, TrainAcc=0.9074, TestAcc=0.7119]
Training Epochs:  23%|███████████▎                                     | 23/100 [00:03<00:11,  6.86it/s, Loss=0.5577, TrainAcc=0.9103, TestAcc=0.7390]
Training Epochs:  24%|███████████▊                                     | 24/100 [00:03<00:11,  6.81it/s, Loss=0.5577, TrainAcc=0.9103, TestAcc=0.7390]
Training Epochs:  24%|███████████▊                                     | 24/100 [00:03<00:11,  6.81it/s, Loss=0.5706, TrainAcc=0.9035, TestAcc=0.7356]
Training Epochs:  25%|████████████▎                                    | 25/100 [00:03<00:11,  6.80it/s, Loss=0.5706, TrainAcc=0.9035, TestAcc=0.7356]
Training Epochs:  25%|████████████▎                                    | 25/100 [00:03<00:11,  6.80it/s, Loss=0.5761, TrainAcc=0.9016, TestAcc=0.7525]
Training Epochs:  26%|████████████▋                                    | 26/100 [00:03<00:10,  6.74it/s, Loss=0.5761, TrainAcc=0.9016, TestAcc=0.7525]
Training Epochs:  26%|████████████▋                                    | 26/100 [00:03<00:10,  6.74it/s, Loss=0.5757, TrainAcc=0.8986, TestAcc=0.7322]
Training Epochs:  27%|█████████████▏                                   | 27/100 [00:03<00:10,  6.72it/s, Loss=0.5757, TrainAcc=0.8986, TestAcc=0.7322]
Training Epochs:  27%|█████████████▏                                   | 27/100 [00:04<00:10,  6.72it/s, Loss=0.5614, TrainAcc=0.8947, TestAcc=0.7627]
Training Epochs:  28%|█████████████▋                                   | 28/100 [00:04<00:10,  6.71it/s, Loss=0.5614, TrainAcc=0.8947, TestAcc=0.7627]
Training Epochs:  28%|█████████████▋                                   | 28/100 [00:04<00:10,  6.71it/s, Loss=0.5534, TrainAcc=0.9016, TestAcc=0.7017]
Training Epochs:  29%|██████████████▏                                  | 29/100 [00:04<00:10,  6.69it/s, Loss=0.5534, TrainAcc=0.9016, TestAcc=0.7017]
Training Epochs:  29%|██████████████▏                                  | 29/100 [00:04<00:10,  6.69it/s, Loss=0.5497, TrainAcc=0.9142, TestAcc=0.7288]
Training Epochs:  30%|██████████████▋                                  | 30/100 [00:04<00:10,  6.63it/s, Loss=0.5497, TrainAcc=0.9142, TestAcc=0.7288]
Training Epochs:  30%|██████████████▋                                  | 30/100 [00:04<00:10,  6.63it/s, Loss=0.5085, TrainAcc=0.9357, TestAcc=0.7559]
Training Epochs:  31%|███████████████▏                                 | 31/100 [00:04<00:10,  6.67it/s, Loss=0.5085, TrainAcc=0.9357, TestAcc=0.7559]
Training Epochs:  31%|███████████████▏                                 | 31/100 [00:04<00:10,  6.67it/s, Loss=0.5315, TrainAcc=0.9152, TestAcc=0.7254]
Training Epochs:  32%|███████████████▋                                 | 32/100 [00:04<00:10,  6.64it/s, Loss=0.5315, TrainAcc=0.9152, TestAcc=0.7254]
Training Epochs:  32%|███████████████▋                                 | 32/100 [00:04<00:10,  6.64it/s, Loss=0.5726, TrainAcc=0.8986, TestAcc=0.7559]
Training Epochs:  33%|████████████████▏                                | 33/100 [00:04<00:10,  6.65it/s, Loss=0.5726, TrainAcc=0.8986, TestAcc=0.7559]
Training Epochs:  33%|████████████████▏                                | 33/100 [00:04<00:10,  6.65it/s, Loss=0.5526, TrainAcc=0.9103, TestAcc=0.7356]
Training Epochs:  34%|████████████████▋                                | 34/100 [00:04<00:10,  6.57it/s, Loss=0.5526, TrainAcc=0.9103, TestAcc=0.7356]
Training Epochs:  34%|████████████████▋                                | 34/100 [00:05<00:10,  6.57it/s, Loss=0.5526, TrainAcc=0.9035, TestAcc=0.7593]
Training Epochs:  35%|█████████████████▏                               | 35/100 [00:05<00:10,  6.27it/s, Loss=0.5526, TrainAcc=0.9035, TestAcc=0.7593]
Training Epochs:  35%|█████████████████▏                               | 35/100 [00:05<00:10,  6.27it/s, Loss=0.5424, TrainAcc=0.9113, TestAcc=0.7458]
Training Epochs:  36%|█████████████████▋                               | 36/100 [00:05<00:10,  6.22it/s, Loss=0.5424, TrainAcc=0.9113, TestAcc=0.7458]
Training Epochs:  36%|█████████████████▋                               | 36/100 [00:05<00:10,  6.22it/s, Loss=0.5648, TrainAcc=0.9006, TestAcc=0.7627]
Training Epochs:  37%|██████████████████▏                              | 37/100 [00:05<00:10,  6.15it/s, Loss=0.5648, TrainAcc=0.9006, TestAcc=0.7627]
Training Epochs:  37%|██████████████████▏                              | 37/100 [00:05<00:10,  6.15it/s, Loss=0.5479, TrainAcc=0.9220, TestAcc=0.7153]
Training Epochs:  38%|██████████████████▌                              | 38/100 [00:05<00:10,  6.19it/s, Loss=0.5479, TrainAcc=0.9220, TestAcc=0.7153]
Training Epochs:  38%|██████████████████▌                              | 38/100 [00:05<00:10,  6.19it/s, Loss=0.5372, TrainAcc=0.9094, TestAcc=0.7559]
Training Epochs:  39%|███████████████████                              | 39/100 [00:05<00:09,  6.32it/s, Loss=0.5372, TrainAcc=0.9094, TestAcc=0.7559]
Training Epochs:  39%|███████████████████                              | 39/100 [00:05<00:09,  6.32it/s, Loss=0.5588, TrainAcc=0.9123, TestAcc=0.7424]
Training Epochs:  40%|███████████████████▌                             | 40/100 [00:05<00:09,  6.42it/s, Loss=0.5588, TrainAcc=0.9123, TestAcc=0.7424]
Training Epochs:  40%|███████████████████▌                             | 40/100 [00:06<00:09,  6.42it/s, Loss=0.5688, TrainAcc=0.9230, TestAcc=0.7492]
Training Epochs:  41%|████████████████████                             | 41/100 [00:06<00:09,  6.48it/s, Loss=0.5688, TrainAcc=0.9230, TestAcc=0.7492]
Training Epochs:  41%|████████████████████                             | 41/100 [00:06<00:09,  6.48it/s, Loss=0.5697, TrainAcc=0.8996, TestAcc=0.7424]
Training Epochs:  42%|████████████████████▌                            | 42/100 [00:06<00:08,  6.50it/s, Loss=0.5697, TrainAcc=0.8996, TestAcc=0.7424]
Training Epochs:  42%|████████████████████▌                            | 42/100 [00:06<00:08,  6.50it/s, Loss=0.5568, TrainAcc=0.9152, TestAcc=0.7288]
Training Epochs:  43%|█████████████████████                            | 43/100 [00:06<00:08,  6.57it/s, Loss=0.5568, TrainAcc=0.9152, TestAcc=0.7288]
Training Epochs:  43%|█████████████████████                            | 43/100 [00:06<00:08,  6.57it/s, Loss=0.5366, TrainAcc=0.9103, TestAcc=0.7695]
Training Epochs:  44%|█████████████████████▌                           | 44/100 [00:06<00:08,  6.55it/s, Loss=0.5366, TrainAcc=0.9103, TestAcc=0.7695]
Training Epochs:  44%|█████████████████████▌                           | 44/100 [00:06<00:08,  6.55it/s, Loss=0.5338, TrainAcc=0.9181, TestAcc=0.7695]
Training Epochs:  45%|██████████████████████                           | 45/100 [00:06<00:08,  6.58it/s, Loss=0.5338, TrainAcc=0.9181, TestAcc=0.7695]
Training Epochs:  45%|██████████████████████                           | 45/100 [00:06<00:08,  6.58it/s, Loss=0.5432, TrainAcc=0.9211, TestAcc=0.7627]
Training Epochs:  46%|██████████████████████▌                          | 46/100 [00:06<00:08,  6.59it/s, Loss=0.5432, TrainAcc=0.9211, TestAcc=0.7627]
Training Epochs:  46%|██████████████████████▌                          | 46/100 [00:06<00:08,  6.59it/s, Loss=0.5182, TrainAcc=0.9201, TestAcc=0.7492]
Training Epochs:  47%|███████████████████████                          | 47/100 [00:06<00:08,  6.61it/s, Loss=0.5182, TrainAcc=0.9201, TestAcc=0.7492]
Training Epochs:  47%|███████████████████████                          | 47/100 [00:07<00:08,  6.61it/s, Loss=0.5506, TrainAcc=0.9084, TestAcc=0.7424]
Training Epochs:  48%|███████████████████████▌                         | 48/100 [00:07<00:07,  6.61it/s, Loss=0.5506, TrainAcc=0.9084, TestAcc=0.7424]
Training Epochs:  48%|███████████████████████▌                         | 48/100 [00:07<00:07,  6.61it/s, Loss=0.5540, TrainAcc=0.9035, TestAcc=0.7288]
Training Epochs:  49%|████████████████████████                         | 49/100 [00:07<00:07,  6.65it/s, Loss=0.5540, TrainAcc=0.9035, TestAcc=0.7288]
Training Epochs:  49%|████████████████████████                         | 49/100 [00:07<00:07,  6.65it/s, Loss=0.5225, TrainAcc=0.9337, TestAcc=0.7593]
Training Epochs:  50%|████████████████████████▌                        | 50/100 [00:07<00:07,  6.66it/s, Loss=0.5225, TrainAcc=0.9337, TestAcc=0.7593]
Training Epochs:  50%|████████████████████████▌                        | 50/100 [00:07<00:07,  6.66it/s, Loss=0.5508, TrainAcc=0.9152, TestAcc=0.7661]
Training Epochs:  51%|████████████████████████▉                        | 51/100 [00:07<00:07,  6.66it/s, Loss=0.5508, TrainAcc=0.9152, TestAcc=0.7661]
Training Epochs:  51%|████████████████████████▉                        | 51/100 [00:07<00:07,  6.66it/s, Loss=0.6135, TrainAcc=0.8938, TestAcc=0.7492]
Training Epochs:  52%|█████████████████████████▍                       | 52/100 [00:07<00:07,  6.67it/s, Loss=0.6135, TrainAcc=0.8938, TestAcc=0.7492]
Training Epochs:  52%|█████████████████████████▍                       | 52/100 [00:07<00:07,  6.67it/s, Loss=0.5701, TrainAcc=0.9035, TestAcc=0.7288]
Training Epochs:  53%|█████████████████████████▉                       | 53/100 [00:07<00:07,  6.64it/s, Loss=0.5701, TrainAcc=0.9035, TestAcc=0.7288]
Training Epochs:  53%|█████████████████████████▉                       | 53/100 [00:08<00:07,  6.64it/s, Loss=0.5352, TrainAcc=0.9259, TestAcc=0.7288]
Training Epochs:  54%|██████████████████████████▍                      | 54/100 [00:08<00:06,  6.63it/s, Loss=0.5352, TrainAcc=0.9259, TestAcc=0.7288]
Training Epochs:  54%|██████████████████████████▍                      | 54/100 [00:08<00:06,  6.63it/s, Loss=0.5260, TrainAcc=0.9220, TestAcc=0.7119]
Training Epochs:  55%|██████████████████████████▉                      | 55/100 [00:08<00:06,  6.61it/s, Loss=0.5260, TrainAcc=0.9220, TestAcc=0.7119]
Training Epochs:  55%|██████████████████████████▉                      | 55/100 [00:08<00:06,  6.61it/s, Loss=0.6130, TrainAcc=0.8957, TestAcc=0.7390]
Training Epochs:  56%|███████████████████████████▍                     | 56/100 [00:08<00:06,  6.57it/s, Loss=0.6130, TrainAcc=0.8957, TestAcc=0.7390]
Training Epochs:  56%|███████████████████████████▍                     | 56/100 [00:08<00:06,  6.57it/s, Loss=0.5648, TrainAcc=0.9064, TestAcc=0.7458]
Training Epochs:  57%|███████████████████████████▉                     | 57/100 [00:08<00:06,  6.74it/s, Loss=0.5648, TrainAcc=0.9064, TestAcc=0.7458]
Training Epochs:  57%|███████████████████████████▉                     | 57/100 [00:08<00:06,  6.74it/s, Loss=0.5513, TrainAcc=0.9152, TestAcc=0.7627]
Training Epochs:  58%|████████████████████████████▍                    | 58/100 [00:08<00:06,  6.88it/s, Loss=0.5513, TrainAcc=0.9152, TestAcc=0.7627]
Training Epochs:  58%|████████████████████████████▍                    | 58/100 [00:08<00:06,  6.88it/s, Loss=0.5067, TrainAcc=0.9366, TestAcc=0.7661]
Training Epochs:  59%|████████████████████████████▉                    | 59/100 [00:08<00:05,  6.87it/s, Loss=0.5067, TrainAcc=0.9366, TestAcc=0.7661]
Training Epochs:  59%|████████████████████████████▉                    | 59/100 [00:08<00:05,  6.87it/s, Loss=0.5317, TrainAcc=0.9220, TestAcc=0.7220]
Training Epochs:  60%|█████████████████████████████▍                   | 60/100 [00:08<00:05,  6.87it/s, Loss=0.5317, TrainAcc=0.9220, TestAcc=0.7220]
Training Epochs:  60%|█████████████████████████████▍                   | 60/100 [00:09<00:05,  6.87it/s, Loss=0.5342, TrainAcc=0.9162, TestAcc=0.7559]
Training Epochs:  61%|█████████████████████████████▉                   | 61/100 [00:09<00:05,  6.82it/s, Loss=0.5342, TrainAcc=0.9162, TestAcc=0.7559]
Training Epochs:  61%|█████████████████████████████▉                   | 61/100 [00:09<00:05,  6.82it/s, Loss=0.5201, TrainAcc=0.9191, TestAcc=0.7525]
Training Epochs:  62%|██████████████████████████████▍                  | 62/100 [00:09<00:05,  6.77it/s, Loss=0.5201, TrainAcc=0.9191, TestAcc=0.7525]
Training Epochs:  62%|██████████████████████████████▍                  | 62/100 [00:09<00:05,  6.77it/s, Loss=0.4964, TrainAcc=0.9347, TestAcc=0.7695]
Training Epochs:  63%|██████████████████████████████▊                  | 63/100 [00:09<00:05,  6.75it/s, Loss=0.4964, TrainAcc=0.9347, TestAcc=0.7695]
Training Epochs:  63%|██████████████████████████████▊                  | 63/100 [00:09<00:05,  6.75it/s, Loss=0.4958, TrainAcc=0.9366, TestAcc=0.7661]
Training Epochs:  64%|███████████████████████████████▎                 | 64/100 [00:09<00:05,  6.74it/s, Loss=0.4958, TrainAcc=0.9366, TestAcc=0.7661]
Training Epochs:  64%|███████████████████████████████▎                 | 64/100 [00:09<00:05,  6.74it/s, Loss=0.4943, TrainAcc=0.9308, TestAcc=0.7593]
Training Epochs:  65%|███████████████████████████████▊                 | 65/100 [00:09<00:05,  6.68it/s, Loss=0.4943, TrainAcc=0.9308, TestAcc=0.7593]
Training Epochs:  65%|███████████████████████████████▊                 | 65/100 [00:09<00:05,  6.68it/s, Loss=0.5097, TrainAcc=0.9288, TestAcc=0.7525]
Training Epochs:  66%|████████████████████████████████▎                | 66/100 [00:09<00:05,  6.71it/s, Loss=0.5097, TrainAcc=0.9288, TestAcc=0.7525]
Training Epochs:  66%|████████████████████████████████▎                | 66/100 [00:09<00:05,  6.71it/s, Loss=0.4802, TrainAcc=0.9366, TestAcc=0.7593]
Training Epochs:  67%|████████████████████████████████▊                | 67/100 [00:09<00:04,  6.68it/s, Loss=0.4802, TrainAcc=0.9366, TestAcc=0.7593]
Training Epochs:  67%|████████████████████████████████▊                | 67/100 [00:10<00:04,  6.68it/s, Loss=0.4849, TrainAcc=0.9357, TestAcc=0.7492]
Training Epochs:  68%|█████████████████████████████████▎               | 68/100 [00:10<00:04,  6.67it/s, Loss=0.4849, TrainAcc=0.9357, TestAcc=0.7492]
Training Epochs:  68%|█████████████████████████████████▎               | 68/100 [00:10<00:04,  6.67it/s, Loss=0.4849, TrainAcc=0.9366, TestAcc=0.7322]
Training Epochs:  69%|█████████████████████████████████▊               | 69/100 [00:10<00:04,  6.65it/s, Loss=0.4849, TrainAcc=0.9366, TestAcc=0.7322]
Training Epochs:  69%|█████████████████████████████████▊               | 69/100 [00:10<00:04,  6.65it/s, Loss=0.5000, TrainAcc=0.9230, TestAcc=0.7492]
Training Epochs:  70%|██████████████████████████████████▎              | 70/100 [00:10<00:04,  6.67it/s, Loss=0.5000, TrainAcc=0.9230, TestAcc=0.7492]
Training Epochs:  70%|██████████████████████████████████▎              | 70/100 [00:10<00:04,  6.67it/s, Loss=0.5323, TrainAcc=0.9425, TestAcc=0.7627]
Training Epochs:  71%|██████████████████████████████████▊              | 71/100 [00:10<00:04,  6.65it/s, Loss=0.5323, TrainAcc=0.9425, TestAcc=0.7627]
Training Epochs:  71%|██████████████████████████████████▊              | 71/100 [00:10<00:04,  6.65it/s, Loss=0.5128, TrainAcc=0.9279, TestAcc=0.7593]
Training Epochs:  72%|███████████████████████████████████▎             | 72/100 [00:10<00:04,  6.63it/s, Loss=0.5128, TrainAcc=0.9279, TestAcc=0.7593]
Training Epochs:  72%|███████████████████████████████████▎             | 72/100 [00:10<00:04,  6.63it/s, Loss=0.5114, TrainAcc=0.9279, TestAcc=0.7424]
Training Epochs:  73%|███████████████████████████████████▊             | 73/100 [00:10<00:04,  6.64it/s, Loss=0.5114, TrainAcc=0.9279, TestAcc=0.7424]
Training Epochs:  73%|███████████████████████████████████▊             | 73/100 [00:11<00:04,  6.64it/s, Loss=0.5129, TrainAcc=0.9220, TestAcc=0.7593]
Training Epochs:  74%|████████████████████████████████████▎            | 74/100 [00:11<00:03,  6.62it/s, Loss=0.5129, TrainAcc=0.9220, TestAcc=0.7593]
Training Epochs:  74%|████████████████████████████████████▎            | 74/100 [00:11<00:03,  6.62it/s, Loss=0.4843, TrainAcc=0.9327, TestAcc=0.7763]
Training Epochs:  75%|████████████████████████████████████▊            | 75/100 [00:11<00:03,  6.63it/s, Loss=0.4843, TrainAcc=0.9327, TestAcc=0.7763]
Training Epochs:  75%|████████████████████████████████████▊            | 75/100 [00:11<00:03,  6.63it/s, Loss=0.4670, TrainAcc=0.9366, TestAcc=0.7390]
Training Epochs:  76%|█████████████████████████████████████▏           | 76/100 [00:11<00:03,  6.63it/s, Loss=0.4670, TrainAcc=0.9366, TestAcc=0.7390]
Training Epochs:  76%|█████████████████████████████████████▏           | 76/100 [00:11<00:03,  6.63it/s, Loss=0.4934, TrainAcc=0.9318, TestAcc=0.7458]
Training Epochs:  77%|█████████████████████████████████████▋           | 77/100 [00:11<00:03,  6.64it/s, Loss=0.4934, TrainAcc=0.9318, TestAcc=0.7458]
Training Epochs:  77%|█████████████████████████████████████▋           | 77/100 [00:11<00:03,  6.64it/s, Loss=0.4592, TrainAcc=0.9503, TestAcc=0.7424]
Training Epochs:  78%|██████████████████████████████████████▏          | 78/100 [00:11<00:03,  6.63it/s, Loss=0.4592, TrainAcc=0.9503, TestAcc=0.7424]
Training Epochs:  78%|██████████████████████████████████████▏          | 78/100 [00:11<00:03,  6.63it/s, Loss=0.4798, TrainAcc=0.9396, TestAcc=0.7559]
Training Epochs:  79%|██████████████████████████████████████▋          | 79/100 [00:11<00:03,  6.62it/s, Loss=0.4798, TrainAcc=0.9396, TestAcc=0.7559]
Training Epochs:  79%|██████████████████████████████████████▋          | 79/100 [00:11<00:03,  6.62it/s, Loss=0.4696, TrainAcc=0.9435, TestAcc=0.7390]
Training Epochs:  80%|███████████████████████████████████████▏         | 80/100 [00:11<00:03,  6.63it/s, Loss=0.4696, TrainAcc=0.9435, TestAcc=0.7390]
Training Epochs:  80%|███████████████████████████████████████▏         | 80/100 [00:12<00:03,  6.63it/s, Loss=0.4663, TrainAcc=0.9435, TestAcc=0.7220]
Training Epochs:  81%|███████████████████████████████████████▋         | 81/100 [00:12<00:02,  6.63it/s, Loss=0.4663, TrainAcc=0.9435, TestAcc=0.7220]
Training Epochs:  81%|███████████████████████████████████████▋         | 81/100 [00:12<00:02,  6.63it/s, Loss=0.4801, TrainAcc=0.9337, TestAcc=0.7593]
Training Epochs:  82%|████████████████████████████████████████▏        | 82/100 [00:12<00:02,  6.63it/s, Loss=0.4801, TrainAcc=0.9337, TestAcc=0.7593]
Training Epochs:  82%|████████████████████████████████████████▏        | 82/100 [00:12<00:02,  6.63it/s, Loss=0.4871, TrainAcc=0.9415, TestAcc=0.7424]
Training Epochs:  83%|████████████████████████████████████████▋        | 83/100 [00:12<00:02,  6.66it/s, Loss=0.4871, TrainAcc=0.9415, TestAcc=0.7424]
Training Epochs:  83%|████████████████████████████████████████▋        | 83/100 [00:12<00:02,  6.66it/s, Loss=0.4985, TrainAcc=0.9259, TestAcc=0.7424]
Training Epochs:  84%|█████████████████████████████████████████▏       | 84/100 [00:12<00:02,  6.66it/s, Loss=0.4985, TrainAcc=0.9259, TestAcc=0.7424]
Training Epochs:  84%|█████████████████████████████████████████▏       | 84/100 [00:12<00:02,  6.66it/s, Loss=0.4873, TrainAcc=0.9357, TestAcc=0.7559]
Training Epochs:  85%|█████████████████████████████████████████▋       | 85/100 [00:12<00:02,  6.61it/s, Loss=0.4873, TrainAcc=0.9357, TestAcc=0.7559]
Training Epochs:  85%|█████████████████████████████████████████▋       | 85/100 [00:12<00:02,  6.61it/s, Loss=0.5069, TrainAcc=0.9357, TestAcc=0.7424]
Training Epochs:  86%|██████████████████████████████████████████▏      | 86/100 [00:12<00:02,  6.66it/s, Loss=0.5069, TrainAcc=0.9357, TestAcc=0.7424]
Training Epochs:  86%|██████████████████████████████████████████▏      | 86/100 [00:12<00:02,  6.66it/s, Loss=0.4751, TrainAcc=0.9464, TestAcc=0.7492]
Training Epochs:  87%|██████████████████████████████████████████▋      | 87/100 [00:12<00:01,  6.66it/s, Loss=0.4751, TrainAcc=0.9464, TestAcc=0.7492]
Training Epochs:  87%|██████████████████████████████████████████▋      | 87/100 [00:13<00:01,  6.66it/s, Loss=0.4702, TrainAcc=0.9386, TestAcc=0.7458]
Training Epochs:  88%|███████████████████████████████████████████      | 88/100 [00:13<00:01,  6.65it/s, Loss=0.4702, TrainAcc=0.9386, TestAcc=0.7458]
Training Epochs:  88%|███████████████████████████████████████████      | 88/100 [00:13<00:01,  6.65it/s, Loss=0.4564, TrainAcc=0.9444, TestAcc=0.7356]
Training Epochs:  89%|███████████████████████████████████████████▌     | 89/100 [00:13<00:01,  6.65it/s, Loss=0.4564, TrainAcc=0.9444, TestAcc=0.7356]
Training Epochs:  89%|███████████████████████████████████████████▌     | 89/100 [00:13<00:01,  6.65it/s, Loss=0.4784, TrainAcc=0.9396, TestAcc=0.7593]
Training Epochs:  90%|████████████████████████████████████████████     | 90/100 [00:13<00:01,  6.67it/s, Loss=0.4784, TrainAcc=0.9396, TestAcc=0.7593]
Training Epochs:  90%|████████████████████████████████████████████     | 90/100 [00:13<00:01,  6.67it/s, Loss=0.4607, TrainAcc=0.9464, TestAcc=0.7390]
Training Epochs:  91%|████████████████████████████████████████████▌    | 91/100 [00:13<00:01,  6.66it/s, Loss=0.4607, TrainAcc=0.9464, TestAcc=0.7390]
Training Epochs:  91%|████████████████████████████████████████████▌    | 91/100 [00:13<00:01,  6.66it/s, Loss=0.5404, TrainAcc=0.9220, TestAcc=0.7559]
Training Epochs:  92%|█████████████████████████████████████████████    | 92/100 [00:13<00:01,  6.65it/s, Loss=0.5404, TrainAcc=0.9220, TestAcc=0.7559]
Training Epochs:  92%|█████████████████████████████████████████████    | 92/100 [00:13<00:01,  6.65it/s, Loss=0.5423, TrainAcc=0.9230, TestAcc=0.7661]
Training Epochs:  93%|█████████████████████████████████████████████▌   | 93/100 [00:13<00:01,  6.63it/s, Loss=0.5423, TrainAcc=0.9230, TestAcc=0.7661]
Training Epochs:  93%|█████████████████████████████████████████████▌   | 93/100 [00:14<00:01,  6.63it/s, Loss=0.4880, TrainAcc=0.9376, TestAcc=0.7661]
Training Epochs:  94%|██████████████████████████████████████████████   | 94/100 [00:14<00:00,  6.66it/s, Loss=0.4880, TrainAcc=0.9376, TestAcc=0.7661]
Training Epochs:  94%|██████████████████████████████████████████████   | 94/100 [00:14<00:00,  6.66it/s, Loss=0.4723, TrainAcc=0.9435, TestAcc=0.7661]
Training Epochs:  95%|██████████████████████████████████████████████▌  | 95/100 [00:14<00:00,  6.66it/s, Loss=0.4723, TrainAcc=0.9435, TestAcc=0.7661]
Training Epochs:  95%|██████████████████████████████████████████████▌  | 95/100 [00:14<00:00,  6.66it/s, Loss=0.4619, TrainAcc=0.9503, TestAcc=0.7525]
Training Epochs:  96%|███████████████████████████████████████████████  | 96/100 [00:14<00:00,  6.65it/s, Loss=0.4619, TrainAcc=0.9503, TestAcc=0.7525]
Training Epochs:  96%|███████████████████████████████████████████████  | 96/100 [00:14<00:00,  6.65it/s, Loss=0.4650, TrainAcc=0.9454, TestAcc=0.7559]
Training Epochs:  97%|███████████████████████████████████████████████▌ | 97/100 [00:14<00:00,  6.65it/s, Loss=0.4650, TrainAcc=0.9454, TestAcc=0.7559]
Training Epochs:  97%|███████████████████████████████████████████████▌ | 97/100 [00:14<00:00,  6.65it/s, Loss=0.5987, TrainAcc=0.9103, TestAcc=0.7593]
Training Epochs:  98%|████████████████████████████████████████████████ | 98/100 [00:14<00:00,  6.67it/s, Loss=0.5987, TrainAcc=0.9103, TestAcc=0.7593]
Training Epochs:  98%|████████████████████████████████████████████████ | 98/100 [00:14<00:00,  6.67it/s, Loss=0.5493, TrainAcc=0.9016, TestAcc=0.7390]
Training Epochs:  99%|████████████████████████████████████████████████▌| 99/100 [00:14<00:00,  6.68it/s, Loss=0.5493, TrainAcc=0.9016, TestAcc=0.7390]
Training Epochs:  99%|████████████████████████████████████████████████▌| 99/100 [00:14<00:00,  6.68it/s, Loss=0.5411, TrainAcc=0.9152, TestAcc=0.7492]
Training Epochs: 100%|████████████████████████████████████████████████| 100/100 [00:14<00:00,  6.65it/s, Loss=0.5411, TrainAcc=0.9152, TestAcc=0.7492]
Training Epochs: 100%|████████████████████████████████████████████████| 100/100 [00:14<00:00,  6.70it/s, Loss=0.5411, TrainAcc=0.9152, TestAcc=0.7492]
{'Real': {'precision': np.float64(0.7810945273631841), 'recall': np.float64(0.8770949720670391), 'f1': np.float64(0.8263157894736842)}, 'Fake': {'precision': np.float64(0.7659574468085106), 'recall': np.float64(0.6206896551724138), 'f1': np.float64(0.6857142857142857)}}

Training Epochs:   0%|                                                                                                        | 0/100 [00:00<?, ?it/s]
Training Epochs:   0%|                                                          | 0/100 [00:00<?, ?it/s, Loss=1.1437, TrainAcc=0.5673, TestAcc=0.6305]
Training Epochs:   1%|▌                                                 | 1/100 [00:00<00:13,  7.43it/s, Loss=1.1437, TrainAcc=0.5673, TestAcc=0.6305]
Training Epochs:   1%|▌                                                 | 1/100 [00:00<00:13,  7.43it/s, Loss=0.9640, TrainAcc=0.6589, TestAcc=0.6712]
Training Epochs:   2%|█                                                 | 2/100 [00:00<00:13,  7.27it/s, Loss=0.9640, TrainAcc=0.6589, TestAcc=0.6712]
Training Epochs:   2%|█                                                 | 2/100 [00:00<00:13,  7.27it/s, Loss=0.8737, TrainAcc=0.7232, TestAcc=0.7458]
Training Epochs:   3%|█▌                                                | 3/100 [00:00<00:13,  7.06it/s, Loss=0.8737, TrainAcc=0.7232, TestAcc=0.7458]
Training Epochs:   3%|█▌                                                | 3/100 [00:00<00:13,  7.06it/s, Loss=0.8302, TrainAcc=0.7641, TestAcc=0.7593]
Training Epochs:   4%|██                                                | 4/100 [00:00<00:13,  6.91it/s, Loss=0.8302, TrainAcc=0.7641, TestAcc=0.7593]
Training Epochs:   4%|██                                                | 4/100 [00:00<00:13,  6.91it/s, Loss=0.7842, TrainAcc=0.7943, TestAcc=0.7186]
Training Epochs:   5%|██▌                                               | 5/100 [00:00<00:13,  6.82it/s, Loss=0.7842, TrainAcc=0.7943, TestAcc=0.7186]
Training Epochs:   5%|██▌                                               | 5/100 [00:00<00:13,  6.82it/s, Loss=0.7698, TrainAcc=0.8060, TestAcc=0.7051]
Training Epochs:   6%|███                                               | 6/100 [00:00<00:13,  6.83it/s, Loss=0.7698, TrainAcc=0.8060, TestAcc=0.7051]
Training Epochs:   6%|███                                               | 6/100 [00:01<00:13,  6.83it/s, Loss=0.7251, TrainAcc=0.8119, TestAcc=0.7390]
Training Epochs:   7%|███▌                                              | 7/100 [00:01<00:13,  6.74it/s, Loss=0.7251, TrainAcc=0.8119, TestAcc=0.7390]
Training Epochs:   7%|███▌                                              | 7/100 [00:01<00:13,  6.74it/s, Loss=0.7063, TrainAcc=0.8363, TestAcc=0.7695]
Training Epochs:   8%|████                                              | 8/100 [00:01<00:13,  6.68it/s, Loss=0.7063, TrainAcc=0.8363, TestAcc=0.7695]
Training Epochs:   8%|████                                              | 8/100 [00:01<00:13,  6.68it/s, Loss=0.6886, TrainAcc=0.8392, TestAcc=0.7119]
Training Epochs:   9%|████▌                                             | 9/100 [00:01<00:13,  6.66it/s, Loss=0.6886, TrainAcc=0.8392, TestAcc=0.7119]
Training Epochs:   9%|████▌                                             | 9/100 [00:01<00:13,  6.66it/s, Loss=0.6835, TrainAcc=0.8363, TestAcc=0.6983]
Training Epochs:  10%|████▉                                            | 10/100 [00:01<00:13,  6.63it/s, Loss=0.6835, TrainAcc=0.8363, TestAcc=0.6983]
Training Epochs:  10%|████▉                                            | 10/100 [00:01<00:13,  6.63it/s, Loss=0.6262, TrainAcc=0.8821, TestAcc=0.7017]
Training Epochs:  11%|█████▍                                           | 11/100 [00:01<00:13,  6.62it/s, Loss=0.6262, TrainAcc=0.8821, TestAcc=0.7017]
Training Epochs:  11%|█████▍                                           | 11/100 [00:01<00:13,  6.62it/s, Loss=0.6541, TrainAcc=0.8587, TestAcc=0.7186]
Training Epochs:  12%|█████▉                                           | 12/100 [00:01<00:13,  6.64it/s, Loss=0.6541, TrainAcc=0.8587, TestAcc=0.7186]
Training Epochs:  12%|█████▉                                           | 12/100 [00:01<00:13,  6.64it/s, Loss=0.6377, TrainAcc=0.8528, TestAcc=0.7525]
Training Epochs:  13%|██████▎                                          | 13/100 [00:01<00:13,  6.63it/s, Loss=0.6377, TrainAcc=0.8528, TestAcc=0.7525]
Training Epochs:  13%|██████▎                                          | 13/100 [00:02<00:13,  6.63it/s, Loss=0.6541, TrainAcc=0.8538, TestAcc=0.7593]
Training Epochs:  14%|██████▊                                          | 14/100 [00:02<00:13,  6.60it/s, Loss=0.6541, TrainAcc=0.8538, TestAcc=0.7593]
Training Epochs:  14%|██████▊                                          | 14/100 [00:02<00:13,  6.60it/s, Loss=0.6510, TrainAcc=0.8606, TestAcc=0.7763]
Training Epochs:  15%|███████▎                                         | 15/100 [00:02<00:12,  6.58it/s, Loss=0.6510, TrainAcc=0.8606, TestAcc=0.7763]
Training Epochs:  15%|███████▎                                         | 15/100 [00:02<00:12,  6.58it/s, Loss=0.6164, TrainAcc=0.8821, TestAcc=0.7051]
Training Epochs:  16%|███████▊                                         | 16/100 [00:02<00:12,  6.64it/s, Loss=0.6164, TrainAcc=0.8821, TestAcc=0.7051]
Training Epochs:  16%|███████▊                                         | 16/100 [00:02<00:12,  6.64it/s, Loss=0.6021, TrainAcc=0.8869, TestAcc=0.7322]
Training Epochs:  17%|████████▎                                        | 17/100 [00:02<00:12,  6.60it/s, Loss=0.6021, TrainAcc=0.8869, TestAcc=0.7322]
Training Epochs:  17%|████████▎                                        | 17/100 [00:02<00:12,  6.60it/s, Loss=0.6020, TrainAcc=0.8860, TestAcc=0.7390]
Training Epochs:  18%|████████▊                                        | 18/100 [00:02<00:12,  6.62it/s, Loss=0.6020, TrainAcc=0.8860, TestAcc=0.7390]
Training Epochs:  18%|████████▊                                        | 18/100 [00:02<00:12,  6.62it/s, Loss=0.5788, TrainAcc=0.9006, TestAcc=0.7424]
Training Epochs:  19%|█████████▎                                       | 19/100 [00:02<00:12,  6.60it/s, Loss=0.5788, TrainAcc=0.9006, TestAcc=0.7424]
Training Epochs:  19%|█████████▎                                       | 19/100 [00:02<00:12,  6.60it/s, Loss=0.5703, TrainAcc=0.8977, TestAcc=0.7220]
Training Epochs:  20%|█████████▊                                       | 20/100 [00:02<00:12,  6.60it/s, Loss=0.5703, TrainAcc=0.8977, TestAcc=0.7220]
Training Epochs:  20%|█████████▊                                       | 20/100 [00:03<00:12,  6.60it/s, Loss=0.5439, TrainAcc=0.9074, TestAcc=0.7661]
Training Epochs:  21%|██████████▎                                      | 21/100 [00:03<00:11,  6.62it/s, Loss=0.5439, TrainAcc=0.9074, TestAcc=0.7661]
Training Epochs:  21%|██████████▎                                      | 21/100 [00:03<00:11,  6.62it/s, Loss=0.5478, TrainAcc=0.9172, TestAcc=0.7254]
Training Epochs:  22%|██████████▊                                      | 22/100 [00:03<00:11,  6.66it/s, Loss=0.5478, TrainAcc=0.9172, TestAcc=0.7254]
Training Epochs:  22%|██████████▊                                      | 22/100 [00:03<00:11,  6.66it/s, Loss=0.6007, TrainAcc=0.8782, TestAcc=0.7220]
Training Epochs:  23%|███████████▎                                     | 23/100 [00:03<00:11,  6.64it/s, Loss=0.6007, TrainAcc=0.8782, TestAcc=0.7220]
Training Epochs:  23%|███████████▎                                     | 23/100 [00:03<00:11,  6.64it/s, Loss=0.5908, TrainAcc=0.8850, TestAcc=0.7220]
Training Epochs:  24%|███████████▊                                     | 24/100 [00:03<00:11,  6.66it/s, Loss=0.5908, TrainAcc=0.8850, TestAcc=0.7220]
Training Epochs:  24%|███████████▊                                     | 24/100 [00:03<00:11,  6.66it/s, Loss=0.6144, TrainAcc=0.8791, TestAcc=0.6949]
Training Epochs:  25%|████████████▎                                    | 25/100 [00:03<00:11,  6.65it/s, Loss=0.6144, TrainAcc=0.8791, TestAcc=0.6949]
Training Epochs:  25%|████████████▎                                    | 25/100 [00:03<00:11,  6.65it/s, Loss=0.6316, TrainAcc=0.8626, TestAcc=0.7492]
Training Epochs:  26%|████████████▋                                    | 26/100 [00:03<00:11,  6.64it/s, Loss=0.6316, TrainAcc=0.8626, TestAcc=0.7492]
Training Epochs:  26%|████████████▋                                    | 26/100 [00:04<00:11,  6.64it/s, Loss=0.6216, TrainAcc=0.8743, TestAcc=0.7525]
Training Epochs:  27%|█████████████▏                                   | 27/100 [00:04<00:10,  6.65it/s, Loss=0.6216, TrainAcc=0.8743, TestAcc=0.7525]
Training Epochs:  27%|█████████████▏                                   | 27/100 [00:04<00:10,  6.65it/s, Loss=0.5909, TrainAcc=0.8899, TestAcc=0.7661]
Training Epochs:  28%|█████████████▋                                   | 28/100 [00:04<00:10,  6.65it/s, Loss=0.5909, TrainAcc=0.8899, TestAcc=0.7661]
Training Epochs:  28%|█████████████▋                                   | 28/100 [00:04<00:10,  6.65it/s, Loss=0.5762, TrainAcc=0.8957, TestAcc=0.7458]
Training Epochs:  29%|██████████████▏                                  | 29/100 [00:04<00:10,  6.69it/s, Loss=0.5762, TrainAcc=0.8957, TestAcc=0.7458]
Training Epochs:  29%|██████████████▏                                  | 29/100 [00:04<00:10,  6.69it/s, Loss=0.5897, TrainAcc=0.9025, TestAcc=0.7254]
Training Epochs:  30%|██████████████▋                                  | 30/100 [00:04<00:10,  6.64it/s, Loss=0.5897, TrainAcc=0.9025, TestAcc=0.7254]
Training Epochs:  30%|██████████████▋                                  | 30/100 [00:04<00:10,  6.64it/s, Loss=0.5678, TrainAcc=0.9084, TestAcc=0.7661]
Training Epochs:  31%|███████████████▏                                 | 31/100 [00:04<00:10,  6.65it/s, Loss=0.5678, TrainAcc=0.9084, TestAcc=0.7661]
Training Epochs:  31%|███████████████▏                                 | 31/100 [00:04<00:10,  6.65it/s, Loss=0.6086, TrainAcc=0.8938, TestAcc=0.7661]
Training Epochs:  32%|███████████████▋                                 | 32/100 [00:04<00:10,  6.66it/s, Loss=0.6086, TrainAcc=0.8938, TestAcc=0.7661]
Training Epochs:  32%|███████████████▋                                 | 32/100 [00:04<00:10,  6.66it/s, Loss=0.5656, TrainAcc=0.9113, TestAcc=0.7492]
Training Epochs:  33%|████████████████▏                                | 33/100 [00:04<00:10,  6.65it/s, Loss=0.5656, TrainAcc=0.9113, TestAcc=0.7492]
Training Epochs:  33%|████████████████▏                                | 33/100 [00:05<00:10,  6.65it/s, Loss=0.5829, TrainAcc=0.8938, TestAcc=0.7288]
Training Epochs:  34%|████████████████▋                                | 34/100 [00:05<00:09,  6.65it/s, Loss=0.5829, TrainAcc=0.8938, TestAcc=0.7288]
Training Epochs:  34%|████████████████▋                                | 34/100 [00:05<00:09,  6.65it/s, Loss=0.5514, TrainAcc=0.9172, TestAcc=0.7729]
Training Epochs:  35%|█████████████████▏                               | 35/100 [00:05<00:09,  6.64it/s, Loss=0.5514, TrainAcc=0.9172, TestAcc=0.7729]
Training Epochs:  35%|█████████████████▏                               | 35/100 [00:05<00:09,  6.64it/s, Loss=0.5662, TrainAcc=0.9055, TestAcc=0.7593]
Training Epochs:  36%|█████████████████▋                               | 36/100 [00:05<00:09,  6.65it/s, Loss=0.5662, TrainAcc=0.9055, TestAcc=0.7593]
Training Epochs:  36%|█████████████████▋                               | 36/100 [00:05<00:09,  6.65it/s, Loss=0.5178, TrainAcc=0.9211, TestAcc=0.7119]
Training Epochs:  37%|██████████████████▏                              | 37/100 [00:05<00:09,  6.66it/s, Loss=0.5178, TrainAcc=0.9211, TestAcc=0.7119]
Training Epochs:  37%|██████████████████▏                              | 37/100 [00:05<00:09,  6.66it/s, Loss=0.5171, TrainAcc=0.9191, TestAcc=0.7390]
Training Epochs:  38%|██████████████████▌                              | 38/100 [00:05<00:09,  6.66it/s, Loss=0.5171, TrainAcc=0.9191, TestAcc=0.7390]
Training Epochs:  38%|██████████████████▌                              | 38/100 [00:05<00:09,  6.66it/s, Loss=0.4994, TrainAcc=0.9327, TestAcc=0.7390]
Training Epochs:  39%|███████████████████                              | 39/100 [00:05<00:09,  6.66it/s, Loss=0.4994, TrainAcc=0.9327, TestAcc=0.7390]
Training Epochs:  39%|███████████████████                              | 39/100 [00:05<00:09,  6.66it/s, Loss=0.5357, TrainAcc=0.9064, TestAcc=0.7695]
Training Epochs:  40%|███████████████████▌                             | 40/100 [00:05<00:08,  6.68it/s, Loss=0.5357, TrainAcc=0.9064, TestAcc=0.7695]
Training Epochs:  40%|███████████████████▌                             | 40/100 [00:06<00:08,  6.68it/s, Loss=0.5371, TrainAcc=0.9133, TestAcc=0.7085]
Training Epochs:  41%|████████████████████                             | 41/100 [00:06<00:08,  6.66it/s, Loss=0.5371, TrainAcc=0.9133, TestAcc=0.7085]
Training Epochs:  41%|████████████████████                             | 41/100 [00:06<00:08,  6.66it/s, Loss=0.5248, TrainAcc=0.9191, TestAcc=0.7593]
Training Epochs:  42%|████████████████████▌                            | 42/100 [00:06<00:08,  6.67it/s, Loss=0.5248, TrainAcc=0.9191, TestAcc=0.7593]
Training Epochs:  42%|████████████████████▌                            | 42/100 [00:06<00:08,  6.67it/s, Loss=0.5451, TrainAcc=0.9103, TestAcc=0.7729]
Training Epochs:  43%|█████████████████████                            | 43/100 [00:06<00:08,  6.70it/s, Loss=0.5451, TrainAcc=0.9103, TestAcc=0.7729]
Training Epochs:  43%|█████████████████████                            | 43/100 [00:06<00:08,  6.70it/s, Loss=0.5250, TrainAcc=0.9181, TestAcc=0.7288]
Training Epochs:  44%|█████████████████████▌                           | 44/100 [00:06<00:08,  6.66it/s, Loss=0.5250, TrainAcc=0.9181, TestAcc=0.7288]
Training Epochs:  44%|█████████████████████▌                           | 44/100 [00:06<00:08,  6.66it/s, Loss=0.5384, TrainAcc=0.9123, TestAcc=0.7593]
Training Epochs:  45%|██████████████████████                           | 45/100 [00:06<00:08,  6.64it/s, Loss=0.5384, TrainAcc=0.9123, TestAcc=0.7593]
Training Epochs:  45%|██████████████████████                           | 45/100 [00:06<00:08,  6.64it/s, Loss=0.5104, TrainAcc=0.9191, TestAcc=0.7220]
Training Epochs:  46%|██████████████████████▌                          | 46/100 [00:06<00:08,  6.67it/s, Loss=0.5104, TrainAcc=0.9191, TestAcc=0.7220]
Training Epochs:  46%|██████████████████████▌                          | 46/100 [00:07<00:08,  6.67it/s, Loss=0.5462, TrainAcc=0.9103, TestAcc=0.7424]
Training Epochs:  47%|███████████████████████                          | 47/100 [00:07<00:07,  6.66it/s, Loss=0.5462, TrainAcc=0.9103, TestAcc=0.7424]
Training Epochs:  47%|███████████████████████                          | 47/100 [00:07<00:07,  6.66it/s, Loss=0.5114, TrainAcc=0.9337, TestAcc=0.7458]
Training Epochs:  48%|███████████████████████▌                         | 48/100 [00:07<00:07,  6.67it/s, Loss=0.5114, TrainAcc=0.9337, TestAcc=0.7458]
Training Epochs:  48%|███████████████████████▌                         | 48/100 [00:07<00:07,  6.67it/s, Loss=0.5347, TrainAcc=0.9162, TestAcc=0.7831]
Training Epochs:  49%|████████████████████████                         | 49/100 [00:07<00:07,  6.66it/s, Loss=0.5347, TrainAcc=0.9162, TestAcc=0.7831]
Training Epochs:  49%|████████████████████████                         | 49/100 [00:07<00:07,  6.66it/s, Loss=0.4995, TrainAcc=0.9298, TestAcc=0.8000]
Training Epochs:  50%|████████████████████████▌                        | 50/100 [00:07<00:07,  6.67it/s, Loss=0.4995, TrainAcc=0.9298, TestAcc=0.8000]
Training Epochs:  50%|████████████████████████▌                        | 50/100 [00:07<00:07,  6.67it/s, Loss=0.5107, TrainAcc=0.9220, TestAcc=0.7458]
Training Epochs:  51%|████████████████████████▉                        | 51/100 [00:07<00:07,  6.68it/s, Loss=0.5107, TrainAcc=0.9220, TestAcc=0.7458]
Training Epochs:  51%|████████████████████████▉                        | 51/100 [00:07<00:07,  6.68it/s, Loss=0.5019, TrainAcc=0.9298, TestAcc=0.7424]
Training Epochs:  52%|█████████████████████████▍                       | 52/100 [00:07<00:07,  6.68it/s, Loss=0.5019, TrainAcc=0.9298, TestAcc=0.7424]
Training Epochs:  52%|█████████████████████████▍                       | 52/100 [00:07<00:07,  6.68it/s, Loss=0.5358, TrainAcc=0.9123, TestAcc=0.7186]
Training Epochs:  53%|█████████████████████████▉                       | 53/100 [00:07<00:07,  6.67it/s, Loss=0.5358, TrainAcc=0.9123, TestAcc=0.7186]
Training Epochs:  53%|█████████████████████████▉                       | 53/100 [00:08<00:07,  6.67it/s, Loss=0.5322, TrainAcc=0.9201, TestAcc=0.7220]
Training Epochs:  54%|██████████████████████████▍                      | 54/100 [00:08<00:06,  6.66it/s, Loss=0.5322, TrainAcc=0.9201, TestAcc=0.7220]
Training Epochs:  54%|██████████████████████████▍                      | 54/100 [00:08<00:06,  6.66it/s, Loss=0.5422, TrainAcc=0.9103, TestAcc=0.7458]
Training Epochs:  55%|██████████████████████████▉                      | 55/100 [00:08<00:06,  6.67it/s, Loss=0.5422, TrainAcc=0.9103, TestAcc=0.7458]
Training Epochs:  55%|██████████████████████████▉                      | 55/100 [00:08<00:06,  6.67it/s, Loss=0.5444, TrainAcc=0.9133, TestAcc=0.7390]
Training Epochs:  56%|███████████████████████████▍                     | 56/100 [00:08<00:06,  6.70it/s, Loss=0.5444, TrainAcc=0.9133, TestAcc=0.7390]
Training Epochs:  56%|███████████████████████████▍                     | 56/100 [00:08<00:06,  6.70it/s, Loss=0.5336, TrainAcc=0.9191, TestAcc=0.7661]
Training Epochs:  57%|███████████████████████████▉                     | 57/100 [00:08<00:06,  6.67it/s, Loss=0.5336, TrainAcc=0.9191, TestAcc=0.7661]
Training Epochs:  57%|███████████████████████████▉                     | 57/100 [00:08<00:06,  6.67it/s, Loss=0.5248, TrainAcc=0.9220, TestAcc=0.7729]
Training Epochs:  58%|████████████████████████████▍                    | 58/100 [00:08<00:06,  6.65it/s, Loss=0.5248, TrainAcc=0.9220, TestAcc=0.7729]
Training Epochs:  58%|████████████████████████████▍                    | 58/100 [00:08<00:06,  6.65it/s, Loss=0.4900, TrainAcc=0.9386, TestAcc=0.7356]
Training Epochs:  59%|████████████████████████████▉                    | 59/100 [00:08<00:06,  6.64it/s, Loss=0.4900, TrainAcc=0.9386, TestAcc=0.7356]
Training Epochs:  59%|████████████████████████████▉                    | 59/100 [00:08<00:06,  6.64it/s, Loss=0.5143, TrainAcc=0.9269, TestAcc=0.7797]
Training Epochs:  60%|█████████████████████████████▍                   | 60/100 [00:08<00:06,  6.66it/s, Loss=0.5143, TrainAcc=0.9269, TestAcc=0.7797]
Training Epochs:  60%|█████████████████████████████▍                   | 60/100 [00:09<00:06,  6.66it/s, Loss=0.5554, TrainAcc=0.9181, TestAcc=0.7153]
Training Epochs:  61%|█████████████████████████████▉                   | 61/100 [00:09<00:05,  6.64it/s, Loss=0.5554, TrainAcc=0.9181, TestAcc=0.7153]
Training Epochs:  61%|█████████████████████████████▉                   | 61/100 [00:09<00:05,  6.64it/s, Loss=0.5377, TrainAcc=0.9123, TestAcc=0.7492]
Training Epochs:  62%|██████████████████████████████▍                  | 62/100 [00:09<00:05,  6.65it/s, Loss=0.5377, TrainAcc=0.9123, TestAcc=0.7492]
Training Epochs:  62%|██████████████████████████████▍                  | 62/100 [00:09<00:05,  6.65it/s, Loss=0.5052, TrainAcc=0.9259, TestAcc=0.7492]
Training Epochs:  63%|██████████████████████████████▊                  | 63/100 [00:09<00:05,  6.64it/s, Loss=0.5052, TrainAcc=0.9259, TestAcc=0.7492]
Training Epochs:  63%|██████████████████████████████▊                  | 63/100 [00:09<00:05,  6.64it/s, Loss=0.5200, TrainAcc=0.9181, TestAcc=0.7322]
Training Epochs:  64%|███████████████████████████████▎                 | 64/100 [00:09<00:05,  6.65it/s, Loss=0.5200, TrainAcc=0.9181, TestAcc=0.7322]
Training Epochs:  64%|███████████████████████████████▎                 | 64/100 [00:09<00:05,  6.65it/s, Loss=0.5393, TrainAcc=0.9103, TestAcc=0.7492]
Training Epochs:  65%|███████████████████████████████▊                 | 65/100 [00:09<00:05,  6.65it/s, Loss=0.5393, TrainAcc=0.9103, TestAcc=0.7492]
Training Epochs:  65%|███████████████████████████████▊                 | 65/100 [00:09<00:05,  6.65it/s, Loss=0.5194, TrainAcc=0.9308, TestAcc=0.7051]
Training Epochs:  66%|████████████████████████████████▎                | 66/100 [00:09<00:05,  6.62it/s, Loss=0.5194, TrainAcc=0.9308, TestAcc=0.7051]
Training Epochs:  66%|████████████████████████████████▎                | 66/100 [00:10<00:05,  6.62it/s, Loss=0.5222, TrainAcc=0.9220, TestAcc=0.7424]
Training Epochs:  67%|████████████████████████████████▊                | 67/100 [00:10<00:04,  6.67it/s, Loss=0.5222, TrainAcc=0.9220, TestAcc=0.7424]
Training Epochs:  67%|████████████████████████████████▊                | 67/100 [00:10<00:04,  6.67it/s, Loss=0.5299, TrainAcc=0.9211, TestAcc=0.7525]
Training Epochs:  68%|█████████████████████████████████▎               | 68/100 [00:10<00:04,  6.63it/s, Loss=0.5299, TrainAcc=0.9211, TestAcc=0.7525]
Training Epochs:  68%|█████████████████████████████████▎               | 68/100 [00:10<00:04,  6.63it/s, Loss=0.5154, TrainAcc=0.9298, TestAcc=0.7729]
Training Epochs:  69%|█████████████████████████████████▊               | 69/100 [00:10<00:04,  6.63it/s, Loss=0.5154, TrainAcc=0.9298, TestAcc=0.7729]
Training Epochs:  69%|█████████████████████████████████▊               | 69/100 [00:10<00:04,  6.63it/s, Loss=0.5300, TrainAcc=0.9211, TestAcc=0.7356]
Training Epochs:  70%|██████████████████████████████████▎              | 70/100 [00:10<00:04,  6.63it/s, Loss=0.5300, TrainAcc=0.9211, TestAcc=0.7356]
Training Epochs:  70%|██████████████████████████████████▎              | 70/100 [00:10<00:04,  6.63it/s, Loss=0.5452, TrainAcc=0.9064, TestAcc=0.7593]
Training Epochs:  71%|██████████████████████████████████▊              | 71/100 [00:10<00:04,  6.62it/s, Loss=0.5452, TrainAcc=0.9064, TestAcc=0.7593]
Training Epochs:  71%|██████████████████████████████████▊              | 71/100 [00:10<00:04,  6.62it/s, Loss=0.5301, TrainAcc=0.9259, TestAcc=0.7322]
Training Epochs:  72%|███████████████████████████████████▎             | 72/100 [00:10<00:04,  6.64it/s, Loss=0.5301, TrainAcc=0.9259, TestAcc=0.7322]
Training Epochs:  72%|███████████████████████████████████▎             | 72/100 [00:10<00:04,  6.64it/s, Loss=0.5546, TrainAcc=0.9142, TestAcc=0.6983]
Training Epochs:  73%|███████████████████████████████████▊             | 73/100 [00:10<00:04,  6.68it/s, Loss=0.5546, TrainAcc=0.9142, TestAcc=0.6983]
Training Epochs:  73%|███████████████████████████████████▊             | 73/100 [00:11<00:04,  6.68it/s, Loss=0.5455, TrainAcc=0.9250, TestAcc=0.7322]
Training Epochs:  74%|████████████████████████████████████▎            | 74/100 [00:11<00:03,  6.64it/s, Loss=0.5455, TrainAcc=0.9250, TestAcc=0.7322]
Training Epochs:  74%|████████████████████████████████████▎            | 74/100 [00:11<00:03,  6.64it/s, Loss=0.5081, TrainAcc=0.9279, TestAcc=0.7254]
Training Epochs:  75%|████████████████████████████████████▊            | 75/100 [00:11<00:03,  6.64it/s, Loss=0.5081, TrainAcc=0.9279, TestAcc=0.7254]
Training Epochs:  75%|████████████████████████████████████▊            | 75/100 [00:11<00:03,  6.64it/s, Loss=0.5284, TrainAcc=0.9152, TestAcc=0.7390]
Training Epochs:  76%|█████████████████████████████████████▏           | 76/100 [00:11<00:03,  6.64it/s, Loss=0.5284, TrainAcc=0.9152, TestAcc=0.7390]
Training Epochs:  76%|█████████████████████████████████████▏           | 76/100 [00:11<00:03,  6.64it/s, Loss=0.5336, TrainAcc=0.9181, TestAcc=0.7593]
Training Epochs:  77%|█████████████████████████████████████▋           | 77/100 [00:11<00:03,  6.62it/s, Loss=0.5336, TrainAcc=0.9181, TestAcc=0.7593]
Training Epochs:  77%|█████████████████████████████████████▋           | 77/100 [00:11<00:03,  6.62it/s, Loss=0.4987, TrainAcc=0.9269, TestAcc=0.7525]
Training Epochs:  78%|██████████████████████████████████████▏          | 78/100 [00:11<00:03,  6.64it/s, Loss=0.4987, TrainAcc=0.9269, TestAcc=0.7525]
Training Epochs:  78%|██████████████████████████████████████▏          | 78/100 [00:11<00:03,  6.64it/s, Loss=0.5071, TrainAcc=0.9279, TestAcc=0.7390]
Training Epochs:  79%|██████████████████████████████████████▋          | 79/100 [00:11<00:03,  6.65it/s, Loss=0.5071, TrainAcc=0.9279, TestAcc=0.7390]
Training Epochs:  79%|██████████████████████████████████████▋          | 79/100 [00:12<00:03,  6.65it/s, Loss=0.4874, TrainAcc=0.9415, TestAcc=0.7356]
Training Epochs:  80%|███████████████████████████████████████▏         | 80/100 [00:12<00:03,  6.65it/s, Loss=0.4874, TrainAcc=0.9415, TestAcc=0.7356]
Training Epochs:  80%|███████████████████████████████████████▏         | 80/100 [00:12<00:03,  6.65it/s, Loss=0.5067, TrainAcc=0.9259, TestAcc=0.7661]
Training Epochs:  81%|███████████████████████████████████████▋         | 81/100 [00:12<00:02,  6.65it/s, Loss=0.5067, TrainAcc=0.9259, TestAcc=0.7661]
Training Epochs:  81%|███████████████████████████████████████▋         | 81/100 [00:12<00:02,  6.65it/s, Loss=0.4929, TrainAcc=0.9425, TestAcc=0.7559]
Training Epochs:  82%|████████████████████████████████████████▏        | 82/100 [00:12<00:02,  6.66it/s, Loss=0.4929, TrainAcc=0.9425, TestAcc=0.7559]
Training Epochs:  82%|████████████████████████████████████████▏        | 82/100 [00:12<00:02,  6.66it/s, Loss=0.5000, TrainAcc=0.9279, TestAcc=0.7356]
Training Epochs:  83%|████████████████████████████████████████▋        | 83/100 [00:12<00:02,  6.66it/s, Loss=0.5000, TrainAcc=0.9279, TestAcc=0.7356]
Training Epochs:  83%|████████████████████████████████████████▋        | 83/100 [00:12<00:02,  6.66it/s, Loss=0.5324, TrainAcc=0.9084, TestAcc=0.7390]
Training Epochs:  84%|█████████████████████████████████████████▏       | 84/100 [00:12<00:02,  6.66it/s, Loss=0.5324, TrainAcc=0.9084, TestAcc=0.7390]
Training Epochs:  84%|█████████████████████████████████████████▏       | 84/100 [00:12<00:02,  6.66it/s, Loss=0.5027, TrainAcc=0.9386, TestAcc=0.7593]
Training Epochs:  85%|█████████████████████████████████████████▋       | 85/100 [00:12<00:02,  6.63it/s, Loss=0.5027, TrainAcc=0.9386, TestAcc=0.7593]
Training Epochs:  85%|█████████████████████████████████████████▋       | 85/100 [00:12<00:02,  6.63it/s, Loss=0.4932, TrainAcc=0.9366, TestAcc=0.7525]
Training Epochs:  86%|██████████████████████████████████████████▏      | 86/100 [00:12<00:02,  6.63it/s, Loss=0.4932, TrainAcc=0.9366, TestAcc=0.7525]
Training Epochs:  86%|██████████████████████████████████████████▏      | 86/100 [00:13<00:02,  6.63it/s, Loss=0.4999, TrainAcc=0.9337, TestAcc=0.7593]
Training Epochs:  87%|██████████████████████████████████████████▋      | 87/100 [00:13<00:01,  6.63it/s, Loss=0.4999, TrainAcc=0.9337, TestAcc=0.7593]
Training Epochs:  87%|██████████████████████████████████████████▋      | 87/100 [00:13<00:01,  6.63it/s, Loss=0.4704, TrainAcc=0.9444, TestAcc=0.7424]
Training Epochs:  88%|███████████████████████████████████████████      | 88/100 [00:13<00:01,  6.61it/s, Loss=0.4704, TrainAcc=0.9444, TestAcc=0.7424]
Training Epochs:  88%|███████████████████████████████████████████      | 88/100 [00:13<00:01,  6.61it/s, Loss=0.4714, TrainAcc=0.9415, TestAcc=0.7085]
Training Epochs:  89%|███████████████████████████████████████████▌     | 89/100 [00:13<00:01,  6.63it/s, Loss=0.4714, TrainAcc=0.9415, TestAcc=0.7085]
Training Epochs:  89%|███████████████████████████████████████████▌     | 89/100 [00:13<00:01,  6.63it/s, Loss=0.4575, TrainAcc=0.9415, TestAcc=0.7356]
Training Epochs:  90%|████████████████████████████████████████████     | 90/100 [00:13<00:01,  6.63it/s, Loss=0.4575, TrainAcc=0.9415, TestAcc=0.7356]
Training Epochs:  90%|████████████████████████████████████████████     | 90/100 [00:13<00:01,  6.63it/s, Loss=0.4902, TrainAcc=0.9337, TestAcc=0.7119]
Training Epochs:  91%|████████████████████████████████████████████▌    | 91/100 [00:13<00:01,  6.62it/s, Loss=0.4902, TrainAcc=0.9337, TestAcc=0.7119]
Training Epochs:  91%|████████████████████████████████████████████▌    | 91/100 [00:13<00:01,  6.62it/s, Loss=0.4677, TrainAcc=0.9415, TestAcc=0.7288]
Training Epochs:  92%|█████████████████████████████████████████████    | 92/100 [00:13<00:01,  6.61it/s, Loss=0.4677, TrainAcc=0.9415, TestAcc=0.7288]
Training Epochs:  92%|█████████████████████████████████████████████    | 92/100 [00:13<00:01,  6.61it/s, Loss=0.4633, TrainAcc=0.9474, TestAcc=0.7356]
Training Epochs:  93%|█████████████████████████████████████████████▌   | 93/100 [00:13<00:01,  6.64it/s, Loss=0.4633, TrainAcc=0.9474, TestAcc=0.7356]
Training Epochs:  93%|█████████████████████████████████████████████▌   | 93/100 [00:14<00:01,  6.64it/s, Loss=0.4510, TrainAcc=0.9571, TestAcc=0.7288]
Training Epochs:  94%|██████████████████████████████████████████████   | 94/100 [00:14<00:00,  6.66it/s, Loss=0.4510, TrainAcc=0.9571, TestAcc=0.7288]
Training Epochs:  94%|██████████████████████████████████████████████   | 94/100 [00:14<00:00,  6.66it/s, Loss=0.4619, TrainAcc=0.9542, TestAcc=0.7220]
Training Epochs:  95%|██████████████████████████████████████████████▌  | 95/100 [00:14<00:00,  6.67it/s, Loss=0.4619, TrainAcc=0.9542, TestAcc=0.7220]
Training Epochs:  95%|██████████████████████████████████████████████▌  | 95/100 [00:14<00:00,  6.67it/s, Loss=0.4789, TrainAcc=0.9318, TestAcc=0.7525]
Training Epochs:  96%|███████████████████████████████████████████████  | 96/100 [00:14<00:00,  6.64it/s, Loss=0.4789, TrainAcc=0.9318, TestAcc=0.7525]
Training Epochs:  96%|███████████████████████████████████████████████  | 96/100 [00:14<00:00,  6.64it/s, Loss=0.4905, TrainAcc=0.9376, TestAcc=0.7458]
Training Epochs:  97%|███████████████████████████████████████████████▌ | 97/100 [00:14<00:00,  6.65it/s, Loss=0.4905, TrainAcc=0.9376, TestAcc=0.7458]
Training Epochs:  97%|███████████████████████████████████████████████▌ | 97/100 [00:14<00:00,  6.65it/s, Loss=0.4733, TrainAcc=0.9386, TestAcc=0.7322]
Training Epochs:  98%|████████████████████████████████████████████████ | 98/100 [00:14<00:00,  6.68it/s, Loss=0.4733, TrainAcc=0.9386, TestAcc=0.7322]
Training Epochs:  98%|████████████████████████████████████████████████ | 98/100 [00:14<00:00,  6.68it/s, Loss=0.4655, TrainAcc=0.9493, TestAcc=0.7559]
Training Epochs:  99%|████████████████████████████████████████████████▌| 99/100 [00:14<00:00,  6.67it/s, Loss=0.4655, TrainAcc=0.9493, TestAcc=0.7559]
Training Epochs:  99%|████████████████████████████████████████████████▌| 99/100 [00:15<00:00,  6.67it/s, Loss=0.4986, TrainAcc=0.9405, TestAcc=0.7525]
Training Epochs: 100%|████████████████████████████████████████████████| 100/100 [00:15<00:00,  6.65it/s, Loss=0.4986, TrainAcc=0.9405, TestAcc=0.7525]
Training Epochs: 100%|████████████████████████████████████████████████| 100/100 [00:15<00:00,  6.66it/s, Loss=0.4986, TrainAcc=0.9405, TestAcc=0.7525]
{'Real': {'precision': np.float64(0.803030303030303), 'recall': np.float64(0.888268156424581), 'f1': np.float64(0.843501326259947)}, 'Fake': {'precision': np.float64(0.7938144329896907), 'recall': np.float64(0.6637931034482759), 'f1': np.float64(0.7230046948356808)}}

Training Epochs:   0%|                                                                                                        | 0/100 [00:00<?, ?it/s]
Training Epochs:   0%|                                                          | 0/100 [00:00<?, ?it/s, Loss=1.1402, TrainAcc=0.5877, TestAcc=0.6644]
Training Epochs:   1%|▌                                                 | 1/100 [00:00<00:12,  7.90it/s, Loss=1.1402, TrainAcc=0.5877, TestAcc=0.6644]
Training Epochs:   1%|▌                                                 | 1/100 [00:00<00:12,  7.90it/s, Loss=0.9645, TrainAcc=0.6764, TestAcc=0.7017]
Training Epochs:   2%|█                                                 | 2/100 [00:00<00:12,  7.97it/s, Loss=0.9645, TrainAcc=0.6764, TestAcc=0.7017]
Training Epochs:   2%|█                                                 | 2/100 [00:00<00:12,  7.97it/s, Loss=0.8747, TrainAcc=0.7388, TestAcc=0.7254]
Training Epochs:   3%|█▌                                                | 3/100 [00:00<00:12,  8.07it/s, Loss=0.8747, TrainAcc=0.7388, TestAcc=0.7254]
Training Epochs:   3%|█▌                                                | 3/100 [00:00<00:12,  8.07it/s, Loss=0.8081, TrainAcc=0.7817, TestAcc=0.7424]
Training Epochs:   4%|██                                                | 4/100 [00:00<00:11,  8.13it/s, Loss=0.8081, TrainAcc=0.7817, TestAcc=0.7424]
Training Epochs:   4%|██                                                | 4/100 [00:00<00:11,  8.13it/s, Loss=0.7818, TrainAcc=0.7963, TestAcc=0.7424]
Training Epochs:   5%|██▌                                               | 5/100 [00:00<00:11,  8.12it/s, Loss=0.7818, TrainAcc=0.7963, TestAcc=0.7424]
Training Epochs:   5%|██▌                                               | 5/100 [00:00<00:11,  8.12it/s, Loss=0.7375, TrainAcc=0.8216, TestAcc=0.7322]
Training Epochs:   6%|███                                               | 6/100 [00:00<00:11,  8.13it/s, Loss=0.7375, TrainAcc=0.8216, TestAcc=0.7322]
Training Epochs:   6%|███                                               | 6/100 [00:00<00:11,  8.13it/s, Loss=0.7267, TrainAcc=0.8285, TestAcc=0.7356]
Training Epochs:   7%|███▌                                              | 7/100 [00:00<00:11,  7.99it/s, Loss=0.7267, TrainAcc=0.8285, TestAcc=0.7356]
Training Epochs:   7%|███▌                                              | 7/100 [00:01<00:11,  7.99it/s, Loss=0.7371, TrainAcc=0.7963, TestAcc=0.7220]
Training Epochs:   8%|████                                              | 8/100 [00:01<00:11,  7.73it/s, Loss=0.7371, TrainAcc=0.7963, TestAcc=0.7220]
Training Epochs:   8%|████                                              | 8/100 [00:01<00:11,  7.73it/s, Loss=0.6962, TrainAcc=0.8363, TestAcc=0.6915]
Training Epochs:   9%|████▌                                             | 9/100 [00:01<00:12,  7.46it/s, Loss=0.6962, TrainAcc=0.8363, TestAcc=0.6915]
Training Epochs:   9%|████▌                                             | 9/100 [00:01<00:12,  7.46it/s, Loss=0.6949, TrainAcc=0.8333, TestAcc=0.7254]
Training Epochs:  10%|████▉                                            | 10/100 [00:01<00:12,  7.25it/s, Loss=0.6949, TrainAcc=0.8333, TestAcc=0.7254]
Training Epochs:  10%|████▉                                            | 10/100 [00:01<00:12,  7.25it/s, Loss=0.6594, TrainAcc=0.8548, TestAcc=0.7525]
Training Epochs:  11%|█████▍                                           | 11/100 [00:01<00:12,  7.07it/s, Loss=0.6594, TrainAcc=0.8548, TestAcc=0.7525]
Training Epochs:  11%|█████▍                                           | 11/100 [00:01<00:12,  7.07it/s, Loss=0.6488, TrainAcc=0.8655, TestAcc=0.7288]
Training Epochs:  12%|█████▉                                           | 12/100 [00:01<00:12,  6.96it/s, Loss=0.6488, TrainAcc=0.8655, TestAcc=0.7288]
Training Epochs:  12%|█████▉                                           | 12/100 [00:01<00:12,  6.96it/s, Loss=0.6507, TrainAcc=0.8752, TestAcc=0.7322]
Training Epochs:  13%|██████▎                                          | 13/100 [00:01<00:12,  6.86it/s, Loss=0.6507, TrainAcc=0.8752, TestAcc=0.7322]
Training Epochs:  13%|██████▎                                          | 13/100 [00:01<00:12,  6.86it/s, Loss=0.6419, TrainAcc=0.8665, TestAcc=0.7288]
Training Epochs:  14%|██████▊                                          | 14/100 [00:01<00:12,  6.75it/s, Loss=0.6419, TrainAcc=0.8665, TestAcc=0.7288]
Training Epochs:  14%|██████▊                                          | 14/100 [00:02<00:12,  6.75it/s, Loss=0.6303, TrainAcc=0.8752, TestAcc=0.7186]
Training Epochs:  15%|███████▎                                         | 15/100 [00:02<00:12,  6.75it/s, Loss=0.6303, TrainAcc=0.8752, TestAcc=0.7186]
Training Epochs:  15%|███████▎                                         | 15/100 [00:02<00:12,  6.75it/s, Loss=0.6232, TrainAcc=0.8665, TestAcc=0.7525]
Training Epochs:  16%|███████▊                                         | 16/100 [00:02<00:12,  6.73it/s, Loss=0.6232, TrainAcc=0.8665, TestAcc=0.7525]
Training Epochs:  16%|███████▊                                         | 16/100 [00:02<00:12,  6.73it/s, Loss=0.6342, TrainAcc=0.8704, TestAcc=0.7017]
Training Epochs:  17%|████████▎                                        | 17/100 [00:02<00:12,  6.72it/s, Loss=0.6342, TrainAcc=0.8704, TestAcc=0.7017]
Training Epochs:  17%|████████▎                                        | 17/100 [00:02<00:12,  6.72it/s, Loss=0.6531, TrainAcc=0.8674, TestAcc=0.7763]
Training Epochs:  18%|████████▊                                        | 18/100 [00:02<00:12,  6.69it/s, Loss=0.6531, TrainAcc=0.8674, TestAcc=0.7763]
Training Epochs:  18%|████████▊                                        | 18/100 [00:02<00:12,  6.69it/s, Loss=0.6185, TrainAcc=0.8723, TestAcc=0.7288]
Training Epochs:  19%|█████████▎                                       | 19/100 [00:02<00:12,  6.68it/s, Loss=0.6185, TrainAcc=0.8723, TestAcc=0.7288]
Training Epochs:  19%|█████████▎                                       | 19/100 [00:02<00:12,  6.68it/s, Loss=0.5921, TrainAcc=0.8879, TestAcc=0.7322]
Training Epochs:  20%|█████████▊                                       | 20/100 [00:02<00:11,  6.67it/s, Loss=0.5921, TrainAcc=0.8879, TestAcc=0.7322]
Training Epochs:  20%|█████████▊                                       | 20/100 [00:02<00:11,  6.67it/s, Loss=0.6070, TrainAcc=0.8801, TestAcc=0.7627]
Training Epochs:  21%|██████████▎                                      | 21/100 [00:02<00:11,  6.67it/s, Loss=0.6070, TrainAcc=0.8801, TestAcc=0.7627]
Training Epochs:  21%|██████████▎                                      | 21/100 [00:03<00:11,  6.67it/s, Loss=0.5872, TrainAcc=0.8928, TestAcc=0.7322]
Training Epochs:  22%|██████████▊                                      | 22/100 [00:03<00:11,  6.68it/s, Loss=0.5872, TrainAcc=0.8928, TestAcc=0.7322]
Training Epochs:  22%|██████████▊                                      | 22/100 [00:03<00:11,  6.68it/s, Loss=0.6025, TrainAcc=0.8801, TestAcc=0.7322]
Training Epochs:  23%|███████████▎                                     | 23/100 [00:03<00:11,  6.67it/s, Loss=0.6025, TrainAcc=0.8801, TestAcc=0.7322]
Training Epochs:  23%|███████████▎                                     | 23/100 [00:03<00:11,  6.67it/s, Loss=0.5606, TrainAcc=0.9055, TestAcc=0.7492]
Training Epochs:  24%|███████████▊                                     | 24/100 [00:03<00:11,  6.68it/s, Loss=0.5606, TrainAcc=0.9055, TestAcc=0.7492]
Training Epochs:  24%|███████████▊                                     | 24/100 [00:03<00:11,  6.68it/s, Loss=0.5308, TrainAcc=0.9152, TestAcc=0.7390]
Training Epochs:  25%|████████████▎                                    | 25/100 [00:03<00:11,  6.67it/s, Loss=0.5308, TrainAcc=0.9152, TestAcc=0.7390]
Training Epochs:  25%|████████████▎                                    | 25/100 [00:03<00:11,  6.67it/s, Loss=0.5615, TrainAcc=0.9123, TestAcc=0.7322]
Training Epochs:  26%|████████████▋                                    | 26/100 [00:03<00:11,  6.67it/s, Loss=0.5615, TrainAcc=0.9123, TestAcc=0.7322]
Training Epochs:  26%|████████████▋                                    | 26/100 [00:03<00:11,  6.67it/s, Loss=0.5507, TrainAcc=0.9094, TestAcc=0.7729]
Training Epochs:  27%|█████████████▏                                   | 27/100 [00:03<00:11,  6.63it/s, Loss=0.5507, TrainAcc=0.9094, TestAcc=0.7729]
Training Epochs:  27%|█████████████▏                                   | 27/100 [00:04<00:11,  6.63it/s, Loss=0.5397, TrainAcc=0.9250, TestAcc=0.7220]
Training Epochs:  28%|█████████████▋                                   | 28/100 [00:04<00:10,  6.64it/s, Loss=0.5397, TrainAcc=0.9250, TestAcc=0.7220]
Training Epochs:  28%|█████████████▋                                   | 28/100 [00:04<00:10,  6.64it/s, Loss=0.5597, TrainAcc=0.9025, TestAcc=0.7593]
Training Epochs:  29%|██████████████▏                                  | 29/100 [00:04<00:10,  6.64it/s, Loss=0.5597, TrainAcc=0.9025, TestAcc=0.7593]
Training Epochs:  29%|██████████████▏                                  | 29/100 [00:04<00:10,  6.64it/s, Loss=0.5687, TrainAcc=0.9016, TestAcc=0.7322]
Training Epochs:  30%|██████████████▋                                  | 30/100 [00:04<00:10,  6.66it/s, Loss=0.5687, TrainAcc=0.9016, TestAcc=0.7322]
Training Epochs:  30%|██████████████▋                                  | 30/100 [00:04<00:10,  6.66it/s, Loss=0.5350, TrainAcc=0.9016, TestAcc=0.7424]
Training Epochs:  31%|███████████████▏                                 | 31/100 [00:04<00:10,  6.67it/s, Loss=0.5350, TrainAcc=0.9016, TestAcc=0.7424]
Training Epochs:  31%|███████████████▏                                 | 31/100 [00:04<00:10,  6.67it/s, Loss=0.5496, TrainAcc=0.9084, TestAcc=0.7492]
Training Epochs:  32%|███████████████▋                                 | 32/100 [00:04<00:10,  6.68it/s, Loss=0.5496, TrainAcc=0.9084, TestAcc=0.7492]
Training Epochs:  32%|███████████████▋                                 | 32/100 [00:04<00:10,  6.68it/s, Loss=0.5514, TrainAcc=0.9016, TestAcc=0.7661]
Training Epochs:  33%|████████████████▏                                | 33/100 [00:04<00:10,  6.62it/s, Loss=0.5514, TrainAcc=0.9016, TestAcc=0.7661]
Training Epochs:  33%|████████████████▏                                | 33/100 [00:04<00:10,  6.62it/s, Loss=0.5380, TrainAcc=0.9045, TestAcc=0.7797]
Training Epochs:  34%|████████████████▋                                | 34/100 [00:04<00:09,  6.62it/s, Loss=0.5380, TrainAcc=0.9045, TestAcc=0.7797]
Training Epochs:  34%|████████████████▋                                | 34/100 [00:05<00:09,  6.62it/s, Loss=0.5157, TrainAcc=0.9298, TestAcc=0.7492]
Training Epochs:  35%|█████████████████▏                               | 35/100 [00:05<00:09,  6.61it/s, Loss=0.5157, TrainAcc=0.9298, TestAcc=0.7492]
Training Epochs:  35%|█████████████████▏                               | 35/100 [00:05<00:09,  6.61it/s, Loss=0.5156, TrainAcc=0.9201, TestAcc=0.7525]
Training Epochs:  36%|█████████████████▋                               | 36/100 [00:05<00:09,  6.65it/s, Loss=0.5156, TrainAcc=0.9201, TestAcc=0.7525]
Training Epochs:  36%|█████████████████▋                               | 36/100 [00:05<00:09,  6.65it/s, Loss=0.5458, TrainAcc=0.9074, TestAcc=0.7458]
Training Epochs:  37%|██████████████████▏                              | 37/100 [00:05<00:09,  6.65it/s, Loss=0.5458, TrainAcc=0.9074, TestAcc=0.7458]
Training Epochs:  37%|██████████████████▏                              | 37/100 [00:05<00:09,  6.65it/s, Loss=0.5371, TrainAcc=0.9133, TestAcc=0.7695]
Training Epochs:  38%|██████████████████▌                              | 38/100 [00:05<00:09,  6.65it/s, Loss=0.5371, TrainAcc=0.9133, TestAcc=0.7695]
Training Epochs:  38%|██████████████████▌                              | 38/100 [00:05<00:09,  6.65it/s, Loss=0.5030, TrainAcc=0.9259, TestAcc=0.7254]
Training Epochs:  39%|███████████████████                              | 39/100 [00:05<00:09,  6.60it/s, Loss=0.5030, TrainAcc=0.9259, TestAcc=0.7254]
Training Epochs:  39%|███████████████████                              | 39/100 [00:05<00:09,  6.60it/s, Loss=0.5295, TrainAcc=0.9084, TestAcc=0.7831]
Training Epochs:  40%|███████████████████▌                             | 40/100 [00:05<00:09,  6.60it/s, Loss=0.5295, TrainAcc=0.9084, TestAcc=0.7831]
Training Epochs:  40%|███████████████████▌                             | 40/100 [00:05<00:09,  6.60it/s, Loss=0.5006, TrainAcc=0.9220, TestAcc=0.7593]
Training Epochs:  41%|████████████████████                             | 41/100 [00:05<00:08,  6.61it/s, Loss=0.5006, TrainAcc=0.9220, TestAcc=0.7593]
Training Epochs:  41%|████████████████████                             | 41/100 [00:06<00:08,  6.61it/s, Loss=0.5168, TrainAcc=0.9298, TestAcc=0.7593]
Training Epochs:  42%|████████████████████▌                            | 42/100 [00:06<00:08,  6.63it/s, Loss=0.5168, TrainAcc=0.9298, TestAcc=0.7593]
Training Epochs:  42%|████████████████████▌                            | 42/100 [00:06<00:08,  6.63it/s, Loss=0.5312, TrainAcc=0.9084, TestAcc=0.7627]
Training Epochs:  43%|█████████████████████                            | 43/100 [00:06<00:08,  6.63it/s, Loss=0.5312, TrainAcc=0.9084, TestAcc=0.7627]
Training Epochs:  43%|█████████████████████                            | 43/100 [00:06<00:08,  6.63it/s, Loss=0.5199, TrainAcc=0.9230, TestAcc=0.7525]
Training Epochs:  44%|█████████████████████▌                           | 44/100 [00:06<00:08,  6.64it/s, Loss=0.5199, TrainAcc=0.9230, TestAcc=0.7525]
Training Epochs:  44%|█████████████████████▌                           | 44/100 [00:06<00:08,  6.64it/s, Loss=0.5241, TrainAcc=0.9181, TestAcc=0.7322]
Training Epochs:  45%|██████████████████████                           | 45/100 [00:06<00:08,  6.64it/s, Loss=0.5241, TrainAcc=0.9181, TestAcc=0.7322]
Training Epochs:  45%|██████████████████████                           | 45/100 [00:06<00:08,  6.64it/s, Loss=0.5016, TrainAcc=0.9357, TestAcc=0.7695]
Training Epochs:  46%|██████████████████████▌                          | 46/100 [00:06<00:08,  6.63it/s, Loss=0.5016, TrainAcc=0.9357, TestAcc=0.7695]
Training Epochs:  46%|██████████████████████▌                          | 46/100 [00:06<00:08,  6.63it/s, Loss=0.4917, TrainAcc=0.9337, TestAcc=0.7763]
Training Epochs:  47%|███████████████████████                          | 47/100 [00:06<00:07,  6.64it/s, Loss=0.4917, TrainAcc=0.9337, TestAcc=0.7763]
Training Epochs:  47%|███████████████████████                          | 47/100 [00:07<00:07,  6.64it/s, Loss=0.4914, TrainAcc=0.9318, TestAcc=0.7797]
Training Epochs:  48%|███████████████████████▌                         | 48/100 [00:07<00:07,  6.68it/s, Loss=0.4914, TrainAcc=0.9318, TestAcc=0.7797]
Training Epochs:  48%|███████████████████████▌                         | 48/100 [00:07<00:07,  6.68it/s, Loss=0.4810, TrainAcc=0.9415, TestAcc=0.7695]
Training Epochs:  49%|████████████████████████                         | 49/100 [00:07<00:07,  6.71it/s, Loss=0.4810, TrainAcc=0.9415, TestAcc=0.7695]
Training Epochs:  49%|████████████████████████                         | 49/100 [00:07<00:07,  6.71it/s, Loss=0.5225, TrainAcc=0.9240, TestAcc=0.7186]
Training Epochs:  50%|████████████████████████▌                        | 50/100 [00:07<00:07,  6.70it/s, Loss=0.5225, TrainAcc=0.9240, TestAcc=0.7186]
Training Epochs:  50%|████████████████████████▌                        | 50/100 [00:07<00:07,  6.70it/s, Loss=0.5138, TrainAcc=0.9230, TestAcc=0.7559]
Training Epochs:  51%|████████████████████████▉                        | 51/100 [00:07<00:07,  6.69it/s, Loss=0.5138, TrainAcc=0.9230, TestAcc=0.7559]
Training Epochs:  51%|████████████████████████▉                        | 51/100 [00:07<00:07,  6.69it/s, Loss=0.5321, TrainAcc=0.9103, TestAcc=0.7627]
Training Epochs:  52%|█████████████████████████▍                       | 52/100 [00:07<00:07,  6.66it/s, Loss=0.5321, TrainAcc=0.9103, TestAcc=0.7627]
Training Epochs:  52%|█████████████████████████▍                       | 52/100 [00:07<00:07,  6.66it/s, Loss=0.5326, TrainAcc=0.9152, TestAcc=0.7424]
Training Epochs:  53%|█████████████████████████▉                       | 53/100 [00:07<00:07,  6.64it/s, Loss=0.5326, TrainAcc=0.9152, TestAcc=0.7424]
Training Epochs:  53%|█████████████████████████▉                       | 53/100 [00:07<00:07,  6.64it/s, Loss=0.5319, TrainAcc=0.9279, TestAcc=0.7458]
Training Epochs:  54%|██████████████████████████▍                      | 54/100 [00:07<00:06,  6.80it/s, Loss=0.5319, TrainAcc=0.9279, TestAcc=0.7458]
Training Epochs:  54%|██████████████████████████▍                      | 54/100 [00:08<00:06,  6.80it/s, Loss=0.5002, TrainAcc=0.9347, TestAcc=0.7525]
Training Epochs:  55%|██████████████████████████▉                      | 55/100 [00:08<00:06,  6.93it/s, Loss=0.5002, TrainAcc=0.9347, TestAcc=0.7525]
Training Epochs:  55%|██████████████████████████▉                      | 55/100 [00:08<00:06,  6.93it/s, Loss=0.4910, TrainAcc=0.9337, TestAcc=0.7559]
Training Epochs:  56%|███████████████████████████▍                     | 56/100 [00:08<00:06,  7.02it/s, Loss=0.4910, TrainAcc=0.9337, TestAcc=0.7559]
Training Epochs:  56%|███████████████████████████▍                     | 56/100 [00:08<00:06,  7.02it/s, Loss=0.5193, TrainAcc=0.9279, TestAcc=0.7492]
Training Epochs:  57%|███████████████████████████▉                     | 57/100 [00:08<00:06,  7.00it/s, Loss=0.5193, TrainAcc=0.9279, TestAcc=0.7492]
Training Epochs:  57%|███████████████████████████▉                     | 57/100 [00:08<00:06,  7.00it/s, Loss=0.5359, TrainAcc=0.9288, TestAcc=0.7661]
Training Epochs:  58%|████████████████████████████▍                    | 58/100 [00:08<00:06,  6.91it/s, Loss=0.5359, TrainAcc=0.9288, TestAcc=0.7661]
Training Epochs:  58%|████████████████████████████▍                    | 58/100 [00:08<00:06,  6.91it/s, Loss=0.5418, TrainAcc=0.9064, TestAcc=0.7254]
Training Epochs:  59%|████████████████████████████▉                    | 59/100 [00:08<00:05,  6.84it/s, Loss=0.5418, TrainAcc=0.9064, TestAcc=0.7254]
Training Epochs:  59%|████████████████████████████▉                    | 59/100 [00:08<00:05,  6.84it/s, Loss=0.4987, TrainAcc=0.9376, TestAcc=0.7356]
Training Epochs:  60%|█████████████████████████████▍                   | 60/100 [00:08<00:05,  6.77it/s, Loss=0.4987, TrainAcc=0.9376, TestAcc=0.7356]
Training Epochs:  60%|█████████████████████████████▍                   | 60/100 [00:08<00:05,  6.77it/s, Loss=0.4905, TrainAcc=0.9337, TestAcc=0.7627]
Training Epochs:  61%|█████████████████████████████▉                   | 61/100 [00:08<00:05,  6.74it/s, Loss=0.4905, TrainAcc=0.9337, TestAcc=0.7627]
Training Epochs:  61%|█████████████████████████████▉                   | 61/100 [00:09<00:05,  6.74it/s, Loss=0.4759, TrainAcc=0.9425, TestAcc=0.7322]
Training Epochs:  62%|██████████████████████████████▍                  | 62/100 [00:09<00:05,  6.70it/s, Loss=0.4759, TrainAcc=0.9425, TestAcc=0.7322]
Training Epochs:  62%|██████████████████████████████▍                  | 62/100 [00:09<00:05,  6.70it/s, Loss=0.4665, TrainAcc=0.9464, TestAcc=0.7458]
Training Epochs:  63%|██████████████████████████████▊                  | 63/100 [00:09<00:05,  6.72it/s, Loss=0.4665, TrainAcc=0.9464, TestAcc=0.7458]
Training Epochs:  63%|██████████████████████████████▊                  | 63/100 [00:09<00:05,  6.72it/s, Loss=0.4616, TrainAcc=0.9396, TestAcc=0.7322]
Training Epochs:  64%|███████████████████████████████▎                 | 64/100 [00:09<00:05,  6.69it/s, Loss=0.4616, TrainAcc=0.9396, TestAcc=0.7322]
Training Epochs:  64%|███████████████████████████████▎                 | 64/100 [00:09<00:05,  6.69it/s, Loss=0.4900, TrainAcc=0.9357, TestAcc=0.7729]
Training Epochs:  65%|███████████████████████████████▊                 | 65/100 [00:09<00:05,  6.72it/s, Loss=0.4900, TrainAcc=0.9357, TestAcc=0.7729]
Training Epochs:  65%|███████████████████████████████▊                 | 65/100 [00:09<00:05,  6.72it/s, Loss=0.4915, TrainAcc=0.9337, TestAcc=0.7458]
Training Epochs:  66%|████████████████████████████████▎                | 66/100 [00:09<00:05,  6.50it/s, Loss=0.4915, TrainAcc=0.9337, TestAcc=0.7458]
Training Epochs:  66%|████████████████████████████████▎                | 66/100 [00:09<00:05,  6.50it/s, Loss=0.4812, TrainAcc=0.9474, TestAcc=0.7220]
Training Epochs:  67%|████████████████████████████████▊                | 67/100 [00:09<00:05,  6.12it/s, Loss=0.4812, TrainAcc=0.9474, TestAcc=0.7220]
Training Epochs:  67%|████████████████████████████████▊                | 67/100 [00:10<00:05,  6.12it/s, Loss=0.4659, TrainAcc=0.9396, TestAcc=0.7458]
Training Epochs:  68%|█████████████████████████████████▎               | 68/100 [00:10<00:05,  6.06it/s, Loss=0.4659, TrainAcc=0.9396, TestAcc=0.7458]
Training Epochs:  68%|█████████████████████████████████▎               | 68/100 [00:10<00:05,  6.06it/s, Loss=0.4919, TrainAcc=0.9308, TestAcc=0.7288]
Training Epochs:  69%|█████████████████████████████████▊               | 69/100 [00:10<00:05,  6.17it/s, Loss=0.4919, TrainAcc=0.9308, TestAcc=0.7288]
Training Epochs:  69%|█████████████████████████████████▊               | 69/100 [00:10<00:05,  6.17it/s, Loss=0.4717, TrainAcc=0.9376, TestAcc=0.7492]
Training Epochs:  70%|██████████████████████████████████▎              | 70/100 [00:10<00:04,  6.30it/s, Loss=0.4717, TrainAcc=0.9376, TestAcc=0.7492]
Training Epochs:  70%|██████████████████████████████████▎              | 70/100 [00:10<00:04,  6.30it/s, Loss=0.4800, TrainAcc=0.9386, TestAcc=0.7288]
Training Epochs:  71%|██████████████████████████████████▊              | 71/100 [00:10<00:04,  6.42it/s, Loss=0.4800, TrainAcc=0.9386, TestAcc=0.7288]
Training Epochs:  71%|██████████████████████████████████▊              | 71/100 [00:10<00:04,  6.42it/s, Loss=0.4681, TrainAcc=0.9425, TestAcc=0.7356]
Training Epochs:  72%|███████████████████████████████████▎             | 72/100 [00:10<00:04,  6.48it/s, Loss=0.4681, TrainAcc=0.9425, TestAcc=0.7356]
Training Epochs:  72%|███████████████████████████████████▎             | 72/100 [00:10<00:04,  6.48it/s, Loss=0.4649, TrainAcc=0.9396, TestAcc=0.7322]
Training Epochs:  73%|███████████████████████████████████▊             | 73/100 [00:10<00:04,  6.54it/s, Loss=0.4649, TrainAcc=0.9396, TestAcc=0.7322]
Training Epochs:  73%|███████████████████████████████████▊             | 73/100 [00:10<00:04,  6.54it/s, Loss=0.4517, TrainAcc=0.9415, TestAcc=0.7695]
Training Epochs:  74%|████████████████████████████████████▎            | 74/100 [00:10<00:03,  6.58it/s, Loss=0.4517, TrainAcc=0.9415, TestAcc=0.7695]
Training Epochs:  74%|████████████████████████████████████▎            | 74/100 [00:11<00:03,  6.58it/s, Loss=0.4945, TrainAcc=0.9279, TestAcc=0.7797]
Training Epochs:  75%|████████████████████████████████████▊            | 75/100 [00:11<00:03,  6.59it/s, Loss=0.4945, TrainAcc=0.9279, TestAcc=0.7797]
Training Epochs:  75%|████████████████████████████████████▊            | 75/100 [00:11<00:03,  6.59it/s, Loss=0.5045, TrainAcc=0.9201, TestAcc=0.7559]
Training Epochs:  76%|█████████████████████████████████████▏           | 76/100 [00:11<00:03,  6.62it/s, Loss=0.5045, TrainAcc=0.9201, TestAcc=0.7559]
Training Epochs:  76%|█████████████████████████████████████▏           | 76/100 [00:11<00:03,  6.62it/s, Loss=0.5274, TrainAcc=0.9142, TestAcc=0.7390]
Training Epochs:  77%|█████████████████████████████████████▋           | 77/100 [00:11<00:03,  6.60it/s, Loss=0.5274, TrainAcc=0.9142, TestAcc=0.7390]
Training Epochs:  77%|█████████████████████████████████████▋           | 77/100 [00:11<00:03,  6.60it/s, Loss=0.4594, TrainAcc=0.9522, TestAcc=0.7627]
Training Epochs:  78%|██████████████████████████████████████▏          | 78/100 [00:11<00:03,  6.61it/s, Loss=0.4594, TrainAcc=0.9522, TestAcc=0.7627]
Training Epochs:  78%|██████████████████████████████████████▏          | 78/100 [00:11<00:03,  6.61it/s, Loss=0.5625, TrainAcc=0.9386, TestAcc=0.7356]
Training Epochs:  79%|██████████████████████████████████████▋          | 79/100 [00:11<00:03,  6.70it/s, Loss=0.5625, TrainAcc=0.9386, TestAcc=0.7356]
Training Epochs:  79%|██████████████████████████████████████▋          | 79/100 [00:11<00:03,  6.70it/s, Loss=0.5230, TrainAcc=0.9288, TestAcc=0.7593]
Training Epochs:  80%|███████████████████████████████████████▏         | 80/100 [00:11<00:02,  6.68it/s, Loss=0.5230, TrainAcc=0.9288, TestAcc=0.7593]
Training Epochs:  80%|███████████████████████████████████████▏         | 80/100 [00:11<00:02,  6.68it/s, Loss=0.5867, TrainAcc=0.9172, TestAcc=0.7254]
Training Epochs:  81%|███████████████████████████████████████▋         | 81/100 [00:11<00:02,  6.67it/s, Loss=0.5867, TrainAcc=0.9172, TestAcc=0.7254]
Training Epochs:  81%|███████████████████████████████████████▋         | 81/100 [00:12<00:02,  6.67it/s, Loss=0.5184, TrainAcc=0.9250, TestAcc=0.7695]
Training Epochs:  82%|████████████████████████████████████████▏        | 82/100 [00:12<00:02,  6.66it/s, Loss=0.5184, TrainAcc=0.9250, TestAcc=0.7695]
Training Epochs:  82%|████████████████████████████████████████▏        | 82/100 [00:12<00:02,  6.66it/s, Loss=0.4918, TrainAcc=0.9396, TestAcc=0.7627]
Training Epochs:  83%|████████████████████████████████████████▋        | 83/100 [00:12<00:02,  6.65it/s, Loss=0.4918, TrainAcc=0.9396, TestAcc=0.7627]
Training Epochs:  83%|████████████████████████████████████████▋        | 83/100 [00:12<00:02,  6.65it/s, Loss=0.4983, TrainAcc=0.9201, TestAcc=0.7424]
Training Epochs:  84%|█████████████████████████████████████████▏       | 84/100 [00:12<00:02,  6.61it/s, Loss=0.4983, TrainAcc=0.9201, TestAcc=0.7424]
Training Epochs:  84%|█████████████████████████████████████████▏       | 84/100 [00:12<00:02,  6.61it/s, Loss=0.4631, TrainAcc=0.9435, TestAcc=0.7458]
Training Epochs:  85%|█████████████████████████████████████████▋       | 85/100 [00:12<00:02,  6.62it/s, Loss=0.4631, TrainAcc=0.9435, TestAcc=0.7458]
Training Epochs:  85%|█████████████████████████████████████████▋       | 85/100 [00:12<00:02,  6.62it/s, Loss=0.4673, TrainAcc=0.9347, TestAcc=0.7458]
Training Epochs:  86%|██████████████████████████████████████████▏      | 86/100 [00:12<00:02,  6.61it/s, Loss=0.4673, TrainAcc=0.9347, TestAcc=0.7458]
Training Epochs:  86%|██████████████████████████████████████████▏      | 86/100 [00:12<00:02,  6.61it/s, Loss=0.4826, TrainAcc=0.9347, TestAcc=0.7458]
Training Epochs:  87%|██████████████████████████████████████████▋      | 87/100 [00:12<00:01,  6.67it/s, Loss=0.4826, TrainAcc=0.9347, TestAcc=0.7458]
Training Epochs:  87%|██████████████████████████████████████████▋      | 87/100 [00:13<00:01,  6.67it/s, Loss=0.4716, TrainAcc=0.9327, TestAcc=0.7458]
Training Epochs:  88%|███████████████████████████████████████████      | 88/100 [00:13<00:01,  6.65it/s, Loss=0.4716, TrainAcc=0.9327, TestAcc=0.7458]
Training Epochs:  88%|███████████████████████████████████████████      | 88/100 [00:13<00:01,  6.65it/s, Loss=0.4523, TrainAcc=0.9415, TestAcc=0.7322]
Training Epochs:  89%|███████████████████████████████████████████▌     | 89/100 [00:13<00:01,  6.61it/s, Loss=0.4523, TrainAcc=0.9415, TestAcc=0.7322]
Training Epochs:  89%|███████████████████████████████████████████▌     | 89/100 [00:13<00:01,  6.61it/s, Loss=0.4953, TrainAcc=0.9327, TestAcc=0.7458]
Training Epochs:  90%|████████████████████████████████████████████     | 90/100 [00:13<00:01,  6.61it/s, Loss=0.4953, TrainAcc=0.9327, TestAcc=0.7458]
Training Epochs:  90%|████████████████████████████████████████████     | 90/100 [00:13<00:01,  6.61it/s, Loss=0.4436, TrainAcc=0.9532, TestAcc=0.7390]
Training Epochs:  91%|████████████████████████████████████████████▌    | 91/100 [00:13<00:01,  6.61it/s, Loss=0.4436, TrainAcc=0.9532, TestAcc=0.7390]
Training Epochs:  91%|████████████████████████████████████████████▌    | 91/100 [00:13<00:01,  6.61it/s, Loss=0.4523, TrainAcc=0.9435, TestAcc=0.7390]
Training Epochs:  92%|█████████████████████████████████████████████    | 92/100 [00:13<00:01,  6.56it/s, Loss=0.4523, TrainAcc=0.9435, TestAcc=0.7390]
Training Epochs:  92%|█████████████████████████████████████████████    | 92/100 [00:13<00:01,  6.56it/s, Loss=0.4641, TrainAcc=0.9396, TestAcc=0.7356]
Training Epochs:  93%|█████████████████████████████████████████████▌   | 93/100 [00:13<00:01,  6.59it/s, Loss=0.4641, TrainAcc=0.9396, TestAcc=0.7356]
Training Epochs:  93%|█████████████████████████████████████████████▌   | 93/100 [00:13<00:01,  6.59it/s, Loss=0.4599, TrainAcc=0.9366, TestAcc=0.7390]
Training Epochs:  94%|██████████████████████████████████████████████   | 94/100 [00:13<00:00,  6.61it/s, Loss=0.4599, TrainAcc=0.9366, TestAcc=0.7390]
Training Epochs:  94%|██████████████████████████████████████████████   | 94/100 [00:14<00:00,  6.61it/s, Loss=0.4759, TrainAcc=0.9288, TestAcc=0.7458]
Training Epochs:  95%|██████████████████████████████████████████████▌  | 95/100 [00:14<00:00,  6.56it/s, Loss=0.4759, TrainAcc=0.9288, TestAcc=0.7458]
Training Epochs:  95%|██████████████████████████████████████████████▌  | 95/100 [00:14<00:00,  6.56it/s, Loss=0.4688, TrainAcc=0.9347, TestAcc=0.7322]
Training Epochs:  96%|███████████████████████████████████████████████  | 96/100 [00:14<00:00,  6.58it/s, Loss=0.4688, TrainAcc=0.9347, TestAcc=0.7322]
Training Epochs:  96%|███████████████████████████████████████████████  | 96/100 [00:14<00:00,  6.58it/s, Loss=0.4538, TrainAcc=0.9396, TestAcc=0.7424]
Training Epochs:  97%|███████████████████████████████████████████████▌ | 97/100 [00:14<00:00,  6.60it/s, Loss=0.4538, TrainAcc=0.9396, TestAcc=0.7424]
Training Epochs:  97%|███████████████████████████████████████████████▌ | 97/100 [00:14<00:00,  6.60it/s, Loss=0.4463, TrainAcc=0.9474, TestAcc=0.7525]
Training Epochs:  98%|████████████████████████████████████████████████ | 98/100 [00:14<00:00,  6.60it/s, Loss=0.4463, TrainAcc=0.9474, TestAcc=0.7525]
Training Epochs:  98%|████████████████████████████████████████████████ | 98/100 [00:14<00:00,  6.60it/s, Loss=0.4344, TrainAcc=0.9503, TestAcc=0.7254]
Training Epochs:  99%|████████████████████████████████████████████████▌| 99/100 [00:14<00:00,  6.61it/s, Loss=0.4344, TrainAcc=0.9503, TestAcc=0.7254]
Training Epochs:  99%|████████████████████████████████████████████████▌| 99/100 [00:14<00:00,  6.61it/s, Loss=0.4436, TrainAcc=0.9483, TestAcc=0.7695]
Training Epochs: 100%|████████████████████████████████████████████████| 100/100 [00:14<00:00,  6.63it/s, Loss=0.4436, TrainAcc=0.9483, TestAcc=0.7695]
Training Epochs: 100%|████████████████████████████████████████████████| 100/100 [00:14<00:00,  6.72it/s, Loss=0.4436, TrainAcc=0.9483, TestAcc=0.7695]
{'Real': {'precision': np.float64(0.7979274611398963), 'recall': np.float64(0.8603351955307262), 'f1': np.float64(0.8279569892473119)}, 'Fake': {'precision': np.float64(0.7549019607843137), 'recall': np.float64(0.6637931034482759), 'f1': np.float64(0.7064220183486238)}}

Training Epochs:   0%|                                                                                                        | 0/100 [00:00<?, ?it/s]
Training Epochs:   0%|                                                          | 0/100 [00:00<?, ?it/s, Loss=1.1460, TrainAcc=0.6033, TestAcc=0.6508]
Training Epochs:   1%|▌                                                 | 1/100 [00:00<00:12,  7.76it/s, Loss=1.1460, TrainAcc=0.6033, TestAcc=0.6508]
Training Epochs:   1%|▌                                                 | 1/100 [00:00<00:12,  7.76it/s, Loss=0.9469, TrainAcc=0.6852, TestAcc=0.7288]
Training Epochs:   2%|█                                                 | 2/100 [00:00<00:12,  7.75it/s, Loss=0.9469, TrainAcc=0.6852, TestAcc=0.7288]
Training Epochs:   2%|█                                                 | 2/100 [00:00<00:12,  7.75it/s, Loss=0.8876, TrainAcc=0.7193, TestAcc=0.7288]
Training Epochs:   3%|█▌                                                | 3/100 [00:00<00:12,  7.72it/s, Loss=0.8876, TrainAcc=0.7193, TestAcc=0.7288]
Training Epochs:   3%|█▌                                                | 3/100 [00:00<00:12,  7.72it/s, Loss=0.8181, TrainAcc=0.7700, TestAcc=0.7017]
Training Epochs:   4%|██                                                | 4/100 [00:00<00:12,  7.72it/s, Loss=0.8181, TrainAcc=0.7700, TestAcc=0.7017]
Training Epochs:   4%|██                                                | 4/100 [00:00<00:12,  7.72it/s, Loss=0.7772, TrainAcc=0.7943, TestAcc=0.7186]
Training Epochs:   5%|██▌                                               | 5/100 [00:00<00:12,  7.51it/s, Loss=0.7772, TrainAcc=0.7943, TestAcc=0.7186]
Training Epochs:   5%|██▌                                               | 5/100 [00:00<00:12,  7.51it/s, Loss=0.7621, TrainAcc=0.8012, TestAcc=0.7322]
Training Epochs:   6%|███                                               | 6/100 [00:00<00:12,  7.30it/s, Loss=0.7621, TrainAcc=0.8012, TestAcc=0.7322]
Training Epochs:   6%|███                                               | 6/100 [00:00<00:12,  7.30it/s, Loss=0.7279, TrainAcc=0.8109, TestAcc=0.7322]
Training Epochs:   7%|███▌                                              | 7/100 [00:00<00:13,  7.15it/s, Loss=0.7279, TrainAcc=0.8109, TestAcc=0.7322]
Training Epochs:   7%|███▌                                              | 7/100 [00:01<00:13,  7.15it/s, Loss=0.7016, TrainAcc=0.8431, TestAcc=0.7390]
Training Epochs:   8%|████                                              | 8/100 [00:01<00:13,  7.03it/s, Loss=0.7016, TrainAcc=0.8431, TestAcc=0.7390]
Training Epochs:   8%|████                                              | 8/100 [00:01<00:13,  7.03it/s, Loss=0.6701, TrainAcc=0.8558, TestAcc=0.7288]
Training Epochs:   9%|████▌                                             | 9/100 [00:01<00:13,  6.93it/s, Loss=0.6701, TrainAcc=0.8558, TestAcc=0.7288]
Training Epochs:   9%|████▌                                             | 9/100 [00:01<00:13,  6.93it/s, Loss=0.6941, TrainAcc=0.8343, TestAcc=0.7356]
Training Epochs:  10%|████▉                                            | 10/100 [00:01<00:13,  6.81it/s, Loss=0.6941, TrainAcc=0.8343, TestAcc=0.7356]
Training Epochs:  10%|████▉                                            | 10/100 [00:01<00:13,  6.81it/s, Loss=0.6775, TrainAcc=0.8596, TestAcc=0.7153]
Training Epochs:  11%|█████▍                                           | 11/100 [00:01<00:13,  6.75it/s, Loss=0.6775, TrainAcc=0.8596, TestAcc=0.7153]
Training Epochs:  11%|█████▍                                           | 11/100 [00:01<00:13,  6.75it/s, Loss=0.6464, TrainAcc=0.8626, TestAcc=0.7356]
Training Epochs:  12%|█████▉                                           | 12/100 [00:01<00:13,  6.71it/s, Loss=0.6464, TrainAcc=0.8626, TestAcc=0.7356]
Training Epochs:  12%|█████▉                                           | 12/100 [00:01<00:13,  6.71it/s, Loss=0.6358, TrainAcc=0.8645, TestAcc=0.7119]
Training Epochs:  13%|██████▎                                          | 13/100 [00:01<00:12,  6.73it/s, Loss=0.6358, TrainAcc=0.8645, TestAcc=0.7119]
Training Epochs:  13%|██████▎                                          | 13/100 [00:01<00:12,  6.73it/s, Loss=0.5974, TrainAcc=0.8869, TestAcc=0.7627]
Training Epochs:  14%|██████▊                                          | 14/100 [00:01<00:12,  6.69it/s, Loss=0.5974, TrainAcc=0.8869, TestAcc=0.7627]
Training Epochs:  14%|██████▊                                          | 14/100 [00:02<00:12,  6.69it/s, Loss=0.6148, TrainAcc=0.8830, TestAcc=0.7322]
Training Epochs:  15%|███████▎                                         | 15/100 [00:02<00:12,  6.63it/s, Loss=0.6148, TrainAcc=0.8830, TestAcc=0.7322]
Training Epochs:  15%|███████▎                                         | 15/100 [00:02<00:12,  6.63it/s, Loss=0.6056, TrainAcc=0.8791, TestAcc=0.7390]
Training Epochs:  16%|███████▊                                         | 16/100 [00:02<00:12,  6.60it/s, Loss=0.6056, TrainAcc=0.8791, TestAcc=0.7390]
Training Epochs:  16%|███████▊                                         | 16/100 [00:02<00:12,  6.60it/s, Loss=0.6102, TrainAcc=0.8850, TestAcc=0.7458]
Training Epochs:  17%|████████▎                                        | 17/100 [00:02<00:12,  6.60it/s, Loss=0.6102, TrainAcc=0.8850, TestAcc=0.7458]
Training Epochs:  17%|████████▎                                        | 17/100 [00:02<00:12,  6.60it/s, Loss=0.6240, TrainAcc=0.8733, TestAcc=0.7525]
Training Epochs:  18%|████████▊                                        | 18/100 [00:02<00:12,  6.64it/s, Loss=0.6240, TrainAcc=0.8733, TestAcc=0.7525]
Training Epochs:  18%|████████▊                                        | 18/100 [00:02<00:12,  6.64it/s, Loss=0.5901, TrainAcc=0.8938, TestAcc=0.7695]
Training Epochs:  19%|█████████▎                                       | 19/100 [00:02<00:12,  6.63it/s, Loss=0.5901, TrainAcc=0.8938, TestAcc=0.7695]
Training Epochs:  19%|█████████▎                                       | 19/100 [00:02<00:12,  6.63it/s, Loss=0.5844, TrainAcc=0.8918, TestAcc=0.7492]
Training Epochs:  20%|█████████▊                                       | 20/100 [00:02<00:12,  6.63it/s, Loss=0.5844, TrainAcc=0.8918, TestAcc=0.7492]
Training Epochs:  20%|█████████▊                                       | 20/100 [00:03<00:12,  6.63it/s, Loss=0.5616, TrainAcc=0.9113, TestAcc=0.7492]
Training Epochs:  21%|██████████▎                                      | 21/100 [00:03<00:11,  6.61it/s, Loss=0.5616, TrainAcc=0.9113, TestAcc=0.7492]
Training Epochs:  21%|██████████▎                                      | 21/100 [00:03<00:11,  6.61it/s, Loss=0.5717, TrainAcc=0.9006, TestAcc=0.7525]
Training Epochs:  22%|██████████▊                                      | 22/100 [00:03<00:11,  6.61it/s, Loss=0.5717, TrainAcc=0.9006, TestAcc=0.7525]
Training Epochs:  22%|██████████▊                                      | 22/100 [00:03<00:11,  6.61it/s, Loss=0.6161, TrainAcc=0.8762, TestAcc=0.7492]
Training Epochs:  23%|███████████▎                                     | 23/100 [00:03<00:11,  6.64it/s, Loss=0.6161, TrainAcc=0.8762, TestAcc=0.7492]
Training Epochs:  23%|███████████▎                                     | 23/100 [00:03<00:11,  6.64it/s, Loss=0.6107, TrainAcc=0.8908, TestAcc=0.7186]
Training Epochs:  24%|███████████▊                                     | 24/100 [00:03<00:11,  6.65it/s, Loss=0.6107, TrainAcc=0.8908, TestAcc=0.7186]
Training Epochs:  24%|███████████▊                                     | 24/100 [00:03<00:11,  6.65it/s, Loss=0.5515, TrainAcc=0.9113, TestAcc=0.7525]
Training Epochs:  25%|████████████▎                                    | 25/100 [00:03<00:11,  6.64it/s, Loss=0.5515, TrainAcc=0.9113, TestAcc=0.7525]
Training Epochs:  25%|████████████▎                                    | 25/100 [00:03<00:11,  6.64it/s, Loss=0.5528, TrainAcc=0.9094, TestAcc=0.7424]
Training Epochs:  26%|████████████▋                                    | 26/100 [00:03<00:11,  6.67it/s, Loss=0.5528, TrainAcc=0.9094, TestAcc=0.7424]
Training Epochs:  26%|████████████▋                                    | 26/100 [00:03<00:11,  6.67it/s, Loss=0.5483, TrainAcc=0.9152, TestAcc=0.7390]
Training Epochs:  27%|█████████████▏                                   | 27/100 [00:03<00:10,  6.67it/s, Loss=0.5483, TrainAcc=0.9152, TestAcc=0.7390]
Training Epochs:  27%|█████████████▏                                   | 27/100 [00:04<00:10,  6.67it/s, Loss=0.5406, TrainAcc=0.9016, TestAcc=0.7424]
Training Epochs:  28%|█████████████▋                                   | 28/100 [00:04<00:10,  6.67it/s, Loss=0.5406, TrainAcc=0.9016, TestAcc=0.7424]
Training Epochs:  28%|█████████████▋                                   | 28/100 [00:04<00:10,  6.67it/s, Loss=0.5415, TrainAcc=0.8996, TestAcc=0.7492]
Training Epochs:  29%|██████████████▏                                  | 29/100 [00:04<00:10,  6.66it/s, Loss=0.5415, TrainAcc=0.8996, TestAcc=0.7492]
Training Epochs:  29%|██████████████▏                                  | 29/100 [00:04<00:10,  6.66it/s, Loss=0.5673, TrainAcc=0.8996, TestAcc=0.7390]
Training Epochs:  30%|██████████████▋                                  | 30/100 [00:04<00:10,  6.67it/s, Loss=0.5673, TrainAcc=0.8996, TestAcc=0.7390]
Training Epochs:  30%|██████████████▋                                  | 30/100 [00:04<00:10,  6.67it/s, Loss=0.5492, TrainAcc=0.9055, TestAcc=0.7627]
Training Epochs:  31%|███████████████▏                                 | 31/100 [00:04<00:10,  6.66it/s, Loss=0.5492, TrainAcc=0.9055, TestAcc=0.7627]
Training Epochs:  31%|███████████████▏                                 | 31/100 [00:04<00:10,  6.66it/s, Loss=0.5387, TrainAcc=0.9084, TestAcc=0.7458]
Training Epochs:  32%|███████████████▋                                 | 32/100 [00:04<00:10,  6.65it/s, Loss=0.5387, TrainAcc=0.9084, TestAcc=0.7458]
Training Epochs:  32%|███████████████▋                                 | 32/100 [00:04<00:10,  6.65it/s, Loss=0.5372, TrainAcc=0.9191, TestAcc=0.7627]
Training Epochs:  33%|████████████████▏                                | 33/100 [00:04<00:10,  6.61it/s, Loss=0.5372, TrainAcc=0.9191, TestAcc=0.7627]
Training Epochs:  33%|████████████████▏                                | 33/100 [00:05<00:10,  6.61it/s, Loss=0.5423, TrainAcc=0.9259, TestAcc=0.7458]
Training Epochs:  34%|████████████████▋                                | 34/100 [00:05<00:09,  6.63it/s, Loss=0.5423, TrainAcc=0.9259, TestAcc=0.7458]
Training Epochs:  34%|████████████████▋                                | 34/100 [00:05<00:09,  6.63it/s, Loss=0.5491, TrainAcc=0.9162, TestAcc=0.7695]
Training Epochs:  35%|█████████████████▏                               | 35/100 [00:05<00:09,  6.62it/s, Loss=0.5491, TrainAcc=0.9162, TestAcc=0.7695]
Training Epochs:  35%|█████████████████▏                               | 35/100 [00:05<00:09,  6.62it/s, Loss=0.5511, TrainAcc=0.9133, TestAcc=0.7627]
Training Epochs:  36%|█████████████████▋                               | 36/100 [00:05<00:09,  6.65it/s, Loss=0.5511, TrainAcc=0.9133, TestAcc=0.7627]
Training Epochs:  36%|█████████████████▋                               | 36/100 [00:05<00:09,  6.65it/s, Loss=0.5446, TrainAcc=0.9103, TestAcc=0.7661]
Training Epochs:  37%|██████████████████▏                              | 37/100 [00:05<00:09,  6.66it/s, Loss=0.5446, TrainAcc=0.9103, TestAcc=0.7661]
Training Epochs:  37%|██████████████████▏                              | 37/100 [00:05<00:09,  6.66it/s, Loss=0.5124, TrainAcc=0.9298, TestAcc=0.7729]
Training Epochs:  38%|██████████████████▌                              | 38/100 [00:05<00:09,  6.67it/s, Loss=0.5124, TrainAcc=0.9298, TestAcc=0.7729]
Training Epochs:  38%|██████████████████▌                              | 38/100 [00:05<00:09,  6.67it/s, Loss=0.5222, TrainAcc=0.9201, TestAcc=0.7525]
Training Epochs:  39%|███████████████████                              | 39/100 [00:05<00:09,  6.66it/s, Loss=0.5222, TrainAcc=0.9201, TestAcc=0.7525]
Training Epochs:  39%|███████████████████                              | 39/100 [00:05<00:09,  6.66it/s, Loss=0.5081, TrainAcc=0.9269, TestAcc=0.7254]
Training Epochs:  40%|███████████████████▌                             | 40/100 [00:05<00:09,  6.66it/s, Loss=0.5081, TrainAcc=0.9269, TestAcc=0.7254]
Training Epochs:  40%|███████████████████▌                             | 40/100 [00:06<00:09,  6.66it/s, Loss=0.5387, TrainAcc=0.9211, TestAcc=0.7220]
Training Epochs:  41%|████████████████████                             | 41/100 [00:06<00:08,  6.65it/s, Loss=0.5387, TrainAcc=0.9211, TestAcc=0.7220]
Training Epochs:  41%|████████████████████                             | 41/100 [00:06<00:08,  6.65it/s, Loss=0.5495, TrainAcc=0.9055, TestAcc=0.7492]
Training Epochs:  42%|████████████████████▌                            | 42/100 [00:06<00:08,  6.65it/s, Loss=0.5495, TrainAcc=0.9055, TestAcc=0.7492]
Training Epochs:  42%|████████████████████▌                            | 42/100 [00:06<00:08,  6.65it/s, Loss=0.5284, TrainAcc=0.9142, TestAcc=0.7559]
Training Epochs:  43%|█████████████████████                            | 43/100 [00:06<00:08,  6.64it/s, Loss=0.5284, TrainAcc=0.9142, TestAcc=0.7559]
Training Epochs:  43%|█████████████████████                            | 43/100 [00:06<00:08,  6.64it/s, Loss=0.5628, TrainAcc=0.9055, TestAcc=0.7593]
Training Epochs:  44%|█████████████████████▌                           | 44/100 [00:06<00:08,  6.67it/s, Loss=0.5628, TrainAcc=0.9055, TestAcc=0.7593]
Training Epochs:  44%|█████████████████████▌                           | 44/100 [00:06<00:08,  6.67it/s, Loss=0.5394, TrainAcc=0.9006, TestAcc=0.7390]
Training Epochs:  45%|██████████████████████                           | 45/100 [00:06<00:08,  6.66it/s, Loss=0.5394, TrainAcc=0.9006, TestAcc=0.7390]
Training Epochs:  45%|██████████████████████                           | 45/100 [00:06<00:08,  6.66it/s, Loss=0.5687, TrainAcc=0.9006, TestAcc=0.7220]
Training Epochs:  46%|██████████████████████▌                          | 46/100 [00:06<00:08,  6.66it/s, Loss=0.5687, TrainAcc=0.9006, TestAcc=0.7220]
Training Epochs:  46%|██████████████████████▌                          | 46/100 [00:06<00:08,  6.66it/s, Loss=0.5795, TrainAcc=0.9084, TestAcc=0.7322]
Training Epochs:  47%|███████████████████████                          | 47/100 [00:06<00:07,  6.63it/s, Loss=0.5795, TrainAcc=0.9084, TestAcc=0.7322]
Training Epochs:  47%|███████████████████████                          | 47/100 [00:07<00:07,  6.63it/s, Loss=0.5415, TrainAcc=0.9094, TestAcc=0.7492]
Training Epochs:  48%|███████████████████████▌                         | 48/100 [00:07<00:07,  6.66it/s, Loss=0.5415, TrainAcc=0.9094, TestAcc=0.7492]
Training Epochs:  48%|███████████████████████▌                         | 48/100 [00:07<00:07,  6.66it/s, Loss=0.5152, TrainAcc=0.9191, TestAcc=0.7458]
Training Epochs:  49%|████████████████████████                         | 49/100 [00:07<00:07,  6.64it/s, Loss=0.5152, TrainAcc=0.9191, TestAcc=0.7458]
Training Epochs:  49%|████████████████████████                         | 49/100 [00:07<00:07,  6.64it/s, Loss=0.5016, TrainAcc=0.9298, TestAcc=0.7424]
Training Epochs:  50%|████████████████████████▌                        | 50/100 [00:07<00:07,  6.65it/s, Loss=0.5016, TrainAcc=0.9298, TestAcc=0.7424]
Training Epochs:  50%|████████████████████████▌                        | 50/100 [00:07<00:07,  6.65it/s, Loss=0.4999, TrainAcc=0.9250, TestAcc=0.7492]
Training Epochs:  51%|████████████████████████▉                        | 51/100 [00:07<00:07,  6.65it/s, Loss=0.4999, TrainAcc=0.9250, TestAcc=0.7492]
Training Epochs:  51%|████████████████████████▉                        | 51/100 [00:07<00:07,  6.65it/s, Loss=0.5323, TrainAcc=0.9191, TestAcc=0.7288]
Training Epochs:  52%|█████████████████████████▍                       | 52/100 [00:07<00:07,  6.64it/s, Loss=0.5323, TrainAcc=0.9191, TestAcc=0.7288]
Training Epochs:  52%|█████████████████████████▍                       | 52/100 [00:07<00:07,  6.64it/s, Loss=0.5114, TrainAcc=0.9201, TestAcc=0.7492]
Training Epochs:  53%|█████████████████████████▉                       | 53/100 [00:07<00:07,  6.64it/s, Loss=0.5114, TrainAcc=0.9201, TestAcc=0.7492]
Training Epochs:  53%|█████████████████████████▉                       | 53/100 [00:08<00:07,  6.64it/s, Loss=0.4910, TrainAcc=0.9288, TestAcc=0.7492]
Training Epochs:  54%|██████████████████████████▍                      | 54/100 [00:08<00:06,  6.63it/s, Loss=0.4910, TrainAcc=0.9288, TestAcc=0.7492]
Training Epochs:  54%|██████████████████████████▍                      | 54/100 [00:08<00:06,  6.63it/s, Loss=0.4937, TrainAcc=0.9376, TestAcc=0.7729]
Training Epochs:  55%|██████████████████████████▉                      | 55/100 [00:08<00:06,  6.66it/s, Loss=0.4937, TrainAcc=0.9376, TestAcc=0.7729]
Training Epochs:  55%|██████████████████████████▉                      | 55/100 [00:08<00:06,  6.66it/s, Loss=0.5265, TrainAcc=0.9201, TestAcc=0.7695]
Training Epochs:  56%|███████████████████████████▍                     | 56/100 [00:08<00:06,  6.68it/s, Loss=0.5265, TrainAcc=0.9201, TestAcc=0.7695]
Training Epochs:  56%|███████████████████████████▍                     | 56/100 [00:08<00:06,  6.68it/s, Loss=0.5081, TrainAcc=0.9308, TestAcc=0.7525]
Training Epochs:  57%|███████████████████████████▉                     | 57/100 [00:08<00:06,  6.65it/s, Loss=0.5081, TrainAcc=0.9308, TestAcc=0.7525]
Training Epochs:  57%|███████████████████████████▉                     | 57/100 [00:08<00:06,  6.65it/s, Loss=0.4897, TrainAcc=0.9327, TestAcc=0.7661]
Training Epochs:  58%|████████████████████████████▍                    | 58/100 [00:08<00:06,  6.64it/s, Loss=0.4897, TrainAcc=0.9327, TestAcc=0.7661]
Training Epochs:  58%|████████████████████████████▍                    | 58/100 [00:08<00:06,  6.64it/s, Loss=0.4704, TrainAcc=0.9415, TestAcc=0.7593]
Training Epochs:  59%|████████████████████████████▉                    | 59/100 [00:08<00:06,  6.65it/s, Loss=0.4704, TrainAcc=0.9415, TestAcc=0.7593]
Training Epochs:  59%|████████████████████████████▉                    | 59/100 [00:08<00:06,  6.65it/s, Loss=0.5017, TrainAcc=0.9269, TestAcc=0.7661]
Training Epochs:  60%|█████████████████████████████▍                   | 60/100 [00:08<00:06,  6.64it/s, Loss=0.5017, TrainAcc=0.9269, TestAcc=0.7661]
Training Epochs:  60%|█████████████████████████████▍                   | 60/100 [00:09<00:06,  6.64it/s, Loss=0.5478, TrainAcc=0.9376, TestAcc=0.7593]
Training Epochs:  61%|█████████████████████████████▉                   | 61/100 [00:09<00:05,  6.65it/s, Loss=0.5478, TrainAcc=0.9376, TestAcc=0.7593]
Training Epochs:  61%|█████████████████████████████▉                   | 61/100 [00:09<00:05,  6.65it/s, Loss=0.5253, TrainAcc=0.9162, TestAcc=0.7492]
Training Epochs:  62%|██████████████████████████████▍                  | 62/100 [00:09<00:05,  6.64it/s, Loss=0.5253, TrainAcc=0.9162, TestAcc=0.7492]
Training Epochs:  62%|██████████████████████████████▍                  | 62/100 [00:09<00:05,  6.64it/s, Loss=0.5014, TrainAcc=0.9327, TestAcc=0.7559]
Training Epochs:  63%|██████████████████████████████▊                  | 63/100 [00:09<00:05,  6.62it/s, Loss=0.5014, TrainAcc=0.9327, TestAcc=0.7559]
Training Epochs:  63%|██████████████████████████████▊                  | 63/100 [00:09<00:05,  6.62it/s, Loss=0.5340, TrainAcc=0.9211, TestAcc=0.7627]
Training Epochs:  64%|███████████████████████████████▎                 | 64/100 [00:09<00:05,  6.66it/s, Loss=0.5340, TrainAcc=0.9211, TestAcc=0.7627]
Training Epochs:  64%|███████████████████████████████▎                 | 64/100 [00:09<00:05,  6.66it/s, Loss=0.4750, TrainAcc=0.9366, TestAcc=0.7695]
Training Epochs:  65%|███████████████████████████████▊                 | 65/100 [00:09<00:05,  6.66it/s, Loss=0.4750, TrainAcc=0.9366, TestAcc=0.7695]
Training Epochs:  65%|███████████████████████████████▊                 | 65/100 [00:09<00:05,  6.66it/s, Loss=0.4912, TrainAcc=0.9288, TestAcc=0.7593]
Training Epochs:  66%|████████████████████████████████▎                | 66/100 [00:09<00:05,  6.63it/s, Loss=0.4912, TrainAcc=0.9288, TestAcc=0.7593]
Training Epochs:  66%|████████████████████████████████▎                | 66/100 [00:09<00:05,  6.63it/s, Loss=0.4738, TrainAcc=0.9454, TestAcc=0.7559]
Training Epochs:  67%|████████████████████████████████▊                | 67/100 [00:09<00:04,  6.64it/s, Loss=0.4738, TrainAcc=0.9454, TestAcc=0.7559]
Training Epochs:  67%|████████████████████████████████▊                | 67/100 [00:10<00:04,  6.64it/s, Loss=0.4691, TrainAcc=0.9347, TestAcc=0.7119]
Training Epochs:  68%|█████████████████████████████████▎               | 68/100 [00:10<00:04,  6.65it/s, Loss=0.4691, TrainAcc=0.9347, TestAcc=0.7119]
Training Epochs:  68%|█████████████████████████████████▎               | 68/100 [00:10<00:04,  6.65it/s, Loss=0.4609, TrainAcc=0.9444, TestAcc=0.7831]
Training Epochs:  69%|█████████████████████████████████▊               | 69/100 [00:10<00:04,  6.64it/s, Loss=0.4609, TrainAcc=0.9444, TestAcc=0.7831]
Training Epochs:  69%|█████████████████████████████████▊               | 69/100 [00:10<00:04,  6.64it/s, Loss=0.4685, TrainAcc=0.9464, TestAcc=0.7627]
Training Epochs:  70%|██████████████████████████████████▎              | 70/100 [00:10<00:04,  6.67it/s, Loss=0.4685, TrainAcc=0.9464, TestAcc=0.7627]
Training Epochs:  70%|██████████████████████████████████▎              | 70/100 [00:10<00:04,  6.67it/s, Loss=0.4618, TrainAcc=0.9415, TestAcc=0.7661]
Training Epochs:  71%|██████████████████████████████████▊              | 71/100 [00:10<00:04,  6.67it/s, Loss=0.4618, TrainAcc=0.9415, TestAcc=0.7661]
Training Epochs:  71%|██████████████████████████████████▊              | 71/100 [00:10<00:04,  6.67it/s, Loss=0.4828, TrainAcc=0.9357, TestAcc=0.7729]
Training Epochs:  72%|███████████████████████████████████▎             | 72/100 [00:10<00:04,  6.67it/s, Loss=0.4828, TrainAcc=0.9357, TestAcc=0.7729]
Training Epochs:  72%|███████████████████████████████████▎             | 72/100 [00:10<00:04,  6.67it/s, Loss=0.4839, TrainAcc=0.9288, TestAcc=0.7627]
Training Epochs:  73%|███████████████████████████████████▊             | 73/100 [00:10<00:04,  6.63it/s, Loss=0.4839, TrainAcc=0.9288, TestAcc=0.7627]
Training Epochs:  73%|███████████████████████████████████▊             | 73/100 [00:11<00:04,  6.63it/s, Loss=0.4672, TrainAcc=0.9357, TestAcc=0.7661]
Training Epochs:  74%|████████████████████████████████████▎            | 74/100 [00:11<00:03,  6.61it/s, Loss=0.4672, TrainAcc=0.9357, TestAcc=0.7661]
Training Epochs:  74%|████████████████████████████████████▎            | 74/100 [00:11<00:03,  6.61it/s, Loss=0.4922, TrainAcc=0.9308, TestAcc=0.7763]
Training Epochs:  75%|████████████████████████████████████▊            | 75/100 [00:11<00:03,  6.68it/s, Loss=0.4922, TrainAcc=0.9308, TestAcc=0.7763]
Training Epochs:  75%|████████████████████████████████████▊            | 75/100 [00:11<00:03,  6.68it/s, Loss=0.4636, TrainAcc=0.9444, TestAcc=0.7288]
Training Epochs:  76%|█████████████████████████████████████▏           | 76/100 [00:11<00:03,  6.90it/s, Loss=0.4636, TrainAcc=0.9444, TestAcc=0.7288]
Training Epochs:  76%|█████████████████████████████████████▏           | 76/100 [00:11<00:03,  6.90it/s, Loss=0.4659, TrainAcc=0.9425, TestAcc=0.7424]
Training Epochs:  77%|█████████████████████████████████████▋           | 77/100 [00:11<00:03,  7.07it/s, Loss=0.4659, TrainAcc=0.9425, TestAcc=0.7424]
Training Epochs:  77%|█████████████████████████████████████▋           | 77/100 [00:11<00:03,  7.07it/s, Loss=0.4663, TrainAcc=0.9444, TestAcc=0.7627]
Training Epochs:  78%|██████████████████████████████████████▏          | 78/100 [00:11<00:03,  7.18it/s, Loss=0.4663, TrainAcc=0.9444, TestAcc=0.7627]
Training Epochs:  78%|██████████████████████████████████████▏          | 78/100 [00:11<00:03,  7.18it/s, Loss=0.4747, TrainAcc=0.9464, TestAcc=0.7729]
Training Epochs:  79%|██████████████████████████████████████▋          | 79/100 [00:11<00:02,  7.29it/s, Loss=0.4747, TrainAcc=0.9464, TestAcc=0.7729]
Training Epochs:  79%|██████████████████████████████████████▋          | 79/100 [00:11<00:02,  7.29it/s, Loss=0.4650, TrainAcc=0.9435, TestAcc=0.7831]
Training Epochs:  80%|███████████████████████████████████████▏         | 80/100 [00:11<00:02,  7.36it/s, Loss=0.4650, TrainAcc=0.9435, TestAcc=0.7831]
Training Epochs:  80%|███████████████████████████████████████▏         | 80/100 [00:11<00:02,  7.36it/s, Loss=0.4603, TrainAcc=0.9435, TestAcc=0.7864]
Training Epochs:  81%|███████████████████████████████████████▋         | 81/100 [00:11<00:02,  7.41it/s, Loss=0.4603, TrainAcc=0.9435, TestAcc=0.7864]
Training Epochs:  81%|███████████████████████████████████████▋         | 81/100 [00:12<00:02,  7.41it/s, Loss=0.4260, TrainAcc=0.9600, TestAcc=0.7729]
Training Epochs:  82%|████████████████████████████████████████▏        | 82/100 [00:12<00:02,  7.39it/s, Loss=0.4260, TrainAcc=0.9600, TestAcc=0.7729]
Training Epochs:  82%|████████████████████████████████████████▏        | 82/100 [00:12<00:02,  7.39it/s, Loss=0.4529, TrainAcc=0.9444, TestAcc=0.7492]
Training Epochs:  83%|████████████████████████████████████████▋        | 83/100 [00:12<00:02,  7.43it/s, Loss=0.4529, TrainAcc=0.9444, TestAcc=0.7492]
Training Epochs:  83%|████████████████████████████████████████▋        | 83/100 [00:12<00:02,  7.43it/s, Loss=0.4532, TrainAcc=0.9474, TestAcc=0.7627]
Training Epochs:  84%|█████████████████████████████████████████▏       | 84/100 [00:12<00:02,  7.46it/s, Loss=0.4532, TrainAcc=0.9474, TestAcc=0.7627]
Training Epochs:  84%|█████████████████████████████████████████▏       | 84/100 [00:12<00:02,  7.46it/s, Loss=0.4843, TrainAcc=0.9396, TestAcc=0.7593]
Training Epochs:  85%|█████████████████████████████████████████▋       | 85/100 [00:12<00:02,  7.48it/s, Loss=0.4843, TrainAcc=0.9396, TestAcc=0.7593]
Training Epochs:  85%|█████████████████████████████████████████▋       | 85/100 [00:12<00:02,  7.48it/s, Loss=0.4724, TrainAcc=0.9483, TestAcc=0.7932]
Training Epochs:  86%|██████████████████████████████████████████▏      | 86/100 [00:12<00:01,  7.49it/s, Loss=0.4724, TrainAcc=0.9483, TestAcc=0.7932]
Training Epochs:  86%|██████████████████████████████████████████▏      | 86/100 [00:12<00:01,  7.49it/s, Loss=0.4970, TrainAcc=0.9337, TestAcc=0.7525]
Training Epochs:  87%|██████████████████████████████████████████▋      | 87/100 [00:12<00:01,  7.49it/s, Loss=0.4970, TrainAcc=0.9337, TestAcc=0.7525]
Training Epochs:  87%|██████████████████████████████████████████▋      | 87/100 [00:12<00:01,  7.49it/s, Loss=0.4837, TrainAcc=0.9279, TestAcc=0.7525]
Training Epochs:  88%|███████████████████████████████████████████      | 88/100 [00:12<00:01,  7.39it/s, Loss=0.4837, TrainAcc=0.9279, TestAcc=0.7525]
Training Epochs:  88%|███████████████████████████████████████████      | 88/100 [00:13<00:01,  7.39it/s, Loss=0.4753, TrainAcc=0.9376, TestAcc=0.7559]
Training Epochs:  89%|███████████████████████████████████████████▌     | 89/100 [00:13<00:01,  7.23it/s, Loss=0.4753, TrainAcc=0.9376, TestAcc=0.7559]
Training Epochs:  89%|███████████████████████████████████████████▌     | 89/100 [00:13<00:01,  7.23it/s, Loss=0.4857, TrainAcc=0.9444, TestAcc=0.7492]
Training Epochs:  90%|████████████████████████████████████████████     | 90/100 [00:13<00:01,  7.11it/s, Loss=0.4857, TrainAcc=0.9444, TestAcc=0.7492]
Training Epochs:  90%|████████████████████████████████████████████     | 90/100 [00:13<00:01,  7.11it/s, Loss=0.4835, TrainAcc=0.9444, TestAcc=0.7763]
Training Epochs:  91%|████████████████████████████████████████████▌    | 91/100 [00:13<00:01,  7.00it/s, Loss=0.4835, TrainAcc=0.9444, TestAcc=0.7763]
Training Epochs:  91%|████████████████████████████████████████████▌    | 91/100 [00:13<00:01,  7.00it/s, Loss=0.4456, TrainAcc=0.9561, TestAcc=0.7559]
Training Epochs:  92%|█████████████████████████████████████████████    | 92/100 [00:13<00:01,  6.89it/s, Loss=0.4456, TrainAcc=0.9561, TestAcc=0.7559]
Training Epochs:  92%|█████████████████████████████████████████████    | 92/100 [00:13<00:01,  6.89it/s, Loss=0.4483, TrainAcc=0.9474, TestAcc=0.7424]
Training Epochs:  93%|█████████████████████████████████████████████▌   | 93/100 [00:13<00:01,  6.83it/s, Loss=0.4483, TrainAcc=0.9474, TestAcc=0.7424]
Training Epochs:  93%|█████████████████████████████████████████████▌   | 93/100 [00:13<00:01,  6.83it/s, Loss=0.4672, TrainAcc=0.9396, TestAcc=0.7322]
Training Epochs:  94%|██████████████████████████████████████████████   | 94/100 [00:13<00:00,  6.79it/s, Loss=0.4672, TrainAcc=0.9396, TestAcc=0.7322]
Training Epochs:  94%|██████████████████████████████████████████████   | 94/100 [00:13<00:00,  6.79it/s, Loss=0.4645, TrainAcc=0.9513, TestAcc=0.7356]
Training Epochs:  95%|██████████████████████████████████████████████▌  | 95/100 [00:13<00:00,  6.74it/s, Loss=0.4645, TrainAcc=0.9513, TestAcc=0.7356]
Training Epochs:  95%|██████████████████████████████████████████████▌  | 95/100 [00:14<00:00,  6.74it/s, Loss=0.4664, TrainAcc=0.9357, TestAcc=0.7390]
Training Epochs:  96%|███████████████████████████████████████████████  | 96/100 [00:14<00:00,  6.72it/s, Loss=0.4664, TrainAcc=0.9357, TestAcc=0.7390]
Training Epochs:  96%|███████████████████████████████████████████████  | 96/100 [00:14<00:00,  6.72it/s, Loss=0.4497, TrainAcc=0.9474, TestAcc=0.7593]
Training Epochs:  97%|███████████████████████████████████████████████▌ | 97/100 [00:14<00:00,  6.71it/s, Loss=0.4497, TrainAcc=0.9474, TestAcc=0.7593]
Training Epochs:  97%|███████████████████████████████████████████████▌ | 97/100 [00:14<00:00,  6.71it/s, Loss=0.4770, TrainAcc=0.9357, TestAcc=0.7424]
Training Epochs:  98%|████████████████████████████████████████████████ | 98/100 [00:14<00:00,  6.70it/s, Loss=0.4770, TrainAcc=0.9357, TestAcc=0.7424]
Training Epochs:  98%|████████████████████████████████████████████████ | 98/100 [00:14<00:00,  6.70it/s, Loss=0.4739, TrainAcc=0.9396, TestAcc=0.7525]
Training Epochs:  99%|████████████████████████████████████████████████▌| 99/100 [00:14<00:00,  6.71it/s, Loss=0.4739, TrainAcc=0.9396, TestAcc=0.7525]
Training Epochs:  99%|████████████████████████████████████████████████▌| 99/100 [00:14<00:00,  6.71it/s, Loss=0.4537, TrainAcc=0.9503, TestAcc=0.7898]
Training Epochs: 100%|████████████████████████████████████████████████| 100/100 [00:14<00:00,  6.69it/s, Loss=0.4537, TrainAcc=0.9503, TestAcc=0.7898]
Training Epochs: 100%|████████████████████████████████████████████████| 100/100 [00:14<00:00,  6.80it/s, Loss=0.4537, TrainAcc=0.9503, TestAcc=0.7898]
{'Real': {'precision': np.float64(0.797979797979798), 'recall': np.float64(0.88268156424581), 'f1': np.float64(0.8381962864721485)}, 'Fake': {'precision': np.float64(0.7835051546391752), 'recall': np.float64(0.6551724137931034), 'f1': np.float64(0.7136150234741784)}}

Training Epochs:   0%|                                                                                                        | 0/100 [00:00<?, ?it/s]
Training Epochs:   0%|                                                          | 0/100 [00:00<?, ?it/s, Loss=1.1646, TrainAcc=0.5789, TestAcc=0.6203]
Training Epochs:   1%|▌                                                 | 1/100 [00:00<00:11,  8.97it/s, Loss=1.1646, TrainAcc=0.5789, TestAcc=0.6203]
Training Epochs:   1%|▌                                                 | 1/100 [00:00<00:11,  8.97it/s, Loss=0.9630, TrainAcc=0.6637, TestAcc=0.6983]
Training Epochs:   2%|█                                                 | 2/100 [00:00<00:11,  8.45it/s, Loss=0.9630, TrainAcc=0.6637, TestAcc=0.6983]
Training Epochs:   2%|█                                                 | 2/100 [00:00<00:11,  8.45it/s, Loss=0.8852, TrainAcc=0.7212, TestAcc=0.7153]
Training Epochs:   3%|█▌                                                | 3/100 [00:00<00:11,  8.22it/s, Loss=0.8852, TrainAcc=0.7212, TestAcc=0.7153]
Training Epochs:   3%|█▌                                                | 3/100 [00:00<00:11,  8.22it/s, Loss=0.8445, TrainAcc=0.7710, TestAcc=0.7119]
Training Epochs:   4%|██                                                | 4/100 [00:00<00:11,  8.12it/s, Loss=0.8445, TrainAcc=0.7710, TestAcc=0.7119]
Training Epochs:   4%|██                                                | 4/100 [00:00<00:11,  8.12it/s, Loss=0.7868, TrainAcc=0.7885, TestAcc=0.7186]
Training Epochs:   5%|██▌                                               | 5/100 [00:00<00:11,  8.12it/s, Loss=0.7868, TrainAcc=0.7885, TestAcc=0.7186]
Training Epochs:   5%|██▌                                               | 5/100 [00:00<00:11,  8.12it/s, Loss=0.7343, TrainAcc=0.7982, TestAcc=0.7017]
Training Epochs:   6%|███                                               | 6/100 [00:00<00:11,  7.93it/s, Loss=0.7343, TrainAcc=0.7982, TestAcc=0.7017]
Training Epochs:   6%|███                                               | 6/100 [00:00<00:11,  7.93it/s, Loss=0.7096, TrainAcc=0.8343, TestAcc=0.7254]
Training Epochs:   7%|███▌                                              | 7/100 [00:00<00:12,  7.65it/s, Loss=0.7096, TrainAcc=0.8343, TestAcc=0.7254]
Training Epochs:   7%|███▌                                              | 7/100 [00:01<00:12,  7.65it/s, Loss=0.6752, TrainAcc=0.8538, TestAcc=0.7119]
Training Epochs:   8%|████                                              | 8/100 [00:01<00:12,  7.43it/s, Loss=0.6752, TrainAcc=0.8538, TestAcc=0.7119]
Training Epochs:   8%|████                                              | 8/100 [00:01<00:12,  7.43it/s, Loss=0.6678, TrainAcc=0.8567, TestAcc=0.7966]
Training Epochs:   9%|████▌                                             | 9/100 [00:01<00:12,  7.20it/s, Loss=0.6678, TrainAcc=0.8567, TestAcc=0.7966]
Training Epochs:   9%|████▌                                             | 9/100 [00:01<00:12,  7.20it/s, Loss=0.6670, TrainAcc=0.8431, TestAcc=0.7288]
Training Epochs:  10%|████▉                                            | 10/100 [00:01<00:12,  7.04it/s, Loss=0.6670, TrainAcc=0.8431, TestAcc=0.7288]
Training Epochs:  10%|████▉                                            | 10/100 [00:01<00:12,  7.04it/s, Loss=0.6424, TrainAcc=0.8791, TestAcc=0.7017]
Training Epochs:  11%|█████▍                                           | 11/100 [00:01<00:12,  6.92it/s, Loss=0.6424, TrainAcc=0.8791, TestAcc=0.7017]
Training Epochs:  11%|█████▍                                           | 11/100 [00:01<00:12,  6.92it/s, Loss=0.6669, TrainAcc=0.8548, TestAcc=0.7119]
Training Epochs:  12%|█████▉                                           | 12/100 [00:01<00:12,  6.84it/s, Loss=0.6669, TrainAcc=0.8548, TestAcc=0.7119]
Training Epochs:  12%|█████▉                                           | 12/100 [00:01<00:12,  6.84it/s, Loss=0.6468, TrainAcc=0.8694, TestAcc=0.7356]
Training Epochs:  13%|██████▎                                          | 13/100 [00:01<00:12,  6.75it/s, Loss=0.6468, TrainAcc=0.8694, TestAcc=0.7356]
Training Epochs:  13%|██████▎                                          | 13/100 [00:01<00:12,  6.75it/s, Loss=0.5828, TrainAcc=0.8908, TestAcc=0.7559]
Training Epochs:  14%|██████▊                                          | 14/100 [00:01<00:12,  6.71it/s, Loss=0.5828, TrainAcc=0.8908, TestAcc=0.7559]
Training Epochs:  14%|██████▊                                          | 14/100 [00:02<00:12,  6.71it/s, Loss=0.5998, TrainAcc=0.8840, TestAcc=0.6814]
Training Epochs:  15%|███████▎                                         | 15/100 [00:02<00:12,  6.72it/s, Loss=0.5998, TrainAcc=0.8840, TestAcc=0.6814]
Training Epochs:  15%|███████▎                                         | 15/100 [00:02<00:12,  6.72it/s, Loss=0.6254, TrainAcc=0.8704, TestAcc=0.7153]
Training Epochs:  16%|███████▊                                         | 16/100 [00:02<00:12,  6.72it/s, Loss=0.6254, TrainAcc=0.8704, TestAcc=0.7153]
Training Epochs:  16%|███████▊                                         | 16/100 [00:02<00:12,  6.72it/s, Loss=0.5831, TrainAcc=0.8879, TestAcc=0.7186]
Training Epochs:  17%|████████▎                                        | 17/100 [00:02<00:12,  6.70it/s, Loss=0.5831, TrainAcc=0.8879, TestAcc=0.7186]
Training Epochs:  17%|████████▎                                        | 17/100 [00:02<00:12,  6.70it/s, Loss=0.6158, TrainAcc=0.8811, TestAcc=0.7186]
Training Epochs:  18%|████████▊                                        | 18/100 [00:02<00:12,  6.70it/s, Loss=0.6158, TrainAcc=0.8811, TestAcc=0.7186]
Training Epochs:  18%|████████▊                                        | 18/100 [00:02<00:12,  6.70it/s, Loss=0.5717, TrainAcc=0.9016, TestAcc=0.7559]
Training Epochs:  19%|█████████▎                                       | 19/100 [00:02<00:12,  6.70it/s, Loss=0.5717, TrainAcc=0.9016, TestAcc=0.7559]
Training Epochs:  19%|█████████▎                                       | 19/100 [00:02<00:12,  6.70it/s, Loss=0.5590, TrainAcc=0.8977, TestAcc=0.7356]
Training Epochs:  20%|█████████▊                                       | 20/100 [00:02<00:11,  6.69it/s, Loss=0.5590, TrainAcc=0.8977, TestAcc=0.7356]
Training Epochs:  20%|█████████▊                                       | 20/100 [00:02<00:11,  6.69it/s, Loss=0.5427, TrainAcc=0.9084, TestAcc=0.7492]
Training Epochs:  21%|██████████▎                                      | 21/100 [00:02<00:11,  6.68it/s, Loss=0.5427, TrainAcc=0.9084, TestAcc=0.7492]
Training Epochs:  21%|██████████▎                                      | 21/100 [00:03<00:11,  6.68it/s, Loss=0.5447, TrainAcc=0.9016, TestAcc=0.7254]
Training Epochs:  22%|██████████▊                                      | 22/100 [00:03<00:11,  6.68it/s, Loss=0.5447, TrainAcc=0.9016, TestAcc=0.7254]
Training Epochs:  22%|██████████▊                                      | 22/100 [00:03<00:11,  6.68it/s, Loss=0.6056, TrainAcc=0.8889, TestAcc=0.7322]
Training Epochs:  23%|███████████▎                                     | 23/100 [00:03<00:11,  6.70it/s, Loss=0.6056, TrainAcc=0.8889, TestAcc=0.7322]
Training Epochs:  23%|███████████▎                                     | 23/100 [00:03<00:11,  6.70it/s, Loss=0.5984, TrainAcc=0.8967, TestAcc=0.7559]
Training Epochs:  24%|███████████▊                                     | 24/100 [00:03<00:11,  6.69it/s, Loss=0.5984, TrainAcc=0.8967, TestAcc=0.7559]
Training Epochs:  24%|███████████▊                                     | 24/100 [00:03<00:11,  6.69it/s, Loss=0.5749, TrainAcc=0.8889, TestAcc=0.7390]
Training Epochs:  25%|████████████▎                                    | 25/100 [00:03<00:11,  6.69it/s, Loss=0.5749, TrainAcc=0.8889, TestAcc=0.7390]
Training Epochs:  25%|████████████▎                                    | 25/100 [00:03<00:11,  6.69it/s, Loss=0.5571, TrainAcc=0.9094, TestAcc=0.7492]
Training Epochs:  26%|████████████▋                                    | 26/100 [00:03<00:10,  6.85it/s, Loss=0.5571, TrainAcc=0.9094, TestAcc=0.7492]
Training Epochs:  26%|████████████▋                                    | 26/100 [00:03<00:10,  6.85it/s, Loss=0.5728, TrainAcc=0.8977, TestAcc=0.7932]
Training Epochs:  27%|█████████████▏                                   | 27/100 [00:03<00:10,  7.01it/s, Loss=0.5728, TrainAcc=0.8977, TestAcc=0.7932]
Training Epochs:  27%|█████████████▏                                   | 27/100 [00:03<00:10,  7.01it/s, Loss=0.5218, TrainAcc=0.9172, TestAcc=0.7390]
Training Epochs:  28%|█████████████▋                                   | 28/100 [00:03<00:10,  7.08it/s, Loss=0.5218, TrainAcc=0.9172, TestAcc=0.7390]
Training Epochs:  28%|█████████████▋                                   | 28/100 [00:04<00:10,  7.08it/s, Loss=0.5457, TrainAcc=0.9016, TestAcc=0.7695]
Training Epochs:  29%|██████████████▏                                  | 29/100 [00:04<00:10,  7.05it/s, Loss=0.5457, TrainAcc=0.9016, TestAcc=0.7695]
Training Epochs:  29%|██████████████▏                                  | 29/100 [00:04<00:10,  7.05it/s, Loss=0.5536, TrainAcc=0.9074, TestAcc=0.7492]
Training Epochs:  30%|██████████████▋                                  | 30/100 [00:04<00:10,  6.94it/s, Loss=0.5536, TrainAcc=0.9074, TestAcc=0.7492]
Training Epochs:  30%|██████████████▋                                  | 30/100 [00:04<00:10,  6.94it/s, Loss=0.6979, TrainAcc=0.8752, TestAcc=0.7254]
Training Epochs:  31%|███████████████▏                                 | 31/100 [00:04<00:10,  6.86it/s, Loss=0.6979, TrainAcc=0.8752, TestAcc=0.7254]
Training Epochs:  31%|███████████████▏                                 | 31/100 [00:04<00:10,  6.86it/s, Loss=0.6011, TrainAcc=0.8938, TestAcc=0.7797]
Training Epochs:  32%|███████████████▋                                 | 32/100 [00:04<00:09,  6.81it/s, Loss=0.6011, TrainAcc=0.8938, TestAcc=0.7797]
Training Epochs:  32%|███████████████▋                                 | 32/100 [00:04<00:09,  6.81it/s, Loss=0.5643, TrainAcc=0.9172, TestAcc=0.7492]
Training Epochs:  33%|████████████████▏                                | 33/100 [00:04<00:09,  6.76it/s, Loss=0.5643, TrainAcc=0.9172, TestAcc=0.7492]
Training Epochs:  33%|████████████████▏                                | 33/100 [00:04<00:09,  6.76it/s, Loss=0.5413, TrainAcc=0.9074, TestAcc=0.7458]
Training Epochs:  34%|████████████████▋                                | 34/100 [00:04<00:09,  6.73it/s, Loss=0.5413, TrainAcc=0.9074, TestAcc=0.7458]
Training Epochs:  34%|████████████████▋                                | 34/100 [00:05<00:09,  6.73it/s, Loss=0.5295, TrainAcc=0.9230, TestAcc=0.7322]
Training Epochs:  35%|█████████████████▏                               | 35/100 [00:05<00:09,  6.72it/s, Loss=0.5295, TrainAcc=0.9230, TestAcc=0.7322]
Training Epochs:  35%|█████████████████▏                               | 35/100 [00:05<00:09,  6.72it/s, Loss=0.5475, TrainAcc=0.9152, TestAcc=0.7559]
Training Epochs:  36%|█████████████████▋                               | 36/100 [00:05<00:09,  6.73it/s, Loss=0.5475, TrainAcc=0.9152, TestAcc=0.7559]
Training Epochs:  36%|█████████████████▋                               | 36/100 [00:05<00:09,  6.73it/s, Loss=0.5168, TrainAcc=0.9172, TestAcc=0.7831]
Training Epochs:  37%|██████████████████▏                              | 37/100 [00:05<00:09,  6.71it/s, Loss=0.5168, TrainAcc=0.9172, TestAcc=0.7831]
Training Epochs:  37%|██████████████████▏                              | 37/100 [00:05<00:09,  6.71it/s, Loss=0.5679, TrainAcc=0.9045, TestAcc=0.7390]
Training Epochs:  38%|██████████████████▌                              | 38/100 [00:05<00:09,  6.71it/s, Loss=0.5679, TrainAcc=0.9045, TestAcc=0.7390]
Training Epochs:  38%|██████████████████▌                              | 38/100 [00:05<00:09,  6.71it/s, Loss=0.5500, TrainAcc=0.9103, TestAcc=0.7424]
Training Epochs:  39%|███████████████████                              | 39/100 [00:05<00:09,  6.70it/s, Loss=0.5500, TrainAcc=0.9103, TestAcc=0.7424]
Training Epochs:  39%|███████████████████                              | 39/100 [00:05<00:09,  6.70it/s, Loss=0.5576, TrainAcc=0.9172, TestAcc=0.7898]
Training Epochs:  40%|███████████████████▌                             | 40/100 [00:05<00:08,  6.68it/s, Loss=0.5576, TrainAcc=0.9172, TestAcc=0.7898]
Training Epochs:  40%|███████████████████▌                             | 40/100 [00:05<00:08,  6.68it/s, Loss=0.5772, TrainAcc=0.9074, TestAcc=0.7186]
Training Epochs:  41%|████████████████████                             | 41/100 [00:05<00:08,  6.71it/s, Loss=0.5772, TrainAcc=0.9074, TestAcc=0.7186]
Training Epochs:  41%|████████████████████                             | 41/100 [00:06<00:08,  6.71it/s, Loss=0.5400, TrainAcc=0.9113, TestAcc=0.7593]
Training Epochs:  42%|████████████████████▌                            | 42/100 [00:06<00:08,  6.72it/s, Loss=0.5400, TrainAcc=0.9113, TestAcc=0.7593]
Training Epochs:  42%|████████████████████▌                            | 42/100 [00:06<00:08,  6.72it/s, Loss=0.5482, TrainAcc=0.9162, TestAcc=0.7458]
Training Epochs:  43%|█████████████████████                            | 43/100 [00:06<00:08,  6.75it/s, Loss=0.5482, TrainAcc=0.9162, TestAcc=0.7458]
Training Epochs:  43%|█████████████████████                            | 43/100 [00:06<00:08,  6.75it/s, Loss=0.5515, TrainAcc=0.9152, TestAcc=0.7593]
Training Epochs:  44%|█████████████████████▌                           | 44/100 [00:06<00:08,  6.68it/s, Loss=0.5515, TrainAcc=0.9152, TestAcc=0.7593]
Training Epochs:  44%|█████████████████████▌                           | 44/100 [00:06<00:08,  6.68it/s, Loss=0.5370, TrainAcc=0.9123, TestAcc=0.7729]
Training Epochs:  45%|██████████████████████                           | 45/100 [00:06<00:08,  6.68it/s, Loss=0.5370, TrainAcc=0.9123, TestAcc=0.7729]
Training Epochs:  45%|██████████████████████                           | 45/100 [00:06<00:08,  6.68it/s, Loss=0.5071, TrainAcc=0.9288, TestAcc=0.7356]
Training Epochs:  46%|██████████████████████▌                          | 46/100 [00:06<00:08,  6.69it/s, Loss=0.5071, TrainAcc=0.9288, TestAcc=0.7356]
Training Epochs:  46%|██████████████████████▌                          | 46/100 [00:06<00:08,  6.69it/s, Loss=0.5120, TrainAcc=0.9230, TestAcc=0.7763]
Training Epochs:  47%|███████████████████████                          | 47/100 [00:06<00:07,  6.69it/s, Loss=0.5120, TrainAcc=0.9230, TestAcc=0.7763]
Training Epochs:  47%|███████████████████████                          | 47/100 [00:06<00:07,  6.69it/s, Loss=0.4842, TrainAcc=0.9357, TestAcc=0.7797]
Training Epochs:  48%|███████████████████████▌                         | 48/100 [00:06<00:07,  6.69it/s, Loss=0.4842, TrainAcc=0.9357, TestAcc=0.7797]
Training Epochs:  48%|███████████████████████▌                         | 48/100 [00:07<00:07,  6.69it/s, Loss=0.5164, TrainAcc=0.9142, TestAcc=0.7424]
Training Epochs:  49%|████████████████████████                         | 49/100 [00:07<00:07,  6.72it/s, Loss=0.5164, TrainAcc=0.9142, TestAcc=0.7424]
Training Epochs:  49%|████████████████████████                         | 49/100 [00:07<00:07,  6.72it/s, Loss=0.4937, TrainAcc=0.9327, TestAcc=0.7661]
Training Epochs:  50%|████████████████████████▌                        | 50/100 [00:07<00:07,  6.73it/s, Loss=0.4937, TrainAcc=0.9327, TestAcc=0.7661]
Training Epochs:  50%|████████████████████████▌                        | 50/100 [00:07<00:07,  6.73it/s, Loss=0.5286, TrainAcc=0.9133, TestAcc=0.7559]
Training Epochs:  51%|████████████████████████▉                        | 51/100 [00:07<00:07,  6.73it/s, Loss=0.5286, TrainAcc=0.9133, TestAcc=0.7559]
Training Epochs:  51%|████████████████████████▉                        | 51/100 [00:07<00:07,  6.73it/s, Loss=0.5146, TrainAcc=0.9201, TestAcc=0.7695]
Training Epochs:  52%|█████████████████████████▍                       | 52/100 [00:07<00:07,  6.71it/s, Loss=0.5146, TrainAcc=0.9201, TestAcc=0.7695]
Training Epochs:  52%|█████████████████████████▍                       | 52/100 [00:07<00:07,  6.71it/s, Loss=0.5091, TrainAcc=0.9250, TestAcc=0.7627]
Training Epochs:  53%|█████████████████████████▉                       | 53/100 [00:07<00:07,  6.69it/s, Loss=0.5091, TrainAcc=0.9250, TestAcc=0.7627]
Training Epochs:  53%|█████████████████████████▉                       | 53/100 [00:07<00:07,  6.69it/s, Loss=0.4995, TrainAcc=0.9366, TestAcc=0.7525]
Training Epochs:  54%|██████████████████████████▍                      | 54/100 [00:07<00:06,  6.67it/s, Loss=0.4995, TrainAcc=0.9366, TestAcc=0.7525]
Training Epochs:  54%|██████████████████████████▍                      | 54/100 [00:08<00:06,  6.67it/s, Loss=0.5130, TrainAcc=0.9230, TestAcc=0.7864]
Training Epochs:  55%|██████████████████████████▉                      | 55/100 [00:08<00:06,  6.67it/s, Loss=0.5130, TrainAcc=0.9230, TestAcc=0.7864]
Training Epochs:  55%|██████████████████████████▉                      | 55/100 [00:08<00:06,  6.67it/s, Loss=0.4916, TrainAcc=0.9298, TestAcc=0.7729]
Training Epochs:  56%|███████████████████████████▍                     | 56/100 [00:08<00:06,  6.66it/s, Loss=0.4916, TrainAcc=0.9298, TestAcc=0.7729]
Training Epochs:  56%|███████████████████████████▍                     | 56/100 [00:08<00:06,  6.66it/s, Loss=0.5055, TrainAcc=0.9298, TestAcc=0.7492]
Training Epochs:  57%|███████████████████████████▉                     | 57/100 [00:08<00:06,  6.65it/s, Loss=0.5055, TrainAcc=0.9298, TestAcc=0.7492]
Training Epochs:  57%|███████████████████████████▉                     | 57/100 [00:08<00:06,  6.65it/s, Loss=0.5412, TrainAcc=0.9201, TestAcc=0.7288]
Training Epochs:  58%|████████████████████████████▍                    | 58/100 [00:08<00:06,  6.66it/s, Loss=0.5412, TrainAcc=0.9201, TestAcc=0.7288]
Training Epochs:  58%|████████████████████████████▍                    | 58/100 [00:08<00:06,  6.66it/s, Loss=0.5313, TrainAcc=0.9113, TestAcc=0.7661]
Training Epochs:  59%|████████████████████████████▉                    | 59/100 [00:08<00:06,  6.65it/s, Loss=0.5313, TrainAcc=0.9113, TestAcc=0.7661]
Training Epochs:  59%|████████████████████████████▉                    | 59/100 [00:08<00:06,  6.65it/s, Loss=0.5230, TrainAcc=0.9240, TestAcc=0.7356]
Training Epochs:  60%|█████████████████████████████▍                   | 60/100 [00:08<00:06,  6.63it/s, Loss=0.5230, TrainAcc=0.9240, TestAcc=0.7356]
Training Epochs:  60%|█████████████████████████████▍                   | 60/100 [00:08<00:06,  6.63it/s, Loss=0.5010, TrainAcc=0.9376, TestAcc=0.7627]
Training Epochs:  61%|█████████████████████████████▉                   | 61/100 [00:08<00:05,  6.63it/s, Loss=0.5010, TrainAcc=0.9376, TestAcc=0.7627]
Training Epochs:  61%|█████████████████████████████▉                   | 61/100 [00:09<00:05,  6.63it/s, Loss=0.4969, TrainAcc=0.9288, TestAcc=0.7695]
Training Epochs:  62%|██████████████████████████████▍                  | 62/100 [00:09<00:05,  6.66it/s, Loss=0.4969, TrainAcc=0.9288, TestAcc=0.7695]
Training Epochs:  62%|██████████████████████████████▍                  | 62/100 [00:09<00:05,  6.66it/s, Loss=0.4696, TrainAcc=0.9493, TestAcc=0.7627]
Training Epochs:  63%|██████████████████████████████▊                  | 63/100 [00:09<00:05,  6.68it/s, Loss=0.4696, TrainAcc=0.9493, TestAcc=0.7627]
Training Epochs:  63%|██████████████████████████████▊                  | 63/100 [00:09<00:05,  6.68it/s, Loss=0.4769, TrainAcc=0.9376, TestAcc=0.7525]
Training Epochs:  64%|███████████████████████████████▎                 | 64/100 [00:09<00:05,  6.68it/s, Loss=0.4769, TrainAcc=0.9376, TestAcc=0.7525]
Training Epochs:  64%|███████████████████████████████▎                 | 64/100 [00:09<00:05,  6.68it/s, Loss=0.5023, TrainAcc=0.9308, TestAcc=0.7559]
Training Epochs:  65%|███████████████████████████████▊                 | 65/100 [00:09<00:05,  6.68it/s, Loss=0.5023, TrainAcc=0.9308, TestAcc=0.7559]
Training Epochs:  65%|███████████████████████████████▊                 | 65/100 [00:09<00:05,  6.68it/s, Loss=0.4985, TrainAcc=0.9376, TestAcc=0.7627]
Training Epochs:  66%|████████████████████████████████▎                | 66/100 [00:09<00:05,  6.69it/s, Loss=0.4985, TrainAcc=0.9376, TestAcc=0.7627]
Training Epochs:  66%|████████████████████████████████▎                | 66/100 [00:09<00:05,  6.69it/s, Loss=0.5123, TrainAcc=0.9279, TestAcc=0.7593]
Training Epochs:  67%|████████████████████████████████▊                | 67/100 [00:09<00:04,  6.69it/s, Loss=0.5123, TrainAcc=0.9279, TestAcc=0.7593]
Training Epochs:  67%|████████████████████████████████▊                | 67/100 [00:09<00:04,  6.69it/s, Loss=0.5425, TrainAcc=0.9220, TestAcc=0.7593]
Training Epochs:  68%|█████████████████████████████████▎               | 68/100 [00:09<00:04,  6.69it/s, Loss=0.5425, TrainAcc=0.9220, TestAcc=0.7593]
Training Epochs:  68%|█████████████████████████████████▎               | 68/100 [00:10<00:04,  6.69it/s, Loss=0.5164, TrainAcc=0.9288, TestAcc=0.7763]
Training Epochs:  69%|█████████████████████████████████▊               | 69/100 [00:10<00:04,  6.67it/s, Loss=0.5164, TrainAcc=0.9288, TestAcc=0.7763]
Training Epochs:  69%|█████████████████████████████████▊               | 69/100 [00:10<00:04,  6.67it/s, Loss=0.5073, TrainAcc=0.9269, TestAcc=0.7695]
Training Epochs:  70%|██████████████████████████████████▎              | 70/100 [00:10<00:04,  6.67it/s, Loss=0.5073, TrainAcc=0.9269, TestAcc=0.7695]
Training Epochs:  70%|██████████████████████████████████▎              | 70/100 [00:10<00:04,  6.67it/s, Loss=0.4583, TrainAcc=0.9464, TestAcc=0.7593]
Training Epochs:  71%|██████████████████████████████████▊              | 71/100 [00:10<00:04,  6.68it/s, Loss=0.4583, TrainAcc=0.9464, TestAcc=0.7593]
Training Epochs:  71%|██████████████████████████████████▊              | 71/100 [00:10<00:04,  6.68it/s, Loss=0.4946, TrainAcc=0.9337, TestAcc=0.7763]
Training Epochs:  72%|███████████████████████████████████▎             | 72/100 [00:10<00:04,  6.69it/s, Loss=0.4946, TrainAcc=0.9337, TestAcc=0.7763]
Training Epochs:  72%|███████████████████████████████████▎             | 72/100 [00:10<00:04,  6.69it/s, Loss=0.4740, TrainAcc=0.9396, TestAcc=0.7390]
Training Epochs:  73%|███████████████████████████████████▊             | 73/100 [00:10<00:04,  6.70it/s, Loss=0.4740, TrainAcc=0.9396, TestAcc=0.7390]
Training Epochs:  73%|███████████████████████████████████▊             | 73/100 [00:10<00:04,  6.70it/s, Loss=0.4989, TrainAcc=0.9230, TestAcc=0.7492]
Training Epochs:  74%|████████████████████████████████████▎            | 74/100 [00:10<00:03,  6.69it/s, Loss=0.4989, TrainAcc=0.9230, TestAcc=0.7492]
Training Epochs:  74%|████████████████████████████████████▎            | 74/100 [00:11<00:03,  6.69it/s, Loss=0.4701, TrainAcc=0.9366, TestAcc=0.7593]
Training Epochs:  75%|████████████████████████████████████▊            | 75/100 [00:11<00:03,  6.71it/s, Loss=0.4701, TrainAcc=0.9366, TestAcc=0.7593]
Training Epochs:  75%|████████████████████████████████████▊            | 75/100 [00:11<00:03,  6.71it/s, Loss=0.4737, TrainAcc=0.9357, TestAcc=0.7661]
Training Epochs:  76%|█████████████████████████████████████▏           | 76/100 [00:11<00:03,  6.72it/s, Loss=0.4737, TrainAcc=0.9357, TestAcc=0.7661]
Training Epochs:  76%|█████████████████████████████████████▏           | 76/100 [00:11<00:03,  6.72it/s, Loss=0.4903, TrainAcc=0.9386, TestAcc=0.7559]
Training Epochs:  77%|█████████████████████████████████████▋           | 77/100 [00:11<00:03,  6.68it/s, Loss=0.4903, TrainAcc=0.9386, TestAcc=0.7559]
Training Epochs:  77%|█████████████████████████████████████▋           | 77/100 [00:11<00:03,  6.68it/s, Loss=0.4814, TrainAcc=0.9366, TestAcc=0.7356]
Training Epochs:  78%|██████████████████████████████████████▏          | 78/100 [00:11<00:03,  6.66it/s, Loss=0.4814, TrainAcc=0.9366, TestAcc=0.7356]
Training Epochs:  78%|██████████████████████████████████████▏          | 78/100 [00:11<00:03,  6.66it/s, Loss=0.4635, TrainAcc=0.9396, TestAcc=0.7661]
Training Epochs:  79%|██████████████████████████████████████▋          | 79/100 [00:11<00:03,  6.65it/s, Loss=0.4635, TrainAcc=0.9396, TestAcc=0.7661]
Training Epochs:  79%|██████████████████████████████████████▋          | 79/100 [00:11<00:03,  6.65it/s, Loss=0.4468, TrainAcc=0.9464, TestAcc=0.7492]
Training Epochs:  80%|███████████████████████████████████████▏         | 80/100 [00:11<00:03,  6.66it/s, Loss=0.4468, TrainAcc=0.9464, TestAcc=0.7492]
Training Epochs:  80%|███████████████████████████████████████▏         | 80/100 [00:11<00:03,  6.66it/s, Loss=0.4432, TrainAcc=0.9425, TestAcc=0.7559]
Training Epochs:  81%|███████████████████████████████████████▋         | 81/100 [00:11<00:02,  6.66it/s, Loss=0.4432, TrainAcc=0.9425, TestAcc=0.7559]
Training Epochs:  81%|███████████████████████████████████████▋         | 81/100 [00:12<00:02,  6.66it/s, Loss=0.4414, TrainAcc=0.9600, TestAcc=0.7864]
Training Epochs:  82%|████████████████████████████████████████▏        | 82/100 [00:12<00:02,  6.68it/s, Loss=0.4414, TrainAcc=0.9600, TestAcc=0.7864]
Training Epochs:  82%|████████████████████████████████████████▏        | 82/100 [00:12<00:02,  6.68it/s, Loss=0.4448, TrainAcc=0.9513, TestAcc=0.7458]
Training Epochs:  83%|████████████████████████████████████████▋        | 83/100 [00:12<00:02,  6.69it/s, Loss=0.4448, TrainAcc=0.9513, TestAcc=0.7458]
Training Epochs:  83%|████████████████████████████████████████▋        | 83/100 [00:12<00:02,  6.69it/s, Loss=0.4450, TrainAcc=0.9493, TestAcc=0.7864]
Training Epochs:  84%|█████████████████████████████████████████▏       | 84/100 [00:12<00:02,  6.68it/s, Loss=0.4450, TrainAcc=0.9493, TestAcc=0.7864]
Training Epochs:  84%|█████████████████████████████████████████▏       | 84/100 [00:12<00:02,  6.68it/s, Loss=0.4298, TrainAcc=0.9454, TestAcc=0.7661]
Training Epochs:  85%|█████████████████████████████████████████▋       | 85/100 [00:12<00:02,  6.68it/s, Loss=0.4298, TrainAcc=0.9454, TestAcc=0.7661]
Training Epochs:  85%|█████████████████████████████████████████▋       | 85/100 [00:12<00:02,  6.68it/s, Loss=0.4207, TrainAcc=0.9532, TestAcc=0.7458]
Training Epochs:  86%|██████████████████████████████████████████▏      | 86/100 [00:12<00:02,  6.69it/s, Loss=0.4207, TrainAcc=0.9532, TestAcc=0.7458]
Training Epochs:  86%|██████████████████████████████████████████▏      | 86/100 [00:12<00:02,  6.69it/s, Loss=0.4100, TrainAcc=0.9600, TestAcc=0.7559]
Training Epochs:  87%|██████████████████████████████████████████▋      | 87/100 [00:12<00:02,  6.33it/s, Loss=0.4100, TrainAcc=0.9600, TestAcc=0.7559]
Training Epochs:  87%|██████████████████████████████████████████▋      | 87/100 [00:13<00:02,  6.33it/s, Loss=0.4248, TrainAcc=0.9435, TestAcc=0.7695]
Training Epochs:  88%|███████████████████████████████████████████      | 88/100 [00:13<00:01,  6.03it/s, Loss=0.4248, TrainAcc=0.9435, TestAcc=0.7695]
Training Epochs:  88%|███████████████████████████████████████████      | 88/100 [00:13<00:01,  6.03it/s, Loss=0.4414, TrainAcc=0.9483, TestAcc=0.7627]
Training Epochs:  89%|███████████████████████████████████████████▌     | 89/100 [00:13<00:01,  6.16it/s, Loss=0.4414, TrainAcc=0.9483, TestAcc=0.7627]
Training Epochs:  89%|███████████████████████████████████████████▌     | 89/100 [00:13<00:01,  6.16it/s, Loss=0.4379, TrainAcc=0.9396, TestAcc=0.7492]
Training Epochs:  90%|████████████████████████████████████████████     | 90/100 [00:13<00:01,  6.26it/s, Loss=0.4379, TrainAcc=0.9396, TestAcc=0.7492]
Training Epochs:  90%|████████████████████████████████████████████     | 90/100 [00:13<00:01,  6.26it/s, Loss=0.4650, TrainAcc=0.9444, TestAcc=0.7559]
Training Epochs:  91%|████████████████████████████████████████████▌    | 91/100 [00:13<00:01,  6.36it/s, Loss=0.4650, TrainAcc=0.9444, TestAcc=0.7559]
Training Epochs:  91%|████████████████████████████████████████████▌    | 91/100 [00:13<00:01,  6.36it/s, Loss=0.4766, TrainAcc=0.9308, TestAcc=0.7729]
Training Epochs:  92%|█████████████████████████████████████████████    | 92/100 [00:13<00:01,  6.47it/s, Loss=0.4766, TrainAcc=0.9308, TestAcc=0.7729]
Training Epochs:  92%|█████████████████████████████████████████████    | 92/100 [00:13<00:01,  6.47it/s, Loss=0.4641, TrainAcc=0.9405, TestAcc=0.7525]
Training Epochs:  93%|█████████████████████████████████████████████▌   | 93/100 [00:13<00:01,  6.50it/s, Loss=0.4641, TrainAcc=0.9405, TestAcc=0.7525]
Training Epochs:  93%|█████████████████████████████████████████████▌   | 93/100 [00:13<00:01,  6.50it/s, Loss=0.4626, TrainAcc=0.9454, TestAcc=0.7729]
Training Epochs:  94%|██████████████████████████████████████████████   | 94/100 [00:13<00:00,  6.53it/s, Loss=0.4626, TrainAcc=0.9454, TestAcc=0.7729]
Training Epochs:  94%|██████████████████████████████████████████████   | 94/100 [00:14<00:00,  6.53it/s, Loss=0.4400, TrainAcc=0.9522, TestAcc=0.7492]
Training Epochs:  95%|██████████████████████████████████████████████▌  | 95/100 [00:14<00:00,  6.53it/s, Loss=0.4400, TrainAcc=0.9522, TestAcc=0.7492]
Training Epochs:  95%|██████████████████████████████████████████████▌  | 95/100 [00:14<00:00,  6.53it/s, Loss=0.4478, TrainAcc=0.9464, TestAcc=0.7559]
Training Epochs:  96%|███████████████████████████████████████████████  | 96/100 [00:14<00:00,  6.54it/s, Loss=0.4478, TrainAcc=0.9464, TestAcc=0.7559]
Training Epochs:  96%|███████████████████████████████████████████████  | 96/100 [00:14<00:00,  6.54it/s, Loss=0.4490, TrainAcc=0.9522, TestAcc=0.7288]
Training Epochs:  97%|███████████████████████████████████████████████▌ | 97/100 [00:14<00:00,  6.57it/s, Loss=0.4490, TrainAcc=0.9522, TestAcc=0.7288]
Training Epochs:  97%|███████████████████████████████████████████████▌ | 97/100 [00:14<00:00,  6.57it/s, Loss=0.4456, TrainAcc=0.9464, TestAcc=0.7729]
Training Epochs:  98%|████████████████████████████████████████████████ | 98/100 [00:14<00:00,  6.58it/s, Loss=0.4456, TrainAcc=0.9464, TestAcc=0.7729]
Training Epochs:  98%|████████████████████████████████████████████████ | 98/100 [00:14<00:00,  6.58it/s, Loss=0.4331, TrainAcc=0.9649, TestAcc=0.7593]
Training Epochs:  99%|████████████████████████████████████████████████▌| 99/100 [00:14<00:00,  6.62it/s, Loss=0.4331, TrainAcc=0.9649, TestAcc=0.7593]
Training Epochs:  99%|████████████████████████████████████████████████▌| 99/100 [00:14<00:00,  6.62it/s, Loss=0.4576, TrainAcc=0.9396, TestAcc=0.7831]
Training Epochs: 100%|████████████████████████████████████████████████| 100/100 [00:14<00:00,  6.37it/s, Loss=0.4576, TrainAcc=0.9396, TestAcc=0.7831]
Training Epochs: 100%|████████████████████████████████████████████████| 100/100 [00:14<00:00,  6.73it/s, Loss=0.4576, TrainAcc=0.9396, TestAcc=0.7831]
{'Real': {'precision': np.float64(0.8287292817679558), 'recall': np.float64(0.8379888268156425), 'f1': np.float64(0.8333333333333334)}, 'Fake': {'precision': np.float64(0.7456140350877193), 'recall': np.float64(0.7327586206896551), 'f1': np.float64(0.7391304347826086)}}

📊 Final Results (over 10 runs):
    Accuracy: 78.81 ± 1.00
    Precision (Fake): 77.18 ± 2.15
    Recall    (Fake): 65.69 ± 4.22
    F1-score  (Fake): 70.86 ± 2.04
    Precision (Real): 79.77 ± 1.76
    Recall    (Real): 87.32 ± 2.09
    F1-score  (Real): 83.34 ± 0.71

weibo_DATASET
BERT + VGG