nohup: ignoring input
dataset_name:  fakeddit

Training Epochs:   0%|                                                                                                        | 0/100 [00:00<?, ?it/s]
Training Epochs:   0%|                                                          | 0/100 [00:03<?, ?it/s, Loss=0.9051, TrainAcc=0.7404, TestAcc=0.7849]
Training Epochs:   1%|▌                                                 | 1/100 [00:03<05:10,  3.13s/it, Loss=0.9051, TrainAcc=0.7404, TestAcc=0.7849]
Training Epochs:   1%|▌                                                 | 1/100 [00:04<05:10,  3.13s/it, Loss=0.7976, TrainAcc=0.7924, TestAcc=0.8127]
Training Epochs:   2%|█                                                 | 2/100 [00:04<03:18,  2.02s/it, Loss=0.7976, TrainAcc=0.7924, TestAcc=0.8127]
Training Epochs:   2%|█                                                 | 2/100 [00:05<03:18,  2.02s/it, Loss=0.7826, TrainAcc=0.8082, TestAcc=0.8333]
Training Epochs:   3%|█▌                                                | 3/100 [00:05<02:44,  1.69s/it, Loss=0.7826, TrainAcc=0.8082, TestAcc=0.8333]
Training Epochs:   3%|█▌                                                | 3/100 [00:06<02:44,  1.69s/it, Loss=0.7662, TrainAcc=0.8121, TestAcc=0.8262]
Training Epochs:   4%|██                                                | 4/100 [00:06<02:25,  1.51s/it, Loss=0.7662, TrainAcc=0.8121, TestAcc=0.8262]
Training Epochs:   4%|██                                                | 4/100 [00:08<02:25,  1.51s/it, Loss=0.7499, TrainAcc=0.8234, TestAcc=0.8258]
Training Epochs:   5%|██▌                                               | 5/100 [00:08<02:14,  1.42s/it, Loss=0.7499, TrainAcc=0.8234, TestAcc=0.8258]
Training Epochs:   5%|██▌                                               | 5/100 [00:09<02:14,  1.42s/it, Loss=0.7241, TrainAcc=0.8362, TestAcc=0.8310]
Training Epochs:   6%|███                                               | 6/100 [00:09<02:08,  1.37s/it, Loss=0.7241, TrainAcc=0.8362, TestAcc=0.8310]
Training Epochs:   6%|███                                               | 6/100 [00:10<02:08,  1.37s/it, Loss=0.7318, TrainAcc=0.8359, TestAcc=0.8357]
Training Epochs:   7%|███▌                                              | 7/100 [00:10<02:10,  1.40s/it, Loss=0.7318, TrainAcc=0.8359, TestAcc=0.8357]
Training Epochs:   7%|███▌                                              | 7/100 [00:12<02:10,  1.40s/it, Loss=0.7126, TrainAcc=0.8444, TestAcc=0.8056]
Training Epochs:   8%|████                                              | 8/100 [00:12<02:03,  1.35s/it, Loss=0.7126, TrainAcc=0.8444, TestAcc=0.8056]
Training Epochs:   8%|████                                              | 8/100 [00:13<02:03,  1.35s/it, Loss=0.7015, TrainAcc=0.8514, TestAcc=0.8333]
Training Epochs:   9%|████▌                                             | 9/100 [00:13<01:58,  1.31s/it, Loss=0.7015, TrainAcc=0.8514, TestAcc=0.8333]
Training Epochs:   9%|████▌                                             | 9/100 [00:14<01:58,  1.31s/it, Loss=0.6771, TrainAcc=0.8612, TestAcc=0.8361]
Training Epochs:  10%|████▉                                            | 10/100 [00:14<01:56,  1.29s/it, Loss=0.6771, TrainAcc=0.8612, TestAcc=0.8361]
Training Epochs:  10%|████▉                                            | 10/100 [00:15<01:56,  1.29s/it, Loss=0.6777, TrainAcc=0.8604, TestAcc=0.8357]
Training Epochs:  11%|█████▍                                           | 11/100 [00:15<01:53,  1.28s/it, Loss=0.6777, TrainAcc=0.8604, TestAcc=0.8357]
Training Epochs:  11%|█████▍                                           | 11/100 [00:17<01:53,  1.28s/it, Loss=0.6608, TrainAcc=0.8705, TestAcc=0.8365]
Training Epochs:  12%|█████▉                                           | 12/100 [00:17<01:51,  1.27s/it, Loss=0.6608, TrainAcc=0.8705, TestAcc=0.8365]
Training Epochs:  12%|█████▉                                           | 12/100 [00:18<01:51,  1.27s/it, Loss=0.6498, TrainAcc=0.8752, TestAcc=0.8306]
Training Epochs:  13%|██████▎                                          | 13/100 [00:18<01:49,  1.26s/it, Loss=0.6498, TrainAcc=0.8752, TestAcc=0.8306]
Training Epochs:  13%|██████▎                                          | 13/100 [00:19<01:49,  1.26s/it, Loss=0.6362, TrainAcc=0.8834, TestAcc=0.8425]
Training Epochs:  14%|██████▊                                          | 14/100 [00:19<01:47,  1.25s/it, Loss=0.6362, TrainAcc=0.8834, TestAcc=0.8425]
Training Epochs:  14%|██████▊                                          | 14/100 [00:20<01:47,  1.25s/it, Loss=0.6163, TrainAcc=0.8861, TestAcc=0.8528]
Training Epochs:  15%|███████▎                                         | 15/100 [00:20<01:46,  1.25s/it, Loss=0.6163, TrainAcc=0.8861, TestAcc=0.8528]
Training Epochs:  15%|███████▎                                         | 15/100 [00:22<01:46,  1.25s/it, Loss=0.6098, TrainAcc=0.8897, TestAcc=0.8373]
Training Epochs:  16%|███████▊                                         | 16/100 [00:22<01:45,  1.25s/it, Loss=0.6098, TrainAcc=0.8897, TestAcc=0.8373]
Training Epochs:  16%|███████▊                                         | 16/100 [00:23<01:45,  1.25s/it, Loss=0.6061, TrainAcc=0.8923, TestAcc=0.8524]
Training Epochs:  17%|████████▎                                        | 17/100 [00:23<01:44,  1.25s/it, Loss=0.6061, TrainAcc=0.8923, TestAcc=0.8524]
Training Epochs:  17%|████████▎                                        | 17/100 [00:24<01:44,  1.25s/it, Loss=0.5892, TrainAcc=0.9002, TestAcc=0.8393]
Training Epochs:  18%|████████▊                                        | 18/100 [00:24<01:43,  1.26s/it, Loss=0.5892, TrainAcc=0.9002, TestAcc=0.8393]
Training Epochs:  18%|████████▊                                        | 18/100 [00:25<01:43,  1.26s/it, Loss=0.5734, TrainAcc=0.9027, TestAcc=0.8508]
Training Epochs:  19%|█████████▎                                       | 19/100 [00:25<01:41,  1.26s/it, Loss=0.5734, TrainAcc=0.9027, TestAcc=0.8508]
Training Epochs:  19%|█████████▎                                       | 19/100 [00:27<01:41,  1.26s/it, Loss=0.5691, TrainAcc=0.9061, TestAcc=0.8421]
Training Epochs:  20%|█████████▊                                       | 20/100 [00:27<01:40,  1.25s/it, Loss=0.5691, TrainAcc=0.9061, TestAcc=0.8421]
Training Epochs:  20%|█████████▊                                       | 20/100 [00:28<01:40,  1.25s/it, Loss=0.5719, TrainAcc=0.9059, TestAcc=0.8472]
Training Epochs:  21%|██████████▎                                      | 21/100 [00:28<01:39,  1.25s/it, Loss=0.5719, TrainAcc=0.9059, TestAcc=0.8472]
Training Epochs:  21%|██████████▎                                      | 21/100 [00:29<01:39,  1.25s/it, Loss=0.5645, TrainAcc=0.9098, TestAcc=0.8544]
Training Epochs:  22%|██████████▊                                      | 22/100 [00:29<01:37,  1.26s/it, Loss=0.5645, TrainAcc=0.9098, TestAcc=0.8544]
Training Epochs:  22%|██████████▊                                      | 22/100 [00:30<01:37,  1.26s/it, Loss=0.5543, TrainAcc=0.9121, TestAcc=0.8528]
Training Epochs:  23%|███████████▎                                     | 23/100 [00:30<01:36,  1.26s/it, Loss=0.5543, TrainAcc=0.9121, TestAcc=0.8528]
Training Epochs:  23%|███████████▎                                     | 23/100 [00:32<01:36,  1.26s/it, Loss=0.5595, TrainAcc=0.9049, TestAcc=0.8421]
Training Epochs:  24%|███████████▊                                     | 24/100 [00:32<01:35,  1.25s/it, Loss=0.5595, TrainAcc=0.9049, TestAcc=0.8421]
Training Epochs:  24%|███████████▊                                     | 24/100 [00:33<01:35,  1.25s/it, Loss=0.5338, TrainAcc=0.9178, TestAcc=0.8460]
Training Epochs:  25%|████████████▎                                    | 25/100 [00:33<01:33,  1.25s/it, Loss=0.5338, TrainAcc=0.9178, TestAcc=0.8460]
Training Epochs:  25%|████████████▎                                    | 25/100 [00:34<01:33,  1.25s/it, Loss=0.5488, TrainAcc=0.9139, TestAcc=0.8512]
Training Epochs:  26%|████████████▋                                    | 26/100 [00:34<01:32,  1.25s/it, Loss=0.5488, TrainAcc=0.9139, TestAcc=0.8512]
Training Epochs:  26%|████████████▋                                    | 26/100 [00:35<01:32,  1.25s/it, Loss=0.5328, TrainAcc=0.9200, TestAcc=0.8437]
Training Epochs:  27%|█████████████▏                                   | 27/100 [00:35<01:31,  1.26s/it, Loss=0.5328, TrainAcc=0.9200, TestAcc=0.8437]
Training Epochs:  27%|█████████████▏                                   | 27/100 [00:37<01:31,  1.26s/it, Loss=0.5307, TrainAcc=0.9184, TestAcc=0.8456]
Training Epochs:  28%|█████████████▋                                   | 28/100 [00:37<01:30,  1.26s/it, Loss=0.5307, TrainAcc=0.9184, TestAcc=0.8456]
Training Epochs:  28%|█████████████▋                                   | 28/100 [00:38<01:30,  1.26s/it, Loss=0.5287, TrainAcc=0.9232, TestAcc=0.8425]
Training Epochs:  29%|██████████████▏                                  | 29/100 [00:38<01:28,  1.25s/it, Loss=0.5287, TrainAcc=0.9232, TestAcc=0.8425]
Training Epochs:  29%|██████████████▏                                  | 29/100 [00:39<01:28,  1.25s/it, Loss=0.5278, TrainAcc=0.9198, TestAcc=0.8444]
Training Epochs:  30%|██████████████▋                                  | 30/100 [00:39<01:27,  1.25s/it, Loss=0.5278, TrainAcc=0.9198, TestAcc=0.8444]
Training Epochs:  30%|██████████████▋                                  | 30/100 [00:40<01:27,  1.25s/it, Loss=0.5271, TrainAcc=0.9224, TestAcc=0.8405]
Training Epochs:  31%|███████████████▏                                 | 31/100 [00:40<01:26,  1.25s/it, Loss=0.5271, TrainAcc=0.9224, TestAcc=0.8405]
Training Epochs:  31%|███████████████▏                                 | 31/100 [00:42<01:26,  1.25s/it, Loss=0.5264, TrainAcc=0.9211, TestAcc=0.8444]
Training Epochs:  32%|███████████████▋                                 | 32/100 [00:42<01:25,  1.25s/it, Loss=0.5264, TrainAcc=0.9211, TestAcc=0.8444]
Training Epochs:  32%|███████████████▋                                 | 32/100 [00:43<01:25,  1.25s/it, Loss=0.5302, TrainAcc=0.9217, TestAcc=0.8536]
Training Epochs:  33%|████████████████▏                                | 33/100 [00:43<01:24,  1.26s/it, Loss=0.5302, TrainAcc=0.9217, TestAcc=0.8536]
Training Epochs:  33%|████████████████▏                                | 33/100 [00:44<01:24,  1.26s/it, Loss=0.5249, TrainAcc=0.9212, TestAcc=0.8452]
Training Epochs:  34%|████████████████▋                                | 34/100 [00:44<01:20,  1.21s/it, Loss=0.5249, TrainAcc=0.9212, TestAcc=0.8452]
Training Epochs:  34%|████████████████▋                                | 34/100 [00:45<01:20,  1.21s/it, Loss=0.5104, TrainAcc=0.9281, TestAcc=0.8472]
Training Epochs:  35%|█████████████████▏                               | 35/100 [00:45<01:21,  1.25s/it, Loss=0.5104, TrainAcc=0.9281, TestAcc=0.8472]
Training Epochs:  35%|█████████████████▏                               | 35/100 [00:47<01:21,  1.25s/it, Loss=0.5072, TrainAcc=0.9282, TestAcc=0.8373]
Training Epochs:  36%|█████████████████▋                               | 36/100 [00:47<01:20,  1.25s/it, Loss=0.5072, TrainAcc=0.9282, TestAcc=0.8373]
Training Epochs:  36%|█████████████████▋                               | 36/100 [00:48<01:20,  1.25s/it, Loss=0.5189, TrainAcc=0.9224, TestAcc=0.8421]
Training Epochs:  37%|██████████████████▏                              | 37/100 [00:48<01:18,  1.25s/it, Loss=0.5189, TrainAcc=0.9224, TestAcc=0.8421]
Training Epochs:  37%|██████████████████▏                              | 37/100 [00:49<01:18,  1.25s/it, Loss=0.5133, TrainAcc=0.9313, TestAcc=0.8492]
Training Epochs:  38%|██████████████████▌                              | 38/100 [00:49<01:17,  1.26s/it, Loss=0.5133, TrainAcc=0.9313, TestAcc=0.8492]
Training Epochs:  38%|██████████████████▌                              | 38/100 [00:50<01:17,  1.26s/it, Loss=0.4929, TrainAcc=0.9314, TestAcc=0.8333]
Training Epochs:  39%|███████████████████                              | 39/100 [00:50<01:08,  1.13s/it, Loss=0.4929, TrainAcc=0.9314, TestAcc=0.8333]
Training Epochs:  39%|███████████████████                              | 39/100 [00:51<01:08,  1.13s/it, Loss=0.5066, TrainAcc=0.9288, TestAcc=0.8452]
Training Epochs:  40%|███████████████████▌                             | 40/100 [00:51<01:00,  1.00s/it, Loss=0.5066, TrainAcc=0.9288, TestAcc=0.8452]
Training Epochs:  40%|███████████████████▌                             | 40/100 [00:51<01:00,  1.00s/it, Loss=0.5088, TrainAcc=0.9280, TestAcc=0.8405]
Training Epochs:  41%|████████████████████                             | 41/100 [00:51<00:53,  1.10it/s, Loss=0.5088, TrainAcc=0.9280, TestAcc=0.8405]
Training Epochs:  41%|████████████████████                             | 41/100 [00:52<00:53,  1.10it/s, Loss=0.5085, TrainAcc=0.9260, TestAcc=0.8437]
Training Epochs:  42%|████████████████████▌                            | 42/100 [00:52<00:49,  1.18it/s, Loss=0.5085, TrainAcc=0.9260, TestAcc=0.8437]
Training Epochs:  42%|████████████████████▌                            | 42/100 [00:53<00:49,  1.18it/s, Loss=0.4946, TrainAcc=0.9315, TestAcc=0.8389]
Training Epochs:  43%|█████████████████████                            | 43/100 [00:53<00:46,  1.22it/s, Loss=0.4946, TrainAcc=0.9315, TestAcc=0.8389]
Training Epochs:  43%|█████████████████████                            | 43/100 [00:54<00:46,  1.22it/s, Loss=0.5006, TrainAcc=0.9300, TestAcc=0.8381]
Training Epochs:  44%|█████████████████████▌                           | 44/100 [00:54<00:52,  1.06it/s, Loss=0.5006, TrainAcc=0.9300, TestAcc=0.8381]
Training Epochs:  44%|█████████████████████▌                           | 44/100 [00:55<00:52,  1.06it/s, Loss=0.4885, TrainAcc=0.9374, TestAcc=0.8377]
Training Epochs:  45%|██████████████████████                           | 45/100 [00:55<00:57,  1.04s/it, Loss=0.4885, TrainAcc=0.9374, TestAcc=0.8377]
Training Epochs:  45%|██████████████████████                           | 45/100 [00:57<00:57,  1.04s/it, Loss=0.4830, TrainAcc=0.9354, TestAcc=0.8381]
Training Epochs:  46%|██████████████████████▌                          | 46/100 [00:57<00:59,  1.10s/it, Loss=0.4830, TrainAcc=0.9354, TestAcc=0.8381]
Training Epochs:  46%|██████████████████████▌                          | 46/100 [00:58<00:59,  1.10s/it, Loss=0.4952, TrainAcc=0.9345, TestAcc=0.8437]
Training Epochs:  47%|███████████████████████                          | 47/100 [00:58<01:00,  1.14s/it, Loss=0.4952, TrainAcc=0.9345, TestAcc=0.8437]
Training Epochs:  47%|███████████████████████                          | 47/100 [00:59<01:00,  1.14s/it, Loss=0.4951, TrainAcc=0.9324, TestAcc=0.8448]
Training Epochs:  48%|███████████████████████▌                         | 48/100 [00:59<01:00,  1.17s/it, Loss=0.4951, TrainAcc=0.9324, TestAcc=0.8448]
Training Epochs:  48%|███████████████████████▌                         | 48/100 [01:00<01:00,  1.17s/it, Loss=0.4967, TrainAcc=0.9316, TestAcc=0.8409]
Training Epochs:  49%|████████████████████████                         | 49/100 [01:00<01:00,  1.19s/it, Loss=0.4967, TrainAcc=0.9316, TestAcc=0.8409]
Training Epochs:  49%|████████████████████████                         | 49/100 [01:02<01:00,  1.19s/it, Loss=0.4919, TrainAcc=0.9355, TestAcc=0.8373]
Training Epochs:  50%|████████████████████████▌                        | 50/100 [01:02<01:00,  1.21s/it, Loss=0.4919, TrainAcc=0.9355, TestAcc=0.8373]
Training Epochs:  50%|████████████████████████▌                        | 50/100 [01:03<01:00,  1.21s/it, Loss=0.4953, TrainAcc=0.9350, TestAcc=0.8266]
Training Epochs:  51%|████████████████████████▉                        | 51/100 [01:03<00:59,  1.22s/it, Loss=0.4953, TrainAcc=0.9350, TestAcc=0.8266]
Training Epochs:  51%|████████████████████████▉                        | 51/100 [01:04<00:59,  1.22s/it, Loss=0.5980, TrainAcc=0.9262, TestAcc=0.8472]
Training Epochs:  52%|█████████████████████████▍                       | 52/100 [01:04<00:58,  1.22s/it, Loss=0.5980, TrainAcc=0.9262, TestAcc=0.8472]
Training Epochs:  52%|█████████████████████████▍                       | 52/100 [01:05<00:58,  1.22s/it, Loss=0.5027, TrainAcc=0.9302, TestAcc=0.8444]
Training Epochs:  53%|█████████████████████████▉                       | 53/100 [01:05<00:57,  1.23s/it, Loss=0.5027, TrainAcc=0.9302, TestAcc=0.8444]
Training Epochs:  53%|█████████████████████████▉                       | 53/100 [01:06<00:57,  1.23s/it, Loss=0.5056, TrainAcc=0.9296, TestAcc=0.8488]
Training Epochs:  54%|██████████████████████████▍                      | 54/100 [01:06<00:56,  1.23s/it, Loss=0.5056, TrainAcc=0.9296, TestAcc=0.8488]
Training Epochs:  54%|██████████████████████████▍                      | 54/100 [01:08<00:56,  1.23s/it, Loss=0.4794, TrainAcc=0.9385, TestAcc=0.8444]
Training Epochs:  55%|██████████████████████████▉                      | 55/100 [01:08<00:55,  1.24s/it, Loss=0.4794, TrainAcc=0.9385, TestAcc=0.8444]
Training Epochs:  55%|██████████████████████████▉                      | 55/100 [01:09<00:55,  1.24s/it, Loss=0.4910, TrainAcc=0.9324, TestAcc=0.8433]
Training Epochs:  56%|███████████████████████████▍                     | 56/100 [01:09<00:54,  1.24s/it, Loss=0.4910, TrainAcc=0.9324, TestAcc=0.8433]
Training Epochs:  56%|███████████████████████████▍                     | 56/100 [01:10<00:54,  1.24s/it, Loss=0.4836, TrainAcc=0.9353, TestAcc=0.8429]
Training Epochs:  57%|███████████████████████████▉                     | 57/100 [01:10<00:53,  1.24s/it, Loss=0.4836, TrainAcc=0.9353, TestAcc=0.8429]
Training Epochs:  57%|███████████████████████████▉                     | 57/100 [01:11<00:53,  1.24s/it, Loss=0.4869, TrainAcc=0.9336, TestAcc=0.8429]
Training Epochs:  58%|████████████████████████████▍                    | 58/100 [01:11<00:52,  1.24s/it, Loss=0.4869, TrainAcc=0.9336, TestAcc=0.8429]
Training Epochs:  58%|████████████████████████████▍                    | 58/100 [01:13<00:52,  1.24s/it, Loss=0.4733, TrainAcc=0.9409, TestAcc=0.8421]
Training Epochs:  59%|████████████████████████████▉                    | 59/100 [01:13<00:50,  1.24s/it, Loss=0.4733, TrainAcc=0.9409, TestAcc=0.8421]
Training Epochs:  59%|████████████████████████████▉                    | 59/100 [01:14<00:50,  1.24s/it, Loss=0.4787, TrainAcc=0.9405, TestAcc=0.8385]
Training Epochs:  60%|█████████████████████████████▍                   | 60/100 [01:14<00:49,  1.24s/it, Loss=0.4787, TrainAcc=0.9405, TestAcc=0.8385]
Training Epochs:  60%|█████████████████████████████▍                   | 60/100 [01:15<00:49,  1.24s/it, Loss=0.4652, TrainAcc=0.9447, TestAcc=0.8456]
Training Epochs:  61%|█████████████████████████████▉                   | 61/100 [01:15<00:48,  1.24s/it, Loss=0.4652, TrainAcc=0.9447, TestAcc=0.8456]
Training Epochs:  61%|█████████████████████████████▉                   | 61/100 [01:16<00:48,  1.24s/it, Loss=0.4709, TrainAcc=0.9395, TestAcc=0.8337]
Training Epochs:  62%|██████████████████████████████▍                  | 62/100 [01:16<00:47,  1.24s/it, Loss=0.4709, TrainAcc=0.9395, TestAcc=0.8337]
Training Epochs:  62%|██████████████████████████████▍                  | 62/100 [01:18<00:47,  1.24s/it, Loss=0.4738, TrainAcc=0.9412, TestAcc=0.8401]
Training Epochs:  63%|██████████████████████████████▊                  | 63/100 [01:18<00:46,  1.26s/it, Loss=0.4738, TrainAcc=0.9412, TestAcc=0.8401]
Training Epochs:  63%|██████████████████████████████▊                  | 63/100 [01:19<00:46,  1.26s/it, Loss=0.4965, TrainAcc=0.9367, TestAcc=0.8440]
Training Epochs:  64%|███████████████████████████████▎                 | 64/100 [01:19<00:45,  1.26s/it, Loss=0.4965, TrainAcc=0.9367, TestAcc=0.8440]
Training Epochs:  64%|███████████████████████████████▎                 | 64/100 [01:20<00:45,  1.26s/it, Loss=0.5120, TrainAcc=0.9362, TestAcc=0.8488]
Training Epochs:  65%|███████████████████████████████▊                 | 65/100 [01:20<00:43,  1.23s/it, Loss=0.5120, TrainAcc=0.9362, TestAcc=0.8488]
Training Epochs:  65%|███████████████████████████████▊                 | 65/100 [01:21<00:43,  1.23s/it, Loss=0.5087, TrainAcc=0.9348, TestAcc=0.8437]
Training Epochs:  66%|████████████████████████████████▎                | 66/100 [01:21<00:41,  1.22s/it, Loss=0.5087, TrainAcc=0.9348, TestAcc=0.8437]
Training Epochs:  66%|████████████████████████████████▎                | 66/100 [01:23<00:41,  1.22s/it, Loss=0.5015, TrainAcc=0.9378, TestAcc=0.8472]
Training Epochs:  67%|████████████████████████████████▊                | 67/100 [01:23<00:40,  1.22s/it, Loss=0.5015, TrainAcc=0.9378, TestAcc=0.8472]
Training Epochs:  67%|████████████████████████████████▊                | 67/100 [01:24<00:40,  1.22s/it, Loss=0.4969, TrainAcc=0.9372, TestAcc=0.8377]
Training Epochs:  68%|█████████████████████████████████▎               | 68/100 [01:24<00:38,  1.22s/it, Loss=0.4969, TrainAcc=0.9372, TestAcc=0.8377]
Training Epochs:  68%|█████████████████████████████████▎               | 68/100 [01:25<00:38,  1.22s/it, Loss=0.4955, TrainAcc=0.9383, TestAcc=0.8460]
Training Epochs:  69%|█████████████████████████████████▊               | 69/100 [01:25<00:37,  1.21s/it, Loss=0.4955, TrainAcc=0.9383, TestAcc=0.8460]
Training Epochs:  69%|█████████████████████████████████▊               | 69/100 [01:26<00:37,  1.21s/it, Loss=0.4944, TrainAcc=0.9416, TestAcc=0.8413]
Training Epochs:  70%|██████████████████████████████████▎              | 70/100 [01:26<00:36,  1.22s/it, Loss=0.4944, TrainAcc=0.9416, TestAcc=0.8413]
Training Epochs:  70%|██████████████████████████████████▎              | 70/100 [01:27<00:36,  1.22s/it, Loss=0.4921, TrainAcc=0.9397, TestAcc=0.8385]
Training Epochs:  71%|██████████████████████████████████▊              | 71/100 [01:27<00:35,  1.22s/it, Loss=0.4921, TrainAcc=0.9397, TestAcc=0.8385]
Training Epochs:  71%|██████████████████████████████████▊              | 71/100 [01:29<00:35,  1.22s/it, Loss=0.4935, TrainAcc=0.9396, TestAcc=0.8377]
Training Epochs:  72%|███████████████████████████████████▎             | 72/100 [01:29<00:34,  1.22s/it, Loss=0.4935, TrainAcc=0.9396, TestAcc=0.8377]
Training Epochs:  72%|███████████████████████████████████▎             | 72/100 [01:30<00:34,  1.22s/it, Loss=0.4993, TrainAcc=0.9431, TestAcc=0.8460]
Training Epochs:  73%|███████████████████████████████████▊             | 73/100 [01:30<00:33,  1.23s/it, Loss=0.4993, TrainAcc=0.9431, TestAcc=0.8460]
Training Epochs:  73%|███████████████████████████████████▊             | 73/100 [01:31<00:33,  1.23s/it, Loss=0.4806, TrainAcc=0.9451, TestAcc=0.8500]
Training Epochs:  74%|████████████████████████████████████▎            | 74/100 [01:31<00:31,  1.23s/it, Loss=0.4806, TrainAcc=0.9451, TestAcc=0.8500]
Training Epochs:  74%|████████████████████████████████████▎            | 74/100 [01:32<00:31,  1.23s/it, Loss=0.4748, TrainAcc=0.9463, TestAcc=0.8433]
Training Epochs:  75%|████████████████████████████████████▊            | 75/100 [01:32<00:30,  1.23s/it, Loss=0.4748, TrainAcc=0.9463, TestAcc=0.8433]
Training Epochs:  75%|████████████████████████████████████▊            | 75/100 [01:34<00:30,  1.23s/it, Loss=0.4777, TrainAcc=0.9438, TestAcc=0.8353]
Training Epochs:  76%|█████████████████████████████████████▏           | 76/100 [01:34<00:29,  1.23s/it, Loss=0.4777, TrainAcc=0.9438, TestAcc=0.8353]
Training Epochs:  76%|█████████████████████████████████████▏           | 76/100 [01:35<00:29,  1.23s/it, Loss=0.4904, TrainAcc=0.9410, TestAcc=0.8389]
Training Epochs:  77%|█████████████████████████████████████▋           | 77/100 [01:35<00:28,  1.24s/it, Loss=0.4904, TrainAcc=0.9410, TestAcc=0.8389]
Training Epochs:  77%|█████████████████████████████████████▋           | 77/100 [01:36<00:28,  1.24s/it, Loss=0.5092, TrainAcc=0.9392, TestAcc=0.8468]
Training Epochs:  78%|██████████████████████████████████████▏          | 78/100 [01:36<00:27,  1.24s/it, Loss=0.5092, TrainAcc=0.9392, TestAcc=0.8468]
Training Epochs:  78%|██████████████████████████████████████▏          | 78/100 [01:37<00:27,  1.24s/it, Loss=0.4888, TrainAcc=0.9416, TestAcc=0.8373]
Training Epochs:  79%|██████████████████████████████████████▋          | 79/100 [01:37<00:25,  1.24s/it, Loss=0.4888, TrainAcc=0.9416, TestAcc=0.8373]
Training Epochs:  79%|██████████████████████████████████████▋          | 79/100 [01:39<00:25,  1.24s/it, Loss=0.4940, TrainAcc=0.9351, TestAcc=0.8440]
Training Epochs:  80%|███████████████████████████████████████▏         | 80/100 [01:39<00:24,  1.24s/it, Loss=0.4940, TrainAcc=0.9351, TestAcc=0.8440]
Training Epochs:  80%|███████████████████████████████████████▏         | 80/100 [01:40<00:24,  1.24s/it, Loss=0.4895, TrainAcc=0.9387, TestAcc=0.8413]
Training Epochs:  81%|███████████████████████████████████████▋         | 81/100 [01:40<00:23,  1.24s/it, Loss=0.4895, TrainAcc=0.9387, TestAcc=0.8413]
Training Epochs:  81%|███████████████████████████████████████▋         | 81/100 [01:41<00:23,  1.24s/it, Loss=0.4805, TrainAcc=0.9420, TestAcc=0.8472]
Training Epochs:  82%|████████████████████████████████████████▏        | 82/100 [01:41<00:22,  1.24s/it, Loss=0.4805, TrainAcc=0.9420, TestAcc=0.8472]
Training Epochs:  82%|████████████████████████████████████████▏        | 82/100 [01:42<00:22,  1.24s/it, Loss=0.4855, TrainAcc=0.9449, TestAcc=0.8405]
Training Epochs:  83%|████████████████████████████████████████▋        | 83/100 [01:42<00:20,  1.23s/it, Loss=0.4855, TrainAcc=0.9449, TestAcc=0.8405]
Training Epochs:  83%|████████████████████████████████████████▋        | 83/100 [01:43<00:20,  1.23s/it, Loss=0.4778, TrainAcc=0.9439, TestAcc=0.8444]
Training Epochs:  84%|█████████████████████████████████████████▏       | 84/100 [01:43<00:19,  1.23s/it, Loss=0.4778, TrainAcc=0.9439, TestAcc=0.8444]
Training Epochs:  84%|█████████████████████████████████████████▏       | 84/100 [01:45<00:19,  1.23s/it, Loss=0.4831, TrainAcc=0.9468, TestAcc=0.8464]
Training Epochs:  85%|█████████████████████████████████████████▋       | 85/100 [01:45<00:18,  1.23s/it, Loss=0.4831, TrainAcc=0.9468, TestAcc=0.8464]
Training Epochs:  85%|█████████████████████████████████████████▋       | 85/100 [01:46<00:18,  1.23s/it, Loss=0.4738, TrainAcc=0.9467, TestAcc=0.8516]
Training Epochs:  86%|██████████████████████████████████████████▏      | 86/100 [01:46<00:17,  1.23s/it, Loss=0.4738, TrainAcc=0.9467, TestAcc=0.8516]
Training Epochs:  86%|██████████████████████████████████████████▏      | 86/100 [01:47<00:17,  1.23s/it, Loss=0.4735, TrainAcc=0.9458, TestAcc=0.8413]
Training Epochs:  87%|██████████████████████████████████████████▋      | 87/100 [01:47<00:15,  1.23s/it, Loss=0.4735, TrainAcc=0.9458, TestAcc=0.8413]
Training Epochs:  87%|██████████████████████████████████████████▋      | 87/100 [01:48<00:15,  1.23s/it, Loss=0.4713, TrainAcc=0.9448, TestAcc=0.8417]
Training Epochs:  88%|███████████████████████████████████████████      | 88/100 [01:48<00:14,  1.23s/it, Loss=0.4713, TrainAcc=0.9448, TestAcc=0.8417]
Training Epochs:  88%|███████████████████████████████████████████      | 88/100 [01:50<00:14,  1.23s/it, Loss=0.4811, TrainAcc=0.9421, TestAcc=0.8429]
Training Epochs:  89%|███████████████████████████████████████████▌     | 89/100 [01:50<00:13,  1.23s/it, Loss=0.4811, TrainAcc=0.9421, TestAcc=0.8429]
Training Epochs:  89%|███████████████████████████████████████████▌     | 89/100 [01:51<00:13,  1.23s/it, Loss=0.4713, TrainAcc=0.9488, TestAcc=0.8440]
Training Epochs:  90%|████████████████████████████████████████████     | 90/100 [01:51<00:12,  1.26s/it, Loss=0.4713, TrainAcc=0.9488, TestAcc=0.8440]
Training Epochs:  90%|████████████████████████████████████████████     | 90/100 [01:52<00:12,  1.26s/it, Loss=0.4617, TrainAcc=0.9493, TestAcc=0.8393]
Training Epochs:  91%|████████████████████████████████████████████▌    | 91/100 [01:52<00:11,  1.25s/it, Loss=0.4617, TrainAcc=0.9493, TestAcc=0.8393]
Training Epochs:  91%|████████████████████████████████████████████▌    | 91/100 [01:53<00:11,  1.25s/it, Loss=0.4673, TrainAcc=0.9500, TestAcc=0.8468]
Training Epochs:  92%|█████████████████████████████████████████████    | 92/100 [01:53<00:09,  1.25s/it, Loss=0.4673, TrainAcc=0.9500, TestAcc=0.8468]
Training Epochs:  92%|█████████████████████████████████████████████    | 92/100 [01:55<00:09,  1.25s/it, Loss=0.4721, TrainAcc=0.9469, TestAcc=0.8452]
Training Epochs:  93%|█████████████████████████████████████████████▌   | 93/100 [01:55<00:08,  1.24s/it, Loss=0.4721, TrainAcc=0.9469, TestAcc=0.8452]
Training Epochs:  93%|█████████████████████████████████████████████▌   | 93/100 [01:56<00:08,  1.24s/it, Loss=0.4600, TrainAcc=0.9494, TestAcc=0.8448]
Training Epochs:  94%|██████████████████████████████████████████████   | 94/100 [01:56<00:07,  1.21s/it, Loss=0.4600, TrainAcc=0.9494, TestAcc=0.8448]
Training Epochs:  94%|██████████████████████████████████████████████   | 94/100 [01:57<00:07,  1.21s/it, Loss=0.4711, TrainAcc=0.9456, TestAcc=0.8468]
Training Epochs:  95%|██████████████████████████████████████████████▌  | 95/100 [01:57<00:05,  1.15s/it, Loss=0.4711, TrainAcc=0.9456, TestAcc=0.8468]
Training Epochs:  95%|██████████████████████████████████████████████▌  | 95/100 [01:58<00:05,  1.15s/it, Loss=0.4655, TrainAcc=0.9471, TestAcc=0.8516]
Training Epochs:  96%|███████████████████████████████████████████████  | 96/100 [01:58<00:04,  1.16s/it, Loss=0.4655, TrainAcc=0.9471, TestAcc=0.8516]
Training Epochs:  96%|███████████████████████████████████████████████  | 96/100 [01:59<00:04,  1.16s/it, Loss=0.5040, TrainAcc=0.9399, TestAcc=0.8361]
Training Epochs:  97%|███████████████████████████████████████████████▌ | 97/100 [01:59<00:03,  1.18s/it, Loss=0.5040, TrainAcc=0.9399, TestAcc=0.8361]
Training Epochs:  97%|███████████████████████████████████████████████▌ | 97/100 [02:00<00:03,  1.18s/it, Loss=0.4985, TrainAcc=0.9413, TestAcc=0.8464]
Training Epochs:  98%|████████████████████████████████████████████████ | 98/100 [02:00<00:02,  1.19s/it, Loss=0.4985, TrainAcc=0.9413, TestAcc=0.8464]
Training Epochs:  98%|████████████████████████████████████████████████ | 98/100 [02:02<00:02,  1.19s/it, Loss=0.4980, TrainAcc=0.9406, TestAcc=0.8389]
Training Epochs:  99%|████████████████████████████████████████████████▌| 99/100 [02:02<00:01,  1.20s/it, Loss=0.4980, TrainAcc=0.9406, TestAcc=0.8389]
Training Epochs:  99%|████████████████████████████████████████████████▌| 99/100 [02:03<00:01,  1.20s/it, Loss=0.4792, TrainAcc=0.9475, TestAcc=0.8464]
Training Epochs: 100%|████████████████████████████████████████████████| 100/100 [02:03<00:00,  1.21s/it, Loss=0.4792, TrainAcc=0.9475, TestAcc=0.8464]
Training Epochs: 100%|████████████████████████████████████████████████| 100/100 [02:03<00:00,  1.23s/it, Loss=0.4792, TrainAcc=0.9475, TestAcc=0.8464]
{'Real': {'precision': np.float64(0.8537005163511188), 'recall': np.float64(0.93), 'f1': np.float64(0.8902183667364643)}, 'Fake': {'precision': np.float64(0.8558558558558559), 'recall': np.float64(0.7228260869565217), 'f1': np.float64(0.7837360047142016)}}

Training Epochs:   0%|                                                                                                        | 0/100 [00:00<?, ?it/s]
Training Epochs:   0%|                                                          | 0/100 [00:00<?, ?it/s, Loss=0.8962, TrainAcc=0.7590, TestAcc=0.8139]
Training Epochs:   1%|▌                                                 | 1/100 [00:00<01:31,  1.08it/s, Loss=0.8962, TrainAcc=0.7590, TestAcc=0.8139]
Training Epochs:   1%|▌                                                 | 1/100 [00:01<01:31,  1.08it/s, Loss=0.7971, TrainAcc=0.7993, TestAcc=0.8202]
Training Epochs:   2%|█                                                 | 2/100 [00:01<01:34,  1.04it/s, Loss=0.7971, TrainAcc=0.7993, TestAcc=0.8202]
Training Epochs:   2%|█                                                 | 2/100 [00:03<01:34,  1.04it/s, Loss=0.7715, TrainAcc=0.8180, TestAcc=0.8183]
Training Epochs:   3%|█▌                                                | 3/100 [00:03<01:44,  1.08s/it, Loss=0.7715, TrainAcc=0.8180, TestAcc=0.8183]
Training Epochs:   3%|█▌                                                | 3/100 [00:04<01:44,  1.08s/it, Loss=0.7673, TrainAcc=0.8186, TestAcc=0.8290]
Training Epochs:   4%|██                                                | 4/100 [00:04<01:48,  1.14s/it, Loss=0.7673, TrainAcc=0.8186, TestAcc=0.8290]
Training Epochs:   4%|██                                                | 4/100 [00:05<01:48,  1.14s/it, Loss=0.7492, TrainAcc=0.8293, TestAcc=0.8381]
Training Epochs:   5%|██▌                                               | 5/100 [00:05<01:50,  1.17s/it, Loss=0.7492, TrainAcc=0.8293, TestAcc=0.8381]
Training Epochs:   5%|██▌                                               | 5/100 [00:06<01:50,  1.17s/it, Loss=0.7384, TrainAcc=0.8357, TestAcc=0.8317]
Training Epochs:   6%|███                                               | 6/100 [00:06<01:51,  1.18s/it, Loss=0.7384, TrainAcc=0.8357, TestAcc=0.8317]
Training Epochs:   6%|███                                               | 6/100 [00:07<01:51,  1.18s/it, Loss=0.7268, TrainAcc=0.8384, TestAcc=0.8302]
Training Epochs:   7%|███▌                                              | 7/100 [00:07<01:50,  1.19s/it, Loss=0.7268, TrainAcc=0.8384, TestAcc=0.8302]
Training Epochs:   7%|███▌                                              | 7/100 [00:09<01:50,  1.19s/it, Loss=0.7259, TrainAcc=0.8421, TestAcc=0.8206]
Training Epochs:   8%|████                                              | 8/100 [00:09<01:50,  1.20s/it, Loss=0.7259, TrainAcc=0.8421, TestAcc=0.8206]
Training Epochs:   8%|████                                              | 8/100 [00:10<01:50,  1.20s/it, Loss=0.7107, TrainAcc=0.8441, TestAcc=0.8286]
Training Epochs:   9%|████▌                                             | 9/100 [00:10<01:49,  1.21s/it, Loss=0.7107, TrainAcc=0.8441, TestAcc=0.8286]
Training Epochs:   9%|████▌                                             | 9/100 [00:11<01:49,  1.21s/it, Loss=0.6884, TrainAcc=0.8590, TestAcc=0.8448]
Training Epochs:  10%|████▉                                            | 10/100 [00:11<01:49,  1.22s/it, Loss=0.6884, TrainAcc=0.8590, TestAcc=0.8448]
Training Epochs:  10%|████▉                                            | 10/100 [00:12<01:49,  1.22s/it, Loss=0.6803, TrainAcc=0.8567, TestAcc=0.8417]
Training Epochs:  11%|█████▍                                           | 11/100 [00:12<01:48,  1.22s/it, Loss=0.6803, TrainAcc=0.8567, TestAcc=0.8417]
Training Epochs:  11%|█████▍                                           | 11/100 [00:14<01:48,  1.22s/it, Loss=0.6629, TrainAcc=0.8642, TestAcc=0.8448]
Training Epochs:  12%|█████▉                                           | 12/100 [00:14<01:47,  1.22s/it, Loss=0.6629, TrainAcc=0.8642, TestAcc=0.8448]
Training Epochs:  12%|█████▉                                           | 12/100 [00:15<01:47,  1.22s/it, Loss=0.6498, TrainAcc=0.8728, TestAcc=0.8583]
Training Epochs:  13%|██████▎                                          | 13/100 [00:15<01:45,  1.21s/it, Loss=0.6498, TrainAcc=0.8728, TestAcc=0.8583]
Training Epochs:  13%|██████▎                                          | 13/100 [00:16<01:45,  1.21s/it, Loss=0.6271, TrainAcc=0.8840, TestAcc=0.8353]
Training Epochs:  14%|██████▊                                          | 14/100 [00:16<01:44,  1.21s/it, Loss=0.6271, TrainAcc=0.8840, TestAcc=0.8353]
Training Epochs:  14%|██████▊                                          | 14/100 [00:17<01:44,  1.21s/it, Loss=0.6158, TrainAcc=0.8858, TestAcc=0.8496]
Training Epochs:  15%|███████▎                                         | 15/100 [00:17<01:43,  1.22s/it, Loss=0.6158, TrainAcc=0.8858, TestAcc=0.8496]
Training Epochs:  15%|███████▎                                         | 15/100 [00:18<01:43,  1.22s/it, Loss=0.6126, TrainAcc=0.8882, TestAcc=0.8437]
Training Epochs:  16%|███████▊                                         | 16/100 [00:18<01:42,  1.21s/it, Loss=0.6126, TrainAcc=0.8882, TestAcc=0.8437]
Training Epochs:  16%|███████▊                                         | 16/100 [00:20<01:42,  1.21s/it, Loss=0.5880, TrainAcc=0.8964, TestAcc=0.8448]
Training Epochs:  17%|████████▎                                        | 17/100 [00:20<01:43,  1.25s/it, Loss=0.5880, TrainAcc=0.8964, TestAcc=0.8448]
Training Epochs:  17%|████████▎                                        | 17/100 [00:21<01:43,  1.25s/it, Loss=0.5877, TrainAcc=0.8981, TestAcc=0.8333]
Training Epochs:  18%|████████▊                                        | 18/100 [00:21<01:41,  1.24s/it, Loss=0.5877, TrainAcc=0.8981, TestAcc=0.8333]
Training Epochs:  18%|████████▊                                        | 18/100 [00:22<01:41,  1.24s/it, Loss=0.5883, TrainAcc=0.8954, TestAcc=0.8488]
Training Epochs:  19%|█████████▎                                       | 19/100 [00:22<01:39,  1.23s/it, Loss=0.5883, TrainAcc=0.8954, TestAcc=0.8488]
Training Epochs:  19%|█████████▎                                       | 19/100 [00:23<01:39,  1.23s/it, Loss=0.5813, TrainAcc=0.8977, TestAcc=0.8504]
Training Epochs:  20%|█████████▊                                       | 20/100 [00:23<01:37,  1.22s/it, Loss=0.5813, TrainAcc=0.8977, TestAcc=0.8504]
Training Epochs:  20%|█████████▊                                       | 20/100 [00:25<01:37,  1.22s/it, Loss=0.5714, TrainAcc=0.9039, TestAcc=0.8464]
Training Epochs:  21%|██████████▎                                      | 21/100 [00:25<01:36,  1.22s/it, Loss=0.5714, TrainAcc=0.9039, TestAcc=0.8464]
Training Epochs:  21%|██████████▎                                      | 21/100 [00:26<01:36,  1.22s/it, Loss=0.5728, TrainAcc=0.9026, TestAcc=0.8437]
Training Epochs:  22%|██████████▊                                      | 22/100 [00:26<01:35,  1.22s/it, Loss=0.5728, TrainAcc=0.9026, TestAcc=0.8437]
Training Epochs:  22%|██████████▊                                      | 22/100 [00:27<01:35,  1.22s/it, Loss=0.5629, TrainAcc=0.9075, TestAcc=0.8556]
Training Epochs:  23%|███████████▎                                     | 23/100 [00:27<01:33,  1.22s/it, Loss=0.5629, TrainAcc=0.9075, TestAcc=0.8556]
Training Epochs:  23%|███████████▎                                     | 23/100 [00:28<01:33,  1.22s/it, Loss=0.5646, TrainAcc=0.9044, TestAcc=0.8417]
Training Epochs:  24%|███████████▊                                     | 24/100 [00:28<01:32,  1.22s/it, Loss=0.5646, TrainAcc=0.9044, TestAcc=0.8417]
Training Epochs:  24%|███████████▊                                     | 24/100 [00:30<01:32,  1.22s/it, Loss=0.5523, TrainAcc=0.9079, TestAcc=0.8425]
Training Epochs:  25%|████████████▎                                    | 25/100 [00:30<01:31,  1.22s/it, Loss=0.5523, TrainAcc=0.9079, TestAcc=0.8425]
Training Epochs:  25%|████████████▎                                    | 25/100 [00:31<01:31,  1.22s/it, Loss=0.5515, TrainAcc=0.9111, TestAcc=0.8389]
Training Epochs:  26%|████████████▋                                    | 26/100 [00:31<01:30,  1.22s/it, Loss=0.5515, TrainAcc=0.9111, TestAcc=0.8389]
Training Epochs:  26%|████████████▋                                    | 26/100 [00:32<01:30,  1.22s/it, Loss=0.5412, TrainAcc=0.9143, TestAcc=0.8460]
Training Epochs:  27%|█████████████▏                                   | 27/100 [00:32<01:28,  1.22s/it, Loss=0.5412, TrainAcc=0.9143, TestAcc=0.8460]
Training Epochs:  27%|█████████████▏                                   | 27/100 [00:33<01:28,  1.22s/it, Loss=0.5468, TrainAcc=0.9098, TestAcc=0.8528]
Training Epochs:  28%|█████████████▋                                   | 28/100 [00:33<01:27,  1.22s/it, Loss=0.5468, TrainAcc=0.9098, TestAcc=0.8528]
Training Epochs:  28%|█████████████▋                                   | 28/100 [00:34<01:27,  1.22s/it, Loss=0.5413, TrainAcc=0.9163, TestAcc=0.8417]
Training Epochs:  29%|██████████████▏                                  | 29/100 [00:34<01:26,  1.22s/it, Loss=0.5413, TrainAcc=0.9163, TestAcc=0.8417]
Training Epochs:  29%|██████████████▏                                  | 29/100 [00:36<01:26,  1.22s/it, Loss=0.5507, TrainAcc=0.9152, TestAcc=0.8437]
Training Epochs:  30%|██████████████▋                                  | 30/100 [00:36<01:25,  1.22s/it, Loss=0.5507, TrainAcc=0.9152, TestAcc=0.8437]
Training Epochs:  30%|██████████████▋                                  | 30/100 [00:37<01:25,  1.22s/it, Loss=0.5365, TrainAcc=0.9185, TestAcc=0.8369]
Training Epochs:  31%|███████████████▏                                 | 31/100 [00:37<01:24,  1.22s/it, Loss=0.5365, TrainAcc=0.9185, TestAcc=0.8369]
Training Epochs:  31%|███████████████▏                                 | 31/100 [00:38<01:24,  1.22s/it, Loss=0.5197, TrainAcc=0.9228, TestAcc=0.8401]
Training Epochs:  32%|███████████████▋                                 | 32/100 [00:38<01:22,  1.21s/it, Loss=0.5197, TrainAcc=0.9228, TestAcc=0.8401]
Training Epochs:  32%|███████████████▋                                 | 32/100 [00:39<01:22,  1.21s/it, Loss=0.5292, TrainAcc=0.9169, TestAcc=0.8409]
Training Epochs:  33%|████████████████▏                                | 33/100 [00:39<01:21,  1.22s/it, Loss=0.5292, TrainAcc=0.9169, TestAcc=0.8409]
Training Epochs:  33%|████████████████▏                                | 33/100 [00:40<01:21,  1.22s/it, Loss=0.5232, TrainAcc=0.9230, TestAcc=0.8444]
Training Epochs:  34%|████████████████▋                                | 34/100 [00:40<01:20,  1.21s/it, Loss=0.5232, TrainAcc=0.9230, TestAcc=0.8444]
Training Epochs:  34%|████████████████▋                                | 34/100 [00:42<01:20,  1.21s/it, Loss=0.5236, TrainAcc=0.9198, TestAcc=0.8369]
Training Epochs:  35%|█████████████████▏                               | 35/100 [00:42<01:18,  1.21s/it, Loss=0.5236, TrainAcc=0.9198, TestAcc=0.8369]
Training Epochs:  35%|█████████████████▏                               | 35/100 [00:43<01:18,  1.21s/it, Loss=0.5252, TrainAcc=0.9239, TestAcc=0.8552]
Training Epochs:  36%|█████████████████▋                               | 36/100 [00:43<01:17,  1.21s/it, Loss=0.5252, TrainAcc=0.9239, TestAcc=0.8552]
Training Epochs:  36%|█████████████████▋                               | 36/100 [00:44<01:17,  1.21s/it, Loss=0.5101, TrainAcc=0.9273, TestAcc=0.8484]
Training Epochs:  37%|██████████████████▏                              | 37/100 [00:44<01:17,  1.23s/it, Loss=0.5101, TrainAcc=0.9273, TestAcc=0.8484]
Training Epochs:  37%|██████████████████▏                              | 37/100 [00:45<01:17,  1.23s/it, Loss=0.5225, TrainAcc=0.9235, TestAcc=0.8437]
Training Epochs:  38%|██████████████████▌                              | 38/100 [00:45<01:16,  1.23s/it, Loss=0.5225, TrainAcc=0.9235, TestAcc=0.8437]
Training Epochs:  38%|██████████████████▌                              | 38/100 [00:47<01:16,  1.23s/it, Loss=0.5237, TrainAcc=0.9234, TestAcc=0.8409]
Training Epochs:  39%|███████████████████                              | 39/100 [00:47<01:13,  1.20s/it, Loss=0.5237, TrainAcc=0.9234, TestAcc=0.8409]
Training Epochs:  39%|███████████████████                              | 39/100 [00:48<01:13,  1.20s/it, Loss=0.5134, TrainAcc=0.9245, TestAcc=0.8405]
Training Epochs:  40%|███████████████████▌                             | 40/100 [00:48<01:12,  1.20s/it, Loss=0.5134, TrainAcc=0.9245, TestAcc=0.8405]
Training Epochs:  40%|███████████████████▌                             | 40/100 [00:49<01:12,  1.20s/it, Loss=0.5006, TrainAcc=0.9307, TestAcc=0.8397]
Training Epochs:  41%|████████████████████                             | 41/100 [00:49<01:11,  1.21s/it, Loss=0.5006, TrainAcc=0.9307, TestAcc=0.8397]
Training Epochs:  41%|████████████████████                             | 41/100 [00:50<01:11,  1.21s/it, Loss=0.4967, TrainAcc=0.9310, TestAcc=0.8452]
Training Epochs:  42%|████████████████████▌                            | 42/100 [00:50<01:10,  1.21s/it, Loss=0.4967, TrainAcc=0.9310, TestAcc=0.8452]
Training Epochs:  42%|████████████████████▌                            | 42/100 [00:51<01:10,  1.21s/it, Loss=0.5123, TrainAcc=0.9236, TestAcc=0.8373]
Training Epochs:  43%|█████████████████████                            | 43/100 [00:51<01:09,  1.21s/it, Loss=0.5123, TrainAcc=0.9236, TestAcc=0.8373]
Training Epochs:  43%|█████████████████████                            | 43/100 [00:53<01:09,  1.21s/it, Loss=0.5034, TrainAcc=0.9280, TestAcc=0.8452]
Training Epochs:  44%|█████████████████████▌                           | 44/100 [00:53<01:09,  1.25s/it, Loss=0.5034, TrainAcc=0.9280, TestAcc=0.8452]
Training Epochs:  44%|█████████████████████▌                           | 44/100 [00:54<01:09,  1.25s/it, Loss=0.5120, TrainAcc=0.9303, TestAcc=0.8433]
Training Epochs:  45%|██████████████████████                           | 45/100 [00:54<01:07,  1.24s/it, Loss=0.5120, TrainAcc=0.9303, TestAcc=0.8433]
Training Epochs:  45%|██████████████████████                           | 45/100 [00:55<01:07,  1.24s/it, Loss=0.5013, TrainAcc=0.9348, TestAcc=0.8476]
Training Epochs:  46%|██████████████████████▌                          | 46/100 [00:55<01:06,  1.23s/it, Loss=0.5013, TrainAcc=0.9348, TestAcc=0.8476]
Training Epochs:  46%|██████████████████████▌                          | 46/100 [00:56<01:06,  1.23s/it, Loss=0.5063, TrainAcc=0.9296, TestAcc=0.8508]
Training Epochs:  47%|███████████████████████                          | 47/100 [00:56<01:04,  1.22s/it, Loss=0.5063, TrainAcc=0.9296, TestAcc=0.8508]
Training Epochs:  47%|███████████████████████                          | 47/100 [00:58<01:04,  1.22s/it, Loss=0.5137, TrainAcc=0.9268, TestAcc=0.8357]
Training Epochs:  48%|███████████████████████▌                         | 48/100 [00:58<01:03,  1.22s/it, Loss=0.5137, TrainAcc=0.9268, TestAcc=0.8357]
Training Epochs:  48%|███████████████████████▌                         | 48/100 [00:59<01:03,  1.22s/it, Loss=0.4902, TrainAcc=0.9358, TestAcc=0.8528]
Training Epochs:  49%|████████████████████████                         | 49/100 [00:59<01:02,  1.22s/it, Loss=0.4902, TrainAcc=0.9358, TestAcc=0.8528]
Training Epochs:  49%|████████████████████████                         | 49/100 [01:00<01:02,  1.22s/it, Loss=0.4837, TrainAcc=0.9404, TestAcc=0.8504]
Training Epochs:  50%|████████████████████████▌                        | 50/100 [01:00<01:00,  1.22s/it, Loss=0.4837, TrainAcc=0.9404, TestAcc=0.8504]
Training Epochs:  50%|████████████████████████▌                        | 50/100 [01:01<01:00,  1.22s/it, Loss=0.4985, TrainAcc=0.9330, TestAcc=0.8528]
Training Epochs:  51%|████████████████████████▉                        | 51/100 [01:01<00:59,  1.21s/it, Loss=0.4985, TrainAcc=0.9330, TestAcc=0.8528]
Training Epochs:  51%|████████████████████████▉                        | 51/100 [01:02<00:59,  1.21s/it, Loss=0.4829, TrainAcc=0.9398, TestAcc=0.8417]
Training Epochs:  52%|█████████████████████████▍                       | 52/100 [01:02<00:58,  1.21s/it, Loss=0.4829, TrainAcc=0.9398, TestAcc=0.8417]
Training Epochs:  52%|█████████████████████████▍                       | 52/100 [01:04<00:58,  1.21s/it, Loss=0.4879, TrainAcc=0.9362, TestAcc=0.8516]
Training Epochs:  53%|█████████████████████████▉                       | 53/100 [01:04<00:56,  1.21s/it, Loss=0.4879, TrainAcc=0.9362, TestAcc=0.8516]
Training Epochs:  53%|█████████████████████████▉                       | 53/100 [01:05<00:56,  1.21s/it, Loss=0.4885, TrainAcc=0.9353, TestAcc=0.8500]
Training Epochs:  54%|██████████████████████████▍                      | 54/100 [01:05<00:55,  1.21s/it, Loss=0.4885, TrainAcc=0.9353, TestAcc=0.8500]
Training Epochs:  54%|██████████████████████████▍                      | 54/100 [01:06<00:55,  1.21s/it, Loss=0.4920, TrainAcc=0.9329, TestAcc=0.8480]
Training Epochs:  55%|██████████████████████████▉                      | 55/100 [01:06<00:54,  1.21s/it, Loss=0.4920, TrainAcc=0.9329, TestAcc=0.8480]
Training Epochs:  55%|██████████████████████████▉                      | 55/100 [01:07<00:54,  1.21s/it, Loss=0.5089, TrainAcc=0.9253, TestAcc=0.8373]
Training Epochs:  56%|███████████████████████████▍                     | 56/100 [01:07<00:53,  1.21s/it, Loss=0.5089, TrainAcc=0.9253, TestAcc=0.8373]
Training Epochs:  56%|███████████████████████████▍                     | 56/100 [01:08<00:53,  1.21s/it, Loss=0.4906, TrainAcc=0.9379, TestAcc=0.8440]
Training Epochs:  57%|███████████████████████████▉                     | 57/100 [01:08<00:52,  1.21s/it, Loss=0.4906, TrainAcc=0.9379, TestAcc=0.8440]
Training Epochs:  57%|███████████████████████████▉                     | 57/100 [01:10<00:52,  1.21s/it, Loss=0.4818, TrainAcc=0.9379, TestAcc=0.8417]
Training Epochs:  58%|████████████████████████████▍                    | 58/100 [01:10<00:50,  1.21s/it, Loss=0.4818, TrainAcc=0.9379, TestAcc=0.8417]
Training Epochs:  58%|████████████████████████████▍                    | 58/100 [01:11<00:50,  1.21s/it, Loss=0.4919, TrainAcc=0.9378, TestAcc=0.8480]
Training Epochs:  59%|████████████████████████████▉                    | 59/100 [01:11<00:49,  1.21s/it, Loss=0.4919, TrainAcc=0.9378, TestAcc=0.8480]
Training Epochs:  59%|████████████████████████████▉                    | 59/100 [01:12<00:49,  1.21s/it, Loss=0.4795, TrainAcc=0.9387, TestAcc=0.8337]
Training Epochs:  60%|█████████████████████████████▍                   | 60/100 [01:12<00:48,  1.21s/it, Loss=0.4795, TrainAcc=0.9387, TestAcc=0.8337]
Training Epochs:  60%|█████████████████████████████▍                   | 60/100 [01:13<00:48,  1.21s/it, Loss=0.4849, TrainAcc=0.9359, TestAcc=0.8381]
Training Epochs:  61%|█████████████████████████████▉                   | 61/100 [01:13<00:47,  1.21s/it, Loss=0.4849, TrainAcc=0.9359, TestAcc=0.8381]
Training Epochs:  61%|█████████████████████████████▉                   | 61/100 [01:15<00:47,  1.21s/it, Loss=0.5647, TrainAcc=0.9282, TestAcc=0.8385]
Training Epochs:  62%|██████████████████████████████▍                  | 62/100 [01:15<00:45,  1.21s/it, Loss=0.5647, TrainAcc=0.9282, TestAcc=0.8385]
Training Epochs:  62%|██████████████████████████████▍                  | 62/100 [01:16<00:45,  1.21s/it, Loss=0.5035, TrainAcc=0.9289, TestAcc=0.8377]
Training Epochs:  63%|██████████████████████████████▊                  | 63/100 [01:16<00:44,  1.21s/it, Loss=0.5035, TrainAcc=0.9289, TestAcc=0.8377]
Training Epochs:  63%|██████████████████████████████▊                  | 63/100 [01:17<00:44,  1.21s/it, Loss=0.4974, TrainAcc=0.9302, TestAcc=0.8444]
Training Epochs:  64%|███████████████████████████████▎                 | 64/100 [01:17<00:43,  1.21s/it, Loss=0.4974, TrainAcc=0.9302, TestAcc=0.8444]
Training Epochs:  64%|███████████████████████████████▎                 | 64/100 [01:18<00:43,  1.21s/it, Loss=0.5003, TrainAcc=0.9280, TestAcc=0.8488]
Training Epochs:  65%|███████████████████████████████▊                 | 65/100 [01:18<00:42,  1.21s/it, Loss=0.5003, TrainAcc=0.9280, TestAcc=0.8488]
Training Epochs:  65%|███████████████████████████████▊                 | 65/100 [01:19<00:42,  1.21s/it, Loss=0.5035, TrainAcc=0.9303, TestAcc=0.8417]
Training Epochs:  66%|████████████████████████████████▎                | 66/100 [01:19<00:41,  1.21s/it, Loss=0.5035, TrainAcc=0.9303, TestAcc=0.8417]
Training Epochs:  66%|████████████████████████████████▎                | 66/100 [01:21<00:41,  1.21s/it, Loss=0.4805, TrainAcc=0.9346, TestAcc=0.8393]
Training Epochs:  67%|████████████████████████████████▊                | 67/100 [01:21<00:39,  1.21s/it, Loss=0.4805, TrainAcc=0.9346, TestAcc=0.8393]
Training Epochs:  67%|████████████████████████████████▊                | 67/100 [01:22<00:39,  1.21s/it, Loss=0.4874, TrainAcc=0.9338, TestAcc=0.8433]
Training Epochs:  68%|█████████████████████████████████▎               | 68/100 [01:22<00:38,  1.21s/it, Loss=0.4874, TrainAcc=0.9338, TestAcc=0.8433]
Training Epochs:  68%|█████████████████████████████████▎               | 68/100 [01:23<00:38,  1.21s/it, Loss=0.5017, TrainAcc=0.9270, TestAcc=0.8429]
Training Epochs:  69%|█████████████████████████████████▊               | 69/100 [01:23<00:37,  1.21s/it, Loss=0.5017, TrainAcc=0.9270, TestAcc=0.8429]
Training Epochs:  69%|█████████████████████████████████▊               | 69/100 [01:24<00:37,  1.21s/it, Loss=0.4929, TrainAcc=0.9314, TestAcc=0.8373]
Training Epochs:  70%|██████████████████████████████████▎              | 70/100 [01:24<00:36,  1.21s/it, Loss=0.4929, TrainAcc=0.9314, TestAcc=0.8373]
Training Epochs:  70%|██████████████████████████████████▎              | 70/100 [01:26<00:36,  1.21s/it, Loss=0.4780, TrainAcc=0.9367, TestAcc=0.8405]
Training Epochs:  71%|██████████████████████████████████▊              | 71/100 [01:26<00:36,  1.24s/it, Loss=0.4780, TrainAcc=0.9367, TestAcc=0.8405]
Training Epochs:  71%|██████████████████████████████████▊              | 71/100 [01:27<00:36,  1.24s/it, Loss=0.4834, TrainAcc=0.9359, TestAcc=0.8456]
Training Epochs:  72%|███████████████████████████████████▎             | 72/100 [01:27<00:34,  1.24s/it, Loss=0.4834, TrainAcc=0.9359, TestAcc=0.8456]
Training Epochs:  72%|███████████████████████████████████▎             | 72/100 [01:28<00:34,  1.24s/it, Loss=0.4811, TrainAcc=0.9347, TestAcc=0.8464]
Training Epochs:  73%|███████████████████████████████████▊             | 73/100 [01:28<00:33,  1.23s/it, Loss=0.4811, TrainAcc=0.9347, TestAcc=0.8464]
Training Epochs:  73%|███████████████████████████████████▊             | 73/100 [01:29<00:33,  1.23s/it, Loss=0.4714, TrainAcc=0.9387, TestAcc=0.8417]
Training Epochs:  74%|████████████████████████████████████▎            | 74/100 [01:29<00:31,  1.20s/it, Loss=0.4714, TrainAcc=0.9387, TestAcc=0.8417]
Training Epochs:  74%|████████████████████████████████████▎            | 74/100 [01:30<00:31,  1.20s/it, Loss=0.4779, TrainAcc=0.9373, TestAcc=0.8437]
Training Epochs:  75%|████████████████████████████████████▊            | 75/100 [01:30<00:30,  1.21s/it, Loss=0.4779, TrainAcc=0.9373, TestAcc=0.8437]
Training Epochs:  75%|████████████████████████████████████▊            | 75/100 [01:31<00:30,  1.21s/it, Loss=0.5490, TrainAcc=0.9278, TestAcc=0.8468]
Training Epochs:  76%|█████████████████████████████████████▏           | 76/100 [01:31<00:28,  1.20s/it, Loss=0.5490, TrainAcc=0.9278, TestAcc=0.8468]
Training Epochs:  76%|█████████████████████████████████████▏           | 76/100 [01:33<00:28,  1.20s/it, Loss=0.4897, TrainAcc=0.9330, TestAcc=0.8448]
Training Epochs:  77%|█████████████████████████████████████▋           | 77/100 [01:33<00:27,  1.20s/it, Loss=0.4897, TrainAcc=0.9330, TestAcc=0.8448]
Training Epochs:  77%|█████████████████████████████████████▋           | 77/100 [01:34<00:27,  1.20s/it, Loss=0.4790, TrainAcc=0.9389, TestAcc=0.8433]
Training Epochs:  78%|██████████████████████████████████████▏          | 78/100 [01:34<00:26,  1.21s/it, Loss=0.4790, TrainAcc=0.9389, TestAcc=0.8433]
Training Epochs:  78%|██████████████████████████████████████▏          | 78/100 [01:35<00:26,  1.21s/it, Loss=0.4746, TrainAcc=0.9349, TestAcc=0.8488]
Training Epochs:  79%|██████████████████████████████████████▋          | 79/100 [01:35<00:25,  1.21s/it, Loss=0.4746, TrainAcc=0.9349, TestAcc=0.8488]
Training Epochs:  79%|██████████████████████████████████████▋          | 79/100 [01:36<00:25,  1.21s/it, Loss=0.4706, TrainAcc=0.9410, TestAcc=0.8397]
Training Epochs:  80%|███████████████████████████████████████▏         | 80/100 [01:36<00:24,  1.21s/it, Loss=0.4706, TrainAcc=0.9410, TestAcc=0.8397]
Training Epochs:  80%|███████████████████████████████████████▏         | 80/100 [01:38<00:24,  1.21s/it, Loss=0.4795, TrainAcc=0.9314, TestAcc=0.8381]
Training Epochs:  81%|███████████████████████████████████████▋         | 81/100 [01:38<00:23,  1.21s/it, Loss=0.4795, TrainAcc=0.9314, TestAcc=0.8381]
Training Epochs:  81%|███████████████████████████████████████▋         | 81/100 [01:39<00:23,  1.21s/it, Loss=0.4694, TrainAcc=0.9368, TestAcc=0.8480]
Training Epochs:  82%|████████████████████████████████████████▏        | 82/100 [01:39<00:21,  1.21s/it, Loss=0.4694, TrainAcc=0.9368, TestAcc=0.8480]
Training Epochs:  82%|████████████████████████████████████████▏        | 82/100 [01:40<00:21,  1.21s/it, Loss=0.4647, TrainAcc=0.9421, TestAcc=0.8512]
Training Epochs:  83%|████████████████████████████████████████▋        | 83/100 [01:40<00:20,  1.21s/it, Loss=0.4647, TrainAcc=0.9421, TestAcc=0.8512]
Training Epochs:  83%|████████████████████████████████████████▋        | 83/100 [01:41<00:20,  1.21s/it, Loss=0.4679, TrainAcc=0.9407, TestAcc=0.8448]
Training Epochs:  84%|█████████████████████████████████████████▏       | 84/100 [01:41<00:19,  1.21s/it, Loss=0.4679, TrainAcc=0.9407, TestAcc=0.8448]
Training Epochs:  84%|█████████████████████████████████████████▏       | 84/100 [01:42<00:19,  1.21s/it, Loss=0.4584, TrainAcc=0.9472, TestAcc=0.8433]
Training Epochs:  85%|█████████████████████████████████████████▋       | 85/100 [01:42<00:18,  1.21s/it, Loss=0.4584, TrainAcc=0.9472, TestAcc=0.8433]
Training Epochs:  85%|█████████████████████████████████████████▋       | 85/100 [01:44<00:18,  1.21s/it, Loss=0.4600, TrainAcc=0.9449, TestAcc=0.8488]
Training Epochs:  86%|██████████████████████████████████████████▏      | 86/100 [01:44<00:16,  1.21s/it, Loss=0.4600, TrainAcc=0.9449, TestAcc=0.8488]
Training Epochs:  86%|██████████████████████████████████████████▏      | 86/100 [01:45<00:16,  1.21s/it, Loss=0.4611, TrainAcc=0.9443, TestAcc=0.8536]
Training Epochs:  87%|██████████████████████████████████████████▋      | 87/100 [01:45<00:15,  1.22s/it, Loss=0.4611, TrainAcc=0.9443, TestAcc=0.8536]
Training Epochs:  87%|██████████████████████████████████████████▋      | 87/100 [01:46<00:15,  1.22s/it, Loss=0.4572, TrainAcc=0.9452, TestAcc=0.8425]
Training Epochs:  88%|███████████████████████████████████████████      | 88/100 [01:46<00:14,  1.22s/it, Loss=0.4572, TrainAcc=0.9452, TestAcc=0.8425]
Training Epochs:  88%|███████████████████████████████████████████      | 88/100 [01:47<00:14,  1.22s/it, Loss=0.4626, TrainAcc=0.9437, TestAcc=0.8405]
Training Epochs:  89%|███████████████████████████████████████████▌     | 89/100 [01:47<00:13,  1.22s/it, Loss=0.4626, TrainAcc=0.9437, TestAcc=0.8405]
Training Epochs:  89%|███████████████████████████████████████████▌     | 89/100 [01:48<00:13,  1.22s/it, Loss=0.4615, TrainAcc=0.9424, TestAcc=0.8401]
Training Epochs:  90%|████████████████████████████████████████████     | 90/100 [01:48<00:12,  1.21s/it, Loss=0.4615, TrainAcc=0.9424, TestAcc=0.8401]
Training Epochs:  90%|████████████████████████████████████████████     | 90/100 [01:50<00:12,  1.21s/it, Loss=0.4496, TrainAcc=0.9483, TestAcc=0.8472]
Training Epochs:  91%|████████████████████████████████████████████▌    | 91/100 [01:50<00:10,  1.21s/it, Loss=0.4496, TrainAcc=0.9483, TestAcc=0.8472]
Training Epochs:  91%|████████████████████████████████████████████▌    | 91/100 [01:51<00:10,  1.21s/it, Loss=0.4738, TrainAcc=0.9415, TestAcc=0.8468]
Training Epochs:  92%|█████████████████████████████████████████████    | 92/100 [01:51<00:09,  1.21s/it, Loss=0.4738, TrainAcc=0.9415, TestAcc=0.8468]
Training Epochs:  92%|█████████████████████████████████████████████    | 92/100 [01:52<00:09,  1.21s/it, Loss=0.4872, TrainAcc=0.9365, TestAcc=0.8452]
Training Epochs:  93%|█████████████████████████████████████████████▌   | 93/100 [01:52<00:08,  1.21s/it, Loss=0.4872, TrainAcc=0.9365, TestAcc=0.8452]
Training Epochs:  93%|█████████████████████████████████████████████▌   | 93/100 [01:53<00:08,  1.21s/it, Loss=0.4778, TrainAcc=0.9432, TestAcc=0.8524]
Training Epochs:  94%|██████████████████████████████████████████████   | 94/100 [01:53<00:07,  1.21s/it, Loss=0.4778, TrainAcc=0.9432, TestAcc=0.8524]
Training Epochs:  94%|██████████████████████████████████████████████   | 94/100 [01:55<00:07,  1.21s/it, Loss=0.4725, TrainAcc=0.9432, TestAcc=0.8500]
Training Epochs:  95%|██████████████████████████████████████████████▌  | 95/100 [01:55<00:06,  1.21s/it, Loss=0.4725, TrainAcc=0.9432, TestAcc=0.8500]
Training Epochs:  95%|██████████████████████████████████████████████▌  | 95/100 [01:56<00:06,  1.21s/it, Loss=0.4589, TrainAcc=0.9471, TestAcc=0.8433]
Training Epochs:  96%|███████████████████████████████████████████████  | 96/100 [01:56<00:04,  1.21s/it, Loss=0.4589, TrainAcc=0.9471, TestAcc=0.8433]
Training Epochs:  96%|███████████████████████████████████████████████  | 96/100 [01:57<00:04,  1.21s/it, Loss=0.4564, TrainAcc=0.9454, TestAcc=0.8444]
Training Epochs:  97%|███████████████████████████████████████████████▌ | 97/100 [01:57<00:03,  1.21s/it, Loss=0.4564, TrainAcc=0.9454, TestAcc=0.8444]
Training Epochs:  97%|███████████████████████████████████████████████▌ | 97/100 [01:58<00:03,  1.21s/it, Loss=0.4709, TrainAcc=0.9417, TestAcc=0.8429]
Training Epochs:  98%|████████████████████████████████████████████████ | 98/100 [01:58<00:02,  1.24s/it, Loss=0.4709, TrainAcc=0.9417, TestAcc=0.8429]
Training Epochs:  98%|████████████████████████████████████████████████ | 98/100 [01:59<00:02,  1.24s/it, Loss=0.5159, TrainAcc=0.9206, TestAcc=0.8452]
Training Epochs:  99%|████████████████████████████████████████████████▌| 99/100 [01:59<00:01,  1.23s/it, Loss=0.5159, TrainAcc=0.9206, TestAcc=0.8452]
Training Epochs:  99%|████████████████████████████████████████████████▌| 99/100 [02:01<00:01,  1.23s/it, Loss=0.4932, TrainAcc=0.9260, TestAcc=0.8333]
Training Epochs: 100%|████████████████████████████████████████████████| 100/100 [02:01<00:00,  1.22s/it, Loss=0.4932, TrainAcc=0.9260, TestAcc=0.8333]
Training Epochs: 100%|████████████████████████████████████████████████| 100/100 [02:01<00:00,  1.21s/it, Loss=0.4932, TrainAcc=0.9260, TestAcc=0.8333]
{'Real': {'precision': np.float64(0.8586266589728794), 'recall': np.float64(0.93), 'f1': np.float64(0.8928892889288929)}, 'Fake': {'precision': np.float64(0.8576874205844981), 'recall': np.float64(0.7336956521739131), 'f1': np.float64(0.7908611599297012)}}

Training Epochs:   0%|                                                                                                        | 0/100 [00:00<?, ?it/s]
Training Epochs:   0%|                                                          | 0/100 [00:00<?, ?it/s, Loss=0.8939, TrainAcc=0.7494, TestAcc=0.8048]
Training Epochs:   1%|▌                                                 | 1/100 [00:00<01:20,  1.23it/s, Loss=0.8939, TrainAcc=0.7494, TestAcc=0.8048]
Training Epochs:   1%|▌                                                 | 1/100 [00:02<01:20,  1.23it/s, Loss=0.7968, TrainAcc=0.7989, TestAcc=0.8075]
Training Epochs:   2%|█                                                 | 2/100 [00:02<01:42,  1.05s/it, Loss=0.7968, TrainAcc=0.7989, TestAcc=0.8075]
Training Epochs:   2%|█                                                 | 2/100 [00:03<01:42,  1.05s/it, Loss=0.7702, TrainAcc=0.8150, TestAcc=0.8143]
Training Epochs:   3%|█▌                                                | 3/100 [00:03<01:49,  1.13s/it, Loss=0.7702, TrainAcc=0.8150, TestAcc=0.8143]
Training Epochs:   3%|█▌                                                | 3/100 [00:04<01:49,  1.13s/it, Loss=0.7498, TrainAcc=0.8222, TestAcc=0.8337]
Training Epochs:   4%|██                                                | 4/100 [00:04<01:52,  1.17s/it, Loss=0.7498, TrainAcc=0.8222, TestAcc=0.8337]
Training Epochs:   4%|██                                                | 4/100 [00:05<01:52,  1.17s/it, Loss=0.7346, TrainAcc=0.8396, TestAcc=0.8405]
Training Epochs:   5%|██▌                                               | 5/100 [00:05<01:53,  1.19s/it, Loss=0.7346, TrainAcc=0.8396, TestAcc=0.8405]
Training Epochs:   5%|██▌                                               | 5/100 [00:06<01:53,  1.19s/it, Loss=0.7376, TrainAcc=0.8357, TestAcc=0.8242]
Training Epochs:   6%|███                                               | 6/100 [00:06<01:52,  1.20s/it, Loss=0.7376, TrainAcc=0.8357, TestAcc=0.8242]
Training Epochs:   6%|███                                               | 6/100 [00:08<01:52,  1.20s/it, Loss=0.7132, TrainAcc=0.8425, TestAcc=0.8385]
Training Epochs:   7%|███▌                                              | 7/100 [00:08<01:52,  1.20s/it, Loss=0.7132, TrainAcc=0.8425, TestAcc=0.8385]
Training Epochs:   7%|███▌                                              | 7/100 [00:09<01:52,  1.20s/it, Loss=0.7076, TrainAcc=0.8457, TestAcc=0.8306]
Training Epochs:   8%|████                                              | 8/100 [00:09<01:51,  1.21s/it, Loss=0.7076, TrainAcc=0.8457, TestAcc=0.8306]
Training Epochs:   8%|████                                              | 8/100 [00:10<01:51,  1.21s/it, Loss=0.7006, TrainAcc=0.8539, TestAcc=0.8230]
Training Epochs:   9%|████▌                                             | 9/100 [00:10<01:50,  1.22s/it, Loss=0.7006, TrainAcc=0.8539, TestAcc=0.8230]
Training Epochs:   9%|████▌                                             | 9/100 [00:11<01:50,  1.22s/it, Loss=0.6952, TrainAcc=0.8548, TestAcc=0.8262]
Training Epochs:  10%|████▉                                            | 10/100 [00:11<01:50,  1.23s/it, Loss=0.6952, TrainAcc=0.8548, TestAcc=0.8262]
Training Epochs:  10%|████▉                                            | 10/100 [00:13<01:50,  1.23s/it, Loss=0.6748, TrainAcc=0.8607, TestAcc=0.8278]
Training Epochs:  11%|█████▍                                           | 11/100 [00:13<01:49,  1.23s/it, Loss=0.6748, TrainAcc=0.8607, TestAcc=0.8278]
Training Epochs:  11%|█████▍                                           | 11/100 [00:14<01:49,  1.23s/it, Loss=0.6612, TrainAcc=0.8680, TestAcc=0.8341]
Training Epochs:  12%|█████▉                                           | 12/100 [00:14<01:47,  1.23s/it, Loss=0.6612, TrainAcc=0.8680, TestAcc=0.8341]
Training Epochs:  12%|█████▉                                           | 12/100 [00:15<01:47,  1.23s/it, Loss=0.6536, TrainAcc=0.8731, TestAcc=0.8345]
Training Epochs:  13%|██████▎                                          | 13/100 [00:15<01:46,  1.23s/it, Loss=0.6536, TrainAcc=0.8731, TestAcc=0.8345]
Training Epochs:  13%|██████▎                                          | 13/100 [00:16<01:46,  1.23s/it, Loss=0.6409, TrainAcc=0.8741, TestAcc=0.8437]
Training Epochs:  14%|██████▊                                          | 14/100 [00:16<01:45,  1.23s/it, Loss=0.6409, TrainAcc=0.8741, TestAcc=0.8437]
Training Epochs:  14%|██████▊                                          | 14/100 [00:17<01:45,  1.23s/it, Loss=0.6296, TrainAcc=0.8832, TestAcc=0.8381]
Training Epochs:  15%|███████▎                                         | 15/100 [00:17<01:44,  1.23s/it, Loss=0.6296, TrainAcc=0.8832, TestAcc=0.8381]
Training Epochs:  15%|███████▎                                         | 15/100 [00:19<01:44,  1.23s/it, Loss=0.6211, TrainAcc=0.8885, TestAcc=0.8397]
Training Epochs:  16%|███████▊                                         | 16/100 [00:19<01:42,  1.22s/it, Loss=0.6211, TrainAcc=0.8885, TestAcc=0.8397]
Training Epochs:  16%|███████▊                                         | 16/100 [00:20<01:42,  1.22s/it, Loss=0.5968, TrainAcc=0.8944, TestAcc=0.8448]
Training Epochs:  17%|████████▎                                        | 17/100 [00:20<01:41,  1.22s/it, Loss=0.5968, TrainAcc=0.8944, TestAcc=0.8448]
Training Epochs:  17%|████████▎                                        | 17/100 [00:21<01:41,  1.22s/it, Loss=0.5920, TrainAcc=0.8990, TestAcc=0.8532]
Training Epochs:  18%|████████▊                                        | 18/100 [00:21<01:40,  1.22s/it, Loss=0.5920, TrainAcc=0.8990, TestAcc=0.8532]
Training Epochs:  18%|████████▊                                        | 18/100 [00:22<01:40,  1.22s/it, Loss=0.6021, TrainAcc=0.8937, TestAcc=0.8409]
Training Epochs:  19%|█████████▎                                       | 19/100 [00:22<01:39,  1.22s/it, Loss=0.6021, TrainAcc=0.8937, TestAcc=0.8409]
Training Epochs:  19%|█████████▎                                       | 19/100 [00:24<01:39,  1.22s/it, Loss=0.5957, TrainAcc=0.8954, TestAcc=0.8429]
Training Epochs:  20%|█████████▊                                       | 20/100 [00:24<01:37,  1.22s/it, Loss=0.5957, TrainAcc=0.8954, TestAcc=0.8429]
Training Epochs:  20%|█████████▊                                       | 20/100 [00:25<01:37,  1.22s/it, Loss=0.5884, TrainAcc=0.8966, TestAcc=0.8476]
Training Epochs:  21%|██████████▎                                      | 21/100 [00:25<01:36,  1.22s/it, Loss=0.5884, TrainAcc=0.8966, TestAcc=0.8476]
Training Epochs:  21%|██████████▎                                      | 21/100 [00:27<01:36,  1.22s/it, Loss=0.5691, TrainAcc=0.9042, TestAcc=0.8365]
Training Epochs:  22%|██████████▊                                      | 22/100 [00:27<01:47,  1.38s/it, Loss=0.5691, TrainAcc=0.9042, TestAcc=0.8365]
Training Epochs:  22%|██████████▊                                      | 22/100 [00:28<01:47,  1.38s/it, Loss=0.5856, TrainAcc=0.8949, TestAcc=0.8587]
Training Epochs:  23%|███████████▎                                     | 23/100 [00:28<01:43,  1.34s/it, Loss=0.5856, TrainAcc=0.8949, TestAcc=0.8587]
Training Epochs:  23%|███████████▎                                     | 23/100 [00:29<01:43,  1.34s/it, Loss=0.5613, TrainAcc=0.9082, TestAcc=0.8413]
Training Epochs:  24%|███████████▊                                     | 24/100 [00:29<01:36,  1.27s/it, Loss=0.5613, TrainAcc=0.9082, TestAcc=0.8413]
Training Epochs:  24%|███████████▊                                     | 24/100 [00:30<01:36,  1.27s/it, Loss=0.5635, TrainAcc=0.9059, TestAcc=0.8421]
Training Epochs:  25%|████████████▎                                    | 25/100 [00:30<01:27,  1.17s/it, Loss=0.5635, TrainAcc=0.9059, TestAcc=0.8421]
Training Epochs:  25%|████████████▎                                    | 25/100 [00:31<01:27,  1.17s/it, Loss=0.5616, TrainAcc=0.9077, TestAcc=0.8440]
Training Epochs:  26%|████████████▋                                    | 26/100 [00:31<01:27,  1.18s/it, Loss=0.5616, TrainAcc=0.9077, TestAcc=0.8440]
Training Epochs:  26%|████████████▋                                    | 26/100 [00:32<01:27,  1.18s/it, Loss=0.5581, TrainAcc=0.9094, TestAcc=0.8444]
Training Epochs:  27%|█████████████▏                                   | 27/100 [00:32<01:27,  1.19s/it, Loss=0.5581, TrainAcc=0.9094, TestAcc=0.8444]
Training Epochs:  27%|█████████████▏                                   | 27/100 [00:34<01:27,  1.19s/it, Loss=0.5579, TrainAcc=0.9109, TestAcc=0.8520]
Training Epochs:  28%|█████████████▋                                   | 28/100 [00:34<01:26,  1.20s/it, Loss=0.5579, TrainAcc=0.9109, TestAcc=0.8520]
Training Epochs:  28%|█████████████▋                                   | 28/100 [00:35<01:26,  1.20s/it, Loss=0.5352, TrainAcc=0.9185, TestAcc=0.8460]
Training Epochs:  29%|██████████████▏                                  | 29/100 [00:35<01:25,  1.21s/it, Loss=0.5352, TrainAcc=0.9185, TestAcc=0.8460]
Training Epochs:  29%|██████████████▏                                  | 29/100 [00:36<01:25,  1.21s/it, Loss=0.5293, TrainAcc=0.9226, TestAcc=0.8405]
Training Epochs:  30%|██████████████▋                                  | 30/100 [00:36<01:24,  1.21s/it, Loss=0.5293, TrainAcc=0.9226, TestAcc=0.8405]
Training Epochs:  30%|██████████████▋                                  | 30/100 [00:37<01:24,  1.21s/it, Loss=0.5335, TrainAcc=0.9202, TestAcc=0.8524]
Training Epochs:  31%|███████████████▏                                 | 31/100 [00:37<01:23,  1.21s/it, Loss=0.5335, TrainAcc=0.9202, TestAcc=0.8524]
Training Epochs:  31%|███████████████▏                                 | 31/100 [00:38<01:23,  1.21s/it, Loss=0.5231, TrainAcc=0.9232, TestAcc=0.8460]
Training Epochs:  32%|███████████████▋                                 | 32/100 [00:38<01:15,  1.12s/it, Loss=0.5231, TrainAcc=0.9232, TestAcc=0.8460]
Training Epochs:  32%|███████████████▋                                 | 32/100 [00:39<01:15,  1.12s/it, Loss=0.5244, TrainAcc=0.9229, TestAcc=0.8480]
Training Epochs:  33%|████████████████▏                                | 33/100 [00:39<01:04,  1.03it/s, Loss=0.5244, TrainAcc=0.9229, TestAcc=0.8480]
Training Epochs:  33%|████████████████▏                                | 33/100 [00:39<01:04,  1.03it/s, Loss=0.5260, TrainAcc=0.9232, TestAcc=0.8504]
Training Epochs:  34%|████████████████▋                                | 34/100 [00:39<00:57,  1.15it/s, Loss=0.5260, TrainAcc=0.9232, TestAcc=0.8504]
Training Epochs:  34%|████████████████▋                                | 34/100 [00:40<00:57,  1.15it/s, Loss=0.5219, TrainAcc=0.9228, TestAcc=0.8437]
Training Epochs:  35%|█████████████████▏                               | 35/100 [00:40<01:01,  1.05it/s, Loss=0.5219, TrainAcc=0.9228, TestAcc=0.8437]
Training Epochs:  35%|█████████████████▏                               | 35/100 [00:42<01:01,  1.05it/s, Loss=0.5271, TrainAcc=0.9183, TestAcc=0.8337]
Training Epochs:  36%|█████████████████▋                               | 36/100 [00:42<01:06,  1.04s/it, Loss=0.5271, TrainAcc=0.9183, TestAcc=0.8337]
Training Epochs:  36%|█████████████████▋                               | 36/100 [00:43<01:06,  1.04s/it, Loss=0.5282, TrainAcc=0.9235, TestAcc=0.8488]
Training Epochs:  37%|██████████████████▏                              | 37/100 [00:43<01:09,  1.10s/it, Loss=0.5282, TrainAcc=0.9235, TestAcc=0.8488]
Training Epochs:  37%|██████████████████▏                              | 37/100 [00:44<01:09,  1.10s/it, Loss=0.5186, TrainAcc=0.9290, TestAcc=0.8472]
Training Epochs:  38%|██████████████████▌                              | 38/100 [00:44<01:10,  1.13s/it, Loss=0.5186, TrainAcc=0.9290, TestAcc=0.8472]
Training Epochs:  38%|██████████████████▌                              | 38/100 [00:45<01:10,  1.13s/it, Loss=0.5231, TrainAcc=0.9256, TestAcc=0.8444]
Training Epochs:  39%|███████████████████                              | 39/100 [00:45<01:10,  1.16s/it, Loss=0.5231, TrainAcc=0.9256, TestAcc=0.8444]
Training Epochs:  39%|███████████████████                              | 39/100 [00:47<01:10,  1.16s/it, Loss=0.5081, TrainAcc=0.9285, TestAcc=0.8488]
Training Epochs:  40%|███████████████████▌                             | 40/100 [00:47<01:10,  1.17s/it, Loss=0.5081, TrainAcc=0.9285, TestAcc=0.8488]
Training Epochs:  40%|███████████████████▌                             | 40/100 [00:48<01:10,  1.17s/it, Loss=0.5179, TrainAcc=0.9272, TestAcc=0.8413]
Training Epochs:  41%|████████████████████                             | 41/100 [00:48<01:09,  1.19s/it, Loss=0.5179, TrainAcc=0.9272, TestAcc=0.8413]
Training Epochs:  41%|████████████████████                             | 41/100 [00:49<01:09,  1.19s/it, Loss=0.5129, TrainAcc=0.9274, TestAcc=0.8357]
Training Epochs:  42%|████████████████████▌                            | 42/100 [00:49<01:09,  1.19s/it, Loss=0.5129, TrainAcc=0.9274, TestAcc=0.8357]
Training Epochs:  42%|████████████████████▌                            | 42/100 [00:50<01:09,  1.19s/it, Loss=0.5964, TrainAcc=0.9291, TestAcc=0.8464]
Training Epochs:  43%|█████████████████████                            | 43/100 [00:50<00:57,  1.01s/it, Loss=0.5964, TrainAcc=0.9291, TestAcc=0.8464]
Training Epochs:  43%|█████████████████████                            | 43/100 [00:50<00:57,  1.01s/it, Loss=0.5192, TrainAcc=0.9277, TestAcc=0.8460]
Training Epochs:  44%|█████████████████████▌                           | 44/100 [00:50<00:54,  1.03it/s, Loss=0.5192, TrainAcc=0.9277, TestAcc=0.8460]
Training Epochs:  44%|█████████████████████▌                           | 44/100 [00:51<00:54,  1.03it/s, Loss=0.5107, TrainAcc=0.9305, TestAcc=0.8456]
Training Epochs:  45%|██████████████████████                           | 45/100 [00:51<00:52,  1.04it/s, Loss=0.5107, TrainAcc=0.9305, TestAcc=0.8456]
Training Epochs:  45%|██████████████████████                           | 45/100 [00:52<00:52,  1.04it/s, Loss=0.5052, TrainAcc=0.9353, TestAcc=0.8381]
Training Epochs:  46%|██████████████████████▌                          | 46/100 [00:52<00:53,  1.01it/s, Loss=0.5052, TrainAcc=0.9353, TestAcc=0.8381]
Training Epochs:  46%|██████████████████████▌                          | 46/100 [00:54<00:53,  1.01it/s, Loss=0.4976, TrainAcc=0.9344, TestAcc=0.8409]
Training Epochs:  47%|███████████████████████                          | 47/100 [00:54<00:54,  1.02s/it, Loss=0.4976, TrainAcc=0.9344, TestAcc=0.8409]
Training Epochs:  47%|███████████████████████                          | 47/100 [00:54<00:54,  1.02s/it, Loss=0.4933, TrainAcc=0.9339, TestAcc=0.8452]
Training Epochs:  48%|███████████████████████▌                         | 48/100 [00:54<00:49,  1.05it/s, Loss=0.4933, TrainAcc=0.9339, TestAcc=0.8452]
Training Epochs:  48%|███████████████████████▌                         | 48/100 [00:55<00:49,  1.05it/s, Loss=0.4906, TrainAcc=0.9375, TestAcc=0.8468]
Training Epochs:  49%|████████████████████████                         | 49/100 [00:55<00:49,  1.02it/s, Loss=0.4906, TrainAcc=0.9375, TestAcc=0.8468]
Training Epochs:  49%|████████████████████████                         | 49/100 [00:56<00:49,  1.02it/s, Loss=0.4941, TrainAcc=0.9368, TestAcc=0.8476]
Training Epochs:  50%|████████████████████████▌                        | 50/100 [00:56<00:42,  1.16it/s, Loss=0.4941, TrainAcc=0.9368, TestAcc=0.8476]
Training Epochs:  50%|████████████████████████▌                        | 50/100 [00:57<00:42,  1.16it/s, Loss=0.4922, TrainAcc=0.9351, TestAcc=0.8425]
Training Epochs:  51%|████████████████████████▉                        | 51/100 [00:57<00:45,  1.07it/s, Loss=0.4922, TrainAcc=0.9351, TestAcc=0.8425]
Training Epochs:  51%|████████████████████████▉                        | 51/100 [00:58<00:45,  1.07it/s, Loss=0.4968, TrainAcc=0.9336, TestAcc=0.8480]
Training Epochs:  52%|█████████████████████████▍                       | 52/100 [00:58<00:40,  1.19it/s, Loss=0.4968, TrainAcc=0.9336, TestAcc=0.8480]
Training Epochs:  52%|█████████████████████████▍                       | 52/100 [00:59<00:40,  1.19it/s, Loss=0.4819, TrainAcc=0.9393, TestAcc=0.8369]
Training Epochs:  53%|█████████████████████████▉                       | 53/100 [00:59<00:40,  1.16it/s, Loss=0.4819, TrainAcc=0.9393, TestAcc=0.8369]
Training Epochs:  53%|█████████████████████████▉                       | 53/100 [01:00<00:40,  1.16it/s, Loss=0.4859, TrainAcc=0.9383, TestAcc=0.8433]
Training Epochs:  54%|██████████████████████████▍                      | 54/100 [01:00<00:44,  1.03it/s, Loss=0.4859, TrainAcc=0.9383, TestAcc=0.8433]
Training Epochs:  54%|██████████████████████████▍                      | 54/100 [01:01<00:44,  1.03it/s, Loss=0.4793, TrainAcc=0.9420, TestAcc=0.8492]
Training Epochs:  55%|██████████████████████████▉                      | 55/100 [01:01<00:44,  1.00it/s, Loss=0.4793, TrainAcc=0.9420, TestAcc=0.8492]
Training Epochs:  55%|██████████████████████████▉                      | 55/100 [01:02<00:44,  1.00it/s, Loss=0.4824, TrainAcc=0.9425, TestAcc=0.8464]
Training Epochs:  56%|███████████████████████████▍                     | 56/100 [01:02<00:42,  1.03it/s, Loss=0.4824, TrainAcc=0.9425, TestAcc=0.8464]
Training Epochs:  56%|███████████████████████████▍                     | 56/100 [01:03<00:42,  1.03it/s, Loss=0.4968, TrainAcc=0.9347, TestAcc=0.8373]
Training Epochs:  57%|███████████████████████████▉                     | 57/100 [01:03<00:42,  1.00it/s, Loss=0.4968, TrainAcc=0.9347, TestAcc=0.8373]
Training Epochs:  57%|███████████████████████████▉                     | 57/100 [01:04<00:42,  1.00it/s, Loss=0.4790, TrainAcc=0.9415, TestAcc=0.8468]
Training Epochs:  58%|████████████████████████████▍                    | 58/100 [01:04<00:44,  1.06s/it, Loss=0.4790, TrainAcc=0.9415, TestAcc=0.8468]
Training Epochs:  58%|████████████████████████████▍                    | 58/100 [01:05<00:44,  1.06s/it, Loss=0.5054, TrainAcc=0.9347, TestAcc=0.8425]
Training Epochs:  59%|████████████████████████████▉                    | 59/100 [01:05<00:45,  1.11s/it, Loss=0.5054, TrainAcc=0.9347, TestAcc=0.8425]
Training Epochs:  59%|████████████████████████████▉                    | 59/100 [01:07<00:45,  1.11s/it, Loss=0.4953, TrainAcc=0.9368, TestAcc=0.8302]
Training Epochs:  60%|█████████████████████████████▍                   | 60/100 [01:07<00:45,  1.14s/it, Loss=0.4953, TrainAcc=0.9368, TestAcc=0.8302]
Training Epochs:  60%|█████████████████████████████▍                   | 60/100 [01:08<00:45,  1.14s/it, Loss=0.4840, TrainAcc=0.9402, TestAcc=0.8444]
Training Epochs:  61%|█████████████████████████████▉                   | 61/100 [01:08<00:45,  1.17s/it, Loss=0.4840, TrainAcc=0.9402, TestAcc=0.8444]
Training Epochs:  61%|█████████████████████████████▉                   | 61/100 [01:09<00:45,  1.17s/it, Loss=0.4740, TrainAcc=0.9448, TestAcc=0.8401]
Training Epochs:  62%|██████████████████████████████▍                  | 62/100 [01:09<00:44,  1.18s/it, Loss=0.4740, TrainAcc=0.9448, TestAcc=0.8401]
Training Epochs:  62%|██████████████████████████████▍                  | 62/100 [01:10<00:44,  1.18s/it, Loss=0.4678, TrainAcc=0.9455, TestAcc=0.8448]
Training Epochs:  63%|██████████████████████████████▊                  | 63/100 [01:10<00:44,  1.19s/it, Loss=0.4678, TrainAcc=0.9455, TestAcc=0.8448]
Training Epochs:  63%|██████████████████████████████▊                  | 63/100 [01:11<00:44,  1.19s/it, Loss=0.4762, TrainAcc=0.9440, TestAcc=0.8468]
Training Epochs:  64%|███████████████████████████████▎                 | 64/100 [01:11<00:43,  1.20s/it, Loss=0.4762, TrainAcc=0.9440, TestAcc=0.8468]
Training Epochs:  64%|███████████████████████████████▎                 | 64/100 [01:13<00:43,  1.20s/it, Loss=0.4716, TrainAcc=0.9444, TestAcc=0.8488]
Training Epochs:  65%|███████████████████████████████▊                 | 65/100 [01:13<00:42,  1.21s/it, Loss=0.4716, TrainAcc=0.9444, TestAcc=0.8488]
Training Epochs:  65%|███████████████████████████████▊                 | 65/100 [01:14<00:42,  1.21s/it, Loss=0.4617, TrainAcc=0.9463, TestAcc=0.8464]
Training Epochs:  66%|████████████████████████████████▎                | 66/100 [01:14<00:41,  1.21s/it, Loss=0.4617, TrainAcc=0.9463, TestAcc=0.8464]
Training Epochs:  66%|████████████████████████████████▎                | 66/100 [01:15<00:41,  1.21s/it, Loss=0.4657, TrainAcc=0.9467, TestAcc=0.8333]
Training Epochs:  67%|████████████████████████████████▊                | 67/100 [01:15<00:40,  1.24s/it, Loss=0.4657, TrainAcc=0.9467, TestAcc=0.8333]
Training Epochs:  67%|████████████████████████████████▊                | 67/100 [01:16<00:40,  1.24s/it, Loss=0.4840, TrainAcc=0.9408, TestAcc=0.8452]
Training Epochs:  68%|█████████████████████████████████▎               | 68/100 [01:16<00:39,  1.24s/it, Loss=0.4840, TrainAcc=0.9408, TestAcc=0.8452]
Training Epochs:  68%|█████████████████████████████████▎               | 68/100 [01:18<00:39,  1.24s/it, Loss=0.4951, TrainAcc=0.9409, TestAcc=0.8337]
Training Epochs:  69%|█████████████████████████████████▊               | 69/100 [01:18<00:38,  1.24s/it, Loss=0.4951, TrainAcc=0.9409, TestAcc=0.8337]
Training Epochs:  69%|█████████████████████████████████▊               | 69/100 [01:19<00:38,  1.24s/it, Loss=0.5102, TrainAcc=0.9303, TestAcc=0.8409]
Training Epochs:  70%|██████████████████████████████████▎              | 70/100 [01:19<00:37,  1.24s/it, Loss=0.5102, TrainAcc=0.9303, TestAcc=0.8409]
Training Epochs:  70%|██████████████████████████████████▎              | 70/100 [01:20<00:37,  1.24s/it, Loss=0.5031, TrainAcc=0.9349, TestAcc=0.8480]
Training Epochs:  71%|██████████████████████████████████▊              | 71/100 [01:20<00:35,  1.23s/it, Loss=0.5031, TrainAcc=0.9349, TestAcc=0.8480]
Training Epochs:  71%|██████████████████████████████████▊              | 71/100 [01:21<00:35,  1.23s/it, Loss=0.4829, TrainAcc=0.9398, TestAcc=0.8500]
Training Epochs:  72%|███████████████████████████████████▎             | 72/100 [01:21<00:34,  1.23s/it, Loss=0.4829, TrainAcc=0.9398, TestAcc=0.8500]
Training Epochs:  72%|███████████████████████████████████▎             | 72/100 [01:23<00:34,  1.23s/it, Loss=0.4874, TrainAcc=0.9400, TestAcc=0.8488]
Training Epochs:  73%|███████████████████████████████████▊             | 73/100 [01:23<00:33,  1.23s/it, Loss=0.4874, TrainAcc=0.9400, TestAcc=0.8488]
Training Epochs:  73%|███████████████████████████████████▊             | 73/100 [01:24<00:33,  1.23s/it, Loss=0.4803, TrainAcc=0.9426, TestAcc=0.8520]
Training Epochs:  74%|████████████████████████████████████▎            | 74/100 [01:24<00:32,  1.24s/it, Loss=0.4803, TrainAcc=0.9426, TestAcc=0.8520]
Training Epochs:  74%|████████████████████████████████████▎            | 74/100 [01:25<00:32,  1.24s/it, Loss=0.4736, TrainAcc=0.9444, TestAcc=0.8460]
Training Epochs:  75%|████████████████████████████████████▊            | 75/100 [01:25<00:30,  1.23s/it, Loss=0.4736, TrainAcc=0.9444, TestAcc=0.8460]
Training Epochs:  75%|████████████████████████████████████▊            | 75/100 [01:26<00:30,  1.23s/it, Loss=0.4723, TrainAcc=0.9434, TestAcc=0.8484]
Training Epochs:  76%|█████████████████████████████████████▏           | 76/100 [01:26<00:29,  1.22s/it, Loss=0.4723, TrainAcc=0.9434, TestAcc=0.8484]
Training Epochs:  76%|█████████████████████████████████████▏           | 76/100 [01:27<00:29,  1.22s/it, Loss=0.4711, TrainAcc=0.9449, TestAcc=0.8476]
Training Epochs:  77%|█████████████████████████████████████▋           | 77/100 [01:27<00:28,  1.22s/it, Loss=0.4711, TrainAcc=0.9449, TestAcc=0.8476]
Training Epochs:  77%|█████████████████████████████████████▋           | 77/100 [01:29<00:28,  1.22s/it, Loss=0.4735, TrainAcc=0.9440, TestAcc=0.8429]
Training Epochs:  78%|██████████████████████████████████████▏          | 78/100 [01:29<00:26,  1.22s/it, Loss=0.4735, TrainAcc=0.9440, TestAcc=0.8429]
Training Epochs:  78%|██████████████████████████████████████▏          | 78/100 [01:30<00:26,  1.22s/it, Loss=0.4777, TrainAcc=0.9440, TestAcc=0.8476]
Training Epochs:  79%|██████████████████████████████████████▋          | 79/100 [01:30<00:25,  1.22s/it, Loss=0.4777, TrainAcc=0.9440, TestAcc=0.8476]
Training Epochs:  79%|██████████████████████████████████████▋          | 79/100 [01:31<00:25,  1.22s/it, Loss=0.4808, TrainAcc=0.9426, TestAcc=0.8571]
Training Epochs:  80%|███████████████████████████████████████▏         | 80/100 [01:31<00:24,  1.22s/it, Loss=0.4808, TrainAcc=0.9426, TestAcc=0.8571]
Training Epochs:  80%|███████████████████████████████████████▏         | 80/100 [01:32<00:24,  1.22s/it, Loss=0.4746, TrainAcc=0.9447, TestAcc=0.8333]
Training Epochs:  81%|███████████████████████████████████████▋         | 81/100 [01:32<00:23,  1.22s/it, Loss=0.4746, TrainAcc=0.9447, TestAcc=0.8333]
Training Epochs:  81%|███████████████████████████████████████▋         | 81/100 [01:34<00:23,  1.22s/it, Loss=0.4704, TrainAcc=0.9424, TestAcc=0.8365]
Training Epochs:  82%|████████████████████████████████████████▏        | 82/100 [01:34<00:21,  1.22s/it, Loss=0.4704, TrainAcc=0.9424, TestAcc=0.8365]
Training Epochs:  82%|████████████████████████████████████████▏        | 82/100 [01:35<00:21,  1.22s/it, Loss=0.4852, TrainAcc=0.9426, TestAcc=0.8500]
Training Epochs:  83%|████████████████████████████████████████▋        | 83/100 [01:35<00:20,  1.22s/it, Loss=0.4852, TrainAcc=0.9426, TestAcc=0.8500]
Training Epochs:  83%|████████████████████████████████████████▋        | 83/100 [01:36<00:20,  1.22s/it, Loss=0.4742, TrainAcc=0.9434, TestAcc=0.8361]
Training Epochs:  84%|█████████████████████████████████████████▏       | 84/100 [01:36<00:19,  1.22s/it, Loss=0.4742, TrainAcc=0.9434, TestAcc=0.8361]
Training Epochs:  84%|█████████████████████████████████████████▏       | 84/100 [01:37<00:19,  1.22s/it, Loss=0.4781, TrainAcc=0.9388, TestAcc=0.8413]
Training Epochs:  85%|█████████████████████████████████████████▋       | 85/100 [01:37<00:18,  1.22s/it, Loss=0.4781, TrainAcc=0.9388, TestAcc=0.8413]
Training Epochs:  85%|█████████████████████████████████████████▋       | 85/100 [01:38<00:18,  1.22s/it, Loss=0.4706, TrainAcc=0.9429, TestAcc=0.8540]
Training Epochs:  86%|██████████████████████████████████████████▏      | 86/100 [01:38<00:17,  1.22s/it, Loss=0.4706, TrainAcc=0.9429, TestAcc=0.8540]
Training Epochs:  86%|██████████████████████████████████████████▏      | 86/100 [01:40<00:17,  1.22s/it, Loss=0.4652, TrainAcc=0.9455, TestAcc=0.8405]
Training Epochs:  87%|██████████████████████████████████████████▋      | 87/100 [01:40<00:15,  1.22s/it, Loss=0.4652, TrainAcc=0.9455, TestAcc=0.8405]
Training Epochs:  87%|██████████████████████████████████████████▋      | 87/100 [01:41<00:15,  1.22s/it, Loss=0.4672, TrainAcc=0.9429, TestAcc=0.8440]
Training Epochs:  88%|███████████████████████████████████████████      | 88/100 [01:41<00:14,  1.22s/it, Loss=0.4672, TrainAcc=0.9429, TestAcc=0.8440]
Training Epochs:  88%|███████████████████████████████████████████      | 88/100 [01:42<00:14,  1.22s/it, Loss=0.4613, TrainAcc=0.9486, TestAcc=0.8429]
Training Epochs:  89%|███████████████████████████████████████████▌     | 89/100 [01:42<00:13,  1.22s/it, Loss=0.4613, TrainAcc=0.9486, TestAcc=0.8429]
Training Epochs:  89%|███████████████████████████████████████████▌     | 89/100 [01:43<00:13,  1.22s/it, Loss=0.4563, TrainAcc=0.9495, TestAcc=0.8417]
Training Epochs:  90%|████████████████████████████████████████████     | 90/100 [01:43<00:12,  1.22s/it, Loss=0.4563, TrainAcc=0.9495, TestAcc=0.8417]
Training Epochs:  90%|████████████████████████████████████████████     | 90/100 [01:44<00:12,  1.22s/it, Loss=0.4770, TrainAcc=0.9444, TestAcc=0.8468]
Training Epochs:  91%|████████████████████████████████████████████▌    | 91/100 [01:44<00:10,  1.22s/it, Loss=0.4770, TrainAcc=0.9444, TestAcc=0.8468]
Training Epochs:  91%|████████████████████████████████████████████▌    | 91/100 [01:46<00:10,  1.22s/it, Loss=0.4717, TrainAcc=0.9458, TestAcc=0.8385]
Training Epochs:  92%|█████████████████████████████████████████████    | 92/100 [01:46<00:09,  1.22s/it, Loss=0.4717, TrainAcc=0.9458, TestAcc=0.8385]
Training Epochs:  92%|█████████████████████████████████████████████    | 92/100 [01:47<00:09,  1.22s/it, Loss=0.4725, TrainAcc=0.9475, TestAcc=0.8468]
Training Epochs:  93%|█████████████████████████████████████████████▌   | 93/100 [01:47<00:08,  1.22s/it, Loss=0.4725, TrainAcc=0.9475, TestAcc=0.8468]
Training Epochs:  93%|█████████████████████████████████████████████▌   | 93/100 [01:48<00:08,  1.22s/it, Loss=0.4665, TrainAcc=0.9469, TestAcc=0.8429]
Training Epochs:  94%|██████████████████████████████████████████████   | 94/100 [01:48<00:06,  1.17s/it, Loss=0.4665, TrainAcc=0.9469, TestAcc=0.8429]
Training Epochs:  94%|██████████████████████████████████████████████   | 94/100 [01:49<00:06,  1.17s/it, Loss=0.4595, TrainAcc=0.9476, TestAcc=0.8512]
Training Epochs:  95%|██████████████████████████████████████████████▌  | 95/100 [01:49<00:05,  1.02s/it, Loss=0.4595, TrainAcc=0.9476, TestAcc=0.8512]
Training Epochs:  95%|██████████████████████████████████████████████▌  | 95/100 [01:50<00:05,  1.02s/it, Loss=0.4583, TrainAcc=0.9483, TestAcc=0.8444]
Training Epochs:  96%|███████████████████████████████████████████████  | 96/100 [01:50<00:04,  1.07s/it, Loss=0.4583, TrainAcc=0.9483, TestAcc=0.8444]
Training Epochs:  96%|███████████████████████████████████████████████  | 96/100 [01:51<00:04,  1.07s/it, Loss=0.4509, TrainAcc=0.9492, TestAcc=0.8528]
Training Epochs:  97%|███████████████████████████████████████████████▌ | 97/100 [01:51<00:03,  1.12s/it, Loss=0.4509, TrainAcc=0.9492, TestAcc=0.8528]
Training Epochs:  97%|███████████████████████████████████████████████▌ | 97/100 [01:52<00:03,  1.12s/it, Loss=0.4496, TrainAcc=0.9510, TestAcc=0.8437]
Training Epochs:  98%|████████████████████████████████████████████████ | 98/100 [01:52<00:02,  1.14s/it, Loss=0.4496, TrainAcc=0.9510, TestAcc=0.8437]
Training Epochs:  98%|████████████████████████████████████████████████ | 98/100 [01:53<00:02,  1.14s/it, Loss=0.4468, TrainAcc=0.9522, TestAcc=0.8484]
Training Epochs:  99%|████████████████████████████████████████████████▌| 99/100 [01:53<00:01,  1.17s/it, Loss=0.4468, TrainAcc=0.9522, TestAcc=0.8484]
Training Epochs:  99%|████████████████████████████████████████████████▌| 99/100 [01:55<00:01,  1.17s/it, Loss=0.4603, TrainAcc=0.9432, TestAcc=0.8591]
Training Epochs: 100%|████████████████████████████████████████████████| 100/100 [01:55<00:00,  1.18s/it, Loss=0.4603, TrainAcc=0.9432, TestAcc=0.8591]
Training Epochs: 100%|████████████████████████████████████████████████| 100/100 [01:55<00:00,  1.15s/it, Loss=0.4603, TrainAcc=0.9432, TestAcc=0.8591]
{'Real': {'precision': np.float64(0.8694362017804155), 'recall': np.float64(0.915625), 'f1': np.float64(0.8919330289193302)}, 'Fake': {'precision': np.float64(0.8383233532934131), 'recall': np.float64(0.7608695652173914), 'f1': np.float64(0.7977207977207977)}}

Training Epochs:   0%|                                                                                                        | 0/100 [00:00<?, ?it/s]
Training Epochs:   0%|                                                          | 0/100 [00:01<?, ?it/s, Loss=0.8996, TrainAcc=0.7524, TestAcc=0.8111]
Training Epochs:   1%|▌                                                 | 1/100 [00:01<01:41,  1.02s/it, Loss=0.8996, TrainAcc=0.7524, TestAcc=0.8111]
Training Epochs:   1%|▌                                                 | 1/100 [00:02<01:41,  1.02s/it, Loss=0.7991, TrainAcc=0.7954, TestAcc=0.8040]
Training Epochs:   2%|█                                                 | 2/100 [00:02<01:54,  1.17s/it, Loss=0.7991, TrainAcc=0.7954, TestAcc=0.8040]
Training Epochs:   2%|█                                                 | 2/100 [00:03<01:54,  1.17s/it, Loss=0.7748, TrainAcc=0.8122, TestAcc=0.8234]
Training Epochs:   3%|█▌                                                | 3/100 [00:03<01:58,  1.23s/it, Loss=0.7748, TrainAcc=0.8122, TestAcc=0.8234]
Training Epochs:   3%|█▌                                                | 3/100 [00:04<01:58,  1.23s/it, Loss=0.7639, TrainAcc=0.8211, TestAcc=0.8298]
Training Epochs:   4%|██                                                | 4/100 [00:04<01:57,  1.23s/it, Loss=0.7639, TrainAcc=0.8211, TestAcc=0.8298]
Training Epochs:   4%|██                                                | 4/100 [00:06<01:57,  1.23s/it, Loss=0.7478, TrainAcc=0.8238, TestAcc=0.8258]
Training Epochs:   5%|██▌                                               | 5/100 [00:06<01:56,  1.23s/it, Loss=0.7478, TrainAcc=0.8238, TestAcc=0.8258]
Training Epochs:   5%|██▌                                               | 5/100 [00:07<01:56,  1.23s/it, Loss=0.7281, TrainAcc=0.8348, TestAcc=0.8270]
Training Epochs:   6%|███                                               | 6/100 [00:07<01:55,  1.23s/it, Loss=0.7281, TrainAcc=0.8348, TestAcc=0.8270]
Training Epochs:   6%|███                                               | 6/100 [00:08<01:55,  1.23s/it, Loss=0.7217, TrainAcc=0.8399, TestAcc=0.8405]
Training Epochs:   7%|███▌                                              | 7/100 [00:08<01:53,  1.22s/it, Loss=0.7217, TrainAcc=0.8399, TestAcc=0.8405]
Training Epochs:   7%|███▌                                              | 7/100 [00:09<01:53,  1.22s/it, Loss=0.7164, TrainAcc=0.8449, TestAcc=0.8333]
Training Epochs:   8%|████                                              | 8/100 [00:09<01:51,  1.22s/it, Loss=0.7164, TrainAcc=0.8449, TestAcc=0.8333]
Training Epochs:   8%|████                                              | 8/100 [00:10<01:51,  1.22s/it, Loss=0.6959, TrainAcc=0.8495, TestAcc=0.8440]
Training Epochs:   9%|████▌                                             | 9/100 [00:10<01:50,  1.22s/it, Loss=0.6959, TrainAcc=0.8495, TestAcc=0.8440]
Training Epochs:   9%|████▌                                             | 9/100 [00:12<01:50,  1.22s/it, Loss=0.6824, TrainAcc=0.8603, TestAcc=0.8440]
Training Epochs:  10%|████▉                                            | 10/100 [00:12<01:49,  1.22s/it, Loss=0.6824, TrainAcc=0.8603, TestAcc=0.8440]
Training Epochs:  10%|████▉                                            | 10/100 [00:13<01:49,  1.22s/it, Loss=0.6707, TrainAcc=0.8627, TestAcc=0.8353]
Training Epochs:  11%|█████▍                                           | 11/100 [00:13<01:48,  1.22s/it, Loss=0.6707, TrainAcc=0.8627, TestAcc=0.8353]
Training Epochs:  11%|█████▍                                           | 11/100 [00:14<01:48,  1.22s/it, Loss=0.6674, TrainAcc=0.8658, TestAcc=0.8456]
Training Epochs:  12%|█████▉                                           | 12/100 [00:14<01:48,  1.23s/it, Loss=0.6674, TrainAcc=0.8658, TestAcc=0.8456]
Training Epochs:  12%|█████▉                                           | 12/100 [00:15<01:48,  1.23s/it, Loss=0.6459, TrainAcc=0.8791, TestAcc=0.8468]
Training Epochs:  13%|██████▎                                          | 13/100 [00:15<01:46,  1.23s/it, Loss=0.6459, TrainAcc=0.8791, TestAcc=0.8468]
Training Epochs:  13%|██████▎                                          | 13/100 [00:17<01:46,  1.23s/it, Loss=0.6282, TrainAcc=0.8811, TestAcc=0.8361]
Training Epochs:  14%|██████▊                                          | 14/100 [00:17<01:45,  1.23s/it, Loss=0.6282, TrainAcc=0.8811, TestAcc=0.8361]
Training Epochs:  14%|██████▊                                          | 14/100 [00:18<01:45,  1.23s/it, Loss=0.6191, TrainAcc=0.8862, TestAcc=0.8405]
Training Epochs:  15%|███████▎                                         | 15/100 [00:18<01:44,  1.23s/it, Loss=0.6191, TrainAcc=0.8862, TestAcc=0.8405]
Training Epochs:  15%|███████▎                                         | 15/100 [00:19<01:44,  1.23s/it, Loss=0.6027, TrainAcc=0.8905, TestAcc=0.8472]
Training Epochs:  16%|███████▊                                         | 16/100 [00:19<01:43,  1.23s/it, Loss=0.6027, TrainAcc=0.8905, TestAcc=0.8472]
Training Epochs:  16%|███████▊                                         | 16/100 [00:20<01:43,  1.23s/it, Loss=0.6108, TrainAcc=0.8858, TestAcc=0.8528]
Training Epochs:  17%|████████▎                                        | 17/100 [00:20<01:41,  1.23s/it, Loss=0.6108, TrainAcc=0.8858, TestAcc=0.8528]
Training Epochs:  17%|████████▎                                        | 17/100 [00:21<01:41,  1.23s/it, Loss=0.5956, TrainAcc=0.8933, TestAcc=0.8417]
Training Epochs:  18%|████████▊                                        | 18/100 [00:21<01:40,  1.23s/it, Loss=0.5956, TrainAcc=0.8933, TestAcc=0.8417]
Training Epochs:  18%|████████▊                                        | 18/100 [00:23<01:40,  1.23s/it, Loss=0.5824, TrainAcc=0.8985, TestAcc=0.8492]
Training Epochs:  19%|█████████▎                                       | 19/100 [00:23<01:39,  1.22s/it, Loss=0.5824, TrainAcc=0.8985, TestAcc=0.8492]
Training Epochs:  19%|█████████▎                                       | 19/100 [00:24<01:39,  1.22s/it, Loss=0.5741, TrainAcc=0.9024, TestAcc=0.8425]
Training Epochs:  20%|█████████▊                                       | 20/100 [00:24<01:37,  1.22s/it, Loss=0.5741, TrainAcc=0.9024, TestAcc=0.8425]
Training Epochs:  20%|█████████▊                                       | 20/100 [00:25<01:37,  1.22s/it, Loss=0.5877, TrainAcc=0.8990, TestAcc=0.8345]
Training Epochs:  21%|██████████▎                                      | 21/100 [00:25<01:36,  1.22s/it, Loss=0.5877, TrainAcc=0.8990, TestAcc=0.8345]
Training Epochs:  21%|██████████▎                                      | 21/100 [00:26<01:36,  1.22s/it, Loss=0.5695, TrainAcc=0.9042, TestAcc=0.8484]
Training Epochs:  22%|██████████▊                                      | 22/100 [00:26<01:35,  1.23s/it, Loss=0.5695, TrainAcc=0.9042, TestAcc=0.8484]
Training Epochs:  22%|██████████▊                                      | 22/100 [00:28<01:35,  1.23s/it, Loss=0.5636, TrainAcc=0.9065, TestAcc=0.8560]
Training Epochs:  23%|███████████▎                                     | 23/100 [00:28<01:34,  1.23s/it, Loss=0.5636, TrainAcc=0.9065, TestAcc=0.8560]
Training Epochs:  23%|███████████▎                                     | 23/100 [00:29<01:34,  1.23s/it, Loss=0.5695, TrainAcc=0.9020, TestAcc=0.8429]
Training Epochs:  24%|███████████▊                                     | 24/100 [00:29<01:33,  1.23s/it, Loss=0.5695, TrainAcc=0.9020, TestAcc=0.8429]
Training Epochs:  24%|███████████▊                                     | 24/100 [00:30<01:33,  1.23s/it, Loss=0.5597, TrainAcc=0.9040, TestAcc=0.8409]
Training Epochs:  25%|████████████▎                                    | 25/100 [00:30<01:32,  1.23s/it, Loss=0.5597, TrainAcc=0.9040, TestAcc=0.8409]
Training Epochs:  25%|████████████▎                                    | 25/100 [00:31<01:32,  1.23s/it, Loss=0.5593, TrainAcc=0.9088, TestAcc=0.8484]
Training Epochs:  26%|████████████▋                                    | 26/100 [00:31<01:30,  1.23s/it, Loss=0.5593, TrainAcc=0.9088, TestAcc=0.8484]
Training Epochs:  26%|████████████▋                                    | 26/100 [00:33<01:30,  1.23s/it, Loss=0.5509, TrainAcc=0.9118, TestAcc=0.8409]
Training Epochs:  27%|█████████████▏                                   | 27/100 [00:33<01:29,  1.23s/it, Loss=0.5509, TrainAcc=0.9118, TestAcc=0.8409]
Training Epochs:  27%|█████████████▏                                   | 27/100 [00:34<01:29,  1.23s/it, Loss=0.5405, TrainAcc=0.9147, TestAcc=0.8488]
Training Epochs:  28%|█████████████▋                                   | 28/100 [00:34<01:28,  1.23s/it, Loss=0.5405, TrainAcc=0.9147, TestAcc=0.8488]
Training Epochs:  28%|█████████████▋                                   | 28/100 [00:35<01:28,  1.23s/it, Loss=0.5307, TrainAcc=0.9193, TestAcc=0.8480]
Training Epochs:  29%|██████████████▏                                  | 29/100 [00:35<01:27,  1.23s/it, Loss=0.5307, TrainAcc=0.9193, TestAcc=0.8480]
Training Epochs:  29%|██████████████▏                                  | 29/100 [00:36<01:27,  1.23s/it, Loss=0.5374, TrainAcc=0.9193, TestAcc=0.8357]
Training Epochs:  30%|██████████████▋                                  | 30/100 [00:36<01:26,  1.23s/it, Loss=0.5374, TrainAcc=0.9193, TestAcc=0.8357]
Training Epochs:  30%|██████████████▋                                  | 30/100 [00:37<01:26,  1.23s/it, Loss=0.5442, TrainAcc=0.9120, TestAcc=0.8440]
Training Epochs:  31%|███████████████▏                                 | 31/100 [00:37<01:25,  1.24s/it, Loss=0.5442, TrainAcc=0.9120, TestAcc=0.8440]
Training Epochs:  31%|███████████████▏                                 | 31/100 [00:39<01:25,  1.24s/it, Loss=0.5316, TrainAcc=0.9143, TestAcc=0.8476]
Training Epochs:  32%|███████████████▋                                 | 32/100 [00:39<01:22,  1.21s/it, Loss=0.5316, TrainAcc=0.9143, TestAcc=0.8476]
Training Epochs:  32%|███████████████▋                                 | 32/100 [00:40<01:22,  1.21s/it, Loss=0.5241, TrainAcc=0.9204, TestAcc=0.8437]
Training Epochs:  33%|████████████████▏                                | 33/100 [00:40<01:21,  1.21s/it, Loss=0.5241, TrainAcc=0.9204, TestAcc=0.8437]
Training Epochs:  33%|████████████████▏                                | 33/100 [00:41<01:21,  1.21s/it, Loss=0.5197, TrainAcc=0.9238, TestAcc=0.8448]
Training Epochs:  34%|████████████████▋                                | 34/100 [00:41<01:13,  1.12s/it, Loss=0.5197, TrainAcc=0.9238, TestAcc=0.8448]
Training Epochs:  34%|████████████████▋                                | 34/100 [00:42<01:13,  1.12s/it, Loss=0.5060, TrainAcc=0.9280, TestAcc=0.8464]
Training Epochs:  35%|█████████████████▏                               | 35/100 [00:42<01:14,  1.15s/it, Loss=0.5060, TrainAcc=0.9280, TestAcc=0.8464]
Training Epochs:  35%|█████████████████▏                               | 35/100 [00:43<01:14,  1.15s/it, Loss=0.5160, TrainAcc=0.9237, TestAcc=0.8456]
Training Epochs:  36%|█████████████████▋                               | 36/100 [00:43<01:14,  1.17s/it, Loss=0.5160, TrainAcc=0.9237, TestAcc=0.8456]
Training Epochs:  36%|█████████████████▋                               | 36/100 [00:44<01:14,  1.17s/it, Loss=0.5093, TrainAcc=0.9274, TestAcc=0.8409]
Training Epochs:  37%|██████████████████▏                              | 37/100 [00:44<01:14,  1.19s/it, Loss=0.5093, TrainAcc=0.9274, TestAcc=0.8409]
Training Epochs:  37%|██████████████████▏                              | 37/100 [00:46<01:14,  1.19s/it, Loss=0.5176, TrainAcc=0.9196, TestAcc=0.8373]
Training Epochs:  38%|██████████████████▌                              | 38/100 [00:46<01:14,  1.20s/it, Loss=0.5176, TrainAcc=0.9196, TestAcc=0.8373]
Training Epochs:  38%|██████████████████▌                              | 38/100 [00:47<01:14,  1.20s/it, Loss=0.5108, TrainAcc=0.9262, TestAcc=0.8413]
Training Epochs:  39%|███████████████████                              | 39/100 [00:47<01:13,  1.21s/it, Loss=0.5108, TrainAcc=0.9262, TestAcc=0.8413]
Training Epochs:  39%|███████████████████                              | 39/100 [00:48<01:13,  1.21s/it, Loss=0.5139, TrainAcc=0.9253, TestAcc=0.8405]
Training Epochs:  40%|███████████████████▌                             | 40/100 [00:48<01:12,  1.21s/it, Loss=0.5139, TrainAcc=0.9253, TestAcc=0.8405]
Training Epochs:  40%|███████████████████▌                             | 40/100 [00:49<01:12,  1.21s/it, Loss=0.5076, TrainAcc=0.9260, TestAcc=0.8389]
Training Epochs:  41%|████████████████████                             | 41/100 [00:49<01:11,  1.21s/it, Loss=0.5076, TrainAcc=0.9260, TestAcc=0.8389]
Training Epochs:  41%|████████████████████                             | 41/100 [00:51<01:11,  1.21s/it, Loss=0.4995, TrainAcc=0.9295, TestAcc=0.8413]
Training Epochs:  42%|████████████████████▌                            | 42/100 [00:51<01:10,  1.22s/it, Loss=0.4995, TrainAcc=0.9295, TestAcc=0.8413]
Training Epochs:  42%|████████████████████▌                            | 42/100 [00:52<01:10,  1.22s/it, Loss=0.4928, TrainAcc=0.9317, TestAcc=0.8401]
Training Epochs:  43%|█████████████████████                            | 43/100 [00:52<01:09,  1.23s/it, Loss=0.4928, TrainAcc=0.9317, TestAcc=0.8401]
Training Epochs:  43%|█████████████████████                            | 43/100 [00:53<01:09,  1.23s/it, Loss=0.5003, TrainAcc=0.9282, TestAcc=0.8341]
Training Epochs:  44%|█████████████████████▌                           | 44/100 [00:53<01:08,  1.22s/it, Loss=0.5003, TrainAcc=0.9282, TestAcc=0.8341]
Training Epochs:  44%|█████████████████████▌                           | 44/100 [00:54<01:08,  1.22s/it, Loss=0.4905, TrainAcc=0.9338, TestAcc=0.8377]
Training Epochs:  45%|██████████████████████                           | 45/100 [00:54<01:07,  1.22s/it, Loss=0.4905, TrainAcc=0.9338, TestAcc=0.8377]
Training Epochs:  45%|██████████████████████                           | 45/100 [00:55<01:07,  1.22s/it, Loss=0.5097, TrainAcc=0.9270, TestAcc=0.8480]
Training Epochs:  46%|██████████████████████▌                          | 46/100 [00:55<01:06,  1.22s/it, Loss=0.5097, TrainAcc=0.9270, TestAcc=0.8480]
Training Epochs:  46%|██████████████████████▌                          | 46/100 [00:57<01:06,  1.22s/it, Loss=0.4907, TrainAcc=0.9350, TestAcc=0.8456]
Training Epochs:  47%|███████████████████████                          | 47/100 [00:57<01:04,  1.23s/it, Loss=0.4907, TrainAcc=0.9350, TestAcc=0.8456]
Training Epochs:  47%|███████████████████████                          | 47/100 [00:58<01:04,  1.23s/it, Loss=0.4917, TrainAcc=0.9341, TestAcc=0.8369]
Training Epochs:  48%|███████████████████████▌                         | 48/100 [00:58<01:03,  1.23s/it, Loss=0.4917, TrainAcc=0.9341, TestAcc=0.8369]
Training Epochs:  48%|███████████████████████▌                         | 48/100 [00:59<01:03,  1.23s/it, Loss=0.4831, TrainAcc=0.9334, TestAcc=0.8385]
Training Epochs:  49%|████████████████████████                         | 49/100 [00:59<01:02,  1.22s/it, Loss=0.4831, TrainAcc=0.9334, TestAcc=0.8385]
Training Epochs:  49%|████████████████████████                         | 49/100 [01:00<01:02,  1.22s/it, Loss=0.4908, TrainAcc=0.9355, TestAcc=0.8425]
Training Epochs:  50%|████████████████████████▌                        | 50/100 [01:00<01:01,  1.22s/it, Loss=0.4908, TrainAcc=0.9355, TestAcc=0.8425]
Training Epochs:  50%|████████████████████████▌                        | 50/100 [01:02<01:01,  1.22s/it, Loss=0.4805, TrainAcc=0.9349, TestAcc=0.8464]
Training Epochs:  51%|████████████████████████▉                        | 51/100 [01:02<00:59,  1.22s/it, Loss=0.4805, TrainAcc=0.9349, TestAcc=0.8464]
Training Epochs:  51%|████████████████████████▉                        | 51/100 [01:03<00:59,  1.22s/it, Loss=0.4919, TrainAcc=0.9340, TestAcc=0.8440]
Training Epochs:  52%|█████████████████████████▍                       | 52/100 [01:03<00:58,  1.22s/it, Loss=0.4919, TrainAcc=0.9340, TestAcc=0.8440]
Training Epochs:  52%|█████████████████████████▍                       | 52/100 [01:04<00:58,  1.22s/it, Loss=0.4787, TrainAcc=0.9382, TestAcc=0.8437]
Training Epochs:  53%|█████████████████████████▉                       | 53/100 [01:04<00:57,  1.22s/it, Loss=0.4787, TrainAcc=0.9382, TestAcc=0.8437]
Training Epochs:  53%|█████████████████████████▉                       | 53/100 [01:05<00:57,  1.22s/it, Loss=0.4797, TrainAcc=0.9375, TestAcc=0.8389]
Training Epochs:  54%|██████████████████████████▍                      | 54/100 [01:05<00:56,  1.22s/it, Loss=0.4797, TrainAcc=0.9375, TestAcc=0.8389]
Training Epochs:  54%|██████████████████████████▍                      | 54/100 [01:06<00:56,  1.22s/it, Loss=0.4752, TrainAcc=0.9384, TestAcc=0.8440]
Training Epochs:  55%|██████████████████████████▉                      | 55/100 [01:06<00:55,  1.23s/it, Loss=0.4752, TrainAcc=0.9384, TestAcc=0.8440]
Training Epochs:  55%|██████████████████████████▉                      | 55/100 [01:08<00:55,  1.23s/it, Loss=0.4792, TrainAcc=0.9384, TestAcc=0.8421]
Training Epochs:  56%|███████████████████████████▍                     | 56/100 [01:08<00:53,  1.22s/it, Loss=0.4792, TrainAcc=0.9384, TestAcc=0.8421]
Training Epochs:  56%|███████████████████████████▍                     | 56/100 [01:09<00:53,  1.22s/it, Loss=0.4939, TrainAcc=0.9320, TestAcc=0.8464]
Training Epochs:  57%|███████████████████████████▉                     | 57/100 [01:09<00:52,  1.23s/it, Loss=0.4939, TrainAcc=0.9320, TestAcc=0.8464]
Training Epochs:  57%|███████████████████████████▉                     | 57/100 [01:10<00:52,  1.23s/it, Loss=0.4792, TrainAcc=0.9370, TestAcc=0.8484]
Training Epochs:  58%|████████████████████████████▍                    | 58/100 [01:10<00:52,  1.25s/it, Loss=0.4792, TrainAcc=0.9370, TestAcc=0.8484]
Training Epochs:  58%|████████████████████████████▍                    | 58/100 [01:11<00:52,  1.25s/it, Loss=0.4711, TrainAcc=0.9372, TestAcc=0.8437]
Training Epochs:  59%|████████████████████████████▉                    | 59/100 [01:11<00:51,  1.25s/it, Loss=0.4711, TrainAcc=0.9372, TestAcc=0.8437]
Training Epochs:  59%|████████████████████████████▉                    | 59/100 [01:13<00:51,  1.25s/it, Loss=0.4911, TrainAcc=0.9331, TestAcc=0.8365]
Training Epochs:  60%|█████████████████████████████▍                   | 60/100 [01:13<00:49,  1.24s/it, Loss=0.4911, TrainAcc=0.9331, TestAcc=0.8365]
Training Epochs:  60%|█████████████████████████████▍                   | 60/100 [01:14<00:49,  1.24s/it, Loss=0.4762, TrainAcc=0.9420, TestAcc=0.8389]
Training Epochs:  61%|█████████████████████████████▉                   | 61/100 [01:14<00:48,  1.24s/it, Loss=0.4762, TrainAcc=0.9420, TestAcc=0.8389]
Training Epochs:  61%|█████████████████████████████▉                   | 61/100 [01:15<00:48,  1.24s/it, Loss=0.4748, TrainAcc=0.9402, TestAcc=0.8385]
Training Epochs:  62%|██████████████████████████████▍                  | 62/100 [01:15<00:46,  1.23s/it, Loss=0.4748, TrainAcc=0.9402, TestAcc=0.8385]
Training Epochs:  62%|██████████████████████████████▍                  | 62/100 [01:16<00:46,  1.23s/it, Loss=0.4719, TrainAcc=0.9451, TestAcc=0.8409]
Training Epochs:  63%|██████████████████████████████▊                  | 63/100 [01:16<00:45,  1.23s/it, Loss=0.4719, TrainAcc=0.9451, TestAcc=0.8409]
Training Epochs:  63%|██████████████████████████████▊                  | 63/100 [01:18<00:45,  1.23s/it, Loss=0.4669, TrainAcc=0.9442, TestAcc=0.8397]
Training Epochs:  64%|███████████████████████████████▎                 | 64/100 [01:18<00:44,  1.23s/it, Loss=0.4669, TrainAcc=0.9442, TestAcc=0.8397]
Training Epochs:  64%|███████████████████████████████▎                 | 64/100 [01:19<00:44,  1.23s/it, Loss=0.4709, TrainAcc=0.9422, TestAcc=0.8321]
Training Epochs:  65%|███████████████████████████████▊                 | 65/100 [01:19<00:42,  1.23s/it, Loss=0.4709, TrainAcc=0.9422, TestAcc=0.8321]
Training Epochs:  65%|███████████████████████████████▊                 | 65/100 [01:20<00:42,  1.23s/it, Loss=0.4706, TrainAcc=0.9425, TestAcc=0.8373]
Training Epochs:  66%|████████████████████████████████▎                | 66/100 [01:20<00:41,  1.23s/it, Loss=0.4706, TrainAcc=0.9425, TestAcc=0.8373]
Training Epochs:  66%|████████████████████████████████▎                | 66/100 [01:21<00:41,  1.23s/it, Loss=0.4677, TrainAcc=0.9421, TestAcc=0.8397]
Training Epochs:  67%|████████████████████████████████▊                | 67/100 [01:21<00:40,  1.23s/it, Loss=0.4677, TrainAcc=0.9421, TestAcc=0.8397]
Training Epochs:  67%|████████████████████████████████▊                | 67/100 [01:22<00:40,  1.23s/it, Loss=0.4685, TrainAcc=0.9431, TestAcc=0.8429]
Training Epochs:  68%|█████████████████████████████████▎               | 68/100 [01:22<00:39,  1.23s/it, Loss=0.4685, TrainAcc=0.9431, TestAcc=0.8429]
Training Epochs:  68%|█████████████████████████████████▎               | 68/100 [01:24<00:39,  1.23s/it, Loss=0.4936, TrainAcc=0.9327, TestAcc=0.8341]
Training Epochs:  69%|█████████████████████████████████▊               | 69/100 [01:24<00:38,  1.23s/it, Loss=0.4936, TrainAcc=0.9327, TestAcc=0.8341]
Training Epochs:  69%|█████████████████████████████████▊               | 69/100 [01:25<00:38,  1.23s/it, Loss=0.4889, TrainAcc=0.9353, TestAcc=0.8397]
Training Epochs:  70%|██████████████████████████████████▎              | 70/100 [01:25<00:36,  1.23s/it, Loss=0.4889, TrainAcc=0.9353, TestAcc=0.8397]
Training Epochs:  70%|██████████████████████████████████▎              | 70/100 [01:26<00:36,  1.23s/it, Loss=0.4689, TrainAcc=0.9399, TestAcc=0.8440]
Training Epochs:  71%|██████████████████████████████████▊              | 71/100 [01:26<00:35,  1.23s/it, Loss=0.4689, TrainAcc=0.9399, TestAcc=0.8440]
Training Epochs:  71%|██████████████████████████████████▊              | 71/100 [01:27<00:35,  1.23s/it, Loss=0.4742, TrainAcc=0.9381, TestAcc=0.8512]
Training Epochs:  72%|███████████████████████████████████▎             | 72/100 [01:27<00:34,  1.23s/it, Loss=0.4742, TrainAcc=0.9381, TestAcc=0.8512]
Training Epochs:  72%|███████████████████████████████████▎             | 72/100 [01:29<00:34,  1.23s/it, Loss=0.4820, TrainAcc=0.9351, TestAcc=0.8460]
Training Epochs:  73%|███████████████████████████████████▊             | 73/100 [01:29<00:33,  1.23s/it, Loss=0.4820, TrainAcc=0.9351, TestAcc=0.8460]
Training Epochs:  73%|███████████████████████████████████▊             | 73/100 [01:30<00:33,  1.23s/it, Loss=0.4982, TrainAcc=0.9397, TestAcc=0.8389]
Training Epochs:  74%|████████████████████████████████████▎            | 74/100 [01:30<00:31,  1.23s/it, Loss=0.4982, TrainAcc=0.9397, TestAcc=0.8389]
Training Epochs:  74%|████████████████████████████████████▎            | 74/100 [01:31<00:31,  1.23s/it, Loss=0.4708, TrainAcc=0.9400, TestAcc=0.8369]
Training Epochs:  75%|████████████████████████████████████▊            | 75/100 [01:31<00:30,  1.23s/it, Loss=0.4708, TrainAcc=0.9400, TestAcc=0.8369]
Training Epochs:  75%|████████████████████████████████████▊            | 75/100 [01:32<00:30,  1.23s/it, Loss=0.4645, TrainAcc=0.9451, TestAcc=0.8369]
Training Epochs:  76%|█████████████████████████████████████▏           | 76/100 [01:32<00:29,  1.22s/it, Loss=0.4645, TrainAcc=0.9451, TestAcc=0.8369]
Training Epochs:  76%|█████████████████████████████████████▏           | 76/100 [01:34<00:29,  1.22s/it, Loss=0.4613, TrainAcc=0.9459, TestAcc=0.8385]
Training Epochs:  77%|█████████████████████████████████████▋           | 77/100 [01:34<00:28,  1.23s/it, Loss=0.4613, TrainAcc=0.9459, TestAcc=0.8385]
Training Epochs:  77%|█████████████████████████████████████▋           | 77/100 [01:35<00:28,  1.23s/it, Loss=0.4658, TrainAcc=0.9423, TestAcc=0.8298]
Training Epochs:  78%|██████████████████████████████████████▏          | 78/100 [01:35<00:25,  1.17s/it, Loss=0.4658, TrainAcc=0.9423, TestAcc=0.8298]
Training Epochs:  78%|██████████████████████████████████████▏          | 78/100 [01:36<00:25,  1.17s/it, Loss=0.4999, TrainAcc=0.9290, TestAcc=0.8409]
Training Epochs:  79%|██████████████████████████████████████▋          | 79/100 [01:36<00:24,  1.19s/it, Loss=0.4999, TrainAcc=0.9290, TestAcc=0.8409]
Training Epochs:  79%|██████████████████████████████████████▋          | 79/100 [01:37<00:24,  1.19s/it, Loss=0.4685, TrainAcc=0.9407, TestAcc=0.8321]
Training Epochs:  80%|███████████████████████████████████████▏         | 80/100 [01:37<00:24,  1.20s/it, Loss=0.4685, TrainAcc=0.9407, TestAcc=0.8321]
Training Epochs:  80%|███████████████████████████████████████▏         | 80/100 [01:38<00:24,  1.20s/it, Loss=0.4727, TrainAcc=0.9405, TestAcc=0.8393]
Training Epochs:  81%|███████████████████████████████████████▋         | 81/100 [01:38<00:23,  1.21s/it, Loss=0.4727, TrainAcc=0.9405, TestAcc=0.8393]
Training Epochs:  81%|███████████████████████████████████████▋         | 81/100 [01:40<00:23,  1.21s/it, Loss=0.4731, TrainAcc=0.9405, TestAcc=0.8349]
Training Epochs:  82%|████████████████████████████████████████▏        | 82/100 [01:40<00:21,  1.22s/it, Loss=0.4731, TrainAcc=0.9405, TestAcc=0.8349]
Training Epochs:  82%|████████████████████████████████████████▏        | 82/100 [01:41<00:21,  1.22s/it, Loss=0.4668, TrainAcc=0.9401, TestAcc=0.8369]
Training Epochs:  83%|████████████████████████████████████████▋        | 83/100 [01:41<00:20,  1.23s/it, Loss=0.4668, TrainAcc=0.9401, TestAcc=0.8369]
Training Epochs:  83%|████████████████████████████████████████▋        | 83/100 [01:42<00:20,  1.23s/it, Loss=0.4680, TrainAcc=0.9444, TestAcc=0.8405]
Training Epochs:  84%|█████████████████████████████████████████▏       | 84/100 [01:42<00:19,  1.25s/it, Loss=0.4680, TrainAcc=0.9444, TestAcc=0.8405]
Training Epochs:  84%|█████████████████████████████████████████▏       | 84/100 [01:43<00:19,  1.25s/it, Loss=0.4615, TrainAcc=0.9441, TestAcc=0.8329]
Training Epochs:  85%|█████████████████████████████████████████▋       | 85/100 [01:43<00:18,  1.24s/it, Loss=0.4615, TrainAcc=0.9441, TestAcc=0.8329]
Training Epochs:  85%|█████████████████████████████████████████▋       | 85/100 [01:45<00:18,  1.24s/it, Loss=0.4569, TrainAcc=0.9474, TestAcc=0.8397]
Training Epochs:  86%|██████████████████████████████████████████▏      | 86/100 [01:45<00:17,  1.24s/it, Loss=0.4569, TrainAcc=0.9474, TestAcc=0.8397]
Training Epochs:  86%|██████████████████████████████████████████▏      | 86/100 [01:46<00:17,  1.24s/it, Loss=0.4670, TrainAcc=0.9451, TestAcc=0.8440]
Training Epochs:  87%|██████████████████████████████████████████▋      | 87/100 [01:46<00:16,  1.24s/it, Loss=0.4670, TrainAcc=0.9451, TestAcc=0.8440]
Training Epochs:  87%|██████████████████████████████████████████▋      | 87/100 [01:47<00:16,  1.24s/it, Loss=0.4562, TrainAcc=0.9457, TestAcc=0.8345]
Training Epochs:  88%|███████████████████████████████████████████      | 88/100 [01:47<00:14,  1.23s/it, Loss=0.4562, TrainAcc=0.9457, TestAcc=0.8345]
Training Epochs:  88%|███████████████████████████████████████████      | 88/100 [01:48<00:14,  1.23s/it, Loss=0.4795, TrainAcc=0.9385, TestAcc=0.8389]
Training Epochs:  89%|███████████████████████████████████████████▌     | 89/100 [01:48<00:13,  1.23s/it, Loss=0.4795, TrainAcc=0.9385, TestAcc=0.8389]
Training Epochs:  89%|███████████████████████████████████████████▌     | 89/100 [01:49<00:13,  1.23s/it, Loss=0.4769, TrainAcc=0.9368, TestAcc=0.8385]
Training Epochs:  90%|████████████████████████████████████████████     | 90/100 [01:49<00:12,  1.23s/it, Loss=0.4769, TrainAcc=0.9368, TestAcc=0.8385]
Training Epochs:  90%|████████████████████████████████████████████     | 90/100 [01:51<00:12,  1.23s/it, Loss=0.4722, TrainAcc=0.9407, TestAcc=0.8393]
Training Epochs:  91%|████████████████████████████████████████████▌    | 91/100 [01:51<00:11,  1.23s/it, Loss=0.4722, TrainAcc=0.9407, TestAcc=0.8393]
Training Epochs:  91%|████████████████████████████████████████████▌    | 91/100 [01:52<00:11,  1.23s/it, Loss=0.4765, TrainAcc=0.9404, TestAcc=0.8310]
Training Epochs:  92%|█████████████████████████████████████████████    | 92/100 [01:52<00:09,  1.23s/it, Loss=0.4765, TrainAcc=0.9404, TestAcc=0.8310]
Training Epochs:  92%|█████████████████████████████████████████████    | 92/100 [01:53<00:09,  1.23s/it, Loss=0.4833, TrainAcc=0.9356, TestAcc=0.8337]
Training Epochs:  93%|█████████████████████████████████████████████▌   | 93/100 [01:53<00:08,  1.23s/it, Loss=0.4833, TrainAcc=0.9356, TestAcc=0.8337]
Training Epochs:  93%|█████████████████████████████████████████████▌   | 93/100 [01:54<00:08,  1.23s/it, Loss=0.4685, TrainAcc=0.9424, TestAcc=0.8397]
Training Epochs:  94%|██████████████████████████████████████████████   | 94/100 [01:54<00:07,  1.23s/it, Loss=0.4685, TrainAcc=0.9424, TestAcc=0.8397]
Training Epochs:  94%|██████████████████████████████████████████████   | 94/100 [01:56<00:07,  1.23s/it, Loss=0.4669, TrainAcc=0.9455, TestAcc=0.8409]
Training Epochs:  95%|██████████████████████████████████████████████▌  | 95/100 [01:56<00:06,  1.23s/it, Loss=0.4669, TrainAcc=0.9455, TestAcc=0.8409]
Training Epochs:  95%|██████████████████████████████████████████████▌  | 95/100 [01:57<00:06,  1.23s/it, Loss=0.4558, TrainAcc=0.9468, TestAcc=0.8171]
Training Epochs:  96%|███████████████████████████████████████████████  | 96/100 [01:57<00:04,  1.23s/it, Loss=0.4558, TrainAcc=0.9468, TestAcc=0.8171]
Training Epochs:  96%|███████████████████████████████████████████████  | 96/100 [01:58<00:04,  1.23s/it, Loss=0.4757, TrainAcc=0.9420, TestAcc=0.8421]
Training Epochs:  97%|███████████████████████████████████████████████▌ | 97/100 [01:58<00:03,  1.23s/it, Loss=0.4757, TrainAcc=0.9420, TestAcc=0.8421]
Training Epochs:  97%|███████████████████████████████████████████████▌ | 97/100 [01:59<00:03,  1.23s/it, Loss=0.4671, TrainAcc=0.9427, TestAcc=0.8421]
Training Epochs:  98%|████████████████████████████████████████████████ | 98/100 [01:59<00:02,  1.23s/it, Loss=0.4671, TrainAcc=0.9427, TestAcc=0.8421]
Training Epochs:  98%|████████████████████████████████████████████████ | 98/100 [02:01<00:02,  1.23s/it, Loss=0.4836, TrainAcc=0.9381, TestAcc=0.8091]
Training Epochs:  99%|████████████████████████████████████████████████▌| 99/100 [02:01<00:01,  1.23s/it, Loss=0.4836, TrainAcc=0.9381, TestAcc=0.8091]
Training Epochs:  99%|████████████████████████████████████████████████▌| 99/100 [02:02<00:01,  1.23s/it, Loss=0.4868, TrainAcc=0.9277, TestAcc=0.8190]
Training Epochs: 100%|████████████████████████████████████████████████| 100/100 [02:02<00:00,  1.23s/it, Loss=0.4868, TrainAcc=0.9277, TestAcc=0.8190]
Training Epochs: 100%|████████████████████████████████████████████████| 100/100 [02:02<00:00,  1.22s/it, Loss=0.4868, TrainAcc=0.9277, TestAcc=0.8190]
{'Real': {'precision': np.float64(0.8560736902705814), 'recall': np.float64(0.929375), 'f1': np.float64(0.8912196583757866)}, 'Fake': {'precision': np.float64(0.855683269476373), 'recall': np.float64(0.7282608695652174), 'f1': np.float64(0.7868467410452143)}}

Training Epochs:   0%|                                                                                                        | 0/100 [00:00<?, ?it/s]
Training Epochs:   0%|                                                          | 0/100 [00:01<?, ?it/s, Loss=0.9028, TrainAcc=0.7482, TestAcc=0.8127]
Training Epochs:   1%|▌                                                 | 1/100 [00:01<01:45,  1.07s/it, Loss=0.9028, TrainAcc=0.7482, TestAcc=0.8127]
Training Epochs:   1%|▌                                                 | 1/100 [00:02<01:45,  1.07s/it, Loss=0.7935, TrainAcc=0.8009, TestAcc=0.8258]
Training Epochs:   2%|█                                                 | 2/100 [00:02<01:53,  1.15s/it, Loss=0.7935, TrainAcc=0.8009, TestAcc=0.8258]
Training Epochs:   2%|█                                                 | 2/100 [00:03<01:53,  1.15s/it, Loss=0.7739, TrainAcc=0.8090, TestAcc=0.8171]
Training Epochs:   3%|█▌                                                | 3/100 [00:03<01:54,  1.18s/it, Loss=0.7739, TrainAcc=0.8090, TestAcc=0.8171]
Training Epochs:   3%|█▌                                                | 3/100 [00:04<01:54,  1.18s/it, Loss=0.7600, TrainAcc=0.8188, TestAcc=0.8369]
Training Epochs:   4%|██                                                | 4/100 [00:04<01:54,  1.20s/it, Loss=0.7600, TrainAcc=0.8188, TestAcc=0.8369]
Training Epochs:   4%|██                                                | 4/100 [00:05<01:54,  1.20s/it, Loss=0.7530, TrainAcc=0.8243, TestAcc=0.8258]
Training Epochs:   5%|██▌                                               | 5/100 [00:05<01:54,  1.20s/it, Loss=0.7530, TrainAcc=0.8243, TestAcc=0.8258]
Training Epochs:   5%|██▌                                               | 5/100 [00:07<01:54,  1.20s/it, Loss=0.7451, TrainAcc=0.8278, TestAcc=0.8437]
Training Epochs:   6%|███                                               | 6/100 [00:07<01:53,  1.21s/it, Loss=0.7451, TrainAcc=0.8278, TestAcc=0.8437]
Training Epochs:   6%|███                                               | 6/100 [00:08<01:53,  1.21s/it, Loss=0.7245, TrainAcc=0.8413, TestAcc=0.8286]
Training Epochs:   7%|███▌                                              | 7/100 [00:08<01:52,  1.21s/it, Loss=0.7245, TrainAcc=0.8413, TestAcc=0.8286]
Training Epochs:   7%|███▌                                              | 7/100 [00:09<01:52,  1.21s/it, Loss=0.7091, TrainAcc=0.8421, TestAcc=0.8337]
Training Epochs:   8%|████                                              | 8/100 [00:09<01:52,  1.22s/it, Loss=0.7091, TrainAcc=0.8421, TestAcc=0.8337]
Training Epochs:   8%|████                                              | 8/100 [00:10<01:52,  1.22s/it, Loss=0.6854, TrainAcc=0.8574, TestAcc=0.8437]
Training Epochs:   9%|████▌                                             | 9/100 [00:10<01:50,  1.22s/it, Loss=0.6854, TrainAcc=0.8574, TestAcc=0.8437]
Training Epochs:   9%|████▌                                             | 9/100 [00:12<01:50,  1.22s/it, Loss=0.6726, TrainAcc=0.8647, TestAcc=0.8413]
Training Epochs:  10%|████▉                                            | 10/100 [00:12<01:49,  1.22s/it, Loss=0.6726, TrainAcc=0.8647, TestAcc=0.8413]
Training Epochs:  10%|████▉                                            | 10/100 [00:13<01:49,  1.22s/it, Loss=0.6630, TrainAcc=0.8710, TestAcc=0.8480]
Training Epochs:  11%|█████▍                                           | 11/100 [00:13<01:51,  1.25s/it, Loss=0.6630, TrainAcc=0.8710, TestAcc=0.8480]
Training Epochs:  11%|█████▍                                           | 11/100 [00:14<01:51,  1.25s/it, Loss=0.6488, TrainAcc=0.8732, TestAcc=0.8417]
Training Epochs:  12%|█████▉                                           | 12/100 [00:14<01:49,  1.24s/it, Loss=0.6488, TrainAcc=0.8732, TestAcc=0.8417]
Training Epochs:  12%|█████▉                                           | 12/100 [00:15<01:49,  1.24s/it, Loss=0.6411, TrainAcc=0.8743, TestAcc=0.8508]
Training Epochs:  13%|██████▎                                          | 13/100 [00:15<01:47,  1.23s/it, Loss=0.6411, TrainAcc=0.8743, TestAcc=0.8508]
Training Epochs:  13%|██████▎                                          | 13/100 [00:17<01:47,  1.23s/it, Loss=0.6307, TrainAcc=0.8823, TestAcc=0.8345]
Training Epochs:  14%|██████▊                                          | 14/100 [00:17<01:45,  1.23s/it, Loss=0.6307, TrainAcc=0.8823, TestAcc=0.8345]
Training Epochs:  14%|██████▊                                          | 14/100 [00:18<01:45,  1.23s/it, Loss=0.6297, TrainAcc=0.8848, TestAcc=0.8425]
Training Epochs:  15%|███████▎                                         | 15/100 [00:18<01:44,  1.23s/it, Loss=0.6297, TrainAcc=0.8848, TestAcc=0.8425]
Training Epochs:  15%|███████▎                                         | 15/100 [00:19<01:44,  1.23s/it, Loss=0.6072, TrainAcc=0.8898, TestAcc=0.8492]
Training Epochs:  16%|███████▊                                         | 16/100 [00:19<01:42,  1.22s/it, Loss=0.6072, TrainAcc=0.8898, TestAcc=0.8492]
Training Epochs:  16%|███████▊                                         | 16/100 [00:20<01:42,  1.22s/it, Loss=0.5978, TrainAcc=0.8926, TestAcc=0.8452]
Training Epochs:  17%|████████▎                                        | 17/100 [00:20<01:41,  1.22s/it, Loss=0.5978, TrainAcc=0.8926, TestAcc=0.8452]
Training Epochs:  17%|████████▎                                        | 17/100 [00:21<01:41,  1.22s/it, Loss=0.5969, TrainAcc=0.8976, TestAcc=0.8357]
Training Epochs:  18%|████████▊                                        | 18/100 [00:21<01:40,  1.22s/it, Loss=0.5969, TrainAcc=0.8976, TestAcc=0.8357]
Training Epochs:  18%|████████▊                                        | 18/100 [00:23<01:40,  1.22s/it, Loss=0.5979, TrainAcc=0.8960, TestAcc=0.8484]
Training Epochs:  19%|█████████▎                                       | 19/100 [00:23<01:38,  1.22s/it, Loss=0.5979, TrainAcc=0.8960, TestAcc=0.8484]
Training Epochs:  19%|█████████▎                                       | 19/100 [00:24<01:38,  1.22s/it, Loss=0.5752, TrainAcc=0.9049, TestAcc=0.8381]
Training Epochs:  20%|█████████▊                                       | 20/100 [00:24<01:37,  1.22s/it, Loss=0.5752, TrainAcc=0.9049, TestAcc=0.8381]
Training Epochs:  20%|█████████▊                                       | 20/100 [00:25<01:37,  1.22s/it, Loss=0.5842, TrainAcc=0.9041, TestAcc=0.8397]
Training Epochs:  21%|██████████▎                                      | 21/100 [00:25<01:35,  1.21s/it, Loss=0.5842, TrainAcc=0.9041, TestAcc=0.8397]
Training Epochs:  21%|██████████▎                                      | 21/100 [00:26<01:35,  1.21s/it, Loss=0.5697, TrainAcc=0.9080, TestAcc=0.8341]
Training Epochs:  22%|██████████▊                                      | 22/100 [00:26<01:34,  1.21s/it, Loss=0.5697, TrainAcc=0.9080, TestAcc=0.8341]
Training Epochs:  22%|██████████▊                                      | 22/100 [00:27<01:34,  1.21s/it, Loss=0.5730, TrainAcc=0.9045, TestAcc=0.8421]
Training Epochs:  23%|███████████▎                                     | 23/100 [00:27<01:33,  1.22s/it, Loss=0.5730, TrainAcc=0.9045, TestAcc=0.8421]
Training Epochs:  23%|███████████▎                                     | 23/100 [00:29<01:33,  1.22s/it, Loss=0.5609, TrainAcc=0.9104, TestAcc=0.8333]
Training Epochs:  24%|███████████▊                                     | 24/100 [00:29<01:32,  1.22s/it, Loss=0.5609, TrainAcc=0.9104, TestAcc=0.8333]
Training Epochs:  24%|███████████▊                                     | 24/100 [00:30<01:32,  1.22s/it, Loss=0.5593, TrainAcc=0.9121, TestAcc=0.8571]
Training Epochs:  25%|████████████▎                                    | 25/100 [00:30<01:31,  1.22s/it, Loss=0.5593, TrainAcc=0.9121, TestAcc=0.8571]
Training Epochs:  25%|████████████▎                                    | 25/100 [00:31<01:31,  1.22s/it, Loss=0.5459, TrainAcc=0.9183, TestAcc=0.8337]
Training Epochs:  26%|████████████▋                                    | 26/100 [00:31<01:30,  1.22s/it, Loss=0.5459, TrainAcc=0.9183, TestAcc=0.8337]
Training Epochs:  26%|████████████▋                                    | 26/100 [00:32<01:30,  1.22s/it, Loss=0.5506, TrainAcc=0.9133, TestAcc=0.8429]
Training Epochs:  27%|█████████████▏                                   | 27/100 [00:32<01:29,  1.22s/it, Loss=0.5506, TrainAcc=0.9133, TestAcc=0.8429]
Training Epochs:  27%|█████████████▏                                   | 27/100 [00:34<01:29,  1.22s/it, Loss=0.5505, TrainAcc=0.9162, TestAcc=0.8480]
Training Epochs:  28%|█████████████▋                                   | 28/100 [00:34<01:28,  1.22s/it, Loss=0.5505, TrainAcc=0.9162, TestAcc=0.8480]
Training Epochs:  28%|█████████████▋                                   | 28/100 [00:35<01:28,  1.22s/it, Loss=0.5314, TrainAcc=0.9207, TestAcc=0.8413]
Training Epochs:  29%|██████████████▏                                  | 29/100 [00:35<01:26,  1.22s/it, Loss=0.5314, TrainAcc=0.9207, TestAcc=0.8413]
Training Epochs:  29%|██████████████▏                                  | 29/100 [00:36<01:26,  1.22s/it, Loss=0.5354, TrainAcc=0.9243, TestAcc=0.8516]
Training Epochs:  30%|██████████████▋                                  | 30/100 [00:36<01:25,  1.22s/it, Loss=0.5354, TrainAcc=0.9243, TestAcc=0.8516]
Training Epochs:  30%|██████████████▋                                  | 30/100 [00:37<01:25,  1.22s/it, Loss=0.5340, TrainAcc=0.9222, TestAcc=0.8369]
Training Epochs:  31%|███████████████▏                                 | 31/100 [00:37<01:24,  1.22s/it, Loss=0.5340, TrainAcc=0.9222, TestAcc=0.8369]
Training Epochs:  31%|███████████████▏                                 | 31/100 [00:38<01:24,  1.22s/it, Loss=0.5332, TrainAcc=0.9190, TestAcc=0.8504]
Training Epochs:  32%|███████████████▋                                 | 32/100 [00:38<01:22,  1.22s/it, Loss=0.5332, TrainAcc=0.9190, TestAcc=0.8504]
Training Epochs:  32%|███████████████▋                                 | 32/100 [00:40<01:22,  1.22s/it, Loss=0.5300, TrainAcc=0.9187, TestAcc=0.8516]
Training Epochs:  33%|████████████████▏                                | 33/100 [00:40<01:21,  1.21s/it, Loss=0.5300, TrainAcc=0.9187, TestAcc=0.8516]
Training Epochs:  33%|████████████████▏                                | 33/100 [00:41<01:21,  1.21s/it, Loss=0.5233, TrainAcc=0.9264, TestAcc=0.8460]
Training Epochs:  34%|████████████████▋                                | 34/100 [00:41<01:20,  1.22s/it, Loss=0.5233, TrainAcc=0.9264, TestAcc=0.8460]
Training Epochs:  34%|████████████████▋                                | 34/100 [00:42<01:20,  1.22s/it, Loss=0.5102, TrainAcc=0.9311, TestAcc=0.8397]
Training Epochs:  35%|█████████████████▏                               | 35/100 [00:42<01:19,  1.22s/it, Loss=0.5102, TrainAcc=0.9311, TestAcc=0.8397]
Training Epochs:  35%|█████████████████▏                               | 35/100 [00:43<01:19,  1.22s/it, Loss=0.5250, TrainAcc=0.9223, TestAcc=0.8440]
Training Epochs:  36%|█████████████████▋                               | 36/100 [00:43<01:18,  1.22s/it, Loss=0.5250, TrainAcc=0.9223, TestAcc=0.8440]
Training Epochs:  36%|█████████████████▋                               | 36/100 [00:45<01:18,  1.22s/it, Loss=0.5222, TrainAcc=0.9244, TestAcc=0.8294]
Training Epochs:  37%|██████████████████▏                              | 37/100 [00:45<01:17,  1.23s/it, Loss=0.5222, TrainAcc=0.9244, TestAcc=0.8294]
Training Epochs:  37%|██████████████████▏                              | 37/100 [00:46<01:17,  1.23s/it, Loss=0.5250, TrainAcc=0.9279, TestAcc=0.8433]
Training Epochs:  38%|██████████████████▌                              | 38/100 [00:46<01:16,  1.24s/it, Loss=0.5250, TrainAcc=0.9279, TestAcc=0.8433]
Training Epochs:  38%|██████████████████▌                              | 38/100 [00:47<01:16,  1.24s/it, Loss=0.5313, TrainAcc=0.9272, TestAcc=0.8421]
Training Epochs:  39%|███████████████████                              | 39/100 [00:47<01:15,  1.24s/it, Loss=0.5313, TrainAcc=0.9272, TestAcc=0.8421]
Training Epochs:  39%|███████████████████                              | 39/100 [00:48<01:15,  1.24s/it, Loss=0.5222, TrainAcc=0.9276, TestAcc=0.8433]
Training Epochs:  40%|███████████████████▌                             | 40/100 [00:48<01:14,  1.24s/it, Loss=0.5222, TrainAcc=0.9276, TestAcc=0.8433]
Training Epochs:  40%|███████████████████▌                             | 40/100 [00:50<01:14,  1.24s/it, Loss=0.5137, TrainAcc=0.9256, TestAcc=0.8373]
Training Epochs:  41%|████████████████████                             | 41/100 [00:50<01:12,  1.24s/it, Loss=0.5137, TrainAcc=0.9256, TestAcc=0.8373]
Training Epochs:  41%|████████████████████                             | 41/100 [00:51<01:12,  1.24s/it, Loss=0.5168, TrainAcc=0.9279, TestAcc=0.8500]
Training Epochs:  42%|████████████████████▌                            | 42/100 [00:51<01:11,  1.24s/it, Loss=0.5168, TrainAcc=0.9279, TestAcc=0.8500]
Training Epochs:  42%|████████████████████▌                            | 42/100 [00:52<01:11,  1.24s/it, Loss=0.5075, TrainAcc=0.9324, TestAcc=0.8444]
Training Epochs:  43%|█████████████████████                            | 43/100 [00:52<01:10,  1.24s/it, Loss=0.5075, TrainAcc=0.9324, TestAcc=0.8444]
Training Epochs:  43%|█████████████████████                            | 43/100 [00:53<01:10,  1.24s/it, Loss=0.5060, TrainAcc=0.9287, TestAcc=0.8516]
Training Epochs:  44%|█████████████████████▌                           | 44/100 [00:53<01:09,  1.24s/it, Loss=0.5060, TrainAcc=0.9287, TestAcc=0.8516]
Training Epochs:  44%|█████████████████████▌                           | 44/100 [00:54<01:09,  1.24s/it, Loss=0.5108, TrainAcc=0.9328, TestAcc=0.8484]
Training Epochs:  45%|██████████████████████                           | 45/100 [00:54<01:08,  1.24s/it, Loss=0.5108, TrainAcc=0.9328, TestAcc=0.8484]
Training Epochs:  45%|██████████████████████                           | 45/100 [00:56<01:08,  1.24s/it, Loss=0.4945, TrainAcc=0.9372, TestAcc=0.8365]
Training Epochs:  46%|██████████████████████▌                          | 46/100 [00:56<01:06,  1.24s/it, Loss=0.4945, TrainAcc=0.9372, TestAcc=0.8365]
Training Epochs:  46%|██████████████████████▌                          | 46/100 [00:57<01:06,  1.24s/it, Loss=0.5011, TrainAcc=0.9351, TestAcc=0.8385]
Training Epochs:  47%|███████████████████████                          | 47/100 [00:57<01:05,  1.24s/it, Loss=0.5011, TrainAcc=0.9351, TestAcc=0.8385]
Training Epochs:  47%|███████████████████████                          | 47/100 [00:58<01:05,  1.24s/it, Loss=0.5180, TrainAcc=0.9268, TestAcc=0.8433]
Training Epochs:  48%|███████████████████████▌                         | 48/100 [00:58<01:03,  1.23s/it, Loss=0.5180, TrainAcc=0.9268, TestAcc=0.8433]
Training Epochs:  48%|███████████████████████▌                         | 48/100 [00:59<01:03,  1.23s/it, Loss=0.5108, TrainAcc=0.9338, TestAcc=0.8504]
Training Epochs:  49%|████████████████████████                         | 49/100 [00:59<01:02,  1.22s/it, Loss=0.5108, TrainAcc=0.9338, TestAcc=0.8504]
Training Epochs:  49%|████████████████████████                         | 49/100 [01:01<01:02,  1.22s/it, Loss=0.5025, TrainAcc=0.9348, TestAcc=0.8429]
Training Epochs:  50%|████████████████████████▌                        | 50/100 [01:01<01:01,  1.23s/it, Loss=0.5025, TrainAcc=0.9348, TestAcc=0.8429]
Training Epochs:  50%|████████████████████████▌                        | 50/100 [01:02<01:01,  1.23s/it, Loss=0.5027, TrainAcc=0.9331, TestAcc=0.8353]
Training Epochs:  51%|████████████████████████▉                        | 51/100 [01:02<00:59,  1.22s/it, Loss=0.5027, TrainAcc=0.9331, TestAcc=0.8353]
Training Epochs:  51%|████████████████████████▉                        | 51/100 [01:03<00:59,  1.22s/it, Loss=0.4944, TrainAcc=0.9387, TestAcc=0.8468]
Training Epochs:  52%|█████████████████████████▍                       | 52/100 [01:03<00:58,  1.22s/it, Loss=0.4944, TrainAcc=0.9387, TestAcc=0.8468]
Training Epochs:  52%|█████████████████████████▍                       | 52/100 [01:04<00:58,  1.22s/it, Loss=0.5002, TrainAcc=0.9358, TestAcc=0.8433]
Training Epochs:  53%|█████████████████████████▉                       | 53/100 [01:04<00:57,  1.22s/it, Loss=0.5002, TrainAcc=0.9358, TestAcc=0.8433]
Training Epochs:  53%|█████████████████████████▉                       | 53/100 [01:05<00:57,  1.22s/it, Loss=0.5021, TrainAcc=0.9320, TestAcc=0.8377]
Training Epochs:  54%|██████████████████████████▍                      | 54/100 [01:05<00:55,  1.22s/it, Loss=0.5021, TrainAcc=0.9320, TestAcc=0.8377]
Training Epochs:  54%|██████████████████████████▍                      | 54/100 [01:07<00:55,  1.22s/it, Loss=0.4880, TrainAcc=0.9381, TestAcc=0.8421]
Training Epochs:  55%|██████████████████████████▉                      | 55/100 [01:07<00:55,  1.22s/it, Loss=0.4880, TrainAcc=0.9381, TestAcc=0.8421]
Training Epochs:  55%|██████████████████████████▉                      | 55/100 [01:08<00:55,  1.22s/it, Loss=0.4887, TrainAcc=0.9370, TestAcc=0.8421]
Training Epochs:  56%|███████████████████████████▍                     | 56/100 [01:08<00:53,  1.22s/it, Loss=0.4887, TrainAcc=0.9370, TestAcc=0.8421]
Training Epochs:  56%|███████████████████████████▍                     | 56/100 [01:09<00:53,  1.22s/it, Loss=0.4864, TrainAcc=0.9418, TestAcc=0.8325]
Training Epochs:  57%|███████████████████████████▉                     | 57/100 [01:09<00:52,  1.22s/it, Loss=0.4864, TrainAcc=0.9418, TestAcc=0.8325]
Training Epochs:  57%|███████████████████████████▉                     | 57/100 [01:10<00:52,  1.22s/it, Loss=0.4860, TrainAcc=0.9372, TestAcc=0.8246]
Training Epochs:  58%|████████████████████████████▍                    | 58/100 [01:10<00:51,  1.22s/it, Loss=0.4860, TrainAcc=0.9372, TestAcc=0.8246]
Training Epochs:  58%|████████████████████████████▍                    | 58/100 [01:12<00:51,  1.22s/it, Loss=0.4875, TrainAcc=0.9407, TestAcc=0.8425]
Training Epochs:  59%|████████████████████████████▉                    | 59/100 [01:12<00:50,  1.23s/it, Loss=0.4875, TrainAcc=0.9407, TestAcc=0.8425]
Training Epochs:  59%|████████████████████████████▉                    | 59/100 [01:13<00:50,  1.23s/it, Loss=0.4855, TrainAcc=0.9375, TestAcc=0.8369]
Training Epochs:  60%|█████████████████████████████▍                   | 60/100 [01:13<00:48,  1.22s/it, Loss=0.4855, TrainAcc=0.9375, TestAcc=0.8369]
Training Epochs:  60%|█████████████████████████████▍                   | 60/100 [01:14<00:48,  1.22s/it, Loss=0.4748, TrainAcc=0.9430, TestAcc=0.8409]
Training Epochs:  61%|█████████████████████████████▉                   | 61/100 [01:14<00:47,  1.22s/it, Loss=0.4748, TrainAcc=0.9430, TestAcc=0.8409]
Training Epochs:  61%|█████████████████████████████▉                   | 61/100 [01:15<00:47,  1.22s/it, Loss=0.4952, TrainAcc=0.9350, TestAcc=0.8429]
Training Epochs:  62%|██████████████████████████████▍                  | 62/100 [01:15<00:46,  1.21s/it, Loss=0.4952, TrainAcc=0.9350, TestAcc=0.8429]
Training Epochs:  62%|██████████████████████████████▍                  | 62/100 [01:16<00:46,  1.21s/it, Loss=0.4858, TrainAcc=0.9365, TestAcc=0.8401]
Training Epochs:  63%|██████████████████████████████▊                  | 63/100 [01:16<00:44,  1.21s/it, Loss=0.4858, TrainAcc=0.9365, TestAcc=0.8401]
Training Epochs:  63%|██████████████████████████████▊                  | 63/100 [01:18<00:44,  1.21s/it, Loss=0.4842, TrainAcc=0.9415, TestAcc=0.8389]
Training Epochs:  64%|███████████████████████████████▎                 | 64/100 [01:18<00:44,  1.23s/it, Loss=0.4842, TrainAcc=0.9415, TestAcc=0.8389]
Training Epochs:  64%|███████████████████████████████▎                 | 64/100 [01:19<00:44,  1.23s/it, Loss=0.4836, TrainAcc=0.9402, TestAcc=0.8492]
Training Epochs:  65%|███████████████████████████████▊                 | 65/100 [01:19<00:42,  1.23s/it, Loss=0.4836, TrainAcc=0.9402, TestAcc=0.8492]
Training Epochs:  65%|███████████████████████████████▊                 | 65/100 [01:20<00:42,  1.23s/it, Loss=0.4920, TrainAcc=0.9351, TestAcc=0.8369]
Training Epochs:  66%|████████████████████████████████▎                | 66/100 [01:20<00:41,  1.23s/it, Loss=0.4920, TrainAcc=0.9351, TestAcc=0.8369]
Training Epochs:  66%|████████████████████████████████▎                | 66/100 [01:21<00:41,  1.23s/it, Loss=0.4847, TrainAcc=0.9408, TestAcc=0.8464]
Training Epochs:  67%|████████████████████████████████▊                | 67/100 [01:21<00:40,  1.23s/it, Loss=0.4847, TrainAcc=0.9408, TestAcc=0.8464]
Training Epochs:  67%|████████████████████████████████▊                | 67/100 [01:23<00:40,  1.23s/it, Loss=0.4751, TrainAcc=0.9434, TestAcc=0.8444]
Training Epochs:  68%|█████████████████████████████████▎               | 68/100 [01:23<00:39,  1.23s/it, Loss=0.4751, TrainAcc=0.9434, TestAcc=0.8444]
Training Epochs:  68%|█████████████████████████████████▎               | 68/100 [01:24<00:39,  1.23s/it, Loss=0.4739, TrainAcc=0.9490, TestAcc=0.8421]
Training Epochs:  69%|█████████████████████████████████▊               | 69/100 [01:24<00:38,  1.23s/it, Loss=0.4739, TrainAcc=0.9490, TestAcc=0.8421]
Training Epochs:  69%|█████████████████████████████████▊               | 69/100 [01:25<00:38,  1.23s/it, Loss=0.4730, TrainAcc=0.9459, TestAcc=0.8401]
Training Epochs:  70%|██████████████████████████████████▎              | 70/100 [01:25<00:36,  1.23s/it, Loss=0.4730, TrainAcc=0.9459, TestAcc=0.8401]
Training Epochs:  70%|██████████████████████████████████▎              | 70/100 [01:26<00:36,  1.23s/it, Loss=0.4776, TrainAcc=0.9418, TestAcc=0.8476]
Training Epochs:  71%|██████████████████████████████████▊              | 71/100 [01:26<00:35,  1.23s/it, Loss=0.4776, TrainAcc=0.9418, TestAcc=0.8476]
Training Epochs:  71%|██████████████████████████████████▊              | 71/100 [01:28<00:35,  1.23s/it, Loss=0.4729, TrainAcc=0.9457, TestAcc=0.8393]
Training Epochs:  72%|███████████████████████████████████▎             | 72/100 [01:28<00:34,  1.23s/it, Loss=0.4729, TrainAcc=0.9457, TestAcc=0.8393]
Training Epochs:  72%|███████████████████████████████████▎             | 72/100 [01:29<00:34,  1.23s/it, Loss=0.4686, TrainAcc=0.9455, TestAcc=0.8440]
Training Epochs:  73%|███████████████████████████████████▊             | 73/100 [01:29<00:33,  1.23s/it, Loss=0.4686, TrainAcc=0.9455, TestAcc=0.8440]
Training Epochs:  73%|███████████████████████████████████▊             | 73/100 [01:30<00:33,  1.23s/it, Loss=0.4624, TrainAcc=0.9499, TestAcc=0.8294]
Training Epochs:  74%|████████████████████████████████████▎            | 74/100 [01:30<00:31,  1.23s/it, Loss=0.4624, TrainAcc=0.9499, TestAcc=0.8294]
Training Epochs:  74%|████████████████████████████████████▎            | 74/100 [01:31<00:31,  1.23s/it, Loss=0.4785, TrainAcc=0.9422, TestAcc=0.8409]
Training Epochs:  75%|████████████████████████████████████▊            | 75/100 [01:31<00:30,  1.23s/it, Loss=0.4785, TrainAcc=0.9422, TestAcc=0.8409]
Training Epochs:  75%|████████████████████████████████████▊            | 75/100 [01:32<00:30,  1.23s/it, Loss=0.4649, TrainAcc=0.9492, TestAcc=0.8389]
Training Epochs:  76%|█████████████████████████████████████▏           | 76/100 [01:32<00:29,  1.23s/it, Loss=0.4649, TrainAcc=0.9492, TestAcc=0.8389]
Training Epochs:  76%|█████████████████████████████████████▏           | 76/100 [01:34<00:29,  1.23s/it, Loss=0.4755, TrainAcc=0.9435, TestAcc=0.8365]
Training Epochs:  77%|█████████████████████████████████████▋           | 77/100 [01:34<00:28,  1.24s/it, Loss=0.4755, TrainAcc=0.9435, TestAcc=0.8365]
Training Epochs:  77%|█████████████████████████████████████▋           | 77/100 [01:35<00:28,  1.24s/it, Loss=0.4738, TrainAcc=0.9450, TestAcc=0.8413]
Training Epochs:  78%|██████████████████████████████████████▏          | 78/100 [01:35<00:27,  1.23s/it, Loss=0.4738, TrainAcc=0.9450, TestAcc=0.8413]
Training Epochs:  78%|██████████████████████████████████████▏          | 78/100 [01:36<00:27,  1.23s/it, Loss=0.4656, TrainAcc=0.9459, TestAcc=0.8393]
Training Epochs:  79%|██████████████████████████████████████▋          | 79/100 [01:36<00:25,  1.23s/it, Loss=0.4656, TrainAcc=0.9459, TestAcc=0.8393]
Training Epochs:  79%|██████████████████████████████████████▋          | 79/100 [01:37<00:25,  1.23s/it, Loss=0.4694, TrainAcc=0.9488, TestAcc=0.8349]
Training Epochs:  80%|███████████████████████████████████████▏         | 80/100 [01:37<00:24,  1.23s/it, Loss=0.4694, TrainAcc=0.9488, TestAcc=0.8349]
Training Epochs:  80%|███████████████████████████████████████▏         | 80/100 [01:39<00:24,  1.23s/it, Loss=0.4507, TrainAcc=0.9509, TestAcc=0.8353]
Training Epochs:  81%|███████████████████████████████████████▋         | 81/100 [01:39<00:23,  1.23s/it, Loss=0.4507, TrainAcc=0.9509, TestAcc=0.8353]
Training Epochs:  81%|███████████████████████████████████████▋         | 81/100 [01:40<00:23,  1.23s/it, Loss=0.4684, TrainAcc=0.9450, TestAcc=0.8381]
Training Epochs:  82%|████████████████████████████████████████▏        | 82/100 [01:40<00:22,  1.23s/it, Loss=0.4684, TrainAcc=0.9450, TestAcc=0.8381]
Training Epochs:  82%|████████████████████████████████████████▏        | 82/100 [01:41<00:22,  1.23s/it, Loss=0.4834, TrainAcc=0.9446, TestAcc=0.8393]
Training Epochs:  83%|████████████████████████████████████████▋        | 83/100 [01:41<00:20,  1.23s/it, Loss=0.4834, TrainAcc=0.9446, TestAcc=0.8393]
Training Epochs:  83%|████████████████████████████████████████▋        | 83/100 [01:42<00:20,  1.23s/it, Loss=0.4766, TrainAcc=0.9421, TestAcc=0.8397]
Training Epochs:  84%|█████████████████████████████████████████▏       | 84/100 [01:42<00:19,  1.23s/it, Loss=0.4766, TrainAcc=0.9421, TestAcc=0.8397]
Training Epochs:  84%|█████████████████████████████████████████▏       | 84/100 [01:44<00:19,  1.23s/it, Loss=0.4671, TrainAcc=0.9440, TestAcc=0.8417]
Training Epochs:  85%|█████████████████████████████████████████▋       | 85/100 [01:44<00:18,  1.23s/it, Loss=0.4671, TrainAcc=0.9440, TestAcc=0.8417]
Training Epochs:  85%|█████████████████████████████████████████▋       | 85/100 [01:45<00:18,  1.23s/it, Loss=0.4683, TrainAcc=0.9461, TestAcc=0.8317]
Training Epochs:  86%|██████████████████████████████████████████▏      | 86/100 [01:45<00:17,  1.23s/it, Loss=0.4683, TrainAcc=0.9461, TestAcc=0.8317]
Training Epochs:  86%|██████████████████████████████████████████▏      | 86/100 [01:46<00:17,  1.23s/it, Loss=0.4702, TrainAcc=0.9465, TestAcc=0.8448]
Training Epochs:  87%|██████████████████████████████████████████▋      | 87/100 [01:46<00:16,  1.23s/it, Loss=0.4702, TrainAcc=0.9465, TestAcc=0.8448]
Training Epochs:  87%|██████████████████████████████████████████▋      | 87/100 [01:47<00:16,  1.23s/it, Loss=0.4661, TrainAcc=0.9488, TestAcc=0.8409]
Training Epochs:  88%|███████████████████████████████████████████      | 88/100 [01:47<00:14,  1.23s/it, Loss=0.4661, TrainAcc=0.9488, TestAcc=0.8409]
Training Epochs:  88%|███████████████████████████████████████████      | 88/100 [01:48<00:14,  1.23s/it, Loss=0.4762, TrainAcc=0.9461, TestAcc=0.8341]
Training Epochs:  89%|███████████████████████████████████████████▌     | 89/100 [01:48<00:13,  1.23s/it, Loss=0.4762, TrainAcc=0.9461, TestAcc=0.8341]
Training Epochs:  89%|███████████████████████████████████████████▌     | 89/100 [01:50<00:13,  1.23s/it, Loss=0.4566, TrainAcc=0.9493, TestAcc=0.8405]
Training Epochs:  90%|████████████████████████████████████████████     | 90/100 [01:50<00:12,  1.22s/it, Loss=0.4566, TrainAcc=0.9493, TestAcc=0.8405]
Training Epochs:  90%|████████████████████████████████████████████     | 90/100 [01:51<00:12,  1.22s/it, Loss=0.4793, TrainAcc=0.9425, TestAcc=0.8365]
Training Epochs:  91%|████████████████████████████████████████████▌    | 91/100 [01:51<00:11,  1.25s/it, Loss=0.4793, TrainAcc=0.9425, TestAcc=0.8365]
Training Epochs:  91%|████████████████████████████████████████████▌    | 91/100 [01:52<00:11,  1.25s/it, Loss=0.4619, TrainAcc=0.9458, TestAcc=0.8468]
Training Epochs:  92%|█████████████████████████████████████████████    | 92/100 [01:52<00:09,  1.24s/it, Loss=0.4619, TrainAcc=0.9458, TestAcc=0.8468]
Training Epochs:  92%|█████████████████████████████████████████████    | 92/100 [01:53<00:09,  1.24s/it, Loss=0.4696, TrainAcc=0.9446, TestAcc=0.8508]
Training Epochs:  93%|█████████████████████████████████████████████▌   | 93/100 [01:53<00:08,  1.23s/it, Loss=0.4696, TrainAcc=0.9446, TestAcc=0.8508]
Training Epochs:  93%|█████████████████████████████████████████████▌   | 93/100 [01:55<00:08,  1.23s/it, Loss=0.4520, TrainAcc=0.9519, TestAcc=0.8377]
Training Epochs:  94%|██████████████████████████████████████████████   | 94/100 [01:55<00:07,  1.23s/it, Loss=0.4520, TrainAcc=0.9519, TestAcc=0.8377]
Training Epochs:  94%|██████████████████████████████████████████████   | 94/100 [01:56<00:07,  1.23s/it, Loss=0.4604, TrainAcc=0.9489, TestAcc=0.8409]
Training Epochs:  95%|██████████████████████████████████████████████▌  | 95/100 [01:56<00:06,  1.21s/it, Loss=0.4604, TrainAcc=0.9489, TestAcc=0.8409]
Training Epochs:  95%|██████████████████████████████████████████████▌  | 95/100 [01:57<00:06,  1.21s/it, Loss=0.4571, TrainAcc=0.9529, TestAcc=0.8345]
Training Epochs:  96%|███████████████████████████████████████████████  | 96/100 [01:57<00:04,  1.16s/it, Loss=0.4571, TrainAcc=0.9529, TestAcc=0.8345]
Training Epochs:  96%|███████████████████████████████████████████████  | 96/100 [01:58<00:04,  1.16s/it, Loss=0.4643, TrainAcc=0.9485, TestAcc=0.8365]
Training Epochs:  97%|███████████████████████████████████████████████▌ | 97/100 [01:58<00:03,  1.17s/it, Loss=0.4643, TrainAcc=0.9485, TestAcc=0.8365]
Training Epochs:  97%|███████████████████████████████████████████████▌ | 97/100 [01:59<00:03,  1.17s/it, Loss=0.4699, TrainAcc=0.9461, TestAcc=0.8405]
Training Epochs:  98%|████████████████████████████████████████████████ | 98/100 [01:59<00:02,  1.18s/it, Loss=0.4699, TrainAcc=0.9461, TestAcc=0.8405]
Training Epochs:  98%|████████████████████████████████████████████████ | 98/100 [02:00<00:02,  1.18s/it, Loss=0.4778, TrainAcc=0.9434, TestAcc=0.8417]
Training Epochs:  99%|████████████████████████████████████████████████▌| 99/100 [02:00<00:01,  1.19s/it, Loss=0.4778, TrainAcc=0.9434, TestAcc=0.8417]
Training Epochs:  99%|████████████████████████████████████████████████▌| 99/100 [02:02<00:01,  1.19s/it, Loss=0.4791, TrainAcc=0.9429, TestAcc=0.8437]
Training Epochs: 100%|████████████████████████████████████████████████| 100/100 [02:02<00:00,  1.19s/it, Loss=0.4791, TrainAcc=0.9429, TestAcc=0.8437]
Training Epochs: 100%|████████████████████████████████████████████████| 100/100 [02:02<00:00,  1.22s/it, Loss=0.4791, TrainAcc=0.9429, TestAcc=0.8437]
{'Real': {'precision': np.float64(0.8555045871559633), 'recall': np.float64(0.9325), 'f1': np.float64(0.8923444976076556)}, 'Fake': {'precision': np.float64(0.8608247422680413), 'recall': np.float64(0.7260869565217392), 'f1': np.float64(0.7877358490566038)}}

Training Epochs:   0%|                                                                                                        | 0/100 [00:00<?, ?it/s]
Training Epochs:   0%|                                                          | 0/100 [00:01<?, ?it/s, Loss=0.8881, TrainAcc=0.7619, TestAcc=0.7885]
Training Epochs:   1%|▌                                                 | 1/100 [00:01<01:50,  1.12s/it, Loss=0.8881, TrainAcc=0.7619, TestAcc=0.7885]
Training Epochs:   1%|▌                                                 | 1/100 [00:02<01:50,  1.12s/it, Loss=0.8056, TrainAcc=0.7920, TestAcc=0.8119]
Training Epochs:   2%|█                                                 | 2/100 [00:02<01:54,  1.17s/it, Loss=0.8056, TrainAcc=0.7920, TestAcc=0.8119]
Training Epochs:   2%|█                                                 | 2/100 [00:03<01:54,  1.17s/it, Loss=0.7707, TrainAcc=0.8133, TestAcc=0.8345]
Training Epochs:   3%|█▌                                                | 3/100 [00:03<01:56,  1.20s/it, Loss=0.7707, TrainAcc=0.8133, TestAcc=0.8345]
Training Epochs:   3%|█▌                                                | 3/100 [00:04<01:56,  1.20s/it, Loss=0.7601, TrainAcc=0.8206, TestAcc=0.8258]
Training Epochs:   4%|██                                                | 4/100 [00:04<01:55,  1.21s/it, Loss=0.7601, TrainAcc=0.8206, TestAcc=0.8258]
Training Epochs:   4%|██                                                | 4/100 [00:05<01:55,  1.21s/it, Loss=0.7403, TrainAcc=0.8320, TestAcc=0.8413]
Training Epochs:   5%|██▌                                               | 5/100 [00:05<01:51,  1.17s/it, Loss=0.7403, TrainAcc=0.8320, TestAcc=0.8413]
Training Epochs:   5%|██▌                                               | 5/100 [00:06<01:51,  1.17s/it, Loss=0.7438, TrainAcc=0.8302, TestAcc=0.8298]
Training Epochs:   6%|███                                               | 6/100 [00:06<01:48,  1.15s/it, Loss=0.7438, TrainAcc=0.8302, TestAcc=0.8298]
Training Epochs:   6%|███                                               | 6/100 [00:08<01:48,  1.15s/it, Loss=0.7205, TrainAcc=0.8434, TestAcc=0.8294]
Training Epochs:   7%|███▌                                              | 7/100 [00:08<01:49,  1.18s/it, Loss=0.7205, TrainAcc=0.8434, TestAcc=0.8294]
Training Epochs:   7%|███▌                                              | 7/100 [00:09<01:49,  1.18s/it, Loss=0.7242, TrainAcc=0.8393, TestAcc=0.8369]
Training Epochs:   8%|████                                              | 8/100 [00:09<01:49,  1.19s/it, Loss=0.7242, TrainAcc=0.8393, TestAcc=0.8369]
Training Epochs:   8%|████                                              | 8/100 [00:10<01:49,  1.19s/it, Loss=0.7021, TrainAcc=0.8520, TestAcc=0.8397]
Training Epochs:   9%|████▌                                             | 9/100 [00:10<01:48,  1.19s/it, Loss=0.7021, TrainAcc=0.8520, TestAcc=0.8397]
Training Epochs:   9%|████▌                                             | 9/100 [00:11<01:48,  1.19s/it, Loss=0.6809, TrainAcc=0.8583, TestAcc=0.8234]
Training Epochs:  10%|████▉                                            | 10/100 [00:11<01:48,  1.21s/it, Loss=0.6809, TrainAcc=0.8583, TestAcc=0.8234]
Training Epochs:  10%|████▉                                            | 10/100 [00:13<01:48,  1.21s/it, Loss=0.6706, TrainAcc=0.8644, TestAcc=0.8476]
Training Epochs:  11%|█████▍                                           | 11/100 [00:13<01:47,  1.21s/it, Loss=0.6706, TrainAcc=0.8644, TestAcc=0.8476]
Training Epochs:  11%|█████▍                                           | 11/100 [00:14<01:47,  1.21s/it, Loss=0.6557, TrainAcc=0.8724, TestAcc=0.8409]
Training Epochs:  12%|█████▉                                           | 12/100 [00:14<01:46,  1.21s/it, Loss=0.6557, TrainAcc=0.8724, TestAcc=0.8409]
Training Epochs:  12%|█████▉                                           | 12/100 [00:15<01:46,  1.21s/it, Loss=0.6333, TrainAcc=0.8807, TestAcc=0.8290]
Training Epochs:  13%|██████▎                                          | 13/100 [00:15<01:45,  1.21s/it, Loss=0.6333, TrainAcc=0.8807, TestAcc=0.8290]
Training Epochs:  13%|██████▎                                          | 13/100 [00:16<01:45,  1.21s/it, Loss=0.6304, TrainAcc=0.8746, TestAcc=0.8377]
Training Epochs:  14%|██████▊                                          | 14/100 [00:16<01:42,  1.19s/it, Loss=0.6304, TrainAcc=0.8746, TestAcc=0.8377]
Training Epochs:  14%|██████▊                                          | 14/100 [00:17<01:42,  1.19s/it, Loss=0.6206, TrainAcc=0.8816, TestAcc=0.8425]
Training Epochs:  15%|███████▎                                         | 15/100 [00:17<01:40,  1.19s/it, Loss=0.6206, TrainAcc=0.8816, TestAcc=0.8425]
Training Epochs:  15%|███████▎                                         | 15/100 [00:19<01:40,  1.19s/it, Loss=0.6057, TrainAcc=0.8946, TestAcc=0.8417]
Training Epochs:  16%|███████▊                                         | 16/100 [00:19<01:39,  1.18s/it, Loss=0.6057, TrainAcc=0.8946, TestAcc=0.8417]
Training Epochs:  16%|███████▊                                         | 16/100 [00:20<01:39,  1.18s/it, Loss=0.5824, TrainAcc=0.9006, TestAcc=0.8456]
Training Epochs:  17%|████████▎                                        | 17/100 [00:20<01:38,  1.19s/it, Loss=0.5824, TrainAcc=0.9006, TestAcc=0.8456]
Training Epochs:  17%|████████▎                                        | 17/100 [00:21<01:38,  1.19s/it, Loss=0.5875, TrainAcc=0.8965, TestAcc=0.8401]
Training Epochs:  18%|████████▊                                        | 18/100 [00:21<01:40,  1.23s/it, Loss=0.5875, TrainAcc=0.8965, TestAcc=0.8401]
Training Epochs:  18%|████████▊                                        | 18/100 [00:22<01:40,  1.23s/it, Loss=0.5787, TrainAcc=0.9031, TestAcc=0.8452]
Training Epochs:  19%|█████████▎                                       | 19/100 [00:22<01:39,  1.22s/it, Loss=0.5787, TrainAcc=0.9031, TestAcc=0.8452]
Training Epochs:  19%|█████████▎                                       | 19/100 [00:23<01:39,  1.22s/it, Loss=0.5761, TrainAcc=0.9011, TestAcc=0.8508]
Training Epochs:  20%|█████████▊                                       | 20/100 [00:23<01:37,  1.22s/it, Loss=0.5761, TrainAcc=0.9011, TestAcc=0.8508]
Training Epochs:  20%|█████████▊                                       | 20/100 [00:25<01:37,  1.22s/it, Loss=0.5611, TrainAcc=0.9116, TestAcc=0.8373]
Training Epochs:  21%|██████████▎                                      | 21/100 [00:25<01:36,  1.22s/it, Loss=0.5611, TrainAcc=0.9116, TestAcc=0.8373]
Training Epochs:  21%|██████████▎                                      | 21/100 [00:26<01:36,  1.22s/it, Loss=0.5642, TrainAcc=0.9066, TestAcc=0.8460]
Training Epochs:  22%|██████████▊                                      | 22/100 [00:26<01:35,  1.22s/it, Loss=0.5642, TrainAcc=0.9066, TestAcc=0.8460]
Training Epochs:  22%|██████████▊                                      | 22/100 [00:27<01:35,  1.22s/it, Loss=0.5574, TrainAcc=0.9080, TestAcc=0.8468]
Training Epochs:  23%|███████████▎                                     | 23/100 [00:27<01:33,  1.22s/it, Loss=0.5574, TrainAcc=0.9080, TestAcc=0.8468]
Training Epochs:  23%|███████████▎                                     | 23/100 [00:28<01:33,  1.22s/it, Loss=0.5546, TrainAcc=0.9112, TestAcc=0.8329]
Training Epochs:  24%|███████████▊                                     | 24/100 [00:28<01:32,  1.22s/it, Loss=0.5546, TrainAcc=0.9112, TestAcc=0.8329]
Training Epochs:  24%|███████████▊                                     | 24/100 [00:30<01:32,  1.22s/it, Loss=0.5413, TrainAcc=0.9159, TestAcc=0.8369]
Training Epochs:  25%|████████████▎                                    | 25/100 [00:30<01:31,  1.22s/it, Loss=0.5413, TrainAcc=0.9159, TestAcc=0.8369]
Training Epochs:  25%|████████████▎                                    | 25/100 [00:31<01:31,  1.22s/it, Loss=0.5427, TrainAcc=0.9109, TestAcc=0.8417]
Training Epochs:  26%|████████████▋                                    | 26/100 [00:31<01:29,  1.22s/it, Loss=0.5427, TrainAcc=0.9109, TestAcc=0.8417]
Training Epochs:  26%|████████████▋                                    | 26/100 [00:32<01:29,  1.22s/it, Loss=0.5358, TrainAcc=0.9234, TestAcc=0.8405]
Training Epochs:  27%|█████████████▏                                   | 27/100 [00:32<01:28,  1.21s/it, Loss=0.5358, TrainAcc=0.9234, TestAcc=0.8405]
Training Epochs:  27%|█████████████▏                                   | 27/100 [00:33<01:28,  1.21s/it, Loss=0.5355, TrainAcc=0.9196, TestAcc=0.8437]
Training Epochs:  28%|█████████████▋                                   | 28/100 [00:33<01:27,  1.21s/it, Loss=0.5355, TrainAcc=0.9196, TestAcc=0.8437]
Training Epochs:  28%|█████████████▋                                   | 28/100 [00:34<01:27,  1.21s/it, Loss=0.5315, TrainAcc=0.9176, TestAcc=0.8333]
Training Epochs:  29%|██████████████▏                                  | 29/100 [00:34<01:26,  1.21s/it, Loss=0.5315, TrainAcc=0.9176, TestAcc=0.8333]
Training Epochs:  29%|██████████████▏                                  | 29/100 [00:36<01:26,  1.21s/it, Loss=0.5200, TrainAcc=0.9211, TestAcc=0.8429]
Training Epochs:  30%|██████████████▋                                  | 30/100 [00:36<01:24,  1.21s/it, Loss=0.5200, TrainAcc=0.9211, TestAcc=0.8429]
Training Epochs:  30%|██████████████▋                                  | 30/100 [00:37<01:24,  1.21s/it, Loss=0.5244, TrainAcc=0.9252, TestAcc=0.8476]
Training Epochs:  31%|███████████████▏                                 | 31/100 [00:37<01:23,  1.21s/it, Loss=0.5244, TrainAcc=0.9252, TestAcc=0.8476]
Training Epochs:  31%|███████████████▏                                 | 31/100 [00:38<01:23,  1.21s/it, Loss=0.5161, TrainAcc=0.9235, TestAcc=0.8401]
Training Epochs:  32%|███████████████▋                                 | 32/100 [00:38<01:22,  1.21s/it, Loss=0.5161, TrainAcc=0.9235, TestAcc=0.8401]
Training Epochs:  32%|███████████████▋                                 | 32/100 [00:39<01:22,  1.21s/it, Loss=0.5225, TrainAcc=0.9202, TestAcc=0.8500]
Training Epochs:  33%|████████████████▏                                | 33/100 [00:39<01:21,  1.21s/it, Loss=0.5225, TrainAcc=0.9202, TestAcc=0.8500]
Training Epochs:  33%|████████████████▏                                | 33/100 [00:40<01:21,  1.21s/it, Loss=0.5107, TrainAcc=0.9281, TestAcc=0.8409]
Training Epochs:  34%|████████████████▋                                | 34/100 [00:40<01:20,  1.22s/it, Loss=0.5107, TrainAcc=0.9281, TestAcc=0.8409]
Training Epochs:  34%|████████████████▋                                | 34/100 [00:42<01:20,  1.22s/it, Loss=0.4996, TrainAcc=0.9344, TestAcc=0.8409]
Training Epochs:  35%|█████████████████▏                               | 35/100 [00:42<01:19,  1.22s/it, Loss=0.4996, TrainAcc=0.9344, TestAcc=0.8409]
Training Epochs:  35%|█████████████████▏                               | 35/100 [00:43<01:19,  1.22s/it, Loss=0.4977, TrainAcc=0.9323, TestAcc=0.8302]
Training Epochs:  36%|█████████████████▋                               | 36/100 [00:43<01:17,  1.22s/it, Loss=0.4977, TrainAcc=0.9323, TestAcc=0.8302]
Training Epochs:  36%|█████████████████▋                               | 36/100 [00:44<01:17,  1.22s/it, Loss=0.5095, TrainAcc=0.9302, TestAcc=0.8448]
Training Epochs:  37%|██████████████████▏                              | 37/100 [00:44<01:16,  1.22s/it, Loss=0.5095, TrainAcc=0.9302, TestAcc=0.8448]
Training Epochs:  37%|██████████████████▏                              | 37/100 [00:45<01:16,  1.22s/it, Loss=0.4957, TrainAcc=0.9350, TestAcc=0.8433]
Training Epochs:  38%|██████████████████▌                              | 38/100 [00:45<01:15,  1.22s/it, Loss=0.4957, TrainAcc=0.9350, TestAcc=0.8433]
Training Epochs:  38%|██████████████████▌                              | 38/100 [00:47<01:15,  1.22s/it, Loss=0.5018, TrainAcc=0.9310, TestAcc=0.8413]
Training Epochs:  39%|███████████████████                              | 39/100 [00:47<01:14,  1.22s/it, Loss=0.5018, TrainAcc=0.9310, TestAcc=0.8413]
Training Epochs:  39%|███████████████████                              | 39/100 [00:48<01:14,  1.22s/it, Loss=0.5013, TrainAcc=0.9321, TestAcc=0.8437]
Training Epochs:  40%|███████████████████▌                             | 40/100 [00:48<01:12,  1.22s/it, Loss=0.5013, TrainAcc=0.9321, TestAcc=0.8437]
Training Epochs:  40%|███████████████████▌                             | 40/100 [00:49<01:12,  1.22s/it, Loss=0.5206, TrainAcc=0.9294, TestAcc=0.8452]
Training Epochs:  41%|████████████████████                             | 41/100 [00:49<01:11,  1.21s/it, Loss=0.5206, TrainAcc=0.9294, TestAcc=0.8452]
Training Epochs:  41%|████████████████████                             | 41/100 [00:50<01:11,  1.21s/it, Loss=0.4950, TrainAcc=0.9387, TestAcc=0.8397]
Training Epochs:  42%|████████████████████▌                            | 42/100 [00:50<01:10,  1.21s/it, Loss=0.4950, TrainAcc=0.9387, TestAcc=0.8397]
Training Epochs:  42%|████████████████████▌                            | 42/100 [00:51<01:10,  1.21s/it, Loss=0.5022, TrainAcc=0.9323, TestAcc=0.8409]
Training Epochs:  43%|█████████████████████                            | 43/100 [00:51<01:09,  1.23s/it, Loss=0.5022, TrainAcc=0.9323, TestAcc=0.8409]
Training Epochs:  43%|█████████████████████                            | 43/100 [00:53<01:09,  1.23s/it, Loss=0.4911, TrainAcc=0.9410, TestAcc=0.8333]
Training Epochs:  44%|█████████████████████▌                           | 44/100 [00:53<01:08,  1.23s/it, Loss=0.4911, TrainAcc=0.9410, TestAcc=0.8333]
Training Epochs:  44%|█████████████████████▌                           | 44/100 [00:54<01:08,  1.23s/it, Loss=0.5020, TrainAcc=0.9347, TestAcc=0.8448]
Training Epochs:  45%|██████████████████████                           | 45/100 [00:54<01:08,  1.25s/it, Loss=0.5020, TrainAcc=0.9347, TestAcc=0.8448]
Training Epochs:  45%|██████████████████████                           | 45/100 [00:55<01:08,  1.25s/it, Loss=0.4882, TrainAcc=0.9398, TestAcc=0.8492]
Training Epochs:  46%|██████████████████████▌                          | 46/100 [00:55<01:07,  1.25s/it, Loss=0.4882, TrainAcc=0.9398, TestAcc=0.8492]
Training Epochs:  46%|██████████████████████▌                          | 46/100 [00:56<01:07,  1.25s/it, Loss=0.4906, TrainAcc=0.9342, TestAcc=0.8512]
Training Epochs:  47%|███████████████████████                          | 47/100 [00:56<01:05,  1.24s/it, Loss=0.4906, TrainAcc=0.9342, TestAcc=0.8512]
Training Epochs:  47%|███████████████████████                          | 47/100 [00:58<01:05,  1.24s/it, Loss=0.4777, TrainAcc=0.9414, TestAcc=0.8496]
Training Epochs:  48%|███████████████████████▌                         | 48/100 [00:58<01:04,  1.23s/it, Loss=0.4777, TrainAcc=0.9414, TestAcc=0.8496]
Training Epochs:  48%|███████████████████████▌                         | 48/100 [00:59<01:04,  1.23s/it, Loss=0.4825, TrainAcc=0.9387, TestAcc=0.8401]
Training Epochs:  49%|████████████████████████                         | 49/100 [00:59<01:02,  1.23s/it, Loss=0.4825, TrainAcc=0.9387, TestAcc=0.8401]
Training Epochs:  49%|████████████████████████                         | 49/100 [01:00<01:02,  1.23s/it, Loss=0.4798, TrainAcc=0.9414, TestAcc=0.8520]
Training Epochs:  50%|████████████████████████▌                        | 50/100 [01:00<01:01,  1.22s/it, Loss=0.4798, TrainAcc=0.9414, TestAcc=0.8520]
Training Epochs:  50%|████████████████████████▌                        | 50/100 [01:01<01:01,  1.22s/it, Loss=0.4825, TrainAcc=0.9389, TestAcc=0.8440]
Training Epochs:  51%|████████████████████████▉                        | 51/100 [01:01<00:59,  1.22s/it, Loss=0.4825, TrainAcc=0.9389, TestAcc=0.8440]
Training Epochs:  51%|████████████████████████▉                        | 51/100 [01:03<00:59,  1.22s/it, Loss=0.4844, TrainAcc=0.9373, TestAcc=0.8468]
Training Epochs:  52%|█████████████████████████▍                       | 52/100 [01:03<00:58,  1.22s/it, Loss=0.4844, TrainAcc=0.9373, TestAcc=0.8468]
Training Epochs:  52%|█████████████████████████▍                       | 52/100 [01:04<00:58,  1.22s/it, Loss=0.4699, TrainAcc=0.9451, TestAcc=0.8349]
Training Epochs:  53%|█████████████████████████▉                       | 53/100 [01:04<00:57,  1.22s/it, Loss=0.4699, TrainAcc=0.9451, TestAcc=0.8349]
Training Epochs:  53%|█████████████████████████▉                       | 53/100 [01:05<00:57,  1.22s/it, Loss=0.4769, TrainAcc=0.9414, TestAcc=0.8381]
Training Epochs:  54%|██████████████████████████▍                      | 54/100 [01:05<00:56,  1.22s/it, Loss=0.4769, TrainAcc=0.9414, TestAcc=0.8381]
Training Epochs:  54%|██████████████████████████▍                      | 54/100 [01:06<00:56,  1.22s/it, Loss=0.4835, TrainAcc=0.9407, TestAcc=0.8440]
Training Epochs:  55%|██████████████████████████▉                      | 55/100 [01:06<00:55,  1.23s/it, Loss=0.4835, TrainAcc=0.9407, TestAcc=0.8440]
Training Epochs:  55%|██████████████████████████▉                      | 55/100 [01:07<00:55,  1.23s/it, Loss=0.4773, TrainAcc=0.9433, TestAcc=0.8452]
Training Epochs:  56%|███████████████████████████▍                     | 56/100 [01:07<00:53,  1.23s/it, Loss=0.4773, TrainAcc=0.9433, TestAcc=0.8452]
Training Epochs:  56%|███████████████████████████▍                     | 56/100 [01:09<00:53,  1.23s/it, Loss=0.4760, TrainAcc=0.9392, TestAcc=0.8480]
Training Epochs:  57%|███████████████████████████▉                     | 57/100 [01:09<00:52,  1.22s/it, Loss=0.4760, TrainAcc=0.9392, TestAcc=0.8480]
Training Epochs:  57%|███████████████████████████▉                     | 57/100 [01:10<00:52,  1.22s/it, Loss=0.4701, TrainAcc=0.9438, TestAcc=0.8496]
Training Epochs:  58%|████████████████████████████▍                    | 58/100 [01:10<00:48,  1.16s/it, Loss=0.4701, TrainAcc=0.9438, TestAcc=0.8496]
Training Epochs:  58%|████████████████████████████▍                    | 58/100 [01:11<00:48,  1.16s/it, Loss=0.4645, TrainAcc=0.9448, TestAcc=0.8377]
Training Epochs:  59%|████████████████████████████▉                    | 59/100 [01:11<00:48,  1.18s/it, Loss=0.4645, TrainAcc=0.9448, TestAcc=0.8377]
Training Epochs:  59%|████████████████████████████▉                    | 59/100 [01:12<00:48,  1.18s/it, Loss=0.4779, TrainAcc=0.9406, TestAcc=0.8393]
Training Epochs:  60%|█████████████████████████████▍                   | 60/100 [01:12<00:44,  1.10s/it, Loss=0.4779, TrainAcc=0.9406, TestAcc=0.8393]
Training Epochs:  60%|█████████████████████████████▍                   | 60/100 [01:13<00:44,  1.10s/it, Loss=0.4645, TrainAcc=0.9446, TestAcc=0.8417]
Training Epochs:  61%|█████████████████████████████▉                   | 61/100 [01:13<00:39,  1.02s/it, Loss=0.4645, TrainAcc=0.9446, TestAcc=0.8417]
Training Epochs:  61%|█████████████████████████████▉                   | 61/100 [01:13<00:39,  1.02s/it, Loss=0.4562, TrainAcc=0.9455, TestAcc=0.8413]
Training Epochs:  62%|██████████████████████████████▍                  | 62/100 [01:13<00:33,  1.13it/s, Loss=0.4562, TrainAcc=0.9455, TestAcc=0.8413]
Training Epochs:  62%|██████████████████████████████▍                  | 62/100 [01:14<00:33,  1.13it/s, Loss=0.4690, TrainAcc=0.9435, TestAcc=0.8433]
Training Epochs:  63%|██████████████████████████████▊                  | 63/100 [01:14<00:36,  1.02it/s, Loss=0.4690, TrainAcc=0.9435, TestAcc=0.8433]
Training Epochs:  63%|██████████████████████████████▊                  | 63/100 [01:15<00:36,  1.02it/s, Loss=0.4630, TrainAcc=0.9468, TestAcc=0.8294]
Training Epochs:  64%|███████████████████████████████▎                 | 64/100 [01:15<00:31,  1.13it/s, Loss=0.4630, TrainAcc=0.9468, TestAcc=0.8294]
Training Epochs:  64%|███████████████████████████████▎                 | 64/100 [01:16<00:31,  1.13it/s, Loss=0.4740, TrainAcc=0.9437, TestAcc=0.8373]
Training Epochs:  65%|███████████████████████████████▊                 | 65/100 [01:16<00:34,  1.03it/s, Loss=0.4740, TrainAcc=0.9437, TestAcc=0.8373]
Training Epochs:  65%|███████████████████████████████▊                 | 65/100 [01:17<00:34,  1.03it/s, Loss=0.4704, TrainAcc=0.9451, TestAcc=0.8401]
Training Epochs:  66%|████████████████████████████████▎                | 66/100 [01:17<00:29,  1.16it/s, Loss=0.4704, TrainAcc=0.9451, TestAcc=0.8401]
Training Epochs:  66%|████████████████████████████████▎                | 66/100 [01:18<00:29,  1.16it/s, Loss=0.4679, TrainAcc=0.9452, TestAcc=0.8337]
Training Epochs:  67%|████████████████████████████████▊                | 67/100 [01:18<00:31,  1.05it/s, Loss=0.4679, TrainAcc=0.9452, TestAcc=0.8337]
Training Epochs:  67%|████████████████████████████████▊                | 67/100 [01:19<00:31,  1.05it/s, Loss=0.4674, TrainAcc=0.9410, TestAcc=0.8337]
Training Epochs:  68%|█████████████████████████████████▎               | 68/100 [01:19<00:27,  1.15it/s, Loss=0.4674, TrainAcc=0.9410, TestAcc=0.8337]
Training Epochs:  68%|█████████████████████████████████▎               | 68/100 [01:19<00:27,  1.15it/s, Loss=0.4751, TrainAcc=0.9414, TestAcc=0.8385]
Training Epochs:  69%|█████████████████████████████████▊               | 69/100 [01:19<00:25,  1.22it/s, Loss=0.4751, TrainAcc=0.9414, TestAcc=0.8385]
Training Epochs:  69%|█████████████████████████████████▊               | 69/100 [01:20<00:25,  1.22it/s, Loss=0.4655, TrainAcc=0.9461, TestAcc=0.8421]
Training Epochs:  70%|██████████████████████████████████▎              | 70/100 [01:20<00:25,  1.19it/s, Loss=0.4655, TrainAcc=0.9461, TestAcc=0.8421]
Training Epochs:  70%|██████████████████████████████████▎              | 70/100 [01:21<00:25,  1.19it/s, Loss=0.4586, TrainAcc=0.9460, TestAcc=0.8341]
Training Epochs:  71%|██████████████████████████████████▊              | 71/100 [01:21<00:26,  1.08it/s, Loss=0.4586, TrainAcc=0.9460, TestAcc=0.8341]
Training Epochs:  71%|██████████████████████████████████▊              | 71/100 [01:23<00:26,  1.08it/s, Loss=0.4599, TrainAcc=0.9471, TestAcc=0.8409]
Training Epochs:  72%|███████████████████████████████████▎             | 72/100 [01:23<00:28,  1.02s/it, Loss=0.4599, TrainAcc=0.9471, TestAcc=0.8409]
Training Epochs:  72%|███████████████████████████████████▎             | 72/100 [01:24<00:28,  1.02s/it, Loss=0.4760, TrainAcc=0.9398, TestAcc=0.8444]
Training Epochs:  73%|███████████████████████████████████▊             | 73/100 [01:24<00:29,  1.08s/it, Loss=0.4760, TrainAcc=0.9398, TestAcc=0.8444]
Training Epochs:  73%|███████████████████████████████████▊             | 73/100 [01:25<00:29,  1.08s/it, Loss=0.4673, TrainAcc=0.9455, TestAcc=0.8397]
Training Epochs:  74%|████████████████████████████████████▎            | 74/100 [01:25<00:29,  1.13s/it, Loss=0.4673, TrainAcc=0.9455, TestAcc=0.8397]
Training Epochs:  74%|████████████████████████████████████▎            | 74/100 [01:26<00:29,  1.13s/it, Loss=0.4508, TrainAcc=0.9491, TestAcc=0.8480]
Training Epochs:  75%|████████████████████████████████████▊            | 75/100 [01:26<00:29,  1.16s/it, Loss=0.4508, TrainAcc=0.9491, TestAcc=0.8480]
Training Epochs:  75%|████████████████████████████████████▊            | 75/100 [01:28<00:29,  1.16s/it, Loss=0.4507, TrainAcc=0.9514, TestAcc=0.8409]
Training Epochs:  76%|█████████████████████████████████████▏           | 76/100 [01:28<00:28,  1.19s/it, Loss=0.4507, TrainAcc=0.9514, TestAcc=0.8409]
Training Epochs:  76%|█████████████████████████████████████▏           | 76/100 [01:29<00:28,  1.19s/it, Loss=0.4612, TrainAcc=0.9473, TestAcc=0.8456]
Training Epochs:  77%|█████████████████████████████████████▋           | 77/100 [01:29<00:27,  1.20s/it, Loss=0.4612, TrainAcc=0.9473, TestAcc=0.8456]
Training Epochs:  77%|█████████████████████████████████████▋           | 77/100 [01:30<00:27,  1.20s/it, Loss=0.4558, TrainAcc=0.9498, TestAcc=0.8421]
Training Epochs:  78%|██████████████████████████████████████▏          | 78/100 [01:30<00:26,  1.21s/it, Loss=0.4558, TrainAcc=0.9498, TestAcc=0.8421]
Training Epochs:  78%|██████████████████████████████████████▏          | 78/100 [01:31<00:26,  1.21s/it, Loss=0.4769, TrainAcc=0.9431, TestAcc=0.8321]
Training Epochs:  79%|██████████████████████████████████████▋          | 79/100 [01:31<00:25,  1.21s/it, Loss=0.4769, TrainAcc=0.9431, TestAcc=0.8321]
Training Epochs:  79%|██████████████████████████████████████▋          | 79/100 [01:32<00:25,  1.21s/it, Loss=0.4667, TrainAcc=0.9478, TestAcc=0.8397]
Training Epochs:  80%|███████████████████████████████████████▏         | 80/100 [01:32<00:24,  1.22s/it, Loss=0.4667, TrainAcc=0.9478, TestAcc=0.8397]
Training Epochs:  80%|███████████████████████████████████████▏         | 80/100 [01:34<00:24,  1.22s/it, Loss=0.4716, TrainAcc=0.9437, TestAcc=0.8425]
Training Epochs:  81%|███████████████████████████████████████▋         | 81/100 [01:34<00:23,  1.22s/it, Loss=0.4716, TrainAcc=0.9437, TestAcc=0.8425]
Training Epochs:  81%|███████████████████████████████████████▋         | 81/100 [01:35<00:23,  1.22s/it, Loss=0.4720, TrainAcc=0.9437, TestAcc=0.8329]
Training Epochs:  82%|████████████████████████████████████████▏        | 82/100 [01:35<00:21,  1.22s/it, Loss=0.4720, TrainAcc=0.9437, TestAcc=0.8329]
Training Epochs:  82%|████████████████████████████████████████▏        | 82/100 [01:36<00:21,  1.22s/it, Loss=0.4493, TrainAcc=0.9526, TestAcc=0.8369]
Training Epochs:  83%|████████████████████████████████████████▋        | 83/100 [01:36<00:20,  1.22s/it, Loss=0.4493, TrainAcc=0.9526, TestAcc=0.8369]
Training Epochs:  83%|████████████████████████████████████████▋        | 83/100 [01:37<00:20,  1.22s/it, Loss=0.4601, TrainAcc=0.9476, TestAcc=0.8460]
Training Epochs:  84%|█████████████████████████████████████████▏       | 84/100 [01:37<00:19,  1.22s/it, Loss=0.4601, TrainAcc=0.9476, TestAcc=0.8460]
Training Epochs:  84%|█████████████████████████████████████████▏       | 84/100 [01:39<00:19,  1.22s/it, Loss=0.4556, TrainAcc=0.9468, TestAcc=0.8349]
Training Epochs:  85%|█████████████████████████████████████████▋       | 85/100 [01:39<00:18,  1.22s/it, Loss=0.4556, TrainAcc=0.9468, TestAcc=0.8349]
Training Epochs:  85%|█████████████████████████████████████████▋       | 85/100 [01:40<00:18,  1.22s/it, Loss=0.4549, TrainAcc=0.9500, TestAcc=0.8456]
Training Epochs:  86%|██████████████████████████████████████████▏      | 86/100 [01:40<00:17,  1.22s/it, Loss=0.4549, TrainAcc=0.9500, TestAcc=0.8456]
Training Epochs:  86%|██████████████████████████████████████████▏      | 86/100 [01:41<00:17,  1.22s/it, Loss=0.4456, TrainAcc=0.9514, TestAcc=0.8361]
Training Epochs:  87%|██████████████████████████████████████████▋      | 87/100 [01:41<00:15,  1.16s/it, Loss=0.4456, TrainAcc=0.9514, TestAcc=0.8361]
Training Epochs:  87%|██████████████████████████████████████████▋      | 87/100 [01:42<00:15,  1.16s/it, Loss=0.4521, TrainAcc=0.9509, TestAcc=0.8464]
Training Epochs:  88%|███████████████████████████████████████████      | 88/100 [01:42<00:14,  1.17s/it, Loss=0.4521, TrainAcc=0.9509, TestAcc=0.8464]
Training Epochs:  88%|███████████████████████████████████████████      | 88/100 [01:43<00:14,  1.17s/it, Loss=0.4577, TrainAcc=0.9505, TestAcc=0.8393]
Training Epochs:  89%|███████████████████████████████████████████▌     | 89/100 [01:43<00:12,  1.11s/it, Loss=0.4577, TrainAcc=0.9505, TestAcc=0.8393]
Training Epochs:  89%|███████████████████████████████████████████▌     | 89/100 [01:44<00:12,  1.11s/it, Loss=0.4540, TrainAcc=0.9519, TestAcc=0.8405]
Training Epochs:  90%|████████████████████████████████████████████     | 90/100 [01:44<00:10,  1.03s/it, Loss=0.4540, TrainAcc=0.9519, TestAcc=0.8405]
Training Epochs:  90%|████████████████████████████████████████████     | 90/100 [01:45<00:10,  1.03s/it, Loss=0.4465, TrainAcc=0.9516, TestAcc=0.8401]
Training Epochs:  91%|████████████████████████████████████████████▌    | 91/100 [01:45<00:09,  1.00s/it, Loss=0.4465, TrainAcc=0.9516, TestAcc=0.8401]
Training Epochs:  91%|████████████████████████████████████████████▌    | 91/100 [01:46<00:09,  1.00s/it, Loss=0.4735, TrainAcc=0.9379, TestAcc=0.8369]
Training Epochs:  92%|█████████████████████████████████████████████    | 92/100 [01:46<00:07,  1.07it/s, Loss=0.4735, TrainAcc=0.9379, TestAcc=0.8369]
Training Epochs:  92%|█████████████████████████████████████████████    | 92/100 [01:47<00:07,  1.07it/s, Loss=0.4693, TrainAcc=0.9433, TestAcc=0.8448]
Training Epochs:  93%|█████████████████████████████████████████████▌   | 93/100 [01:47<00:07,  1.01s/it, Loss=0.4693, TrainAcc=0.9433, TestAcc=0.8448]
Training Epochs:  93%|█████████████████████████████████████████████▌   | 93/100 [01:48<00:07,  1.01s/it, Loss=0.4552, TrainAcc=0.9475, TestAcc=0.8341]
Training Epochs:  94%|██████████████████████████████████████████████   | 94/100 [01:48<00:06,  1.07s/it, Loss=0.4552, TrainAcc=0.9475, TestAcc=0.8341]
Training Epochs:  94%|██████████████████████████████████████████████   | 94/100 [01:49<00:06,  1.07s/it, Loss=0.4671, TrainAcc=0.9506, TestAcc=0.8460]
Training Epochs:  95%|██████████████████████████████████████████████▌  | 95/100 [01:49<00:05,  1.11s/it, Loss=0.4671, TrainAcc=0.9506, TestAcc=0.8460]
Training Epochs:  95%|██████████████████████████████████████████████▌  | 95/100 [01:50<00:05,  1.11s/it, Loss=0.4688, TrainAcc=0.9435, TestAcc=0.8409]
Training Epochs:  96%|███████████████████████████████████████████████  | 96/100 [01:50<00:04,  1.14s/it, Loss=0.4688, TrainAcc=0.9435, TestAcc=0.8409]
Training Epochs:  96%|███████████████████████████████████████████████  | 96/100 [01:52<00:04,  1.14s/it, Loss=0.4574, TrainAcc=0.9543, TestAcc=0.8333]
Training Epochs:  97%|███████████████████████████████████████████████▌ | 97/100 [01:52<00:03,  1.16s/it, Loss=0.4574, TrainAcc=0.9543, TestAcc=0.8333]
Training Epochs:  97%|███████████████████████████████████████████████▌ | 97/100 [01:53<00:03,  1.16s/it, Loss=0.4540, TrainAcc=0.9483, TestAcc=0.8397]
Training Epochs:  98%|████████████████████████████████████████████████ | 98/100 [01:53<00:02,  1.18s/it, Loss=0.4540, TrainAcc=0.9483, TestAcc=0.8397]
Training Epochs:  98%|████████████████████████████████████████████████ | 98/100 [01:54<00:02,  1.18s/it, Loss=0.4392, TrainAcc=0.9574, TestAcc=0.8429]
Training Epochs:  99%|████████████████████████████████████████████████▌| 99/100 [01:54<00:01,  1.19s/it, Loss=0.4392, TrainAcc=0.9574, TestAcc=0.8429]
Training Epochs:  99%|████████████████████████████████████████████████▌| 99/100 [01:55<00:01,  1.19s/it, Loss=0.4556, TrainAcc=0.9452, TestAcc=0.8317]
Training Epochs: 100%|████████████████████████████████████████████████| 100/100 [01:55<00:00,  1.20s/it, Loss=0.4556, TrainAcc=0.9452, TestAcc=0.8317]
Training Epochs: 100%|████████████████████████████████████████████████| 100/100 [01:55<00:00,  1.16s/it, Loss=0.4556, TrainAcc=0.9452, TestAcc=0.8317]
{'Real': {'precision': np.float64(0.8645276292335116), 'recall': np.float64(0.909375), 'f1': np.float64(0.8863844045080719)}, 'Fake': {'precision': np.float64(0.8267622461170848), 'recall': np.float64(0.7521739130434782), 'f1': np.float64(0.7877063175867957)}}

Training Epochs:   0%|                                                                                                        | 0/100 [00:00<?, ?it/s]
Training Epochs:   0%|                                                          | 0/100 [00:01<?, ?it/s, Loss=0.8933, TrainAcc=0.7576, TestAcc=0.8091]
Training Epochs:   1%|▌                                                 | 1/100 [00:01<01:52,  1.14s/it, Loss=0.8933, TrainAcc=0.7576, TestAcc=0.8091]
Training Epochs:   1%|▌                                                 | 1/100 [00:02<01:52,  1.14s/it, Loss=0.7982, TrainAcc=0.7992, TestAcc=0.8095]
Training Epochs:   2%|█                                                 | 2/100 [00:02<01:56,  1.19s/it, Loss=0.7982, TrainAcc=0.7992, TestAcc=0.8095]
Training Epochs:   2%|█                                                 | 2/100 [00:03<01:56,  1.19s/it, Loss=0.7810, TrainAcc=0.8073, TestAcc=0.8290]
Training Epochs:   3%|█▌                                                | 3/100 [00:03<01:56,  1.20s/it, Loss=0.7810, TrainAcc=0.8073, TestAcc=0.8290]
Training Epochs:   3%|█▌                                                | 3/100 [00:04<01:56,  1.20s/it, Loss=0.7595, TrainAcc=0.8164, TestAcc=0.8401]
Training Epochs:   4%|██                                                | 4/100 [00:04<01:56,  1.21s/it, Loss=0.7595, TrainAcc=0.8164, TestAcc=0.8401]
Training Epochs:   4%|██                                                | 4/100 [00:06<01:56,  1.21s/it, Loss=0.7535, TrainAcc=0.8236, TestAcc=0.8242]
Training Epochs:   5%|██▌                                               | 5/100 [00:06<01:55,  1.21s/it, Loss=0.7535, TrainAcc=0.8236, TestAcc=0.8242]
Training Epochs:   5%|██▌                                               | 5/100 [00:07<01:55,  1.21s/it, Loss=0.7478, TrainAcc=0.8260, TestAcc=0.8405]
Training Epochs:   6%|███                                               | 6/100 [00:07<01:54,  1.22s/it, Loss=0.7478, TrainAcc=0.8260, TestAcc=0.8405]
Training Epochs:   6%|███                                               | 6/100 [00:08<01:54,  1.22s/it, Loss=0.7209, TrainAcc=0.8421, TestAcc=0.8405]
Training Epochs:   7%|███▌                                              | 7/100 [00:08<01:53,  1.22s/it, Loss=0.7209, TrainAcc=0.8421, TestAcc=0.8405]
Training Epochs:   7%|███▌                                              | 7/100 [00:09<01:53,  1.22s/it, Loss=0.7124, TrainAcc=0.8469, TestAcc=0.8413]
Training Epochs:   8%|████                                              | 8/100 [00:09<01:52,  1.22s/it, Loss=0.7124, TrainAcc=0.8469, TestAcc=0.8413]
Training Epochs:   8%|████                                              | 8/100 [00:10<01:52,  1.22s/it, Loss=0.7023, TrainAcc=0.8451, TestAcc=0.8373]
Training Epochs:   9%|████▌                                             | 9/100 [00:10<01:50,  1.22s/it, Loss=0.7023, TrainAcc=0.8451, TestAcc=0.8373]
Training Epochs:   9%|████▌                                             | 9/100 [00:12<01:50,  1.22s/it, Loss=0.6857, TrainAcc=0.8577, TestAcc=0.8397]
Training Epochs:  10%|████▉                                            | 10/100 [00:12<01:49,  1.22s/it, Loss=0.6857, TrainAcc=0.8577, TestAcc=0.8397]
Training Epochs:  10%|████▉                                            | 10/100 [00:13<01:49,  1.22s/it, Loss=0.6628, TrainAcc=0.8669, TestAcc=0.8433]
Training Epochs:  11%|█████▍                                           | 11/100 [00:13<01:48,  1.22s/it, Loss=0.6628, TrainAcc=0.8669, TestAcc=0.8433]
Training Epochs:  11%|█████▍                                           | 11/100 [00:14<01:48,  1.22s/it, Loss=0.6474, TrainAcc=0.8756, TestAcc=0.8452]
Training Epochs:  12%|█████▉                                           | 12/100 [00:14<01:47,  1.22s/it, Loss=0.6474, TrainAcc=0.8756, TestAcc=0.8452]
Training Epochs:  12%|█████▉                                           | 12/100 [00:15<01:47,  1.22s/it, Loss=0.6409, TrainAcc=0.8760, TestAcc=0.8440]
Training Epochs:  13%|██████▎                                          | 13/100 [00:15<01:46,  1.22s/it, Loss=0.6409, TrainAcc=0.8760, TestAcc=0.8440]
Training Epochs:  13%|██████▎                                          | 13/100 [00:17<01:46,  1.22s/it, Loss=0.6273, TrainAcc=0.8839, TestAcc=0.8552]
Training Epochs:  14%|██████▊                                          | 14/100 [00:17<01:44,  1.22s/it, Loss=0.6273, TrainAcc=0.8839, TestAcc=0.8552]
Training Epochs:  14%|██████▊                                          | 14/100 [00:18<01:44,  1.22s/it, Loss=0.6117, TrainAcc=0.8870, TestAcc=0.8440]
Training Epochs:  15%|███████▎                                         | 15/100 [00:18<01:43,  1.22s/it, Loss=0.6117, TrainAcc=0.8870, TestAcc=0.8440]
Training Epochs:  15%|███████▎                                         | 15/100 [00:19<01:43,  1.22s/it, Loss=0.6124, TrainAcc=0.8891, TestAcc=0.8563]
Training Epochs:  16%|███████▊                                         | 16/100 [00:19<01:42,  1.22s/it, Loss=0.6124, TrainAcc=0.8891, TestAcc=0.8563]
Training Epochs:  16%|███████▊                                         | 16/100 [00:20<01:42,  1.22s/it, Loss=0.5963, TrainAcc=0.8924, TestAcc=0.8496]
Training Epochs:  17%|████████▎                                        | 17/100 [00:20<01:43,  1.25s/it, Loss=0.5963, TrainAcc=0.8924, TestAcc=0.8496]
Training Epochs:  17%|████████▎                                        | 17/100 [00:21<01:43,  1.25s/it, Loss=0.5801, TrainAcc=0.9019, TestAcc=0.8452]
Training Epochs:  18%|████████▊                                        | 18/100 [00:21<01:34,  1.16s/it, Loss=0.5801, TrainAcc=0.9019, TestAcc=0.8452]
Training Epochs:  18%|████████▊                                        | 18/100 [00:22<01:34,  1.16s/it, Loss=0.5812, TrainAcc=0.9020, TestAcc=0.8516]
Training Epochs:  19%|█████████▎                                       | 19/100 [00:22<01:36,  1.19s/it, Loss=0.5812, TrainAcc=0.9020, TestAcc=0.8516]
Training Epochs:  19%|█████████▎                                       | 19/100 [00:24<01:36,  1.19s/it, Loss=0.5725, TrainAcc=0.9044, TestAcc=0.8492]
Training Epochs:  20%|█████████▊                                       | 20/100 [00:24<01:36,  1.20s/it, Loss=0.5725, TrainAcc=0.9044, TestAcc=0.8492]
Training Epochs:  20%|█████████▊                                       | 20/100 [00:25<01:36,  1.20s/it, Loss=0.5684, TrainAcc=0.9074, TestAcc=0.8516]
Training Epochs:  21%|██████████▎                                      | 21/100 [00:25<01:35,  1.21s/it, Loss=0.5684, TrainAcc=0.9074, TestAcc=0.8516]
Training Epochs:  21%|██████████▎                                      | 21/100 [00:26<01:35,  1.21s/it, Loss=0.5700, TrainAcc=0.9006, TestAcc=0.8452]
Training Epochs:  22%|██████████▊                                      | 22/100 [00:26<01:34,  1.21s/it, Loss=0.5700, TrainAcc=0.9006, TestAcc=0.8452]
Training Epochs:  22%|██████████▊                                      | 22/100 [00:27<01:34,  1.21s/it, Loss=0.5538, TrainAcc=0.9118, TestAcc=0.8532]
Training Epochs:  23%|███████████▎                                     | 23/100 [00:27<01:33,  1.22s/it, Loss=0.5538, TrainAcc=0.9118, TestAcc=0.8532]
Training Epochs:  23%|███████████▎                                     | 23/100 [00:29<01:33,  1.22s/it, Loss=0.5571, TrainAcc=0.9095, TestAcc=0.8468]
Training Epochs:  24%|███████████▊                                     | 24/100 [00:29<01:32,  1.22s/it, Loss=0.5571, TrainAcc=0.9095, TestAcc=0.8468]
Training Epochs:  24%|███████████▊                                     | 24/100 [00:30<01:32,  1.22s/it, Loss=0.5378, TrainAcc=0.9189, TestAcc=0.8393]
Training Epochs:  25%|████████████▎                                    | 25/100 [00:30<01:31,  1.22s/it, Loss=0.5378, TrainAcc=0.9189, TestAcc=0.8393]
Training Epochs:  25%|████████████▎                                    | 25/100 [00:31<01:31,  1.22s/it, Loss=0.5521, TrainAcc=0.9135, TestAcc=0.8393]
Training Epochs:  26%|████████████▋                                    | 26/100 [00:31<01:29,  1.22s/it, Loss=0.5521, TrainAcc=0.9135, TestAcc=0.8393]
Training Epochs:  26%|████████████▋                                    | 26/100 [00:32<01:29,  1.22s/it, Loss=0.5434, TrainAcc=0.9160, TestAcc=0.8452]
Training Epochs:  27%|█████████████▏                                   | 27/100 [00:32<01:28,  1.22s/it, Loss=0.5434, TrainAcc=0.9160, TestAcc=0.8452]
Training Epochs:  27%|█████████████▏                                   | 27/100 [00:33<01:28,  1.22s/it, Loss=0.5313, TrainAcc=0.9196, TestAcc=0.8401]
Training Epochs:  28%|█████████████▋                                   | 28/100 [00:33<01:27,  1.22s/it, Loss=0.5313, TrainAcc=0.9196, TestAcc=0.8401]
Training Epochs:  28%|█████████████▋                                   | 28/100 [00:35<01:27,  1.22s/it, Loss=0.5280, TrainAcc=0.9237, TestAcc=0.8321]
Training Epochs:  29%|██████████████▏                                  | 29/100 [00:35<01:25,  1.20s/it, Loss=0.5280, TrainAcc=0.9237, TestAcc=0.8321]
Training Epochs:  29%|██████████████▏                                  | 29/100 [00:36<01:25,  1.20s/it, Loss=0.5253, TrainAcc=0.9234, TestAcc=0.8417]
Training Epochs:  30%|██████████████▋                                  | 30/100 [00:36<01:24,  1.20s/it, Loss=0.5253, TrainAcc=0.9234, TestAcc=0.8417]
Training Epochs:  30%|██████████████▋                                  | 30/100 [00:37<01:24,  1.20s/it, Loss=0.5214, TrainAcc=0.9236, TestAcc=0.8433]
Training Epochs:  31%|███████████████▏                                 | 31/100 [00:37<01:23,  1.22s/it, Loss=0.5214, TrainAcc=0.9236, TestAcc=0.8433]
Training Epochs:  31%|███████████████▏                                 | 31/100 [00:38<01:23,  1.22s/it, Loss=0.5194, TrainAcc=0.9264, TestAcc=0.8397]
Training Epochs:  32%|███████████████▋                                 | 32/100 [00:38<01:23,  1.22s/it, Loss=0.5194, TrainAcc=0.9264, TestAcc=0.8397]
Training Epochs:  32%|███████████████▋                                 | 32/100 [00:40<01:23,  1.22s/it, Loss=0.5346, TrainAcc=0.9181, TestAcc=0.8488]
Training Epochs:  33%|████████████████▏                                | 33/100 [00:40<01:21,  1.22s/it, Loss=0.5346, TrainAcc=0.9181, TestAcc=0.8488]
Training Epochs:  33%|████████████████▏                                | 33/100 [00:41<01:21,  1.22s/it, Loss=0.5231, TrainAcc=0.9251, TestAcc=0.8444]
Training Epochs:  34%|████████████████▋                                | 34/100 [00:41<01:20,  1.22s/it, Loss=0.5231, TrainAcc=0.9251, TestAcc=0.8444]
Training Epochs:  34%|████████████████▋                                | 34/100 [00:42<01:20,  1.22s/it, Loss=0.5209, TrainAcc=0.9224, TestAcc=0.8472]
Training Epochs:  35%|█████████████████▏                               | 35/100 [00:42<01:19,  1.22s/it, Loss=0.5209, TrainAcc=0.9224, TestAcc=0.8472]
Training Epochs:  35%|█████████████████▏                               | 35/100 [00:43<01:19,  1.22s/it, Loss=0.5209, TrainAcc=0.9248, TestAcc=0.8377]
Training Epochs:  36%|█████████████████▋                               | 36/100 [00:43<01:17,  1.22s/it, Loss=0.5209, TrainAcc=0.9248, TestAcc=0.8377]
Training Epochs:  36%|█████████████████▋                               | 36/100 [00:44<01:17,  1.22s/it, Loss=0.5096, TrainAcc=0.9307, TestAcc=0.8496]
Training Epochs:  37%|██████████████████▏                              | 37/100 [00:44<01:16,  1.22s/it, Loss=0.5096, TrainAcc=0.9307, TestAcc=0.8496]
Training Epochs:  37%|██████████████████▏                              | 37/100 [00:46<01:16,  1.22s/it, Loss=0.5067, TrainAcc=0.9319, TestAcc=0.8480]
Training Epochs:  38%|██████████████████▌                              | 38/100 [00:46<01:15,  1.22s/it, Loss=0.5067, TrainAcc=0.9319, TestAcc=0.8480]
Training Epochs:  38%|██████████████████▌                              | 38/100 [00:47<01:15,  1.22s/it, Loss=0.5127, TrainAcc=0.9289, TestAcc=0.8540]
Training Epochs:  39%|███████████████████                              | 39/100 [00:47<01:14,  1.22s/it, Loss=0.5127, TrainAcc=0.9289, TestAcc=0.8540]
Training Epochs:  39%|███████████████████                              | 39/100 [00:48<01:14,  1.22s/it, Loss=0.5120, TrainAcc=0.9265, TestAcc=0.8448]
Training Epochs:  40%|███████████████████▌                             | 40/100 [00:48<01:13,  1.22s/it, Loss=0.5120, TrainAcc=0.9265, TestAcc=0.8448]
Training Epochs:  40%|███████████████████▌                             | 40/100 [00:49<01:13,  1.22s/it, Loss=0.4942, TrainAcc=0.9348, TestAcc=0.8417]
Training Epochs:  41%|████████████████████                             | 41/100 [00:49<01:11,  1.22s/it, Loss=0.4942, TrainAcc=0.9348, TestAcc=0.8417]
Training Epochs:  41%|████████████████████                             | 41/100 [00:50<01:11,  1.22s/it, Loss=0.5023, TrainAcc=0.9344, TestAcc=0.8492]
Training Epochs:  42%|████████████████████▌                            | 42/100 [00:50<01:10,  1.22s/it, Loss=0.5023, TrainAcc=0.9344, TestAcc=0.8492]
Training Epochs:  42%|████████████████████▌                            | 42/100 [00:52<01:10,  1.22s/it, Loss=0.4990, TrainAcc=0.9333, TestAcc=0.8472]
Training Epochs:  43%|█████████████████████                            | 43/100 [00:52<01:09,  1.22s/it, Loss=0.4990, TrainAcc=0.9333, TestAcc=0.8472]
Training Epochs:  43%|█████████████████████                            | 43/100 [00:53<01:09,  1.22s/it, Loss=0.4918, TrainAcc=0.9371, TestAcc=0.8329]
Training Epochs:  44%|█████████████████████▌                           | 44/100 [00:53<01:08,  1.22s/it, Loss=0.4918, TrainAcc=0.9371, TestAcc=0.8329]
Training Epochs:  44%|█████████████████████▌                           | 44/100 [00:54<01:08,  1.22s/it, Loss=0.4989, TrainAcc=0.9350, TestAcc=0.8488]
Training Epochs:  45%|██████████████████████                           | 45/100 [00:54<01:06,  1.22s/it, Loss=0.4989, TrainAcc=0.9350, TestAcc=0.8488]
Training Epochs:  45%|██████████████████████                           | 45/100 [00:55<01:06,  1.22s/it, Loss=0.5007, TrainAcc=0.9350, TestAcc=0.8437]
Training Epochs:  46%|██████████████████████▌                          | 46/100 [00:55<01:05,  1.22s/it, Loss=0.5007, TrainAcc=0.9350, TestAcc=0.8437]
Training Epochs:  46%|██████████████████████▌                          | 46/100 [00:57<01:05,  1.22s/it, Loss=0.4982, TrainAcc=0.9332, TestAcc=0.8544]
Training Epochs:  47%|███████████████████████                          | 47/100 [00:57<01:06,  1.26s/it, Loss=0.4982, TrainAcc=0.9332, TestAcc=0.8544]
Training Epochs:  47%|███████████████████████                          | 47/100 [00:58<01:06,  1.26s/it, Loss=0.5020, TrainAcc=0.9324, TestAcc=0.8341]
Training Epochs:  48%|███████████████████████▌                         | 48/100 [00:58<01:04,  1.25s/it, Loss=0.5020, TrainAcc=0.9324, TestAcc=0.8341]
Training Epochs:  48%|███████████████████████▌                         | 48/100 [00:59<01:04,  1.25s/it, Loss=0.4783, TrainAcc=0.9400, TestAcc=0.8381]
Training Epochs:  49%|████████████████████████                         | 49/100 [00:59<01:03,  1.24s/it, Loss=0.4783, TrainAcc=0.9400, TestAcc=0.8381]
Training Epochs:  49%|████████████████████████                         | 49/100 [01:00<01:03,  1.24s/it, Loss=0.4955, TrainAcc=0.9355, TestAcc=0.8452]
Training Epochs:  50%|████████████████████████▌                        | 50/100 [01:00<01:01,  1.23s/it, Loss=0.4955, TrainAcc=0.9355, TestAcc=0.8452]
Training Epochs:  50%|████████████████████████▌                        | 50/100 [01:02<01:01,  1.23s/it, Loss=0.4932, TrainAcc=0.9374, TestAcc=0.8508]
Training Epochs:  51%|████████████████████████▉                        | 51/100 [01:02<00:59,  1.22s/it, Loss=0.4932, TrainAcc=0.9374, TestAcc=0.8508]
Training Epochs:  51%|████████████████████████▉                        | 51/100 [01:03<00:59,  1.22s/it, Loss=0.4817, TrainAcc=0.9421, TestAcc=0.8464]
Training Epochs:  52%|█████████████████████████▍                       | 52/100 [01:03<00:58,  1.22s/it, Loss=0.4817, TrainAcc=0.9421, TestAcc=0.8464]
Training Epochs:  52%|█████████████████████████▍                       | 52/100 [01:04<00:58,  1.22s/it, Loss=0.4885, TrainAcc=0.9390, TestAcc=0.8560]
Training Epochs:  53%|█████████████████████████▉                       | 53/100 [01:04<00:57,  1.22s/it, Loss=0.4885, TrainAcc=0.9390, TestAcc=0.8560]
Training Epochs:  53%|█████████████████████████▉                       | 53/100 [01:05<00:57,  1.22s/it, Loss=0.4869, TrainAcc=0.9434, TestAcc=0.8452]
Training Epochs:  54%|██████████████████████████▍                      | 54/100 [01:05<00:55,  1.22s/it, Loss=0.4869, TrainAcc=0.9434, TestAcc=0.8452]
Training Epochs:  54%|██████████████████████████▍                      | 54/100 [01:06<00:55,  1.22s/it, Loss=0.4760, TrainAcc=0.9459, TestAcc=0.8476]
Training Epochs:  55%|██████████████████████████▉                      | 55/100 [01:06<00:54,  1.21s/it, Loss=0.4760, TrainAcc=0.9459, TestAcc=0.8476]
Training Epochs:  55%|██████████████████████████▉                      | 55/100 [01:08<00:54,  1.21s/it, Loss=0.4748, TrainAcc=0.9449, TestAcc=0.8429]
Training Epochs:  56%|███████████████████████████▍                     | 56/100 [01:08<00:53,  1.21s/it, Loss=0.4748, TrainAcc=0.9449, TestAcc=0.8429]
Training Epochs:  56%|███████████████████████████▍                     | 56/100 [01:09<00:53,  1.21s/it, Loss=0.4751, TrainAcc=0.9415, TestAcc=0.8488]
Training Epochs:  57%|███████████████████████████▉                     | 57/100 [01:09<00:52,  1.21s/it, Loss=0.4751, TrainAcc=0.9415, TestAcc=0.8488]
Training Epochs:  57%|███████████████████████████▉                     | 57/100 [01:10<00:52,  1.21s/it, Loss=0.4787, TrainAcc=0.9461, TestAcc=0.8496]
Training Epochs:  58%|████████████████████████████▍                    | 58/100 [01:10<00:50,  1.21s/it, Loss=0.4787, TrainAcc=0.9461, TestAcc=0.8496]
Training Epochs:  58%|████████████████████████████▍                    | 58/100 [01:11<00:50,  1.21s/it, Loss=0.4723, TrainAcc=0.9439, TestAcc=0.8484]
Training Epochs:  59%|████████████████████████████▉                    | 59/100 [01:11<00:49,  1.21s/it, Loss=0.4723, TrainAcc=0.9439, TestAcc=0.8484]
Training Epochs:  59%|████████████████████████████▉                    | 59/100 [01:12<00:49,  1.21s/it, Loss=0.4730, TrainAcc=0.9448, TestAcc=0.8520]
Training Epochs:  60%|█████████████████████████████▍                   | 60/100 [01:12<00:48,  1.21s/it, Loss=0.4730, TrainAcc=0.9448, TestAcc=0.8520]
Training Epochs:  60%|█████████████████████████████▍                   | 60/100 [01:14<00:48,  1.21s/it, Loss=0.4560, TrainAcc=0.9500, TestAcc=0.8425]
Training Epochs:  61%|█████████████████████████████▉                   | 61/100 [01:14<00:47,  1.21s/it, Loss=0.4560, TrainAcc=0.9500, TestAcc=0.8425]
Training Epochs:  61%|█████████████████████████████▉                   | 61/100 [01:15<00:47,  1.21s/it, Loss=0.4708, TrainAcc=0.9455, TestAcc=0.8500]
Training Epochs:  62%|██████████████████████████████▍                  | 62/100 [01:15<00:46,  1.21s/it, Loss=0.4708, TrainAcc=0.9455, TestAcc=0.8500]
Training Epochs:  62%|██████████████████████████████▍                  | 62/100 [01:16<00:46,  1.21s/it, Loss=0.4773, TrainAcc=0.9422, TestAcc=0.8460]
Training Epochs:  63%|██████████████████████████████▊                  | 63/100 [01:16<00:44,  1.21s/it, Loss=0.4773, TrainAcc=0.9422, TestAcc=0.8460]
Training Epochs:  63%|██████████████████████████████▊                  | 63/100 [01:17<00:44,  1.21s/it, Loss=0.4708, TrainAcc=0.9399, TestAcc=0.8492]
Training Epochs:  64%|███████████████████████████████▎                 | 64/100 [01:17<00:43,  1.21s/it, Loss=0.4708, TrainAcc=0.9399, TestAcc=0.8492]
Training Epochs:  64%|███████████████████████████████▎                 | 64/100 [01:19<00:43,  1.21s/it, Loss=0.4699, TrainAcc=0.9439, TestAcc=0.8536]
Training Epochs:  65%|███████████████████████████████▊                 | 65/100 [01:19<00:42,  1.21s/it, Loss=0.4699, TrainAcc=0.9439, TestAcc=0.8536]
Training Epochs:  65%|███████████████████████████████▊                 | 65/100 [01:20<00:42,  1.21s/it, Loss=0.4725, TrainAcc=0.9410, TestAcc=0.8468]
Training Epochs:  66%|████████████████████████████████▎                | 66/100 [01:20<00:41,  1.21s/it, Loss=0.4725, TrainAcc=0.9410, TestAcc=0.8468]
Training Epochs:  66%|████████████████████████████████▎                | 66/100 [01:21<00:41,  1.21s/it, Loss=0.4553, TrainAcc=0.9511, TestAcc=0.8468]
Training Epochs:  67%|████████████████████████████████▊                | 67/100 [01:21<00:40,  1.21s/it, Loss=0.4553, TrainAcc=0.9511, TestAcc=0.8468]
Training Epochs:  67%|████████████████████████████████▊                | 67/100 [01:22<00:40,  1.21s/it, Loss=0.4720, TrainAcc=0.9492, TestAcc=0.8440]
Training Epochs:  68%|█████████████████████████████████▎               | 68/100 [01:22<00:38,  1.21s/it, Loss=0.4720, TrainAcc=0.9492, TestAcc=0.8440]
Training Epochs:  68%|█████████████████████████████████▎               | 68/100 [01:23<00:38,  1.21s/it, Loss=0.4700, TrainAcc=0.9443, TestAcc=0.8452]
Training Epochs:  69%|█████████████████████████████████▊               | 69/100 [01:23<00:37,  1.21s/it, Loss=0.4700, TrainAcc=0.9443, TestAcc=0.8452]
Training Epochs:  69%|█████████████████████████████████▊               | 69/100 [01:25<00:37,  1.21s/it, Loss=0.4643, TrainAcc=0.9454, TestAcc=0.8484]
Training Epochs:  70%|██████████████████████████████████▎              | 70/100 [01:25<00:36,  1.21s/it, Loss=0.4643, TrainAcc=0.9454, TestAcc=0.8484]
Training Epochs:  70%|██████████████████████████████████▎              | 70/100 [01:26<00:36,  1.21s/it, Loss=0.4635, TrainAcc=0.9425, TestAcc=0.8452]
Training Epochs:  71%|██████████████████████████████████▊              | 71/100 [01:26<00:35,  1.21s/it, Loss=0.4635, TrainAcc=0.9425, TestAcc=0.8452]
Training Epochs:  71%|██████████████████████████████████▊              | 71/100 [01:27<00:35,  1.21s/it, Loss=0.4617, TrainAcc=0.9490, TestAcc=0.8480]
Training Epochs:  72%|███████████████████████████████████▎             | 72/100 [01:27<00:33,  1.21s/it, Loss=0.4617, TrainAcc=0.9490, TestAcc=0.8480]
Training Epochs:  72%|███████████████████████████████████▎             | 72/100 [01:28<00:33,  1.21s/it, Loss=0.4579, TrainAcc=0.9489, TestAcc=0.8405]
Training Epochs:  73%|███████████████████████████████████▊             | 73/100 [01:28<00:32,  1.22s/it, Loss=0.4579, TrainAcc=0.9489, TestAcc=0.8405]
Training Epochs:  73%|███████████████████████████████████▊             | 73/100 [01:30<00:32,  1.22s/it, Loss=0.4802, TrainAcc=0.9474, TestAcc=0.8456]
Training Epochs:  74%|████████████████████████████████████▎            | 74/100 [01:30<00:32,  1.25s/it, Loss=0.4802, TrainAcc=0.9474, TestAcc=0.8456]
Training Epochs:  74%|████████████████████████████████████▎            | 74/100 [01:31<00:32,  1.25s/it, Loss=0.5040, TrainAcc=0.9389, TestAcc=0.8488]
Training Epochs:  75%|████████████████████████████████████▊            | 75/100 [01:31<00:31,  1.25s/it, Loss=0.5040, TrainAcc=0.9389, TestAcc=0.8488]
Training Epochs:  75%|████████████████████████████████████▊            | 75/100 [01:32<00:31,  1.25s/it, Loss=0.4899, TrainAcc=0.9424, TestAcc=0.8508]
Training Epochs:  76%|█████████████████████████████████████▏           | 76/100 [01:32<00:29,  1.24s/it, Loss=0.4899, TrainAcc=0.9424, TestAcc=0.8508]
Training Epochs:  76%|█████████████████████████████████████▏           | 76/100 [01:33<00:29,  1.24s/it, Loss=0.4980, TrainAcc=0.9409, TestAcc=0.8393]
Training Epochs:  77%|█████████████████████████████████████▋           | 77/100 [01:33<00:28,  1.23s/it, Loss=0.4980, TrainAcc=0.9409, TestAcc=0.8393]
Training Epochs:  77%|█████████████████████████████████████▋           | 77/100 [01:34<00:28,  1.23s/it, Loss=0.4863, TrainAcc=0.9437, TestAcc=0.8508]
Training Epochs:  78%|██████████████████████████████████████▏          | 78/100 [01:34<00:26,  1.23s/it, Loss=0.4863, TrainAcc=0.9437, TestAcc=0.8508]
Training Epochs:  78%|██████████████████████████████████████▏          | 78/100 [01:36<00:26,  1.23s/it, Loss=0.4880, TrainAcc=0.9452, TestAcc=0.8488]
Training Epochs:  79%|██████████████████████████████████████▋          | 79/100 [01:36<00:25,  1.22s/it, Loss=0.4880, TrainAcc=0.9452, TestAcc=0.8488]
Training Epochs:  79%|██████████████████████████████████████▋          | 79/100 [01:37<00:25,  1.22s/it, Loss=0.4804, TrainAcc=0.9465, TestAcc=0.8468]
Training Epochs:  80%|███████████████████████████████████████▏         | 80/100 [01:37<00:24,  1.22s/it, Loss=0.4804, TrainAcc=0.9465, TestAcc=0.8468]
Training Epochs:  80%|███████████████████████████████████████▏         | 80/100 [01:38<00:24,  1.22s/it, Loss=0.5027, TrainAcc=0.9447, TestAcc=0.8397]
Training Epochs:  81%|███████████████████████████████████████▋         | 81/100 [01:38<00:23,  1.22s/it, Loss=0.5027, TrainAcc=0.9447, TestAcc=0.8397]
Training Epochs:  81%|███████████████████████████████████████▋         | 81/100 [01:39<00:23,  1.22s/it, Loss=0.4786, TrainAcc=0.9480, TestAcc=0.8421]
Training Epochs:  82%|████████████████████████████████████████▏        | 82/100 [01:39<00:21,  1.22s/it, Loss=0.4786, TrainAcc=0.9480, TestAcc=0.8421]
Training Epochs:  82%|████████████████████████████████████████▏        | 82/100 [01:41<00:21,  1.22s/it, Loss=0.4876, TrainAcc=0.9435, TestAcc=0.8381]
Training Epochs:  83%|████████████████████████████████████████▋        | 83/100 [01:41<00:20,  1.22s/it, Loss=0.4876, TrainAcc=0.9435, TestAcc=0.8381]
Training Epochs:  83%|████████████████████████████████████████▋        | 83/100 [01:42<00:20,  1.22s/it, Loss=0.4738, TrainAcc=0.9456, TestAcc=0.8468]
Training Epochs:  84%|█████████████████████████████████████████▏       | 84/100 [01:42<00:19,  1.22s/it, Loss=0.4738, TrainAcc=0.9456, TestAcc=0.8468]
Training Epochs:  84%|█████████████████████████████████████████▏       | 84/100 [01:43<00:19,  1.22s/it, Loss=0.4728, TrainAcc=0.9528, TestAcc=0.8421]
Training Epochs:  85%|█████████████████████████████████████████▋       | 85/100 [01:43<00:18,  1.22s/it, Loss=0.4728, TrainAcc=0.9528, TestAcc=0.8421]
Training Epochs:  85%|█████████████████████████████████████████▋       | 85/100 [01:44<00:18,  1.22s/it, Loss=0.5114, TrainAcc=0.9477, TestAcc=0.8381]
Training Epochs:  86%|██████████████████████████████████████████▏      | 86/100 [01:44<00:17,  1.22s/it, Loss=0.5114, TrainAcc=0.9477, TestAcc=0.8381]
Training Epochs:  86%|██████████████████████████████████████████▏      | 86/100 [01:45<00:17,  1.22s/it, Loss=0.4830, TrainAcc=0.9467, TestAcc=0.8286]
Training Epochs:  87%|██████████████████████████████████████████▋      | 87/100 [01:45<00:15,  1.22s/it, Loss=0.4830, TrainAcc=0.9467, TestAcc=0.8286]
Training Epochs:  87%|██████████████████████████████████████████▋      | 87/100 [01:47<00:15,  1.22s/it, Loss=0.4677, TrainAcc=0.9527, TestAcc=0.8468]
Training Epochs:  88%|███████████████████████████████████████████      | 88/100 [01:47<00:14,  1.22s/it, Loss=0.4677, TrainAcc=0.9527, TestAcc=0.8468]
Training Epochs:  88%|███████████████████████████████████████████      | 88/100 [01:48<00:14,  1.22s/it, Loss=0.4659, TrainAcc=0.9518, TestAcc=0.8464]
Training Epochs:  89%|███████████████████████████████████████████▌     | 89/100 [01:48<00:13,  1.22s/it, Loss=0.4659, TrainAcc=0.9518, TestAcc=0.8464]
Training Epochs:  89%|███████████████████████████████████████████▌     | 89/100 [01:49<00:13,  1.22s/it, Loss=0.5968, TrainAcc=0.9514, TestAcc=0.8508]
Training Epochs:  90%|████████████████████████████████████████████     | 90/100 [01:49<00:12,  1.22s/it, Loss=0.5968, TrainAcc=0.9514, TestAcc=0.8508]
Training Epochs:  90%|████████████████████████████████████████████     | 90/100 [01:50<00:12,  1.22s/it, Loss=0.4688, TrainAcc=0.9525, TestAcc=0.8492]
Training Epochs:  91%|████████████████████████████████████████████▌    | 91/100 [01:50<00:10,  1.22s/it, Loss=0.4688, TrainAcc=0.9525, TestAcc=0.8492]
Training Epochs:  91%|████████████████████████████████████████████▌    | 91/100 [01:52<00:10,  1.22s/it, Loss=0.4763, TrainAcc=0.9524, TestAcc=0.8512]
Training Epochs:  92%|█████████████████████████████████████████████    | 92/100 [01:52<00:09,  1.22s/it, Loss=0.4763, TrainAcc=0.9524, TestAcc=0.8512]
Training Epochs:  92%|█████████████████████████████████████████████    | 92/100 [01:53<00:09,  1.22s/it, Loss=0.4696, TrainAcc=0.9505, TestAcc=0.8460]
Training Epochs:  93%|█████████████████████████████████████████████▌   | 93/100 [01:53<00:08,  1.22s/it, Loss=0.4696, TrainAcc=0.9505, TestAcc=0.8460]
Training Epochs:  93%|█████████████████████████████████████████████▌   | 93/100 [01:54<00:08,  1.22s/it, Loss=0.5066, TrainAcc=0.9454, TestAcc=0.8500]
Training Epochs:  94%|██████████████████████████████████████████████   | 94/100 [01:54<00:07,  1.22s/it, Loss=0.5066, TrainAcc=0.9454, TestAcc=0.8500]
Training Epochs:  94%|██████████████████████████████████████████████   | 94/100 [01:55<00:07,  1.22s/it, Loss=0.4807, TrainAcc=0.9483, TestAcc=0.8437]
Training Epochs:  95%|██████████████████████████████████████████████▌  | 95/100 [01:55<00:06,  1.22s/it, Loss=0.4807, TrainAcc=0.9483, TestAcc=0.8437]
Training Epochs:  95%|██████████████████████████████████████████████▌  | 95/100 [01:56<00:06,  1.22s/it, Loss=0.4778, TrainAcc=0.9485, TestAcc=0.8484]
Training Epochs:  96%|███████████████████████████████████████████████  | 96/100 [01:56<00:04,  1.22s/it, Loss=0.4778, TrainAcc=0.9485, TestAcc=0.8484]
Training Epochs:  96%|███████████████████████████████████████████████  | 96/100 [01:58<00:04,  1.22s/it, Loss=0.4652, TrainAcc=0.9549, TestAcc=0.8492]
Training Epochs:  97%|███████████████████████████████████████████████▌ | 97/100 [01:58<00:03,  1.22s/it, Loss=0.4652, TrainAcc=0.9549, TestAcc=0.8492]
Training Epochs:  97%|███████████████████████████████████████████████▌ | 97/100 [01:59<00:03,  1.22s/it, Loss=0.4585, TrainAcc=0.9528, TestAcc=0.8532]
Training Epochs:  98%|████████████████████████████████████████████████ | 98/100 [01:59<00:02,  1.22s/it, Loss=0.4585, TrainAcc=0.9528, TestAcc=0.8532]
Training Epochs:  98%|████████████████████████████████████████████████ | 98/100 [02:00<00:02,  1.22s/it, Loss=0.4626, TrainAcc=0.9543, TestAcc=0.8448]
Training Epochs:  99%|████████████████████████████████████████████████▌| 99/100 [02:00<00:01,  1.22s/it, Loss=0.4626, TrainAcc=0.9543, TestAcc=0.8448]
Training Epochs:  99%|████████████████████████████████████████████████▌| 99/100 [02:01<00:01,  1.22s/it, Loss=0.4632, TrainAcc=0.9524, TestAcc=0.8456]
Training Epochs: 100%|████████████████████████████████████████████████| 100/100 [02:01<00:00,  1.22s/it, Loss=0.4632, TrainAcc=0.9524, TestAcc=0.8456]
Training Epochs: 100%|████████████████████████████████████████████████| 100/100 [02:01<00:00,  1.22s/it, Loss=0.4632, TrainAcc=0.9524, TestAcc=0.8456]
{'Real': {'precision': np.float64(0.8569780853517878), 'recall': np.float64(0.92875), 'f1': np.float64(0.8914217156568687)}, 'Fake': {'precision': np.float64(0.8549618320610687), 'recall': np.float64(0.7304347826086957), 'f1': np.float64(0.7878077373974208)}}

Training Epochs:   0%|                                                                                                        | 0/100 [00:00<?, ?it/s]
Training Epochs:   0%|                                                          | 0/100 [00:01<?, ?it/s, Loss=0.8992, TrainAcc=0.7545, TestAcc=0.8012]
Training Epochs:   1%|▌                                                 | 1/100 [00:01<01:47,  1.08s/it, Loss=0.8992, TrainAcc=0.7545, TestAcc=0.8012]
Training Epochs:   1%|▌                                                 | 1/100 [00:02<01:47,  1.08s/it, Loss=0.7869, TrainAcc=0.8045, TestAcc=0.8103]
Training Epochs:   2%|█                                                 | 2/100 [00:02<01:44,  1.06s/it, Loss=0.7869, TrainAcc=0.8045, TestAcc=0.8103]
Training Epochs:   2%|█                                                 | 2/100 [00:03<01:44,  1.06s/it, Loss=0.7777, TrainAcc=0.8102, TestAcc=0.8329]
Training Epochs:   3%|█▌                                                | 3/100 [00:03<01:44,  1.07s/it, Loss=0.7777, TrainAcc=0.8102, TestAcc=0.8329]
Training Epochs:   3%|█▌                                                | 3/100 [00:04<01:44,  1.07s/it, Loss=0.7548, TrainAcc=0.8185, TestAcc=0.8183]
Training Epochs:   4%|██                                                | 4/100 [00:04<01:48,  1.13s/it, Loss=0.7548, TrainAcc=0.8185, TestAcc=0.8183]
Training Epochs:   4%|██                                                | 4/100 [00:05<01:48,  1.13s/it, Loss=0.7503, TrainAcc=0.8277, TestAcc=0.8258]
Training Epochs:   5%|██▌                                               | 5/100 [00:05<01:49,  1.16s/it, Loss=0.7503, TrainAcc=0.8277, TestAcc=0.8258]
Training Epochs:   5%|██▌                                               | 5/100 [00:06<01:49,  1.16s/it, Loss=0.7307, TrainAcc=0.8345, TestAcc=0.8250]
Training Epochs:   6%|███                                               | 6/100 [00:06<01:50,  1.18s/it, Loss=0.7307, TrainAcc=0.8345, TestAcc=0.8250]
Training Epochs:   6%|███                                               | 6/100 [00:08<01:50,  1.18s/it, Loss=0.7164, TrainAcc=0.8425, TestAcc=0.8286]
Training Epochs:   7%|███▌                                              | 7/100 [00:08<01:50,  1.19s/it, Loss=0.7164, TrainAcc=0.8425, TestAcc=0.8286]
Training Epochs:   7%|███▌                                              | 7/100 [00:08<01:50,  1.19s/it, Loss=0.7059, TrainAcc=0.8486, TestAcc=0.8290]
Training Epochs:   8%|████                                              | 8/100 [00:08<01:37,  1.06s/it, Loss=0.7059, TrainAcc=0.8486, TestAcc=0.8290]
Training Epochs:   8%|████                                              | 8/100 [00:10<01:37,  1.06s/it, Loss=0.6997, TrainAcc=0.8502, TestAcc=0.8361]
Training Epochs:   9%|████▌                                             | 9/100 [00:10<01:40,  1.10s/it, Loss=0.6997, TrainAcc=0.8502, TestAcc=0.8361]
Training Epochs:   9%|████▌                                             | 9/100 [00:11<01:40,  1.10s/it, Loss=0.6952, TrainAcc=0.8527, TestAcc=0.8401]
Training Epochs:  10%|████▉                                            | 10/100 [00:11<01:42,  1.13s/it, Loss=0.6952, TrainAcc=0.8527, TestAcc=0.8401]
Training Epochs:  10%|████▉                                            | 10/100 [00:12<01:42,  1.13s/it, Loss=0.6740, TrainAcc=0.8613, TestAcc=0.8429]
Training Epochs:  11%|█████▍                                           | 11/100 [00:12<01:43,  1.16s/it, Loss=0.6740, TrainAcc=0.8613, TestAcc=0.8429]
Training Epochs:  11%|█████▍                                           | 11/100 [00:13<01:43,  1.16s/it, Loss=0.6617, TrainAcc=0.8668, TestAcc=0.8460]
Training Epochs:  12%|█████▉                                           | 12/100 [00:13<01:43,  1.18s/it, Loss=0.6617, TrainAcc=0.8668, TestAcc=0.8460]
Training Epochs:  12%|█████▉                                           | 12/100 [00:14<01:43,  1.18s/it, Loss=0.6555, TrainAcc=0.8701, TestAcc=0.8337]
Training Epochs:  13%|██████▎                                          | 13/100 [00:14<01:43,  1.19s/it, Loss=0.6555, TrainAcc=0.8701, TestAcc=0.8337]
Training Epochs:  13%|██████▎                                          | 13/100 [00:16<01:43,  1.19s/it, Loss=0.6465, TrainAcc=0.8745, TestAcc=0.8397]
Training Epochs:  14%|██████▊                                          | 14/100 [00:16<01:43,  1.20s/it, Loss=0.6465, TrainAcc=0.8745, TestAcc=0.8397]
Training Epochs:  14%|██████▊                                          | 14/100 [00:17<01:43,  1.20s/it, Loss=0.6287, TrainAcc=0.8839, TestAcc=0.8504]
Training Epochs:  15%|███████▎                                         | 15/100 [00:17<01:42,  1.20s/it, Loss=0.6287, TrainAcc=0.8839, TestAcc=0.8504]
Training Epochs:  15%|███████▎                                         | 15/100 [00:18<01:42,  1.20s/it, Loss=0.6307, TrainAcc=0.8789, TestAcc=0.8433]
Training Epochs:  16%|███████▊                                         | 16/100 [00:18<01:41,  1.21s/it, Loss=0.6307, TrainAcc=0.8789, TestAcc=0.8433]
Training Epochs:  16%|███████▊                                         | 16/100 [00:19<01:41,  1.21s/it, Loss=0.6134, TrainAcc=0.8897, TestAcc=0.8397]
Training Epochs:  17%|████████▎                                        | 17/100 [00:19<01:40,  1.21s/it, Loss=0.6134, TrainAcc=0.8897, TestAcc=0.8397]
Training Epochs:  17%|████████▎                                        | 17/100 [00:20<01:40,  1.21s/it, Loss=0.5977, TrainAcc=0.8933, TestAcc=0.8512]
Training Epochs:  18%|████████▊                                        | 18/100 [00:20<01:39,  1.21s/it, Loss=0.5977, TrainAcc=0.8933, TestAcc=0.8512]
Training Epochs:  18%|████████▊                                        | 18/100 [00:22<01:39,  1.21s/it, Loss=0.5956, TrainAcc=0.8947, TestAcc=0.8488]
Training Epochs:  19%|█████████▎                                       | 19/100 [00:22<01:38,  1.21s/it, Loss=0.5956, TrainAcc=0.8947, TestAcc=0.8488]
Training Epochs:  19%|█████████▎                                       | 19/100 [00:23<01:38,  1.21s/it, Loss=0.5774, TrainAcc=0.9029, TestAcc=0.8464]
Training Epochs:  20%|█████████▊                                       | 20/100 [00:23<01:37,  1.21s/it, Loss=0.5774, TrainAcc=0.9029, TestAcc=0.8464]
Training Epochs:  20%|█████████▊                                       | 20/100 [00:24<01:37,  1.21s/it, Loss=0.5821, TrainAcc=0.8931, TestAcc=0.8448]
Training Epochs:  21%|██████████▎                                      | 21/100 [00:24<01:35,  1.21s/it, Loss=0.5821, TrainAcc=0.8931, TestAcc=0.8448]
Training Epochs:  21%|██████████▎                                      | 21/100 [00:25<01:35,  1.21s/it, Loss=0.5807, TrainAcc=0.9001, TestAcc=0.8369]
Training Epochs:  22%|██████████▊                                      | 22/100 [00:25<01:34,  1.21s/it, Loss=0.5807, TrainAcc=0.9001, TestAcc=0.8369]
Training Epochs:  22%|██████████▊                                      | 22/100 [00:27<01:34,  1.21s/it, Loss=0.5697, TrainAcc=0.9075, TestAcc=0.8425]
Training Epochs:  23%|███████████▎                                     | 23/100 [00:27<01:33,  1.21s/it, Loss=0.5697, TrainAcc=0.9075, TestAcc=0.8425]
Training Epochs:  23%|███████████▎                                     | 23/100 [00:28<01:33,  1.21s/it, Loss=0.5569, TrainAcc=0.9070, TestAcc=0.8504]
Training Epochs:  24%|███████████▊                                     | 24/100 [00:28<01:32,  1.21s/it, Loss=0.5569, TrainAcc=0.9070, TestAcc=0.8504]
Training Epochs:  24%|███████████▊                                     | 24/100 [00:29<01:32,  1.21s/it, Loss=0.5484, TrainAcc=0.9125, TestAcc=0.8444]
Training Epochs:  25%|████████████▎                                    | 25/100 [00:29<01:31,  1.21s/it, Loss=0.5484, TrainAcc=0.9125, TestAcc=0.8444]
Training Epochs:  25%|████████████▎                                    | 25/100 [00:30<01:31,  1.21s/it, Loss=0.5578, TrainAcc=0.9071, TestAcc=0.8373]
Training Epochs:  26%|████████████▋                                    | 26/100 [00:30<01:29,  1.21s/it, Loss=0.5578, TrainAcc=0.9071, TestAcc=0.8373]
Training Epochs:  26%|████████████▋                                    | 26/100 [00:31<01:29,  1.21s/it, Loss=0.5476, TrainAcc=0.9090, TestAcc=0.8413]
Training Epochs:  27%|█████████████▏                                   | 27/100 [00:31<01:28,  1.21s/it, Loss=0.5476, TrainAcc=0.9090, TestAcc=0.8413]
Training Epochs:  27%|█████████████▏                                   | 27/100 [00:33<01:28,  1.21s/it, Loss=0.5347, TrainAcc=0.9130, TestAcc=0.8433]
Training Epochs:  28%|█████████████▋                                   | 28/100 [00:33<01:29,  1.24s/it, Loss=0.5347, TrainAcc=0.9130, TestAcc=0.8433]
Training Epochs:  28%|█████████████▋                                   | 28/100 [00:34<01:29,  1.24s/it, Loss=0.5387, TrainAcc=0.9179, TestAcc=0.8409]
Training Epochs:  29%|██████████████▏                                  | 29/100 [00:34<01:27,  1.23s/it, Loss=0.5387, TrainAcc=0.9179, TestAcc=0.8409]
Training Epochs:  29%|██████████████▏                                  | 29/100 [00:35<01:27,  1.23s/it, Loss=0.5440, TrainAcc=0.9108, TestAcc=0.8484]
Training Epochs:  30%|██████████████▋                                  | 30/100 [00:35<01:25,  1.23s/it, Loss=0.5440, TrainAcc=0.9108, TestAcc=0.8484]
Training Epochs:  30%|██████████████▋                                  | 30/100 [00:36<01:25,  1.23s/it, Loss=0.5291, TrainAcc=0.9175, TestAcc=0.8429]
Training Epochs:  31%|███████████████▏                                 | 31/100 [00:36<01:24,  1.22s/it, Loss=0.5291, TrainAcc=0.9175, TestAcc=0.8429]
Training Epochs:  31%|███████████████▏                                 | 31/100 [00:38<01:24,  1.22s/it, Loss=0.5264, TrainAcc=0.9187, TestAcc=0.8397]
Training Epochs:  32%|███████████████▋                                 | 32/100 [00:38<01:23,  1.22s/it, Loss=0.5264, TrainAcc=0.9187, TestAcc=0.8397]
Training Epochs:  32%|███████████████▋                                 | 32/100 [00:39<01:23,  1.22s/it, Loss=0.5254, TrainAcc=0.9209, TestAcc=0.8429]
Training Epochs:  33%|████████████████▏                                | 33/100 [00:39<01:21,  1.22s/it, Loss=0.5254, TrainAcc=0.9209, TestAcc=0.8429]
Training Epochs:  33%|████████████████▏                                | 33/100 [00:40<01:21,  1.22s/it, Loss=0.5282, TrainAcc=0.9186, TestAcc=0.8476]
Training Epochs:  34%|████████████████▋                                | 34/100 [00:40<01:20,  1.22s/it, Loss=0.5282, TrainAcc=0.9186, TestAcc=0.8476]
Training Epochs:  34%|████████████████▋                                | 34/100 [00:41<01:20,  1.22s/it, Loss=0.5184, TrainAcc=0.9228, TestAcc=0.8476]
Training Epochs:  35%|█████████████████▏                               | 35/100 [00:41<01:19,  1.22s/it, Loss=0.5184, TrainAcc=0.9228, TestAcc=0.8476]
Training Epochs:  35%|█████████████████▏                               | 35/100 [00:42<01:19,  1.22s/it, Loss=0.5020, TrainAcc=0.9312, TestAcc=0.8476]
Training Epochs:  36%|█████████████████▋                               | 36/100 [00:42<01:18,  1.23s/it, Loss=0.5020, TrainAcc=0.9312, TestAcc=0.8476]
Training Epochs:  36%|█████████████████▋                               | 36/100 [00:44<01:18,  1.23s/it, Loss=0.5159, TrainAcc=0.9243, TestAcc=0.8444]
Training Epochs:  37%|██████████████████▏                              | 37/100 [00:44<01:17,  1.22s/it, Loss=0.5159, TrainAcc=0.9243, TestAcc=0.8444]
Training Epochs:  37%|██████████████████▏                              | 37/100 [00:45<01:17,  1.22s/it, Loss=0.5174, TrainAcc=0.9202, TestAcc=0.8460]
Training Epochs:  38%|██████████████████▌                              | 38/100 [00:45<01:15,  1.22s/it, Loss=0.5174, TrainAcc=0.9202, TestAcc=0.8460]
Training Epochs:  38%|██████████████████▌                              | 38/100 [00:46<01:15,  1.22s/it, Loss=0.5056, TrainAcc=0.9252, TestAcc=0.8452]
Training Epochs:  39%|███████████████████                              | 39/100 [00:46<01:14,  1.22s/it, Loss=0.5056, TrainAcc=0.9252, TestAcc=0.8452]
Training Epochs:  39%|███████████████████                              | 39/100 [00:47<01:14,  1.22s/it, Loss=0.5103, TrainAcc=0.9268, TestAcc=0.8448]
Training Epochs:  40%|███████████████████▌                             | 40/100 [00:47<01:12,  1.22s/it, Loss=0.5103, TrainAcc=0.9268, TestAcc=0.8448]
Training Epochs:  40%|███████████████████▌                             | 40/100 [00:49<01:12,  1.22s/it, Loss=0.5043, TrainAcc=0.9288, TestAcc=0.8397]
Training Epochs:  41%|████████████████████                             | 41/100 [00:49<01:12,  1.23s/it, Loss=0.5043, TrainAcc=0.9288, TestAcc=0.8397]
Training Epochs:  41%|████████████████████                             | 41/100 [00:50<01:12,  1.23s/it, Loss=0.5098, TrainAcc=0.9259, TestAcc=0.8341]
Training Epochs:  42%|████████████████████▌                            | 42/100 [00:50<01:11,  1.23s/it, Loss=0.5098, TrainAcc=0.9259, TestAcc=0.8341]
Training Epochs:  42%|████████████████████▌                            | 42/100 [00:51<01:11,  1.23s/it, Loss=0.5103, TrainAcc=0.9280, TestAcc=0.8433]
Training Epochs:  43%|█████████████████████                            | 43/100 [00:51<01:09,  1.23s/it, Loss=0.5103, TrainAcc=0.9280, TestAcc=0.8433]
Training Epochs:  43%|█████████████████████                            | 43/100 [00:52<01:09,  1.23s/it, Loss=0.5026, TrainAcc=0.9311, TestAcc=0.8456]
Training Epochs:  44%|█████████████████████▌                           | 44/100 [00:52<01:08,  1.22s/it, Loss=0.5026, TrainAcc=0.9311, TestAcc=0.8456]
Training Epochs:  44%|█████████████████████▌                           | 44/100 [00:53<01:08,  1.22s/it, Loss=0.5072, TrainAcc=0.9254, TestAcc=0.8476]
Training Epochs:  45%|██████████████████████                           | 45/100 [00:53<01:07,  1.22s/it, Loss=0.5072, TrainAcc=0.9254, TestAcc=0.8476]
Training Epochs:  45%|██████████████████████                           | 45/100 [00:55<01:07,  1.22s/it, Loss=0.4869, TrainAcc=0.9362, TestAcc=0.8440]
Training Epochs:  46%|██████████████████████▌                          | 46/100 [00:55<01:06,  1.23s/it, Loss=0.4869, TrainAcc=0.9362, TestAcc=0.8440]
Training Epochs:  46%|██████████████████████▌                          | 46/100 [00:56<01:06,  1.23s/it, Loss=0.4914, TrainAcc=0.9348, TestAcc=0.8464]
Training Epochs:  47%|███████████████████████                          | 47/100 [00:56<01:05,  1.23s/it, Loss=0.4914, TrainAcc=0.9348, TestAcc=0.8464]
Training Epochs:  47%|███████████████████████                          | 47/100 [00:57<01:05,  1.23s/it, Loss=0.4925, TrainAcc=0.9320, TestAcc=0.8417]
Training Epochs:  48%|███████████████████████▌                         | 48/100 [00:57<01:03,  1.22s/it, Loss=0.4925, TrainAcc=0.9320, TestAcc=0.8417]
Training Epochs:  48%|███████████████████████▌                         | 48/100 [00:58<01:03,  1.22s/it, Loss=0.4984, TrainAcc=0.9313, TestAcc=0.8433]
Training Epochs:  49%|████████████████████████                         | 49/100 [00:58<01:02,  1.22s/it, Loss=0.4984, TrainAcc=0.9313, TestAcc=0.8433]
Training Epochs:  49%|████████████████████████                         | 49/100 [01:00<01:02,  1.22s/it, Loss=0.4843, TrainAcc=0.9364, TestAcc=0.8484]
Training Epochs:  50%|████████████████████████▌                        | 50/100 [01:00<01:01,  1.22s/it, Loss=0.4843, TrainAcc=0.9364, TestAcc=0.8484]
Training Epochs:  50%|████████████████████████▌                        | 50/100 [01:01<01:01,  1.22s/it, Loss=0.4931, TrainAcc=0.9349, TestAcc=0.8369]
Training Epochs:  51%|████████████████████████▉                        | 51/100 [01:01<00:58,  1.19s/it, Loss=0.4931, TrainAcc=0.9349, TestAcc=0.8369]
Training Epochs:  51%|████████████████████████▉                        | 51/100 [01:01<00:58,  1.19s/it, Loss=0.4772, TrainAcc=0.9366, TestAcc=0.8448]
Training Epochs:  52%|█████████████████████████▍                       | 52/100 [01:01<00:50,  1.06s/it, Loss=0.4772, TrainAcc=0.9366, TestAcc=0.8448]
Training Epochs:  52%|█████████████████████████▍                       | 52/100 [01:03<00:50,  1.06s/it, Loss=0.4863, TrainAcc=0.9337, TestAcc=0.8476]
Training Epochs:  53%|█████████████████████████▉                       | 53/100 [01:03<00:51,  1.11s/it, Loss=0.4863, TrainAcc=0.9337, TestAcc=0.8476]
Training Epochs:  53%|█████████████████████████▉                       | 53/100 [01:04<00:51,  1.11s/it, Loss=0.4879, TrainAcc=0.9345, TestAcc=0.8508]
Training Epochs:  54%|██████████████████████████▍                      | 54/100 [01:04<00:52,  1.14s/it, Loss=0.4879, TrainAcc=0.9345, TestAcc=0.8508]
Training Epochs:  54%|██████████████████████████▍                      | 54/100 [01:05<00:52,  1.14s/it, Loss=0.4854, TrainAcc=0.9339, TestAcc=0.8397]
Training Epochs:  55%|██████████████████████████▉                      | 55/100 [01:05<00:52,  1.17s/it, Loss=0.4854, TrainAcc=0.9339, TestAcc=0.8397]
Training Epochs:  55%|██████████████████████████▉                      | 55/100 [01:06<00:52,  1.17s/it, Loss=0.4812, TrainAcc=0.9347, TestAcc=0.8464]
Training Epochs:  56%|███████████████████████████▍                     | 56/100 [01:06<00:52,  1.20s/it, Loss=0.4812, TrainAcc=0.9347, TestAcc=0.8464]
Training Epochs:  56%|███████████████████████████▍                     | 56/100 [01:08<00:52,  1.20s/it, Loss=0.4735, TrainAcc=0.9371, TestAcc=0.8488]
Training Epochs:  57%|███████████████████████████▉                     | 57/100 [01:08<00:51,  1.20s/it, Loss=0.4735, TrainAcc=0.9371, TestAcc=0.8488]
Training Epochs:  57%|███████████████████████████▉                     | 57/100 [01:09<00:51,  1.20s/it, Loss=0.5085, TrainAcc=0.9332, TestAcc=0.8496]
Training Epochs:  58%|████████████████████████████▍                    | 58/100 [01:09<00:50,  1.21s/it, Loss=0.5085, TrainAcc=0.9332, TestAcc=0.8496]
Training Epochs:  58%|████████████████████████████▍                    | 58/100 [01:10<00:50,  1.21s/it, Loss=0.5195, TrainAcc=0.9293, TestAcc=0.8488]
Training Epochs:  59%|████████████████████████████▉                    | 59/100 [01:10<00:49,  1.21s/it, Loss=0.5195, TrainAcc=0.9293, TestAcc=0.8488]
Training Epochs:  59%|████████████████████████████▉                    | 59/100 [01:11<00:49,  1.21s/it, Loss=0.5053, TrainAcc=0.9320, TestAcc=0.8437]
Training Epochs:  60%|█████████████████████████████▍                   | 60/100 [01:11<00:48,  1.21s/it, Loss=0.5053, TrainAcc=0.9320, TestAcc=0.8437]
Training Epochs:  60%|█████████████████████████████▍                   | 60/100 [01:13<00:48,  1.21s/it, Loss=0.5141, TrainAcc=0.9286, TestAcc=0.8274]
Training Epochs:  61%|█████████████████████████████▉                   | 61/100 [01:13<00:47,  1.22s/it, Loss=0.5141, TrainAcc=0.9286, TestAcc=0.8274]
Training Epochs:  61%|█████████████████████████████▉                   | 61/100 [01:14<00:47,  1.22s/it, Loss=0.5126, TrainAcc=0.9278, TestAcc=0.8397]
Training Epochs:  62%|██████████████████████████████▍                  | 62/100 [01:14<00:47,  1.24s/it, Loss=0.5126, TrainAcc=0.9278, TestAcc=0.8397]
Training Epochs:  62%|██████████████████████████████▍                  | 62/100 [01:15<00:47,  1.24s/it, Loss=0.4973, TrainAcc=0.9319, TestAcc=0.8429]
Training Epochs:  63%|██████████████████████████████▊                  | 63/100 [01:15<00:45,  1.24s/it, Loss=0.4973, TrainAcc=0.9319, TestAcc=0.8429]
Training Epochs:  63%|██████████████████████████████▊                  | 63/100 [01:16<00:45,  1.24s/it, Loss=0.4839, TrainAcc=0.9363, TestAcc=0.8544]
Training Epochs:  64%|███████████████████████████████▎                 | 64/100 [01:16<00:43,  1.20s/it, Loss=0.4839, TrainAcc=0.9363, TestAcc=0.8544]
Training Epochs:  64%|███████████████████████████████▎                 | 64/100 [01:17<00:43,  1.20s/it, Loss=0.4805, TrainAcc=0.9405, TestAcc=0.8464]
Training Epochs:  65%|███████████████████████████████▊                 | 65/100 [01:17<00:42,  1.21s/it, Loss=0.4805, TrainAcc=0.9405, TestAcc=0.8464]
Training Epochs:  65%|███████████████████████████████▊                 | 65/100 [01:19<00:42,  1.21s/it, Loss=0.4800, TrainAcc=0.9376, TestAcc=0.8429]
Training Epochs:  66%|████████████████████████████████▎                | 66/100 [01:19<00:41,  1.22s/it, Loss=0.4800, TrainAcc=0.9376, TestAcc=0.8429]
Training Epochs:  66%|████████████████████████████████▎                | 66/100 [01:20<00:41,  1.22s/it, Loss=0.4865, TrainAcc=0.9372, TestAcc=0.8429]
Training Epochs:  67%|████████████████████████████████▊                | 67/100 [01:20<00:40,  1.22s/it, Loss=0.4865, TrainAcc=0.9372, TestAcc=0.8429]
Training Epochs:  67%|████████████████████████████████▊                | 67/100 [01:21<00:40,  1.22s/it, Loss=0.4937, TrainAcc=0.9327, TestAcc=0.8337]
Training Epochs:  68%|█████████████████████████████████▎               | 68/100 [01:21<00:39,  1.23s/it, Loss=0.4937, TrainAcc=0.9327, TestAcc=0.8337]
Training Epochs:  68%|█████████████████████████████████▎               | 68/100 [01:22<00:39,  1.23s/it, Loss=0.4896, TrainAcc=0.9291, TestAcc=0.8393]
Training Epochs:  69%|█████████████████████████████████▊               | 69/100 [01:22<00:38,  1.23s/it, Loss=0.4896, TrainAcc=0.9291, TestAcc=0.8393]
Training Epochs:  69%|█████████████████████████████████▊               | 69/100 [01:24<00:38,  1.23s/it, Loss=0.4850, TrainAcc=0.9336, TestAcc=0.8433]
Training Epochs:  70%|██████████████████████████████████▎              | 70/100 [01:24<00:36,  1.23s/it, Loss=0.4850, TrainAcc=0.9336, TestAcc=0.8433]
Training Epochs:  70%|██████████████████████████████████▎              | 70/100 [01:25<00:36,  1.23s/it, Loss=0.4775, TrainAcc=0.9373, TestAcc=0.8405]
Training Epochs:  71%|██████████████████████████████████▊              | 71/100 [01:25<00:35,  1.22s/it, Loss=0.4775, TrainAcc=0.9373, TestAcc=0.8405]
Training Epochs:  71%|██████████████████████████████████▊              | 71/100 [01:26<00:35,  1.22s/it, Loss=0.4823, TrainAcc=0.9389, TestAcc=0.8417]
Training Epochs:  72%|███████████████████████████████████▎             | 72/100 [01:26<00:34,  1.22s/it, Loss=0.4823, TrainAcc=0.9389, TestAcc=0.8417]
Training Epochs:  72%|███████████████████████████████████▎             | 72/100 [01:27<00:34,  1.22s/it, Loss=0.4867, TrainAcc=0.9336, TestAcc=0.8452]
Training Epochs:  73%|███████████████████████████████████▊             | 73/100 [01:27<00:32,  1.22s/it, Loss=0.4867, TrainAcc=0.9336, TestAcc=0.8452]
Training Epochs:  73%|███████████████████████████████████▊             | 73/100 [01:28<00:32,  1.22s/it, Loss=0.4801, TrainAcc=0.9364, TestAcc=0.8480]
Training Epochs:  74%|████████████████████████████████████▎            | 74/100 [01:28<00:31,  1.22s/it, Loss=0.4801, TrainAcc=0.9364, TestAcc=0.8480]
Training Epochs:  74%|████████████████████████████████████▎            | 74/100 [01:30<00:31,  1.22s/it, Loss=0.4712, TrainAcc=0.9378, TestAcc=0.8512]
Training Epochs:  75%|████████████████████████████████████▊            | 75/100 [01:30<00:30,  1.22s/it, Loss=0.4712, TrainAcc=0.9378, TestAcc=0.8512]
Training Epochs:  75%|████████████████████████████████████▊            | 75/100 [01:31<00:30,  1.22s/it, Loss=0.4747, TrainAcc=0.9371, TestAcc=0.8488]
Training Epochs:  76%|█████████████████████████████████████▏           | 76/100 [01:31<00:29,  1.23s/it, Loss=0.4747, TrainAcc=0.9371, TestAcc=0.8488]
Training Epochs:  76%|█████████████████████████████████████▏           | 76/100 [01:32<00:29,  1.23s/it, Loss=0.4664, TrainAcc=0.9414, TestAcc=0.8448]
Training Epochs:  77%|█████████████████████████████████████▋           | 77/100 [01:32<00:27,  1.20s/it, Loss=0.4664, TrainAcc=0.9414, TestAcc=0.8448]
Training Epochs:  77%|█████████████████████████████████████▋           | 77/100 [01:33<00:27,  1.20s/it, Loss=0.4634, TrainAcc=0.9465, TestAcc=0.8401]
Training Epochs:  78%|██████████████████████████████████████▏          | 78/100 [01:33<00:25,  1.15s/it, Loss=0.4634, TrainAcc=0.9465, TestAcc=0.8401]
Training Epochs:  78%|██████████████████████████████████████▏          | 78/100 [01:34<00:25,  1.15s/it, Loss=0.4775, TrainAcc=0.9366, TestAcc=0.8405]
Training Epochs:  79%|██████████████████████████████████████▋          | 79/100 [01:34<00:23,  1.11s/it, Loss=0.4775, TrainAcc=0.9366, TestAcc=0.8405]
Training Epochs:  79%|██████████████████████████████████████▋          | 79/100 [01:35<00:23,  1.11s/it, Loss=0.4720, TrainAcc=0.9413, TestAcc=0.8464]
Training Epochs:  80%|███████████████████████████████████████▏         | 80/100 [01:35<00:21,  1.07s/it, Loss=0.4720, TrainAcc=0.9413, TestAcc=0.8464]
Training Epochs:  80%|███████████████████████████████████████▏         | 80/100 [01:36<00:21,  1.07s/it, Loss=0.4837, TrainAcc=0.9375, TestAcc=0.8433]
Training Epochs:  81%|███████████████████████████████████████▋         | 81/100 [01:36<00:21,  1.11s/it, Loss=0.4837, TrainAcc=0.9375, TestAcc=0.8433]
Training Epochs:  81%|███████████████████████████████████████▋         | 81/100 [01:37<00:21,  1.11s/it, Loss=0.4815, TrainAcc=0.9388, TestAcc=0.8484]
Training Epochs:  82%|████████████████████████████████████████▏        | 82/100 [01:37<00:20,  1.15s/it, Loss=0.4815, TrainAcc=0.9388, TestAcc=0.8484]
Training Epochs:  82%|████████████████████████████████████████▏        | 82/100 [01:39<00:20,  1.15s/it, Loss=0.4670, TrainAcc=0.9408, TestAcc=0.8476]
Training Epochs:  83%|████████████████████████████████████████▋        | 83/100 [01:39<00:20,  1.23s/it, Loss=0.4670, TrainAcc=0.9408, TestAcc=0.8476]
Training Epochs:  83%|████████████████████████████████████████▋        | 83/100 [01:40<00:20,  1.23s/it, Loss=0.4696, TrainAcc=0.9391, TestAcc=0.8369]
Training Epochs:  84%|█████████████████████████████████████████▏       | 84/100 [01:40<00:19,  1.24s/it, Loss=0.4696, TrainAcc=0.9391, TestAcc=0.8369]
Training Epochs:  84%|█████████████████████████████████████████▏       | 84/100 [01:41<00:19,  1.24s/it, Loss=0.4555, TrainAcc=0.9460, TestAcc=0.8448]
Training Epochs:  85%|█████████████████████████████████████████▋       | 85/100 [01:41<00:18,  1.23s/it, Loss=0.4555, TrainAcc=0.9460, TestAcc=0.8448]
Training Epochs:  85%|█████████████████████████████████████████▋       | 85/100 [01:43<00:18,  1.23s/it, Loss=0.4643, TrainAcc=0.9389, TestAcc=0.8425]
Training Epochs:  86%|██████████████████████████████████████████▏      | 86/100 [01:43<00:17,  1.23s/it, Loss=0.4643, TrainAcc=0.9389, TestAcc=0.8425]
Training Epochs:  86%|██████████████████████████████████████████▏      | 86/100 [01:44<00:17,  1.23s/it, Loss=0.4628, TrainAcc=0.9427, TestAcc=0.8405]
Training Epochs:  87%|██████████████████████████████████████████▋      | 87/100 [01:44<00:15,  1.22s/it, Loss=0.4628, TrainAcc=0.9427, TestAcc=0.8405]
Training Epochs:  87%|██████████████████████████████████████████▋      | 87/100 [01:45<00:15,  1.22s/it, Loss=0.4589, TrainAcc=0.9430, TestAcc=0.8437]
Training Epochs:  88%|███████████████████████████████████████████      | 88/100 [01:45<00:14,  1.22s/it, Loss=0.4589, TrainAcc=0.9430, TestAcc=0.8437]
Training Epochs:  88%|███████████████████████████████████████████      | 88/100 [01:46<00:14,  1.22s/it, Loss=0.4673, TrainAcc=0.9430, TestAcc=0.8480]
Training Epochs:  89%|███████████████████████████████████████████▌     | 89/100 [01:46<00:13,  1.22s/it, Loss=0.4673, TrainAcc=0.9430, TestAcc=0.8480]
Training Epochs:  89%|███████████████████████████████████████████▌     | 89/100 [01:47<00:13,  1.22s/it, Loss=0.4662, TrainAcc=0.9454, TestAcc=0.8496]
Training Epochs:  90%|████████████████████████████████████████████     | 90/100 [01:47<00:12,  1.22s/it, Loss=0.4662, TrainAcc=0.9454, TestAcc=0.8496]
Training Epochs:  90%|████████████████████████████████████████████     | 90/100 [01:49<00:12,  1.22s/it, Loss=0.4733, TrainAcc=0.9448, TestAcc=0.8389]
Training Epochs:  91%|████████████████████████████████████████████▌    | 91/100 [01:49<00:10,  1.22s/it, Loss=0.4733, TrainAcc=0.9448, TestAcc=0.8389]
Training Epochs:  91%|████████████████████████████████████████████▌    | 91/100 [01:50<00:10,  1.22s/it, Loss=0.4714, TrainAcc=0.9408, TestAcc=0.8476]
Training Epochs:  92%|█████████████████████████████████████████████    | 92/100 [01:50<00:09,  1.22s/it, Loss=0.4714, TrainAcc=0.9408, TestAcc=0.8476]
Training Epochs:  92%|█████████████████████████████████████████████    | 92/100 [01:51<00:09,  1.22s/it, Loss=0.4594, TrainAcc=0.9437, TestAcc=0.8401]
Training Epochs:  93%|█████████████████████████████████████████████▌   | 93/100 [01:51<00:08,  1.20s/it, Loss=0.4594, TrainAcc=0.9437, TestAcc=0.8401]
Training Epochs:  93%|█████████████████████████████████████████████▌   | 93/100 [01:52<00:08,  1.20s/it, Loss=0.4574, TrainAcc=0.9484, TestAcc=0.8456]
Training Epochs:  94%|██████████████████████████████████████████████   | 94/100 [01:52<00:07,  1.18s/it, Loss=0.4574, TrainAcc=0.9484, TestAcc=0.8456]
Training Epochs:  94%|██████████████████████████████████████████████   | 94/100 [01:53<00:07,  1.18s/it, Loss=0.4635, TrainAcc=0.9471, TestAcc=0.8377]
Training Epochs:  95%|██████████████████████████████████████████████▌  | 95/100 [01:53<00:05,  1.19s/it, Loss=0.4635, TrainAcc=0.9471, TestAcc=0.8377]
Training Epochs:  95%|██████████████████████████████████████████████▌  | 95/100 [01:55<00:05,  1.19s/it, Loss=0.4623, TrainAcc=0.9438, TestAcc=0.8337]
Training Epochs:  96%|███████████████████████████████████████████████  | 96/100 [01:55<00:04,  1.19s/it, Loss=0.4623, TrainAcc=0.9438, TestAcc=0.8337]
Training Epochs:  96%|███████████████████████████████████████████████  | 96/100 [01:56<00:04,  1.19s/it, Loss=0.4736, TrainAcc=0.9359, TestAcc=0.8472]
Training Epochs:  97%|███████████████████████████████████████████████▌ | 97/100 [01:56<00:03,  1.20s/it, Loss=0.4736, TrainAcc=0.9359, TestAcc=0.8472]
Training Epochs:  97%|███████████████████████████████████████████████▌ | 97/100 [01:57<00:03,  1.20s/it, Loss=0.4700, TrainAcc=0.9426, TestAcc=0.8385]
Training Epochs:  98%|████████████████████████████████████████████████ | 98/100 [01:57<00:02,  1.21s/it, Loss=0.4700, TrainAcc=0.9426, TestAcc=0.8385]
Training Epochs:  98%|████████████████████████████████████████████████ | 98/100 [01:58<00:02,  1.21s/it, Loss=0.4602, TrainAcc=0.9449, TestAcc=0.8437]
Training Epochs:  99%|████████████████████████████████████████████████▌| 99/100 [01:58<00:01,  1.21s/it, Loss=0.4602, TrainAcc=0.9449, TestAcc=0.8437]
Training Epochs:  99%|████████████████████████████████████████████████▌| 99/100 [01:59<00:01,  1.21s/it, Loss=0.4590, TrainAcc=0.9458, TestAcc=0.8401]
Training Epochs: 100%|████████████████████████████████████████████████| 100/100 [01:59<00:00,  1.21s/it, Loss=0.4590, TrainAcc=0.9458, TestAcc=0.8401]
Training Epochs: 100%|████████████████████████████████████████████████| 100/100 [01:59<00:00,  1.20s/it, Loss=0.4590, TrainAcc=0.9458, TestAcc=0.8401]
{'Real': {'precision': np.float64(0.8569774174869716), 'recall': np.float64(0.925), 'f1': np.float64(0.8896904117823865)}, 'Fake': {'precision': np.float64(0.8486759142496847), 'recall': np.float64(0.7315217391304348), 'f1': np.float64(0.7857559836544075)}}

Training Epochs:   0%|                                                                                                        | 0/100 [00:00<?, ?it/s]
Training Epochs:   0%|                                                          | 0/100 [00:01<?, ?it/s, Loss=0.9012, TrainAcc=0.7497, TestAcc=0.8155]
Training Epochs:   1%|▌                                                 | 1/100 [00:01<01:45,  1.06s/it, Loss=0.9012, TrainAcc=0.7497, TestAcc=0.8155]
Training Epochs:   1%|▌                                                 | 1/100 [00:02<01:45,  1.06s/it, Loss=0.7981, TrainAcc=0.8033, TestAcc=0.8242]
Training Epochs:   2%|█                                                 | 2/100 [00:02<01:53,  1.15s/it, Loss=0.7981, TrainAcc=0.8033, TestAcc=0.8242]
Training Epochs:   2%|█                                                 | 2/100 [00:03<01:53,  1.15s/it, Loss=0.7770, TrainAcc=0.8130, TestAcc=0.8183]
Training Epochs:   3%|█▌                                                | 3/100 [00:03<01:54,  1.18s/it, Loss=0.7770, TrainAcc=0.8130, TestAcc=0.8183]
Training Epochs:   3%|█▌                                                | 3/100 [00:04<01:54,  1.18s/it, Loss=0.7636, TrainAcc=0.8144, TestAcc=0.8238]
Training Epochs:   4%|██                                                | 4/100 [00:04<01:54,  1.20s/it, Loss=0.7636, TrainAcc=0.8144, TestAcc=0.8238]
Training Epochs:   4%|██                                                | 4/100 [00:05<01:54,  1.20s/it, Loss=0.7467, TrainAcc=0.8272, TestAcc=0.8258]
Training Epochs:   5%|██▌                                               | 5/100 [00:05<01:54,  1.20s/it, Loss=0.7467, TrainAcc=0.8272, TestAcc=0.8258]
Training Epochs:   5%|██▌                                               | 5/100 [00:07<01:54,  1.20s/it, Loss=0.7394, TrainAcc=0.8306, TestAcc=0.8302]
Training Epochs:   6%|███                                               | 6/100 [00:07<01:53,  1.21s/it, Loss=0.7394, TrainAcc=0.8306, TestAcc=0.8302]
Training Epochs:   6%|███                                               | 6/100 [00:08<01:53,  1.21s/it, Loss=0.7320, TrainAcc=0.8407, TestAcc=0.8302]
Training Epochs:   7%|███▌                                              | 7/100 [00:08<01:52,  1.21s/it, Loss=0.7320, TrainAcc=0.8407, TestAcc=0.8302]
Training Epochs:   7%|███▌                                              | 7/100 [00:09<01:52,  1.21s/it, Loss=0.7172, TrainAcc=0.8432, TestAcc=0.8298]
Training Epochs:   8%|████                                              | 8/100 [00:09<01:51,  1.21s/it, Loss=0.7172, TrainAcc=0.8432, TestAcc=0.8298]
Training Epochs:   8%|████                                              | 8/100 [00:10<01:51,  1.21s/it, Loss=0.6919, TrainAcc=0.8554, TestAcc=0.8365]
Training Epochs:   9%|████▌                                             | 9/100 [00:10<01:50,  1.21s/it, Loss=0.6919, TrainAcc=0.8554, TestAcc=0.8365]
Training Epochs:   9%|████▌                                             | 9/100 [00:11<01:50,  1.21s/it, Loss=0.6851, TrainAcc=0.8590, TestAcc=0.8385]
Training Epochs:  10%|████▉                                            | 10/100 [00:11<01:49,  1.21s/it, Loss=0.6851, TrainAcc=0.8590, TestAcc=0.8385]
Training Epochs:  10%|████▉                                            | 10/100 [00:13<01:49,  1.21s/it, Loss=0.6784, TrainAcc=0.8637, TestAcc=0.8425]
Training Epochs:  11%|█████▍                                           | 11/100 [00:13<01:51,  1.25s/it, Loss=0.6784, TrainAcc=0.8637, TestAcc=0.8425]
Training Epochs:  11%|█████▍                                           | 11/100 [00:14<01:51,  1.25s/it, Loss=0.6592, TrainAcc=0.8641, TestAcc=0.8409]
Training Epochs:  12%|█████▉                                           | 12/100 [00:14<01:49,  1.24s/it, Loss=0.6592, TrainAcc=0.8641, TestAcc=0.8409]
Training Epochs:  12%|█████▉                                           | 12/100 [00:15<01:49,  1.24s/it, Loss=0.6532, TrainAcc=0.8692, TestAcc=0.8365]
Training Epochs:  13%|██████▎                                          | 13/100 [00:15<01:47,  1.24s/it, Loss=0.6532, TrainAcc=0.8692, TestAcc=0.8365]
Training Epochs:  13%|██████▎                                          | 13/100 [00:17<01:47,  1.24s/it, Loss=0.6287, TrainAcc=0.8857, TestAcc=0.8444]
Training Epochs:  14%|██████▊                                          | 14/100 [00:17<01:46,  1.23s/it, Loss=0.6287, TrainAcc=0.8857, TestAcc=0.8444]
Training Epochs:  14%|██████▊                                          | 14/100 [00:18<01:46,  1.23s/it, Loss=0.6300, TrainAcc=0.8824, TestAcc=0.8500]
Training Epochs:  15%|███████▎                                         | 15/100 [00:18<01:44,  1.23s/it, Loss=0.6300, TrainAcc=0.8824, TestAcc=0.8500]
Training Epochs:  15%|███████▎                                         | 15/100 [00:19<01:44,  1.23s/it, Loss=0.6078, TrainAcc=0.8933, TestAcc=0.8425]
Training Epochs:  16%|███████▊                                         | 16/100 [00:19<01:42,  1.22s/it, Loss=0.6078, TrainAcc=0.8933, TestAcc=0.8425]
Training Epochs:  16%|███████▊                                         | 16/100 [00:20<01:42,  1.22s/it, Loss=0.6036, TrainAcc=0.8940, TestAcc=0.8472]
Training Epochs:  17%|████████▎                                        | 17/100 [00:20<01:41,  1.22s/it, Loss=0.6036, TrainAcc=0.8940, TestAcc=0.8472]
Training Epochs:  17%|████████▎                                        | 17/100 [00:21<01:41,  1.22s/it, Loss=0.5859, TrainAcc=0.8983, TestAcc=0.8552]
Training Epochs:  18%|████████▊                                        | 18/100 [00:21<01:39,  1.22s/it, Loss=0.5859, TrainAcc=0.8983, TestAcc=0.8552]
Training Epochs:  18%|████████▊                                        | 18/100 [00:23<01:39,  1.22s/it, Loss=0.5886, TrainAcc=0.8957, TestAcc=0.8536]
Training Epochs:  19%|█████████▎                                       | 19/100 [00:23<01:38,  1.22s/it, Loss=0.5886, TrainAcc=0.8957, TestAcc=0.8536]
Training Epochs:  19%|█████████▎                                       | 19/100 [00:24<01:38,  1.22s/it, Loss=0.5765, TrainAcc=0.9034, TestAcc=0.8456]
Training Epochs:  20%|█████████▊                                       | 20/100 [00:24<01:37,  1.22s/it, Loss=0.5765, TrainAcc=0.9034, TestAcc=0.8456]
Training Epochs:  20%|█████████▊                                       | 20/100 [00:25<01:37,  1.22s/it, Loss=0.5678, TrainAcc=0.9085, TestAcc=0.8448]
Training Epochs:  21%|██████████▎                                      | 21/100 [00:25<01:36,  1.22s/it, Loss=0.5678, TrainAcc=0.9085, TestAcc=0.8448]
Training Epochs:  21%|██████████▎                                      | 21/100 [00:26<01:36,  1.22s/it, Loss=0.5688, TrainAcc=0.9036, TestAcc=0.8452]
Training Epochs:  22%|██████████▊                                      | 22/100 [00:26<01:29,  1.15s/it, Loss=0.5688, TrainAcc=0.9036, TestAcc=0.8452]
Training Epochs:  22%|██████████▊                                      | 22/100 [00:27<01:29,  1.15s/it, Loss=0.5649, TrainAcc=0.9095, TestAcc=0.8540]
Training Epochs:  23%|███████████▎                                     | 23/100 [00:27<01:23,  1.08s/it, Loss=0.5649, TrainAcc=0.9095, TestAcc=0.8540]
Training Epochs:  23%|███████████▎                                     | 23/100 [00:28<01:23,  1.08s/it, Loss=0.5549, TrainAcc=0.9108, TestAcc=0.8524]
Training Epochs:  24%|███████████▊                                     | 24/100 [00:28<01:18,  1.04s/it, Loss=0.5549, TrainAcc=0.9108, TestAcc=0.8524]
Training Epochs:  24%|███████████▊                                     | 24/100 [00:29<01:18,  1.04s/it, Loss=0.5525, TrainAcc=0.9168, TestAcc=0.8532]
Training Epochs:  25%|████████████▎                                    | 25/100 [00:29<01:15,  1.00s/it, Loss=0.5525, TrainAcc=0.9168, TestAcc=0.8532]
Training Epochs:  25%|████████████▎                                    | 25/100 [00:30<01:15,  1.00s/it, Loss=0.5441, TrainAcc=0.9161, TestAcc=0.8365]
Training Epochs:  26%|████████████▋                                    | 26/100 [00:30<01:12,  1.03it/s, Loss=0.5441, TrainAcc=0.9161, TestAcc=0.8365]
Training Epochs:  26%|████████████▋                                    | 26/100 [00:31<01:12,  1.03it/s, Loss=0.5370, TrainAcc=0.9207, TestAcc=0.8484]
Training Epochs:  27%|█████████████▏                                   | 27/100 [00:31<01:09,  1.04it/s, Loss=0.5370, TrainAcc=0.9207, TestAcc=0.8484]
Training Epochs:  27%|█████████████▏                                   | 27/100 [00:32<01:09,  1.04it/s, Loss=0.5411, TrainAcc=0.9146, TestAcc=0.8448]
Training Epochs:  28%|█████████████▋                                   | 28/100 [00:32<01:08,  1.06it/s, Loss=0.5411, TrainAcc=0.9146, TestAcc=0.8448]
Training Epochs:  28%|█████████████▋                                   | 28/100 [00:33<01:08,  1.06it/s, Loss=0.5338, TrainAcc=0.9200, TestAcc=0.8417]
Training Epochs:  29%|██████████████▏                                  | 29/100 [00:33<01:08,  1.03it/s, Loss=0.5338, TrainAcc=0.9200, TestAcc=0.8417]
Training Epochs:  29%|██████████████▏                                  | 29/100 [00:34<01:08,  1.03it/s, Loss=0.5328, TrainAcc=0.9204, TestAcc=0.8397]
Training Epochs:  30%|██████████████▋                                  | 30/100 [00:34<01:13,  1.04s/it, Loss=0.5328, TrainAcc=0.9204, TestAcc=0.8397]
Training Epochs:  30%|██████████████▋                                  | 30/100 [00:35<01:13,  1.04s/it, Loss=0.5144, TrainAcc=0.9270, TestAcc=0.8468]
Training Epochs:  31%|███████████████▏                                 | 31/100 [00:35<01:16,  1.10s/it, Loss=0.5144, TrainAcc=0.9270, TestAcc=0.8468]
Training Epochs:  31%|███████████████▏                                 | 31/100 [00:36<01:16,  1.10s/it, Loss=0.5186, TrainAcc=0.9247, TestAcc=0.8452]
Training Epochs:  32%|███████████████▋                                 | 32/100 [00:36<01:17,  1.14s/it, Loss=0.5186, TrainAcc=0.9247, TestAcc=0.8452]
Training Epochs:  32%|███████████████▋                                 | 32/100 [00:37<01:17,  1.14s/it, Loss=0.5173, TrainAcc=0.9219, TestAcc=0.8536]
Training Epochs:  33%|████████████████▏                                | 33/100 [00:37<01:17,  1.16s/it, Loss=0.5173, TrainAcc=0.9219, TestAcc=0.8536]
Training Epochs:  33%|████████████████▏                                | 33/100 [00:39<01:17,  1.16s/it, Loss=0.5193, TrainAcc=0.9264, TestAcc=0.8512]
Training Epochs:  34%|████████████████▋                                | 34/100 [00:39<01:17,  1.18s/it, Loss=0.5193, TrainAcc=0.9264, TestAcc=0.8512]
Training Epochs:  34%|████████████████▋                                | 34/100 [00:40<01:17,  1.18s/it, Loss=0.5232, TrainAcc=0.9241, TestAcc=0.8500]
Training Epochs:  35%|█████████████████▏                               | 35/100 [00:40<01:17,  1.20s/it, Loss=0.5232, TrainAcc=0.9241, TestAcc=0.8500]
Training Epochs:  35%|█████████████████▏                               | 35/100 [00:41<01:17,  1.20s/it, Loss=0.5069, TrainAcc=0.9316, TestAcc=0.8444]
Training Epochs:  36%|█████████████████▋                               | 36/100 [00:41<01:17,  1.21s/it, Loss=0.5069, TrainAcc=0.9316, TestAcc=0.8444]
Training Epochs:  36%|█████████████████▋                               | 36/100 [00:42<01:17,  1.21s/it, Loss=0.5112, TrainAcc=0.9279, TestAcc=0.8413]
Training Epochs:  37%|██████████████████▏                              | 37/100 [00:42<01:16,  1.22s/it, Loss=0.5112, TrainAcc=0.9279, TestAcc=0.8413]
Training Epochs:  37%|██████████████████▏                              | 37/100 [00:44<01:16,  1.22s/it, Loss=0.5024, TrainAcc=0.9346, TestAcc=0.8496]
Training Epochs:  38%|██████████████████▌                              | 38/100 [00:44<01:15,  1.22s/it, Loss=0.5024, TrainAcc=0.9346, TestAcc=0.8496]
Training Epochs:  38%|██████████████████▌                              | 38/100 [00:45<01:15,  1.22s/it, Loss=0.5734, TrainAcc=0.9198, TestAcc=0.8472]
Training Epochs:  39%|███████████████████                              | 39/100 [00:45<01:14,  1.23s/it, Loss=0.5734, TrainAcc=0.9198, TestAcc=0.8472]
Training Epochs:  39%|███████████████████                              | 39/100 [00:46<01:14,  1.23s/it, Loss=0.5227, TrainAcc=0.9238, TestAcc=0.8448]
Training Epochs:  40%|███████████████████▌                             | 40/100 [00:46<01:15,  1.26s/it, Loss=0.5227, TrainAcc=0.9238, TestAcc=0.8448]
Training Epochs:  40%|███████████████████▌                             | 40/100 [00:47<01:15,  1.26s/it, Loss=0.4990, TrainAcc=0.9338, TestAcc=0.8409]
Training Epochs:  41%|████████████████████                             | 41/100 [00:47<01:13,  1.25s/it, Loss=0.4990, TrainAcc=0.9338, TestAcc=0.8409]
Training Epochs:  41%|████████████████████                             | 41/100 [00:49<01:13,  1.25s/it, Loss=0.5099, TrainAcc=0.9265, TestAcc=0.8504]
Training Epochs:  42%|████████████████████▌                            | 42/100 [00:49<01:12,  1.25s/it, Loss=0.5099, TrainAcc=0.9265, TestAcc=0.8504]
Training Epochs:  42%|████████████████████▌                            | 42/100 [00:50<01:12,  1.25s/it, Loss=0.5045, TrainAcc=0.9322, TestAcc=0.8417]
Training Epochs:  43%|█████████████████████                            | 43/100 [00:50<01:10,  1.24s/it, Loss=0.5045, TrainAcc=0.9322, TestAcc=0.8417]
Training Epochs:  43%|█████████████████████                            | 43/100 [00:51<01:10,  1.24s/it, Loss=0.4956, TrainAcc=0.9362, TestAcc=0.8480]
Training Epochs:  44%|█████████████████████▌                           | 44/100 [00:51<01:09,  1.24s/it, Loss=0.4956, TrainAcc=0.9362, TestAcc=0.8480]
Training Epochs:  44%|█████████████████████▌                           | 44/100 [00:52<01:09,  1.24s/it, Loss=0.5044, TrainAcc=0.9278, TestAcc=0.8389]
Training Epochs:  45%|██████████████████████                           | 45/100 [00:52<01:04,  1.17s/it, Loss=0.5044, TrainAcc=0.9278, TestAcc=0.8389]
Training Epochs:  45%|██████████████████████                           | 45/100 [00:53<01:04,  1.17s/it, Loss=0.5041, TrainAcc=0.9324, TestAcc=0.8456]
Training Epochs:  46%|██████████████████████▌                          | 46/100 [00:53<01:00,  1.12s/it, Loss=0.5041, TrainAcc=0.9324, TestAcc=0.8456]
Training Epochs:  46%|██████████████████████▌                          | 46/100 [00:54<01:00,  1.12s/it, Loss=0.4997, TrainAcc=0.9289, TestAcc=0.8496]
Training Epochs:  47%|███████████████████████                          | 47/100 [00:54<00:57,  1.09s/it, Loss=0.4997, TrainAcc=0.9289, TestAcc=0.8496]
Training Epochs:  47%|███████████████████████                          | 47/100 [00:55<00:57,  1.09s/it, Loss=0.4959, TrainAcc=0.9354, TestAcc=0.8409]
Training Epochs:  48%|███████████████████████▌                         | 48/100 [00:55<00:55,  1.06s/it, Loss=0.4959, TrainAcc=0.9354, TestAcc=0.8409]
Training Epochs:  48%|███████████████████████▌                         | 48/100 [00:56<00:55,  1.06s/it, Loss=0.4998, TrainAcc=0.9338, TestAcc=0.8480]
Training Epochs:  49%|████████████████████████                         | 49/100 [00:56<00:53,  1.05s/it, Loss=0.4998, TrainAcc=0.9338, TestAcc=0.8480]
Training Epochs:  49%|████████████████████████                         | 49/100 [00:57<00:53,  1.05s/it, Loss=0.5005, TrainAcc=0.9362, TestAcc=0.8500]
Training Epochs:  50%|████████████████████████▌                        | 50/100 [00:57<00:51,  1.04s/it, Loss=0.5005, TrainAcc=0.9362, TestAcc=0.8500]
Training Epochs:  50%|████████████████████████▌                        | 50/100 [00:58<00:51,  1.04s/it, Loss=0.5105, TrainAcc=0.9299, TestAcc=0.8488]
Training Epochs:  51%|████████████████████████▉                        | 51/100 [00:58<00:50,  1.03s/it, Loss=0.5105, TrainAcc=0.9299, TestAcc=0.8488]
Training Epochs:  51%|████████████████████████▉                        | 51/100 [00:59<00:50,  1.03s/it, Loss=0.4940, TrainAcc=0.9370, TestAcc=0.8409]
Training Epochs:  52%|█████████████████████████▍                       | 52/100 [00:59<00:45,  1.04it/s, Loss=0.4940, TrainAcc=0.9370, TestAcc=0.8409]
Training Epochs:  52%|█████████████████████████▍                       | 52/100 [01:00<00:45,  1.04it/s, Loss=0.5005, TrainAcc=0.9345, TestAcc=0.8405]
Training Epochs:  53%|█████████████████████████▉                       | 53/100 [01:00<00:43,  1.09it/s, Loss=0.5005, TrainAcc=0.9345, TestAcc=0.8405]
Training Epochs:  53%|█████████████████████████▉                       | 53/100 [01:01<00:43,  1.09it/s, Loss=0.4869, TrainAcc=0.9376, TestAcc=0.8433]
Training Epochs:  54%|██████████████████████████▍                      | 54/100 [01:01<00:46,  1.02s/it, Loss=0.4869, TrainAcc=0.9376, TestAcc=0.8433]
Training Epochs:  54%|██████████████████████████▍                      | 54/100 [01:02<00:46,  1.02s/it, Loss=0.4886, TrainAcc=0.9378, TestAcc=0.8349]
Training Epochs:  55%|██████████████████████████▉                      | 55/100 [01:02<00:48,  1.08s/it, Loss=0.4886, TrainAcc=0.9378, TestAcc=0.8349]
Training Epochs:  55%|██████████████████████████▉                      | 55/100 [01:04<00:48,  1.08s/it, Loss=0.4883, TrainAcc=0.9375, TestAcc=0.8417]
Training Epochs:  56%|███████████████████████████▍                     | 56/100 [01:04<00:49,  1.12s/it, Loss=0.4883, TrainAcc=0.9375, TestAcc=0.8417]
Training Epochs:  56%|███████████████████████████▍                     | 56/100 [01:05<00:49,  1.12s/it, Loss=0.4750, TrainAcc=0.9417, TestAcc=0.8417]
Training Epochs:  57%|███████████████████████████▉                     | 57/100 [01:05<00:49,  1.15s/it, Loss=0.4750, TrainAcc=0.9417, TestAcc=0.8417]
Training Epochs:  57%|███████████████████████████▉                     | 57/100 [01:06<00:49,  1.15s/it, Loss=0.4835, TrainAcc=0.9375, TestAcc=0.8389]
Training Epochs:  58%|████████████████████████████▍                    | 58/100 [01:06<00:47,  1.12s/it, Loss=0.4835, TrainAcc=0.9375, TestAcc=0.8389]
Training Epochs:  58%|████████████████████████████▍                    | 58/100 [01:07<00:47,  1.12s/it, Loss=0.4754, TrainAcc=0.9401, TestAcc=0.8496]
Training Epochs:  59%|████████████████████████████▉                    | 59/100 [01:07<00:44,  1.08s/it, Loss=0.4754, TrainAcc=0.9401, TestAcc=0.8496]
Training Epochs:  59%|████████████████████████████▉                    | 59/100 [01:08<00:44,  1.08s/it, Loss=0.4708, TrainAcc=0.9429, TestAcc=0.8429]
Training Epochs:  60%|█████████████████████████████▍                   | 60/100 [01:08<00:44,  1.12s/it, Loss=0.4708, TrainAcc=0.9429, TestAcc=0.8429]
Training Epochs:  60%|█████████████████████████████▍                   | 60/100 [01:09<00:44,  1.12s/it, Loss=0.4756, TrainAcc=0.9433, TestAcc=0.8472]
Training Epochs:  61%|█████████████████████████████▉                   | 61/100 [01:09<00:44,  1.14s/it, Loss=0.4756, TrainAcc=0.9433, TestAcc=0.8472]
Training Epochs:  61%|█████████████████████████████▉                   | 61/100 [01:10<00:44,  1.14s/it, Loss=0.5125, TrainAcc=0.9389, TestAcc=0.8484]
Training Epochs:  62%|██████████████████████████████▍                  | 62/100 [01:10<00:43,  1.15s/it, Loss=0.5125, TrainAcc=0.9389, TestAcc=0.8484]
Training Epochs:  62%|██████████████████████████████▍                  | 62/100 [01:11<00:43,  1.15s/it, Loss=0.4773, TrainAcc=0.9451, TestAcc=0.8464]
Training Epochs:  63%|██████████████████████████████▊                  | 63/100 [01:11<00:40,  1.10s/it, Loss=0.4773, TrainAcc=0.9451, TestAcc=0.8464]
Training Epochs:  63%|██████████████████████████████▊                  | 63/100 [01:12<00:40,  1.10s/it, Loss=0.4847, TrainAcc=0.9407, TestAcc=0.8476]
Training Epochs:  64%|███████████████████████████████▎                 | 64/100 [01:12<00:37,  1.03s/it, Loss=0.4847, TrainAcc=0.9407, TestAcc=0.8476]
Training Epochs:  64%|███████████████████████████████▎                 | 64/100 [01:13<00:37,  1.03s/it, Loss=0.4719, TrainAcc=0.9430, TestAcc=0.8500]
Training Epochs:  65%|███████████████████████████████▊                 | 65/100 [01:13<00:31,  1.11it/s, Loss=0.4719, TrainAcc=0.9430, TestAcc=0.8500]
Training Epochs:  65%|███████████████████████████████▊                 | 65/100 [01:13<00:31,  1.11it/s, Loss=0.4692, TrainAcc=0.9448, TestAcc=0.8496]
Training Epochs:  66%|████████████████████████████████▎                | 66/100 [01:13<00:27,  1.22it/s, Loss=0.4692, TrainAcc=0.9448, TestAcc=0.8496]
Training Epochs:  66%|████████████████████████████████▎                | 66/100 [01:14<00:27,  1.22it/s, Loss=0.4692, TrainAcc=0.9424, TestAcc=0.8472]
Training Epochs:  67%|████████████████████████████████▊                | 67/100 [01:14<00:25,  1.31it/s, Loss=0.4692, TrainAcc=0.9424, TestAcc=0.8472]
Training Epochs:  67%|████████████████████████████████▊                | 67/100 [01:15<00:25,  1.31it/s, Loss=0.4685, TrainAcc=0.9426, TestAcc=0.8504]
Training Epochs:  68%|█████████████████████████████████▎               | 68/100 [01:15<00:23,  1.37it/s, Loss=0.4685, TrainAcc=0.9426, TestAcc=0.8504]
Training Epochs:  68%|█████████████████████████████████▎               | 68/100 [01:15<00:23,  1.37it/s, Loss=0.4749, TrainAcc=0.9382, TestAcc=0.8464]
Training Epochs:  69%|█████████████████████████████████▊               | 69/100 [01:15<00:21,  1.41it/s, Loss=0.4749, TrainAcc=0.9382, TestAcc=0.8464]
Training Epochs:  69%|█████████████████████████████████▊               | 69/100 [01:16<00:21,  1.41it/s, Loss=0.4659, TrainAcc=0.9446, TestAcc=0.8444]
Training Epochs:  70%|██████████████████████████████████▎              | 70/100 [01:16<00:20,  1.45it/s, Loss=0.4659, TrainAcc=0.9446, TestAcc=0.8444]
Training Epochs:  70%|██████████████████████████████████▎              | 70/100 [01:17<00:20,  1.45it/s, Loss=0.4653, TrainAcc=0.9474, TestAcc=0.8401]
Training Epochs:  71%|██████████████████████████████████▊              | 71/100 [01:17<00:19,  1.47it/s, Loss=0.4653, TrainAcc=0.9474, TestAcc=0.8401]
Training Epochs:  71%|██████████████████████████████████▊              | 71/100 [01:17<00:19,  1.47it/s, Loss=0.4770, TrainAcc=0.9406, TestAcc=0.8456]
Training Epochs:  72%|███████████████████████████████████▎             | 72/100 [01:17<00:18,  1.49it/s, Loss=0.4770, TrainAcc=0.9406, TestAcc=0.8456]
Training Epochs:  72%|███████████████████████████████████▎             | 72/100 [01:18<00:18,  1.49it/s, Loss=0.4743, TrainAcc=0.9439, TestAcc=0.8405]
Training Epochs:  73%|███████████████████████████████████▊             | 73/100 [01:18<00:17,  1.50it/s, Loss=0.4743, TrainAcc=0.9439, TestAcc=0.8405]
Training Epochs:  73%|███████████████████████████████████▊             | 73/100 [01:19<00:17,  1.50it/s, Loss=0.4783, TrainAcc=0.9437, TestAcc=0.8389]
Training Epochs:  74%|████████████████████████████████████▎            | 74/100 [01:19<00:17,  1.50it/s, Loss=0.4783, TrainAcc=0.9437, TestAcc=0.8389]
Training Epochs:  74%|████████████████████████████████████▎            | 74/100 [01:19<00:17,  1.50it/s, Loss=0.4710, TrainAcc=0.9438, TestAcc=0.8401]
Training Epochs:  75%|████████████████████████████████████▊            | 75/100 [01:19<00:17,  1.40it/s, Loss=0.4710, TrainAcc=0.9438, TestAcc=0.8401]
Training Epochs:  75%|████████████████████████████████████▊            | 75/100 [01:20<00:17,  1.40it/s, Loss=0.4617, TrainAcc=0.9474, TestAcc=0.8381]
Training Epochs:  76%|█████████████████████████████████████▏           | 76/100 [01:20<00:18,  1.30it/s, Loss=0.4617, TrainAcc=0.9474, TestAcc=0.8381]
Training Epochs:  76%|█████████████████████████████████████▏           | 76/100 [01:21<00:18,  1.30it/s, Loss=0.4640, TrainAcc=0.9443, TestAcc=0.8488]
Training Epochs:  77%|█████████████████████████████████████▋           | 77/100 [01:21<00:16,  1.36it/s, Loss=0.4640, TrainAcc=0.9443, TestAcc=0.8488]
Training Epochs:  77%|█████████████████████████████████████▋           | 77/100 [01:22<00:16,  1.36it/s, Loss=0.4577, TrainAcc=0.9474, TestAcc=0.8444]
Training Epochs:  78%|██████████████████████████████████████▏          | 78/100 [01:22<00:15,  1.40it/s, Loss=0.4577, TrainAcc=0.9474, TestAcc=0.8444]
Training Epochs:  78%|██████████████████████████████████████▏          | 78/100 [01:22<00:15,  1.40it/s, Loss=0.4693, TrainAcc=0.9465, TestAcc=0.8504]
Training Epochs:  79%|██████████████████████████████████████▋          | 79/100 [01:22<00:14,  1.43it/s, Loss=0.4693, TrainAcc=0.9465, TestAcc=0.8504]
Training Epochs:  79%|██████████████████████████████████████▋          | 79/100 [01:23<00:14,  1.43it/s, Loss=0.4666, TrainAcc=0.9442, TestAcc=0.8472]
Training Epochs:  80%|███████████████████████████████████████▏         | 80/100 [01:23<00:13,  1.44it/s, Loss=0.4666, TrainAcc=0.9442, TestAcc=0.8472]
Training Epochs:  80%|███████████████████████████████████████▏         | 80/100 [01:24<00:13,  1.44it/s, Loss=0.4629, TrainAcc=0.9465, TestAcc=0.8413]
Training Epochs:  81%|███████████████████████████████████████▋         | 81/100 [01:24<00:12,  1.47it/s, Loss=0.4629, TrainAcc=0.9465, TestAcc=0.8413]
Training Epochs:  81%|███████████████████████████████████████▋         | 81/100 [01:24<00:12,  1.47it/s, Loss=0.4538, TrainAcc=0.9493, TestAcc=0.8373]
Training Epochs:  82%|████████████████████████████████████████▏        | 82/100 [01:24<00:12,  1.39it/s, Loss=0.4538, TrainAcc=0.9493, TestAcc=0.8373]
Training Epochs:  82%|████████████████████████████████████████▏        | 82/100 [01:25<00:12,  1.39it/s, Loss=0.4775, TrainAcc=0.9449, TestAcc=0.8437]
Training Epochs:  83%|████████████████████████████████████████▋        | 83/100 [01:25<00:12,  1.40it/s, Loss=0.4775, TrainAcc=0.9449, TestAcc=0.8437]
Training Epochs:  83%|████████████████████████████████████████▋        | 83/100 [01:26<00:12,  1.40it/s, Loss=0.4614, TrainAcc=0.9507, TestAcc=0.8456]
Training Epochs:  84%|█████████████████████████████████████████▏       | 84/100 [01:26<00:11,  1.37it/s, Loss=0.4614, TrainAcc=0.9507, TestAcc=0.8456]
Training Epochs:  84%|█████████████████████████████████████████▏       | 84/100 [01:27<00:11,  1.37it/s, Loss=0.4706, TrainAcc=0.9467, TestAcc=0.8401]
Training Epochs:  85%|█████████████████████████████████████████▋       | 85/100 [01:27<00:11,  1.35it/s, Loss=0.4706, TrainAcc=0.9467, TestAcc=0.8401]
Training Epochs:  85%|█████████████████████████████████████████▋       | 85/100 [01:28<00:11,  1.35it/s, Loss=0.4728, TrainAcc=0.9438, TestAcc=0.8421]
Training Epochs:  86%|██████████████████████████████████████████▏      | 86/100 [01:28<00:10,  1.33it/s, Loss=0.4728, TrainAcc=0.9438, TestAcc=0.8421]
Training Epochs:  86%|██████████████████████████████████████████▏      | 86/100 [01:29<00:10,  1.33it/s, Loss=0.4731, TrainAcc=0.9420, TestAcc=0.8377]
Training Epochs:  87%|██████████████████████████████████████████▋      | 87/100 [01:29<00:10,  1.20it/s, Loss=0.4731, TrainAcc=0.9420, TestAcc=0.8377]
Training Epochs:  87%|██████████████████████████████████████████▋      | 87/100 [01:30<00:10,  1.20it/s, Loss=0.4679, TrainAcc=0.9472, TestAcc=0.8413]
Training Epochs:  88%|███████████████████████████████████████████      | 88/100 [01:30<00:11,  1.04it/s, Loss=0.4679, TrainAcc=0.9472, TestAcc=0.8413]
Training Epochs:  88%|███████████████████████████████████████████      | 88/100 [01:31<00:11,  1.04it/s, Loss=0.4585, TrainAcc=0.9484, TestAcc=0.8333]
Training Epochs:  89%|███████████████████████████████████████████▌     | 89/100 [01:31<00:09,  1.12it/s, Loss=0.4585, TrainAcc=0.9484, TestAcc=0.8333]
Training Epochs:  89%|███████████████████████████████████████████▌     | 89/100 [01:31<00:09,  1.12it/s, Loss=0.4599, TrainAcc=0.9505, TestAcc=0.8405]
Training Epochs:  90%|████████████████████████████████████████████     | 90/100 [01:31<00:08,  1.23it/s, Loss=0.4599, TrainAcc=0.9505, TestAcc=0.8405]
Training Epochs:  90%|████████████████████████████████████████████     | 90/100 [01:32<00:08,  1.23it/s, Loss=0.4604, TrainAcc=0.9492, TestAcc=0.8349]
Training Epochs:  91%|████████████████████████████████████████████▌    | 91/100 [01:32<00:06,  1.31it/s, Loss=0.4604, TrainAcc=0.9492, TestAcc=0.8349]
Training Epochs:  91%|████████████████████████████████████████████▌    | 91/100 [01:32<00:06,  1.31it/s, Loss=0.4858, TrainAcc=0.9364, TestAcc=0.8508]
Training Epochs:  92%|█████████████████████████████████████████████    | 92/100 [01:32<00:05,  1.39it/s, Loss=0.4858, TrainAcc=0.9364, TestAcc=0.8508]
Training Epochs:  92%|█████████████████████████████████████████████    | 92/100 [01:33<00:05,  1.39it/s, Loss=0.4664, TrainAcc=0.9491, TestAcc=0.8381]
Training Epochs:  93%|█████████████████████████████████████████████▌   | 93/100 [01:33<00:05,  1.22it/s, Loss=0.4664, TrainAcc=0.9491, TestAcc=0.8381]
Training Epochs:  93%|█████████████████████████████████████████████▌   | 93/100 [01:34<00:05,  1.22it/s, Loss=0.4648, TrainAcc=0.9461, TestAcc=0.8405]
Training Epochs:  94%|██████████████████████████████████████████████   | 94/100 [01:34<00:05,  1.14it/s, Loss=0.4648, TrainAcc=0.9461, TestAcc=0.8405]
Training Epochs:  94%|██████████████████████████████████████████████   | 94/100 [01:35<00:05,  1.14it/s, Loss=0.4568, TrainAcc=0.9501, TestAcc=0.8337]
Training Epochs:  95%|██████████████████████████████████████████████▌  | 95/100 [01:35<00:04,  1.25it/s, Loss=0.4568, TrainAcc=0.9501, TestAcc=0.8337]
Training Epochs:  95%|██████████████████████████████████████████████▌  | 95/100 [01:36<00:04,  1.25it/s, Loss=0.4896, TrainAcc=0.9334, TestAcc=0.8429]
Training Epochs:  96%|███████████████████████████████████████████████  | 96/100 [01:36<00:02,  1.33it/s, Loss=0.4896, TrainAcc=0.9334, TestAcc=0.8429]
Training Epochs:  96%|███████████████████████████████████████████████  | 96/100 [01:36<00:02,  1.33it/s, Loss=0.4692, TrainAcc=0.9408, TestAcc=0.8429]
Training Epochs:  97%|███████████████████████████████████████████████▌ | 97/100 [01:36<00:02,  1.40it/s, Loss=0.4692, TrainAcc=0.9408, TestAcc=0.8429]
Training Epochs:  97%|███████████████████████████████████████████████▌ | 97/100 [01:37<00:02,  1.40it/s, Loss=0.4580, TrainAcc=0.9463, TestAcc=0.8397]
Training Epochs:  98%|████████████████████████████████████████████████ | 98/100 [01:37<00:01,  1.45it/s, Loss=0.4580, TrainAcc=0.9463, TestAcc=0.8397]
Training Epochs:  98%|████████████████████████████████████████████████ | 98/100 [01:38<00:01,  1.45it/s, Loss=0.4831, TrainAcc=0.9376, TestAcc=0.8365]
Training Epochs:  99%|████████████████████████████████████████████████▌| 99/100 [01:38<00:00,  1.48it/s, Loss=0.4831, TrainAcc=0.9376, TestAcc=0.8365]
Training Epochs:  99%|████████████████████████████████████████████████▌| 99/100 [01:38<00:00,  1.48it/s, Loss=0.4895, TrainAcc=0.9423, TestAcc=0.8393]
Training Epochs: 100%|████████████████████████████████████████████████| 100/100 [01:38<00:00,  1.49it/s, Loss=0.4895, TrainAcc=0.9423, TestAcc=0.8393]
Training Epochs: 100%|████████████████████████████████████████████████| 100/100 [01:38<00:00,  1.01it/s, Loss=0.4895, TrainAcc=0.9423, TestAcc=0.8393]
{'Real': {'precision': np.float64(0.8471051152332771), 'recall': np.float64(0.941875), 'f1': np.float64(0.8919798757028706)}, 'Fake': {'precision': np.float64(0.8744939271255061), 'recall': np.float64(0.7043478260869566), 'f1': np.float64(0.7802528597230584)}}

Training Epochs:   0%|                                                                                                        | 0/100 [00:00<?, ?it/s]
Training Epochs:   0%|                                                          | 0/100 [00:00<?, ?it/s, Loss=0.8961, TrainAcc=0.7516, TestAcc=0.8147]
Training Epochs:   1%|▌                                                 | 1/100 [00:00<01:21,  1.21it/s, Loss=0.8961, TrainAcc=0.7516, TestAcc=0.8147]
Training Epochs:   1%|▌                                                 | 1/100 [00:01<01:21,  1.21it/s, Loss=0.7990, TrainAcc=0.7964, TestAcc=0.8226]
Training Epochs:   2%|█                                                 | 2/100 [00:01<01:18,  1.25it/s, Loss=0.7990, TrainAcc=0.7964, TestAcc=0.8226]
Training Epochs:   2%|█                                                 | 2/100 [00:02<01:18,  1.25it/s, Loss=0.7806, TrainAcc=0.8074, TestAcc=0.8294]
Training Epochs:   3%|█▌                                                | 3/100 [00:02<01:12,  1.34it/s, Loss=0.7806, TrainAcc=0.8074, TestAcc=0.8294]
Training Epochs:   3%|█▌                                                | 3/100 [00:03<01:12,  1.34it/s, Loss=0.7508, TrainAcc=0.8257, TestAcc=0.8194]
Training Epochs:   4%|██                                                | 4/100 [00:03<01:12,  1.33it/s, Loss=0.7508, TrainAcc=0.8257, TestAcc=0.8194]
Training Epochs:   4%|██                                                | 4/100 [00:03<01:12,  1.33it/s, Loss=0.7390, TrainAcc=0.8294, TestAcc=0.8333]
Training Epochs:   5%|██▌                                               | 5/100 [00:03<01:08,  1.40it/s, Loss=0.7390, TrainAcc=0.8294, TestAcc=0.8333]
Training Epochs:   5%|██▌                                               | 5/100 [00:04<01:08,  1.40it/s, Loss=0.7282, TrainAcc=0.8376, TestAcc=0.8226]
Training Epochs:   6%|███                                               | 6/100 [00:04<01:05,  1.44it/s, Loss=0.7282, TrainAcc=0.8376, TestAcc=0.8226]
Training Epochs:   6%|███                                               | 6/100 [00:05<01:05,  1.44it/s, Loss=0.7153, TrainAcc=0.8444, TestAcc=0.8377]
Training Epochs:   7%|███▌                                              | 7/100 [00:05<01:03,  1.47it/s, Loss=0.7153, TrainAcc=0.8444, TestAcc=0.8377]
Training Epochs:   7%|███▌                                              | 7/100 [00:05<01:03,  1.47it/s, Loss=0.7127, TrainAcc=0.8485, TestAcc=0.8317]
Training Epochs:   8%|████                                              | 8/100 [00:05<01:01,  1.49it/s, Loss=0.7127, TrainAcc=0.8485, TestAcc=0.8317]
Training Epochs:   8%|████                                              | 8/100 [00:06<01:01,  1.49it/s, Loss=0.6949, TrainAcc=0.8490, TestAcc=0.8321]
Training Epochs:   9%|████▌                                             | 9/100 [00:06<01:00,  1.51it/s, Loss=0.6949, TrainAcc=0.8490, TestAcc=0.8321]
Training Epochs:   9%|████▌                                             | 9/100 [00:06<01:00,  1.51it/s, Loss=0.6853, TrainAcc=0.8599, TestAcc=0.8310]
Training Epochs:  10%|████▉                                            | 10/100 [00:06<00:59,  1.52it/s, Loss=0.6853, TrainAcc=0.8599, TestAcc=0.8310]
Training Epochs:  10%|████▉                                            | 10/100 [00:07<00:59,  1.52it/s, Loss=0.6635, TrainAcc=0.8664, TestAcc=0.8373]
Training Epochs:  11%|█████▍                                           | 11/100 [00:07<00:58,  1.52it/s, Loss=0.6635, TrainAcc=0.8664, TestAcc=0.8373]
Training Epochs:  11%|█████▍                                           | 11/100 [00:08<00:58,  1.52it/s, Loss=0.6420, TrainAcc=0.8739, TestAcc=0.8321]
Training Epochs:  12%|█████▉                                           | 12/100 [00:08<00:57,  1.52it/s, Loss=0.6420, TrainAcc=0.8739, TestAcc=0.8321]
Training Epochs:  12%|█████▉                                           | 12/100 [00:08<00:57,  1.52it/s, Loss=0.6409, TrainAcc=0.8807, TestAcc=0.8468]
Training Epochs:  13%|██████▎                                          | 13/100 [00:08<00:56,  1.53it/s, Loss=0.6409, TrainAcc=0.8807, TestAcc=0.8468]
Training Epochs:  13%|██████▎                                          | 13/100 [00:09<00:56,  1.53it/s, Loss=0.6244, TrainAcc=0.8815, TestAcc=0.8389]
Training Epochs:  14%|██████▊                                          | 14/100 [00:09<00:59,  1.45it/s, Loss=0.6244, TrainAcc=0.8815, TestAcc=0.8389]
Training Epochs:  14%|██████▊                                          | 14/100 [00:10<00:59,  1.45it/s, Loss=0.6069, TrainAcc=0.8917, TestAcc=0.8468]
Training Epochs:  15%|███████▎                                         | 15/100 [00:10<00:59,  1.42it/s, Loss=0.6069, TrainAcc=0.8917, TestAcc=0.8468]
Training Epochs:  15%|███████▎                                         | 15/100 [00:11<00:59,  1.42it/s, Loss=0.5978, TrainAcc=0.8934, TestAcc=0.8444]
Training Epochs:  16%|███████▊                                         | 16/100 [00:11<01:01,  1.36it/s, Loss=0.5978, TrainAcc=0.8934, TestAcc=0.8444]
Training Epochs:  16%|███████▊                                         | 16/100 [00:12<01:01,  1.36it/s, Loss=0.5923, TrainAcc=0.8948, TestAcc=0.8488]
Training Epochs:  17%|████████▎                                        | 17/100 [00:12<01:06,  1.25it/s, Loss=0.5923, TrainAcc=0.8948, TestAcc=0.8488]
Training Epochs:  17%|████████▎                                        | 17/100 [00:12<01:06,  1.25it/s, Loss=0.5812, TrainAcc=0.8968, TestAcc=0.8516]
Training Epochs:  18%|████████▊                                        | 18/100 [00:12<01:03,  1.29it/s, Loss=0.5812, TrainAcc=0.8968, TestAcc=0.8516]
Training Epochs:  18%|████████▊                                        | 18/100 [00:13<01:03,  1.29it/s, Loss=0.5737, TrainAcc=0.8991, TestAcc=0.8528]
Training Epochs:  19%|█████████▎                                       | 19/100 [00:13<00:59,  1.37it/s, Loss=0.5737, TrainAcc=0.8991, TestAcc=0.8528]
Training Epochs:  19%|█████████▎                                       | 19/100 [00:14<00:59,  1.37it/s, Loss=0.6055, TrainAcc=0.9005, TestAcc=0.8480]
Training Epochs:  20%|█████████▊                                       | 20/100 [00:14<00:56,  1.43it/s, Loss=0.6055, TrainAcc=0.9005, TestAcc=0.8480]
Training Epochs:  20%|█████████▊                                       | 20/100 [00:15<00:56,  1.43it/s, Loss=0.5665, TrainAcc=0.9059, TestAcc=0.8456]
Training Epochs:  21%|██████████▎                                      | 21/100 [00:15<01:11,  1.11it/s, Loss=0.5665, TrainAcc=0.9059, TestAcc=0.8456]
Training Epochs:  21%|██████████▎                                      | 21/100 [00:16<01:11,  1.11it/s, Loss=0.5646, TrainAcc=0.9017, TestAcc=0.8393]
Training Epochs:  22%|██████████▊                                      | 22/100 [00:16<01:15,  1.04it/s, Loss=0.5646, TrainAcc=0.9017, TestAcc=0.8393]
Training Epochs:  22%|██████████▊                                      | 22/100 [00:17<01:15,  1.04it/s, Loss=0.5496, TrainAcc=0.9136, TestAcc=0.8341]
Training Epochs:  23%|███████████▎                                     | 23/100 [00:17<01:06,  1.16it/s, Loss=0.5496, TrainAcc=0.9136, TestAcc=0.8341]
Training Epochs:  23%|███████████▎                                     | 23/100 [00:18<01:06,  1.16it/s, Loss=0.5525, TrainAcc=0.9125, TestAcc=0.8341]
Training Epochs:  24%|███████████▊                                     | 24/100 [00:18<01:13,  1.04it/s, Loss=0.5525, TrainAcc=0.9125, TestAcc=0.8341]
Training Epochs:  24%|███████████▊                                     | 24/100 [00:19<01:13,  1.04it/s, Loss=0.5525, TrainAcc=0.9082, TestAcc=0.8401]
Training Epochs:  25%|████████████▎                                    | 25/100 [00:19<01:18,  1.05s/it, Loss=0.5525, TrainAcc=0.9082, TestAcc=0.8401]
Training Epochs:  25%|████████████▎                                    | 25/100 [00:20<01:18,  1.05s/it, Loss=0.5459, TrainAcc=0.9144, TestAcc=0.8472]
Training Epochs:  26%|████████████▋                                    | 26/100 [00:20<01:15,  1.02s/it, Loss=0.5459, TrainAcc=0.9144, TestAcc=0.8472]
Training Epochs:  26%|████████████▋                                    | 26/100 [00:21<01:15,  1.02s/it, Loss=0.5337, TrainAcc=0.9172, TestAcc=0.8429]
Training Epochs:  27%|█████████████▏                                   | 27/100 [00:21<01:14,  1.02s/it, Loss=0.5337, TrainAcc=0.9172, TestAcc=0.8429]
Training Epochs:  27%|█████████████▏                                   | 27/100 [00:22<01:14,  1.02s/it, Loss=0.5350, TrainAcc=0.9167, TestAcc=0.8452]
Training Epochs:  28%|█████████████▋                                   | 28/100 [00:22<01:18,  1.09s/it, Loss=0.5350, TrainAcc=0.9167, TestAcc=0.8452]
Training Epochs:  28%|█████████████▋                                   | 28/100 [00:24<01:18,  1.09s/it, Loss=0.5379, TrainAcc=0.9149, TestAcc=0.8425]
Training Epochs:  29%|██████████████▏                                  | 29/100 [00:24<01:18,  1.11s/it, Loss=0.5379, TrainAcc=0.9149, TestAcc=0.8425]
Training Epochs:  29%|██████████████▏                                  | 29/100 [00:25<01:18,  1.11s/it, Loss=0.5245, TrainAcc=0.9227, TestAcc=0.8444]
Training Epochs:  30%|██████████████▋                                  | 30/100 [00:25<01:19,  1.14s/it, Loss=0.5245, TrainAcc=0.9227, TestAcc=0.8444]
Training Epochs:  30%|██████████████▋                                  | 30/100 [00:26<01:19,  1.14s/it, Loss=0.5332, TrainAcc=0.9183, TestAcc=0.8456]
Training Epochs:  31%|███████████████▏                                 | 31/100 [00:26<01:19,  1.15s/it, Loss=0.5332, TrainAcc=0.9183, TestAcc=0.8456]
Training Epochs:  31%|███████████████▏                                 | 31/100 [00:27<01:19,  1.15s/it, Loss=0.5234, TrainAcc=0.9222, TestAcc=0.8230]
Training Epochs:  32%|███████████████▋                                 | 32/100 [00:27<01:11,  1.05s/it, Loss=0.5234, TrainAcc=0.9222, TestAcc=0.8230]
Training Epochs:  32%|███████████████▋                                 | 32/100 [00:27<01:11,  1.05s/it, Loss=0.5206, TrainAcc=0.9223, TestAcc=0.8520]
Training Epochs:  33%|████████████████▏                                | 33/100 [00:27<01:01,  1.08it/s, Loss=0.5206, TrainAcc=0.9223, TestAcc=0.8520]
Training Epochs:  33%|████████████████▏                                | 33/100 [00:28<01:01,  1.08it/s, Loss=0.5225, TrainAcc=0.9200, TestAcc=0.8429]
Training Epochs:  34%|████████████████▋                                | 34/100 [00:28<00:55,  1.19it/s, Loss=0.5225, TrainAcc=0.9200, TestAcc=0.8429]
Training Epochs:  34%|████████████████▋                                | 34/100 [00:29<00:55,  1.19it/s, Loss=0.5166, TrainAcc=0.9273, TestAcc=0.8516]
Training Epochs:  35%|█████████████████▏                               | 35/100 [00:29<00:54,  1.19it/s, Loss=0.5166, TrainAcc=0.9273, TestAcc=0.8516]
Training Epochs:  35%|█████████████████▏                               | 35/100 [00:30<00:54,  1.19it/s, Loss=0.5070, TrainAcc=0.9286, TestAcc=0.8496]
Training Epochs:  36%|█████████████████▋                               | 36/100 [00:30<01:02,  1.03it/s, Loss=0.5070, TrainAcc=0.9286, TestAcc=0.8496]
Training Epochs:  36%|█████████████████▋                               | 36/100 [00:31<01:02,  1.03it/s, Loss=0.5022, TrainAcc=0.9290, TestAcc=0.8496]
Training Epochs:  37%|██████████████████▏                              | 37/100 [00:31<01:02,  1.00it/s, Loss=0.5022, TrainAcc=0.9290, TestAcc=0.8496]
Training Epochs:  37%|██████████████████▏                              | 37/100 [00:32<01:02,  1.00it/s, Loss=0.5052, TrainAcc=0.9303, TestAcc=0.8456]
Training Epochs:  38%|██████████████████▌                              | 38/100 [00:32<00:58,  1.05it/s, Loss=0.5052, TrainAcc=0.9303, TestAcc=0.8456]
Training Epochs:  38%|██████████████████▌                              | 38/100 [00:33<00:58,  1.05it/s, Loss=0.4993, TrainAcc=0.9317, TestAcc=0.8452]
Training Epochs:  39%|███████████████████                              | 39/100 [00:33<00:58,  1.04it/s, Loss=0.4993, TrainAcc=0.9317, TestAcc=0.8452]
Training Epochs:  39%|███████████████████                              | 39/100 [00:34<00:58,  1.04it/s, Loss=0.4994, TrainAcc=0.9324, TestAcc=0.8456]
Training Epochs:  40%|███████████████████▌                             | 40/100 [00:34<01:02,  1.04s/it, Loss=0.4994, TrainAcc=0.9324, TestAcc=0.8456]
Training Epochs:  40%|███████████████████▌                             | 40/100 [00:35<01:02,  1.04s/it, Loss=0.5061, TrainAcc=0.9287, TestAcc=0.8508]
Training Epochs:  41%|████████████████████                             | 41/100 [00:35<01:01,  1.05s/it, Loss=0.5061, TrainAcc=0.9287, TestAcc=0.8508]
Training Epochs:  41%|████████████████████                             | 41/100 [00:36<01:01,  1.05s/it, Loss=0.4959, TrainAcc=0.9332, TestAcc=0.8389]
Training Epochs:  42%|████████████████████▌                            | 42/100 [00:36<01:01,  1.06s/it, Loss=0.4959, TrainAcc=0.9332, TestAcc=0.8389]
Training Epochs:  42%|████████████████████▌                            | 42/100 [00:37<01:01,  1.06s/it, Loss=0.4971, TrainAcc=0.9340, TestAcc=0.8504]
Training Epochs:  43%|█████████████████████                            | 43/100 [00:37<00:57,  1.00s/it, Loss=0.4971, TrainAcc=0.9340, TestAcc=0.8504]
Training Epochs:  43%|█████████████████████                            | 43/100 [00:38<00:57,  1.00s/it, Loss=0.4945, TrainAcc=0.9295, TestAcc=0.8552]
Training Epochs:  44%|█████████████████████▌                           | 44/100 [00:38<00:52,  1.07it/s, Loss=0.4945, TrainAcc=0.9295, TestAcc=0.8552]
Training Epochs:  44%|█████████████████████▌                           | 44/100 [00:39<00:52,  1.07it/s, Loss=0.4910, TrainAcc=0.9371, TestAcc=0.8409]
Training Epochs:  45%|██████████████████████                           | 45/100 [00:39<00:53,  1.02it/s, Loss=0.4910, TrainAcc=0.9371, TestAcc=0.8409]
Training Epochs:  45%|██████████████████████                           | 45/100 [00:40<00:53,  1.02it/s, Loss=0.4861, TrainAcc=0.9383, TestAcc=0.8484]
Training Epochs:  46%|██████████████████████▌                          | 46/100 [00:40<00:54,  1.02s/it, Loss=0.4861, TrainAcc=0.9383, TestAcc=0.8484]
Training Epochs:  46%|██████████████████████▌                          | 46/100 [00:41<00:54,  1.02s/it, Loss=0.4852, TrainAcc=0.9344, TestAcc=0.8488]
Training Epochs:  47%|███████████████████████                          | 47/100 [00:41<00:52,  1.01it/s, Loss=0.4852, TrainAcc=0.9344, TestAcc=0.8488]
Training Epochs:  47%|███████████████████████                          | 47/100 [00:42<00:52,  1.01it/s, Loss=0.4848, TrainAcc=0.9374, TestAcc=0.8464]
Training Epochs:  48%|███████████████████████▌                         | 48/100 [00:42<00:48,  1.07it/s, Loss=0.4848, TrainAcc=0.9374, TestAcc=0.8464]
Training Epochs:  48%|███████████████████████▌                         | 48/100 [00:43<00:48,  1.07it/s, Loss=0.4839, TrainAcc=0.9396, TestAcc=0.8468]
Training Epochs:  49%|████████████████████████                         | 49/100 [00:43<00:42,  1.19it/s, Loss=0.4839, TrainAcc=0.9396, TestAcc=0.8468]
Training Epochs:  49%|████████████████████████                         | 49/100 [00:43<00:42,  1.19it/s, Loss=0.4897, TrainAcc=0.9366, TestAcc=0.8401]
Training Epochs:  50%|████████████████████████▌                        | 50/100 [00:43<00:39,  1.28it/s, Loss=0.4897, TrainAcc=0.9366, TestAcc=0.8401]
Training Epochs:  50%|████████████████████████▌                        | 50/100 [00:44<00:39,  1.28it/s, Loss=0.4772, TrainAcc=0.9391, TestAcc=0.8464]
Training Epochs:  51%|████████████████████████▉                        | 51/100 [00:44<00:43,  1.12it/s, Loss=0.4772, TrainAcc=0.9391, TestAcc=0.8464]
Training Epochs:  51%|████████████████████████▉                        | 51/100 [00:45<00:43,  1.12it/s, Loss=0.4810, TrainAcc=0.9405, TestAcc=0.8452]
Training Epochs:  52%|█████████████████████████▍                       | 52/100 [00:45<00:39,  1.23it/s, Loss=0.4810, TrainAcc=0.9405, TestAcc=0.8452]
Training Epochs:  52%|█████████████████████████▍                       | 52/100 [00:46<00:39,  1.23it/s, Loss=0.4789, TrainAcc=0.9402, TestAcc=0.8464]
Training Epochs:  53%|█████████████████████████▉                       | 53/100 [00:46<00:35,  1.33it/s, Loss=0.4789, TrainAcc=0.9402, TestAcc=0.8464]
Training Epochs:  53%|█████████████████████████▉                       | 53/100 [00:46<00:35,  1.33it/s, Loss=0.4860, TrainAcc=0.9336, TestAcc=0.8472]
Training Epochs:  54%|██████████████████████████▍                      | 54/100 [00:46<00:32,  1.41it/s, Loss=0.4860, TrainAcc=0.9336, TestAcc=0.8472]
Training Epochs:  54%|██████████████████████████▍                      | 54/100 [00:47<00:32,  1.41it/s, Loss=0.4724, TrainAcc=0.9425, TestAcc=0.8492]
Training Epochs:  55%|██████████████████████████▉                      | 55/100 [00:47<00:38,  1.17it/s, Loss=0.4724, TrainAcc=0.9425, TestAcc=0.8492]
Training Epochs:  55%|██████████████████████████▉                      | 55/100 [00:48<00:38,  1.17it/s, Loss=0.4933, TrainAcc=0.9338, TestAcc=0.8282]
Training Epochs:  56%|███████████████████████████▍                     | 56/100 [00:48<00:39,  1.11it/s, Loss=0.4933, TrainAcc=0.9338, TestAcc=0.8282]
Training Epochs:  56%|███████████████████████████▍                     | 56/100 [00:50<00:39,  1.11it/s, Loss=0.4941, TrainAcc=0.9370, TestAcc=0.8452]
Training Epochs:  57%|███████████████████████████▉                     | 57/100 [00:50<00:43,  1.00s/it, Loss=0.4941, TrainAcc=0.9370, TestAcc=0.8452]
Training Epochs:  57%|███████████████████████████▉                     | 57/100 [00:51<00:43,  1.00s/it, Loss=0.4754, TrainAcc=0.9383, TestAcc=0.8417]
Training Epochs:  58%|████████████████████████████▍                    | 58/100 [00:51<00:45,  1.08s/it, Loss=0.4754, TrainAcc=0.9383, TestAcc=0.8417]
Training Epochs:  58%|████████████████████████████▍                    | 58/100 [00:52<00:45,  1.08s/it, Loss=0.4888, TrainAcc=0.9371, TestAcc=0.8484]
Training Epochs:  59%|████████████████████████████▉                    | 59/100 [00:52<00:46,  1.13s/it, Loss=0.4888, TrainAcc=0.9371, TestAcc=0.8484]
Training Epochs:  59%|████████████████████████████▉                    | 59/100 [00:53<00:46,  1.13s/it, Loss=0.4923, TrainAcc=0.9365, TestAcc=0.8452]
Training Epochs:  60%|█████████████████████████████▍                   | 60/100 [00:53<00:42,  1.06s/it, Loss=0.4923, TrainAcc=0.9365, TestAcc=0.8452]
Training Epochs:  60%|█████████████████████████████▍                   | 60/100 [00:54<00:42,  1.06s/it, Loss=0.5000, TrainAcc=0.9322, TestAcc=0.8385]
Training Epochs:  61%|█████████████████████████████▉                   | 61/100 [00:54<00:41,  1.07s/it, Loss=0.5000, TrainAcc=0.9322, TestAcc=0.8385]
Training Epochs:  61%|█████████████████████████████▉                   | 61/100 [00:55<00:41,  1.07s/it, Loss=0.4787, TrainAcc=0.9361, TestAcc=0.8433]
Training Epochs:  62%|██████████████████████████████▍                  | 62/100 [00:55<00:40,  1.06s/it, Loss=0.4787, TrainAcc=0.9361, TestAcc=0.8433]
Training Epochs:  62%|██████████████████████████████▍                  | 62/100 [00:56<00:40,  1.06s/it, Loss=0.4840, TrainAcc=0.9362, TestAcc=0.8496]
Training Epochs:  63%|██████████████████████████████▊                  | 63/100 [00:56<00:39,  1.07s/it, Loss=0.4840, TrainAcc=0.9362, TestAcc=0.8496]
Training Epochs:  63%|██████████████████████████████▊                  | 63/100 [00:57<00:39,  1.07s/it, Loss=0.4766, TrainAcc=0.9390, TestAcc=0.8504]
Training Epochs:  64%|███████████████████████████████▎                 | 64/100 [00:57<00:35,  1.02it/s, Loss=0.4766, TrainAcc=0.9390, TestAcc=0.8504]
Training Epochs:  64%|███████████████████████████████▎                 | 64/100 [00:58<00:35,  1.02it/s, Loss=0.4717, TrainAcc=0.9421, TestAcc=0.8476]
Training Epochs:  65%|███████████████████████████████▊                 | 65/100 [00:58<00:33,  1.05it/s, Loss=0.4717, TrainAcc=0.9421, TestAcc=0.8476]
Training Epochs:  65%|███████████████████████████████▊                 | 65/100 [00:59<00:33,  1.05it/s, Loss=0.4827, TrainAcc=0.9362, TestAcc=0.8298]
Training Epochs:  66%|████████████████████████████████▎                | 66/100 [00:59<00:33,  1.02it/s, Loss=0.4827, TrainAcc=0.9362, TestAcc=0.8298]
Training Epochs:  66%|████████████████████████████████▎                | 66/100 [01:00<00:33,  1.02it/s, Loss=0.4705, TrainAcc=0.9421, TestAcc=0.8460]
Training Epochs:  67%|████████████████████████████████▊                | 67/100 [01:00<00:30,  1.09it/s, Loss=0.4705, TrainAcc=0.9421, TestAcc=0.8460]
Training Epochs:  67%|████████████████████████████████▊                | 67/100 [01:01<00:30,  1.09it/s, Loss=0.4649, TrainAcc=0.9451, TestAcc=0.8421]
Training Epochs:  68%|█████████████████████████████████▎               | 68/100 [01:01<00:27,  1.18it/s, Loss=0.4649, TrainAcc=0.9451, TestAcc=0.8421]
Training Epochs:  68%|█████████████████████████████████▎               | 68/100 [01:01<00:27,  1.18it/s, Loss=0.4686, TrainAcc=0.9439, TestAcc=0.8433]
Training Epochs:  69%|█████████████████████████████████▊               | 69/100 [01:01<00:24,  1.28it/s, Loss=0.4686, TrainAcc=0.9439, TestAcc=0.8433]
Training Epochs:  69%|█████████████████████████████████▊               | 69/100 [01:02<00:24,  1.28it/s, Loss=0.4697, TrainAcc=0.9391, TestAcc=0.8440]
Training Epochs:  70%|██████████████████████████████████▎              | 70/100 [01:02<00:22,  1.36it/s, Loss=0.4697, TrainAcc=0.9391, TestAcc=0.8440]
Training Epochs:  70%|██████████████████████████████████▎              | 70/100 [01:03<00:22,  1.36it/s, Loss=0.4788, TrainAcc=0.9406, TestAcc=0.8623]
Training Epochs:  71%|██████████████████████████████████▊              | 71/100 [01:03<00:23,  1.26it/s, Loss=0.4788, TrainAcc=0.9406, TestAcc=0.8623]
Training Epochs:  71%|██████████████████████████████████▊              | 71/100 [01:03<00:23,  1.26it/s, Loss=0.4873, TrainAcc=0.9359, TestAcc=0.8337]
Training Epochs:  72%|███████████████████████████████████▎             | 72/100 [01:03<00:20,  1.36it/s, Loss=0.4873, TrainAcc=0.9359, TestAcc=0.8337]
Training Epochs:  72%|███████████████████████████████████▎             | 72/100 [01:04<00:20,  1.36it/s, Loss=0.4693, TrainAcc=0.9398, TestAcc=0.8429]
Training Epochs:  73%|███████████████████████████████████▊             | 73/100 [01:04<00:20,  1.30it/s, Loss=0.4693, TrainAcc=0.9398, TestAcc=0.8429]
Training Epochs:  73%|███████████████████████████████████▊             | 73/100 [01:05<00:20,  1.30it/s, Loss=0.4720, TrainAcc=0.9415, TestAcc=0.8488]
Training Epochs:  74%|████████████████████████████████████▎            | 74/100 [01:05<00:23,  1.12it/s, Loss=0.4720, TrainAcc=0.9415, TestAcc=0.8488]
Training Epochs:  74%|████████████████████████████████████▎            | 74/100 [01:06<00:23,  1.12it/s, Loss=0.4630, TrainAcc=0.9483, TestAcc=0.8452]
Training Epochs:  75%|████████████████████████████████████▊            | 75/100 [01:06<00:24,  1.04it/s, Loss=0.4630, TrainAcc=0.9483, TestAcc=0.8452]
Training Epochs:  75%|████████████████████████████████████▊            | 75/100 [01:07<00:24,  1.04it/s, Loss=0.4619, TrainAcc=0.9454, TestAcc=0.8512]
Training Epochs:  76%|█████████████████████████████████████▏           | 76/100 [01:07<00:20,  1.15it/s, Loss=0.4619, TrainAcc=0.9454, TestAcc=0.8512]
Training Epochs:  76%|█████████████████████████████████████▏           | 76/100 [01:08<00:20,  1.15it/s, Loss=0.4694, TrainAcc=0.9416, TestAcc=0.8405]
Training Epochs:  77%|█████████████████████████████████████▋           | 77/100 [01:08<00:18,  1.24it/s, Loss=0.4694, TrainAcc=0.9416, TestAcc=0.8405]
Training Epochs:  77%|█████████████████████████████████████▋           | 77/100 [01:08<00:18,  1.24it/s, Loss=0.4831, TrainAcc=0.9372, TestAcc=0.8512]
Training Epochs:  78%|██████████████████████████████████████▏          | 78/100 [01:08<00:16,  1.33it/s, Loss=0.4831, TrainAcc=0.9372, TestAcc=0.8512]
Training Epochs:  78%|██████████████████████████████████████▏          | 78/100 [01:09<00:16,  1.33it/s, Loss=0.4669, TrainAcc=0.9438, TestAcc=0.8448]
Training Epochs:  79%|██████████████████████████████████████▋          | 79/100 [01:09<00:15,  1.36it/s, Loss=0.4669, TrainAcc=0.9438, TestAcc=0.8448]
Training Epochs:  79%|██████████████████████████████████████▋          | 79/100 [01:10<00:15,  1.36it/s, Loss=0.4628, TrainAcc=0.9472, TestAcc=0.8429]
Training Epochs:  80%|███████████████████████████████████████▏         | 80/100 [01:10<00:13,  1.44it/s, Loss=0.4628, TrainAcc=0.9472, TestAcc=0.8429]
Training Epochs:  80%|███████████████████████████████████████▏         | 80/100 [01:10<00:13,  1.44it/s, Loss=0.5082, TrainAcc=0.9252, TestAcc=0.8357]
Training Epochs:  81%|███████████████████████████████████████▋         | 81/100 [01:10<00:13,  1.42it/s, Loss=0.5082, TrainAcc=0.9252, TestAcc=0.8357]
Training Epochs:  81%|███████████████████████████████████████▋         | 81/100 [01:12<00:13,  1.42it/s, Loss=0.5055, TrainAcc=0.9220, TestAcc=0.8393]
Training Epochs:  82%|████████████████████████████████████████▏        | 82/100 [01:12<00:14,  1.21it/s, Loss=0.5055, TrainAcc=0.9220, TestAcc=0.8393]
Training Epochs:  82%|████████████████████████████████████████▏        | 82/100 [01:12<00:14,  1.21it/s, Loss=0.4941, TrainAcc=0.9323, TestAcc=0.8397]
Training Epochs:  83%|████████████████████████████████████████▋        | 83/100 [01:12<00:13,  1.29it/s, Loss=0.4941, TrainAcc=0.9323, TestAcc=0.8397]
Training Epochs:  83%|████████████████████████████████████████▋        | 83/100 [01:13<00:13,  1.29it/s, Loss=0.4800, TrainAcc=0.9333, TestAcc=0.8393]
Training Epochs:  84%|█████████████████████████████████████████▏       | 84/100 [01:13<00:13,  1.17it/s, Loss=0.4800, TrainAcc=0.9333, TestAcc=0.8393]
Training Epochs:  84%|█████████████████████████████████████████▏       | 84/100 [01:14<00:13,  1.17it/s, Loss=0.4755, TrainAcc=0.9371, TestAcc=0.8389]
Training Epochs:  85%|█████████████████████████████████████████▋       | 85/100 [01:14<00:14,  1.04it/s, Loss=0.4755, TrainAcc=0.9371, TestAcc=0.8389]
Training Epochs:  85%|█████████████████████████████████████████▋       | 85/100 [01:16<00:14,  1.04it/s, Loss=0.4809, TrainAcc=0.9391, TestAcc=0.8437]
Training Epochs:  86%|██████████████████████████████████████████▏      | 86/100 [01:16<00:14,  1.04s/it, Loss=0.4809, TrainAcc=0.9391, TestAcc=0.8437]
Training Epochs:  86%|██████████████████████████████████████████▏      | 86/100 [01:17<00:14,  1.04s/it, Loss=0.4737, TrainAcc=0.9425, TestAcc=0.8337]
Training Epochs:  87%|██████████████████████████████████████████▋      | 87/100 [01:17<00:14,  1.09s/it, Loss=0.4737, TrainAcc=0.9425, TestAcc=0.8337]
Training Epochs:  87%|██████████████████████████████████████████▋      | 87/100 [01:18<00:14,  1.09s/it, Loss=0.4690, TrainAcc=0.9463, TestAcc=0.8500]
Training Epochs:  88%|███████████████████████████████████████████      | 88/100 [01:18<00:13,  1.13s/it, Loss=0.4690, TrainAcc=0.9463, TestAcc=0.8500]
Training Epochs:  88%|███████████████████████████████████████████      | 88/100 [01:19<00:13,  1.13s/it, Loss=0.4651, TrainAcc=0.9444, TestAcc=0.8508]
Training Epochs:  89%|███████████████████████████████████████████▌     | 89/100 [01:19<00:12,  1.16s/it, Loss=0.4651, TrainAcc=0.9444, TestAcc=0.8508]
Training Epochs:  89%|███████████████████████████████████████████▌     | 89/100 [01:21<00:12,  1.16s/it, Loss=0.4607, TrainAcc=0.9451, TestAcc=0.8429]
Training Epochs:  90%|████████████████████████████████████████████     | 90/100 [01:21<00:12,  1.20s/it, Loss=0.4607, TrainAcc=0.9451, TestAcc=0.8429]
Training Epochs:  90%|████████████████████████████████████████████     | 90/100 [01:22<00:12,  1.20s/it, Loss=0.4641, TrainAcc=0.9440, TestAcc=0.8520]
Training Epochs:  91%|████████████████████████████████████████████▌    | 91/100 [01:22<00:10,  1.21s/it, Loss=0.4641, TrainAcc=0.9440, TestAcc=0.8520]
Training Epochs:  91%|████████████████████████████████████████████▌    | 91/100 [01:23<00:10,  1.21s/it, Loss=0.4545, TrainAcc=0.9493, TestAcc=0.8385]
Training Epochs:  92%|█████████████████████████████████████████████    | 92/100 [01:23<00:09,  1.21s/it, Loss=0.4545, TrainAcc=0.9493, TestAcc=0.8385]
Training Epochs:  92%|█████████████████████████████████████████████    | 92/100 [01:24<00:09,  1.21s/it, Loss=0.4545, TrainAcc=0.9460, TestAcc=0.8393]
Training Epochs:  93%|█████████████████████████████████████████████▌   | 93/100 [01:24<00:08,  1.20s/it, Loss=0.4545, TrainAcc=0.9460, TestAcc=0.8393]
Training Epochs:  93%|█████████████████████████████████████████████▌   | 93/100 [01:25<00:08,  1.20s/it, Loss=0.4548, TrainAcc=0.9473, TestAcc=0.8429]
Training Epochs:  94%|██████████████████████████████████████████████   | 94/100 [01:25<00:07,  1.20s/it, Loss=0.4548, TrainAcc=0.9473, TestAcc=0.8429]
Training Epochs:  94%|██████████████████████████████████████████████   | 94/100 [01:27<00:07,  1.20s/it, Loss=0.4554, TrainAcc=0.9491, TestAcc=0.8524]
Training Epochs:  95%|██████████████████████████████████████████████▌  | 95/100 [01:27<00:06,  1.21s/it, Loss=0.4554, TrainAcc=0.9491, TestAcc=0.8524]
Training Epochs:  95%|██████████████████████████████████████████████▌  | 95/100 [01:28<00:06,  1.21s/it, Loss=0.4556, TrainAcc=0.9472, TestAcc=0.8516]
Training Epochs:  96%|███████████████████████████████████████████████  | 96/100 [01:28<00:04,  1.21s/it, Loss=0.4556, TrainAcc=0.9472, TestAcc=0.8516]
Training Epochs:  96%|███████████████████████████████████████████████  | 96/100 [01:29<00:04,  1.21s/it, Loss=0.4566, TrainAcc=0.9485, TestAcc=0.8401]
Training Epochs:  97%|███████████████████████████████████████████████▌ | 97/100 [01:29<00:03,  1.22s/it, Loss=0.4566, TrainAcc=0.9485, TestAcc=0.8401]
Training Epochs:  97%|███████████████████████████████████████████████▌ | 97/100 [01:30<00:03,  1.22s/it, Loss=0.4519, TrainAcc=0.9498, TestAcc=0.8464]
Training Epochs:  98%|████████████████████████████████████████████████ | 98/100 [01:30<00:02,  1.23s/it, Loss=0.4519, TrainAcc=0.9498, TestAcc=0.8464]
Training Epochs:  98%|████████████████████████████████████████████████ | 98/100 [01:32<00:02,  1.23s/it, Loss=0.4508, TrainAcc=0.9489, TestAcc=0.8496]
Training Epochs:  99%|████████████████████████████████████████████████▌| 99/100 [01:32<00:01,  1.23s/it, Loss=0.4508, TrainAcc=0.9489, TestAcc=0.8496]
Training Epochs:  99%|████████████████████████████████████████████████▌| 99/100 [01:33<00:01,  1.23s/it, Loss=0.4576, TrainAcc=0.9499, TestAcc=0.8452]
Training Epochs: 100%|████████████████████████████████████████████████| 100/100 [01:33<00:00,  1.22s/it, Loss=0.4576, TrainAcc=0.9499, TestAcc=0.8452]
Training Epochs: 100%|████████████████████████████████████████████████| 100/100 [01:33<00:00,  1.07it/s, Loss=0.4576, TrainAcc=0.9499, TestAcc=0.8452]
{'Real': {'precision': np.float64(0.8594377510040161), 'recall': np.float64(0.93625), 'f1': np.float64(0.8962010170505534)}, 'Fake': {'precision': np.float64(0.8687258687258688), 'recall': np.float64(0.7336956521739131), 'f1': np.float64(0.7955215085444903)}}

📊 Final Results (over 10 runs):
            Accuracy: 85.65 ± 0.28
    Precision (Fake): 85.42 ± 1.31
    Recall    (Fake): 73.24 ± 1.46
    F1-score  (Fake): 78.84 ± 0.49
    Precision (Real): 85.78 ± 0.57
    Recall    (Real): 92.79 ± 0.89
    F1-score  (Real): 89.14 ± 0.24

fakeddit_DATASET
BERT + VGG

