nohup: ignoring input
pooling_type: max
time_feat_dim: 64

comment feature extracting, time string encoding and graph constructing ...:   0%|                  | 0/1467 [00:00<?, ?it/s]Asking to truncate to max_length but no maximum length is provided and the model has no predefined maximum length. Default to no truncation.

comment feature extracting, time string encoding and graph constructing ...:   0%|        | 1/1467 [00:03<1:19:00,  3.23s/it]
comment feature extracting, time string encoding and graph constructing ...:   0%|          | 2/1467 [00:04<46:01,  1.88s/it]
comment feature extracting, time string encoding and graph constructing ...:   0%|          | 3/1467 [00:04<30:56,  1.27s/it]
comment feature extracting, time string encoding and graph constructing ...:   0%|          | 4/1467 [00:08<51:48,  2.12s/it]
comment feature extracting, time string encoding and graph constructing ...:   0%|          | 5/1467 [00:08<35:01,  1.44s/it]
comment feature extracting, time string encoding and graph constructing ...:   0%|          | 6/1467 [00:11<45:58,  1.89s/it]
comment feature extracting, time string encoding and graph constructing ...:   0%|          | 7/1467 [00:13<51:01,  2.10s/it]
comment feature extracting, time string encoding and graph constructing ...:   1%|          | 8/1467 [00:14<41:10,  1.69s/it]
comment feature extracting, time string encoding and graph constructing ...:   1%|          | 9/1467 [00:15<35:05,  1.44s/it]
comment feature extracting, time string encoding and graph constructing ...:   1%|         | 10/1467 [00:16<29:43,  1.22s/it]
comment feature extracting, time string encoding and graph constructing ...:   1%|         | 11/1467 [00:16<25:24,  1.05s/it]
comment feature extracting, time string encoding and graph constructing ...:   1%|         | 12/1467 [00:17<20:09,  1.20it/s]
comment feature extracting, time string encoding and graph constructing ...:   1%|         | 13/1467 [00:18<22:34,  1.07it/s]
comment feature extracting, time string encoding and graph constructing ...:   1%|         | 14/1467 [00:20<29:39,  1.22s/it]
comment feature extracting, time string encoding and graph constructing ...:   1%|         | 15/1467 [00:21<26:51,  1.11s/it]
comment feature extracting, time string encoding and graph constructing ...:   1%|         | 16/1467 [00:21<22:11,  1.09it/s]
comment feature extracting, time string encoding and graph constructing ...:   1%|         | 17/1467 [00:21<18:18,  1.32it/s]
comment feature extracting, time string encoding and graph constructing ...:   1%|         | 18/1467 [00:22<20:57,  1.15it/s]
comment feature extracting, time string encoding and graph constructing ...:   1%|         | 19/1467 [00:23<21:19,  1.13it/s]
comment feature extracting, time string encoding and graph constructing ...:   1%|         | 20/1467 [00:24<17:29,  1.38it/s]
comment feature extracting, time string encoding and graph constructing ...:   1%|▏        | 21/1467 [00:25<21:32,  1.12it/s]
comment feature extracting, time string encoding and graph constructing ...:   1%|▏        | 22/1467 [00:25<17:41,  1.36it/s]
comment feature extracting, time string encoding and graph constructing ...:   2%|▏        | 23/1467 [00:29<41:44,  1.73s/it]
comment feature extracting, time string encoding and graph constructing ...:   2%|▏        | 24/1467 [00:30<36:15,  1.51s/it]
comment feature extracting, time string encoding and graph constructing ...:   2%|▏        | 25/1467 [00:33<42:03,  1.75s/it]
comment feature extracting, time string encoding and graph constructing ...:   2%|       | 26/1467 [00:38<1:04:57,  2.70s/it]
comment feature extracting, time string encoding and graph constructing ...:   2%|▏        | 27/1467 [00:40<59:38,  2.49s/it]
comment feature extracting, time string encoding and graph constructing ...:   2%|▏        | 28/1467 [00:40<43:05,  1.80s/it]
comment feature extracting, time string encoding and graph constructing ...:   2%|▏        | 29/1467 [00:41<36:33,  1.53s/it]
comment feature extracting, time string encoding and graph constructing ...:   2%|▏        | 30/1467 [00:41<30:35,  1.28s/it]
comment feature extracting, time string encoding and graph constructing ...:   2%|▏        | 31/1467 [00:42<23:16,  1.03it/s]
comment feature extracting, time string encoding and graph constructing ...:   2%|▏        | 32/1467 [00:43<28:19,  1.18s/it]
comment feature extracting, time string encoding and graph constructing ...:   2%|▏        | 33/1467 [00:45<28:34,  1.20s/it]
comment feature extracting, time string encoding and graph constructing ...:   2%|▏        | 34/1467 [00:47<40:02,  1.68s/it]
comment feature extracting, time string encoding and graph constructing ...:   2%|▏        | 35/1467 [00:48<32:54,  1.38s/it]
comment feature extracting, time string encoding and graph constructing ...:   2%|▏        | 36/1467 [00:49<30:35,  1.28s/it]
comment feature extracting, time string encoding and graph constructing ...:   3%|▏        | 37/1467 [00:50<24:16,  1.02s/it]
comment feature extracting, time string encoding and graph constructing ...:   3%|▏        | 38/1467 [00:51<27:44,  1.16s/it]
comment feature extracting, time string encoding and graph constructing ...:   3%|▏        | 39/1467 [00:51<21:01,  1.13it/s]
comment feature extracting, time string encoding and graph constructing ...:   3%|▏        | 40/1467 [00:52<19:46,  1.20it/s]
comment feature extracting, time string encoding and graph constructing ...:   3%|▎        | 41/1467 [00:53<20:15,  1.17it/s]
comment feature extracting, time string encoding and graph constructing ...:   3%|▎        | 42/1467 [00:55<26:11,  1.10s/it]
comment feature extracting, time string encoding and graph constructing ...:   3%|▎        | 43/1467 [00:56<29:45,  1.25s/it]
comment feature extracting, time string encoding and graph constructing ...:   3%|▎        | 44/1467 [00:57<29:30,  1.24s/it]
comment feature extracting, time string encoding and graph constructing ...:   3%|▎        | 45/1467 [00:59<29:42,  1.25s/it]
comment feature extracting, time string encoding and graph constructing ...:   3%|▎        | 46/1467 [01:00<26:44,  1.13s/it]
comment feature extracting, time string encoding and graph constructing ...:   3%|▎        | 47/1467 [01:02<36:17,  1.53s/it]
comment feature extracting, time string encoding and graph constructing ...:   3%|▎        | 48/1467 [01:03<35:49,  1.51s/it]
comment feature extracting, time string encoding and graph constructing ...:   3%|▎        | 49/1467 [01:05<35:09,  1.49s/it]
comment feature extracting, time string encoding and graph constructing ...:   3%|▎        | 50/1467 [01:06<31:14,  1.32s/it]
comment feature extracting, time string encoding and graph constructing ...:   3%|▎        | 51/1467 [01:06<25:01,  1.06s/it]
comment feature extracting, time string encoding and graph constructing ...:   4%|▎        | 52/1467 [01:07<25:45,  1.09s/it]
comment feature extracting, time string encoding and graph constructing ...:   4%|▎        | 53/1467 [01:08<20:03,  1.17it/s]
comment feature extracting, time string encoding and graph constructing ...:   4%|▎        | 54/1467 [01:09<20:31,  1.15it/s]
comment feature extracting, time string encoding and graph constructing ...:   4%|▎        | 55/1467 [01:09<18:20,  1.28it/s]
comment feature extracting, time string encoding and graph constructing ...:   4%|▎        | 56/1467 [01:12<35:09,  1.50s/it]
comment feature extracting, time string encoding and graph constructing ...:   4%|▎        | 57/1467 [01:13<29:39,  1.26s/it]
comment feature extracting, time string encoding and graph constructing ...:   4%|▎        | 58/1467 [01:14<23:40,  1.01s/it]
comment feature extracting, time string encoding and graph constructing ...:   4%|▎        | 59/1467 [01:15<23:45,  1.01s/it]
comment feature extracting, time string encoding and graph constructing ...:   4%|▎        | 60/1467 [01:16<23:15,  1.01it/s]
comment feature extracting, time string encoding and graph constructing ...:   4%|▎        | 61/1467 [01:17<24:42,  1.05s/it]
comment feature extracting, time string encoding and graph constructing ...:   4%|▍        | 62/1467 [01:18<28:33,  1.22s/it]
comment feature extracting, time string encoding and graph constructing ...:   4%|▍        | 63/1467 [01:19<27:44,  1.19s/it]
comment feature extracting, time string encoding and graph constructing ...:   4%|▍        | 64/1467 [01:21<31:59,  1.37s/it]
comment feature extracting, time string encoding and graph constructing ...:   4%|▍        | 65/1467 [01:22<30:06,  1.29s/it]
comment feature extracting, time string encoding and graph constructing ...:   4%|▍        | 66/1467 [01:23<22:56,  1.02it/s]
comment feature extracting, time string encoding and graph constructing ...:   5%|▍        | 67/1467 [01:23<18:57,  1.23it/s]
comment feature extracting, time string encoding and graph constructing ...:   5%|▍        | 68/1467 [01:23<15:43,  1.48it/s]
comment feature extracting, time string encoding and graph constructing ...:   5%|▍        | 69/1467 [01:27<35:22,  1.52s/it]
comment feature extracting, time string encoding and graph constructing ...:   5%|▍        | 70/1467 [01:29<39:14,  1.69s/it]
comment feature extracting, time string encoding and graph constructing ...:   5%|▍        | 71/1467 [01:30<33:41,  1.45s/it]
comment feature extracting, time string encoding and graph constructing ...:   5%|▍        | 72/1467 [01:31<29:35,  1.27s/it]
comment feature extracting, time string encoding and graph constructing ...:   5%|▍        | 73/1467 [01:33<37:14,  1.60s/it]
comment feature extracting, time string encoding and graph constructing ...:   5%|▍        | 74/1467 [01:34<33:31,  1.44s/it]
comment feature extracting, time string encoding and graph constructing ...:   5%|▍        | 75/1467 [01:36<37:28,  1.62s/it]
comment feature extracting, time string encoding and graph constructing ...:   5%|▍        | 76/1467 [01:38<37:05,  1.60s/it]
comment feature extracting, time string encoding and graph constructing ...:   5%|▍        | 77/1467 [01:39<36:20,  1.57s/it]
comment feature extracting, time string encoding and graph constructing ...:   5%|▍        | 78/1467 [01:40<30:53,  1.33s/it]
comment feature extracting, time string encoding and graph constructing ...:   5%|▍        | 79/1467 [01:41<27:12,  1.18s/it]
comment feature extracting, time string encoding and graph constructing ...:   5%|▍        | 80/1467 [01:42<28:47,  1.25s/it]
comment feature extracting, time string encoding and graph constructing ...:   6%|▍        | 81/1467 [01:44<34:49,  1.51s/it]
comment feature extracting, time string encoding and graph constructing ...:   6%|▌        | 82/1467 [01:46<35:43,  1.55s/it]
comment feature extracting, time string encoding and graph constructing ...:   6%|▌        | 83/1467 [01:46<25:59,  1.13s/it]
comment feature extracting, time string encoding and graph constructing ...:   6%|▌        | 84/1467 [01:47<21:30,  1.07it/s]
comment feature extracting, time string encoding and graph constructing ...:   6%|▌        | 85/1467 [01:47<20:15,  1.14it/s]
comment feature extracting, time string encoding and graph constructing ...:   6%|▌        | 86/1467 [01:48<18:31,  1.24it/s]
comment feature extracting, time string encoding and graph constructing ...:   6%|▌        | 87/1467 [01:50<24:58,  1.09s/it]
comment feature extracting, time string encoding and graph constructing ...:   6%|▌        | 88/1467 [01:51<25:00,  1.09s/it]
comment feature extracting, time string encoding and graph constructing ...:   6%|▌        | 89/1467 [01:52<26:46,  1.17s/it]
comment feature extracting, time string encoding and graph constructing ...:   6%|▌        | 90/1467 [01:53<24:09,  1.05s/it]
comment feature extracting, time string encoding and graph constructing ...:   6%|▌        | 91/1467 [01:58<49:08,  2.14s/it]
comment feature extracting, time string encoding and graph constructing ...:   6%|▌        | 92/1467 [02:00<49:33,  2.16s/it]
comment feature extracting, time string encoding and graph constructing ...:   6%|▌        | 93/1467 [02:01<40:36,  1.77s/it]
comment feature extracting, time string encoding and graph constructing ...:   6%|▌        | 94/1467 [02:02<37:09,  1.62s/it]
comment feature extracting, time string encoding and graph constructing ...:   6%|▌        | 95/1467 [02:04<40:33,  1.77s/it]
comment feature extracting, time string encoding and graph constructing ...:   7%|▌        | 96/1467 [02:09<58:54,  2.58s/it]
comment feature extracting, time string encoding and graph constructing ...:   7%|▌        | 97/1467 [02:09<46:54,  2.05s/it]
comment feature extracting, time string encoding and graph constructing ...:   7%|▌        | 98/1467 [02:10<40:05,  1.76s/it]
comment feature extracting, time string encoding and graph constructing ...:   7%|▌        | 99/1467 [02:12<40:08,  1.76s/it]
comment feature extracting, time string encoding and graph constructing ...:   7%|▌       | 100/1467 [02:15<43:52,  1.93s/it]
comment feature extracting, time string encoding and graph constructing ...:   7%|▌       | 101/1467 [02:18<51:53,  2.28s/it]
comment feature extracting, time string encoding and graph constructing ...:   7%|▌       | 102/1467 [02:18<40:24,  1.78s/it]
comment feature extracting, time string encoding and graph constructing ...:   7%|▌       | 103/1467 [02:20<42:50,  1.88s/it]
comment feature extracting, time string encoding and graph constructing ...:   7%|▌       | 104/1467 [02:23<47:14,  2.08s/it]
comment feature extracting, time string encoding and graph constructing ...:   7%|▌       | 105/1467 [02:24<38:33,  1.70s/it]
comment feature extracting, time string encoding and graph constructing ...:   7%|▌       | 106/1467 [02:25<33:44,  1.49s/it]
comment feature extracting, time string encoding and graph constructing ...:   7%|▌       | 107/1467 [02:25<25:46,  1.14s/it]
comment feature extracting, time string encoding and graph constructing ...:   7%|▌       | 108/1467 [02:26<26:12,  1.16s/it]
comment feature extracting, time string encoding and graph constructing ...:   7%|▌       | 109/1467 [02:29<39:30,  1.75s/it]
comment feature extracting, time string encoding and graph constructing ...:   7%|▌       | 110/1467 [02:30<32:57,  1.46s/it]
comment feature extracting, time string encoding and graph constructing ...:   8%|▌       | 111/1467 [02:35<59:16,  2.62s/it]
comment feature extracting, time string encoding and graph constructing ...:   8%|▍     | 112/1467 [02:38<1:01:57,  2.74s/it]
comment feature extracting, time string encoding and graph constructing ...:   8%|▌       | 113/1467 [02:39<49:36,  2.20s/it]
comment feature extracting, time string encoding and graph constructing ...:   8%|▌       | 114/1467 [02:41<42:43,  1.89s/it]
comment feature extracting, time string encoding and graph constructing ...:   8%|▋       | 115/1467 [02:42<40:41,  1.81s/it]
comment feature extracting, time string encoding and graph constructing ...:   8%|▋       | 116/1467 [02:44<40:14,  1.79s/it]
comment feature extracting, time string encoding and graph constructing ...:   8%|▋       | 117/1467 [02:45<36:13,  1.61s/it]
comment feature extracting, time string encoding and graph constructing ...:   8%|▋       | 118/1467 [02:46<31:57,  1.42s/it]
comment feature extracting, time string encoding and graph constructing ...:   8%|▋       | 119/1467 [02:48<37:16,  1.66s/it]
comment feature extracting, time string encoding and graph constructing ...:   8%|▍     | 120/1467 [02:55<1:11:20,  3.18s/it]
comment feature extracting, time string encoding and graph constructing ...:   8%|▋       | 121/1467 [02:56<58:51,  2.62s/it]
comment feature extracting, time string encoding and graph constructing ...:   8%|▍     | 122/1467 [03:00<1:02:38,  2.79s/it]
comment feature extracting, time string encoding and graph constructing ...:   8%|▋       | 123/1467 [03:01<54:20,  2.43s/it]
comment feature extracting, time string encoding and graph constructing ...:   8%|▋       | 124/1467 [03:02<44:01,  1.97s/it]
comment feature extracting, time string encoding and graph constructing ...:   9%|▋       | 125/1467 [03:04<41:22,  1.85s/it]
comment feature extracting, time string encoding and graph constructing ...:   9%|▋       | 126/1467 [03:05<35:07,  1.57s/it]
comment feature extracting, time string encoding and graph constructing ...:   9%|▋       | 127/1467 [03:06<37:00,  1.66s/it]
comment feature extracting, time string encoding and graph constructing ...:   9%|▋       | 128/1467 [03:09<43:24,  1.95s/it]
comment feature extracting, time string encoding and graph constructing ...:   9%|▋       | 129/1467 [03:10<38:33,  1.73s/it]
comment feature extracting, time string encoding and graph constructing ...:   9%|▋       | 130/1467 [03:10<28:14,  1.27s/it]
comment feature extracting, time string encoding and graph constructing ...:   9%|▋       | 131/1467 [03:12<31:32,  1.42s/it]
comment feature extracting, time string encoding and graph constructing ...:   9%|▋       | 132/1467 [03:13<25:44,  1.16s/it]
comment feature extracting, time string encoding and graph constructing ...:   9%|▋       | 133/1467 [03:17<44:22,  2.00s/it]
comment feature extracting, time string encoding and graph constructing ...:   9%|▋       | 134/1467 [03:18<38:56,  1.75s/it]
comment feature extracting, time string encoding and graph constructing ...:   9%|▋       | 135/1467 [03:21<47:50,  2.16s/it]
comment feature extracting, time string encoding and graph constructing ...:   9%|▋       | 136/1467 [03:21<36:50,  1.66s/it]
comment feature extracting, time string encoding and graph constructing ...:   9%|▋       | 137/1467 [03:25<46:33,  2.10s/it]
comment feature extracting, time string encoding and graph constructing ...:   9%|▊       | 138/1467 [03:25<35:29,  1.60s/it]
comment feature extracting, time string encoding and graph constructing ...:   9%|▊       | 139/1467 [03:27<35:55,  1.62s/it]
comment feature extracting, time string encoding and graph constructing ...:  10%|▊       | 140/1467 [03:28<32:04,  1.45s/it]
comment feature extracting, time string encoding and graph constructing ...:  10%|▊       | 141/1467 [03:30<39:41,  1.80s/it]
comment feature extracting, time string encoding and graph constructing ...:  10%|▊       | 142/1467 [03:32<37:40,  1.71s/it]
comment feature extracting, time string encoding and graph constructing ...:  10%|▊       | 143/1467 [03:34<38:28,  1.74s/it]
comment feature extracting, time string encoding and graph constructing ...:  10%|▌     | 144/1467 [03:40<1:09:56,  3.17s/it]
comment feature extracting, time string encoding and graph constructing ...:  10%|▌     | 145/1467 [03:44<1:15:04,  3.41s/it]
comment feature extracting, time string encoding and graph constructing ...:  10%|▌     | 146/1467 [03:47<1:09:07,  3.14s/it]
comment feature extracting, time string encoding and graph constructing ...:  10%|▌     | 147/1467 [03:49<1:01:54,  2.81s/it]
comment feature extracting, time string encoding and graph constructing ...:  10%|▌     | 148/1467 [03:54<1:17:26,  3.52s/it]
comment feature extracting, time string encoding and graph constructing ...:  10%|▌     | 149/1467 [03:58<1:19:26,  3.62s/it]
comment feature extracting, time string encoding and graph constructing ...:  10%|▊       | 150/1467 [03:58<58:01,  2.64s/it]
comment feature extracting, time string encoding and graph constructing ...:  10%|▌     | 151/1467 [04:01<1:02:32,  2.85s/it]
comment feature extracting, time string encoding and graph constructing ...:  10%|▊       | 152/1467 [04:03<54:34,  2.49s/it]
comment feature extracting, time string encoding and graph constructing ...:  10%|▊       | 153/1467 [04:05<51:35,  2.36s/it]
comment feature extracting, time string encoding and graph constructing ...:  10%|▊       | 154/1467 [04:06<43:12,  1.97s/it]
comment feature extracting, time string encoding and graph constructing ...:  11%|▊       | 155/1467 [04:10<53:01,  2.42s/it]
comment feature extracting, time string encoding and graph constructing ...:  11%|▊       | 156/1467 [04:12<52:14,  2.39s/it]
comment feature extracting, time string encoding and graph constructing ...:  11%|▋     | 157/1467 [04:17<1:08:31,  3.14s/it]
comment feature extracting, time string encoding and graph constructing ...:  11%|▋     | 158/1467 [04:20<1:08:16,  3.13s/it]
comment feature extracting, time string encoding and graph constructing ...:  11%|▋     | 159/1467 [04:24<1:11:59,  3.30s/it]
comment feature extracting, time string encoding and graph constructing ...:  11%|▋     | 160/1467 [04:25<1:00:03,  2.76s/it]
comment feature extracting, time string encoding and graph constructing ...:  11%|▋     | 161/1467 [04:30<1:10:33,  3.24s/it]
comment feature extracting, time string encoding and graph constructing ...:  11%|▋     | 162/1467 [04:33<1:10:40,  3.25s/it]
comment feature extracting, time string encoding and graph constructing ...:  11%|▋     | 163/1467 [04:35<1:00:55,  2.80s/it]
comment feature extracting, time string encoding and graph constructing ...:  11%|▉       | 164/1467 [04:36<49:57,  2.30s/it]
comment feature extracting, time string encoding and graph constructing ...:  11%|▉       | 165/1467 [04:38<47:20,  2.18s/it]
comment feature extracting, time string encoding and graph constructing ...:  11%|▉       | 166/1467 [04:39<41:24,  1.91s/it]
comment feature extracting, time string encoding and graph constructing ...:  11%|▉       | 167/1467 [04:39<31:54,  1.47s/it]
comment feature extracting, time string encoding and graph constructing ...:  11%|▉       | 168/1467 [04:40<23:26,  1.08s/it]
comment feature extracting, time string encoding and graph constructing ...:  12%|▉       | 169/1467 [04:45<50:00,  2.31s/it]
comment feature extracting, time string encoding and graph constructing ...:  12%|▉       | 170/1467 [04:45<37:53,  1.75s/it]
comment feature extracting, time string encoding and graph constructing ...:  12%|▉       | 171/1467 [04:46<30:09,  1.40s/it]
comment feature extracting, time string encoding and graph constructing ...:  12%|▉       | 172/1467 [04:46<23:06,  1.07s/it]
comment feature extracting, time string encoding and graph constructing ...:  12%|▉       | 173/1467 [04:48<29:57,  1.39s/it]
comment feature extracting, time string encoding and graph constructing ...:  12%|▉       | 174/1467 [04:52<46:17,  2.15s/it]
comment feature extracting, time string encoding and graph constructing ...:  12%|▉       | 175/1467 [04:53<38:01,  1.77s/it]
comment feature extracting, time string encoding and graph constructing ...:  12%|▉       | 176/1467 [04:57<51:35,  2.40s/it]
comment feature extracting, time string encoding and graph constructing ...:  12%|▉       | 177/1467 [04:58<40:24,  1.88s/it]
comment feature extracting, time string encoding and graph constructing ...:  12%|▉       | 178/1467 [05:00<43:18,  2.02s/it]
comment feature extracting, time string encoding and graph constructing ...:  12%|▉       | 179/1467 [05:04<56:10,  2.62s/it]
comment feature extracting, time string encoding and graph constructing ...:  12%|▋     | 180/1467 [05:11<1:23:38,  3.90s/it]
comment feature extracting, time string encoding and graph constructing ...:  12%|▋     | 181/1467 [05:11<1:00:53,  2.84s/it]
comment feature extracting, time string encoding and graph constructing ...:  12%|▉       | 183/1467 [05:12<37:40,  1.76s/it]
comment feature extracting, time string encoding and graph constructing ...:  13%|█       | 184/1467 [05:13<34:40,  1.62s/it]
comment feature extracting, time string encoding and graph constructing ...:  13%|█       | 185/1467 [05:16<42:42,  2.00s/it]
comment feature extracting, time string encoding and graph constructing ...:  13%|█       | 186/1467 [05:17<34:44,  1.63s/it]
comment feature extracting, time string encoding and graph constructing ...:  13%|█       | 187/1467 [05:18<31:54,  1.50s/it]
comment feature extracting, time string encoding and graph constructing ...:  13%|█       | 188/1467 [05:20<33:13,  1.56s/it]
comment feature extracting, time string encoding and graph constructing ...:  13%|█       | 189/1467 [05:24<50:15,  2.36s/it]
comment feature extracting, time string encoding and graph constructing ...:  13%|█       | 190/1467 [05:26<47:05,  2.21s/it]
comment feature extracting, time string encoding and graph constructing ...:  13%|█       | 191/1467 [05:28<42:26,  2.00s/it]
comment feature extracting, time string encoding and graph constructing ...:  13%|█       | 192/1467 [05:29<36:15,  1.71s/it]
comment feature extracting, time string encoding and graph constructing ...:  13%|█       | 193/1467 [05:30<34:28,  1.62s/it]
comment feature extracting, time string encoding and graph constructing ...:  13%|█       | 194/1467 [05:35<55:30,  2.62s/it]
comment feature extracting, time string encoding and graph constructing ...:  13%|█       | 195/1467 [05:36<44:19,  2.09s/it]
comment feature extracting, time string encoding and graph constructing ...:  13%|█       | 196/1467 [05:39<48:33,  2.29s/it]
comment feature extracting, time string encoding and graph constructing ...:  13%|█       | 197/1467 [05:39<37:06,  1.75s/it]
comment feature extracting, time string encoding and graph constructing ...:  13%|█       | 198/1467 [05:40<31:22,  1.48s/it]
comment feature extracting, time string encoding and graph constructing ...:  14%|█       | 199/1467 [05:43<42:32,  2.01s/it]
comment feature extracting, time string encoding and graph constructing ...:  14%|█       | 200/1467 [05:45<38:24,  1.82s/it]
comment feature extracting, time string encoding and graph constructing ...:  14%|█       | 201/1467 [05:46<34:21,  1.63s/it]
comment feature extracting, time string encoding and graph constructing ...:  14%|█       | 202/1467 [05:46<26:58,  1.28s/it]
comment feature extracting, time string encoding and graph constructing ...:  14%|█       | 203/1467 [05:51<47:47,  2.27s/it]
comment feature extracting, time string encoding and graph constructing ...:  14%|▊     | 204/1467 [05:55<1:00:59,  2.90s/it]
comment feature extracting, time string encoding and graph constructing ...:  14%|█       | 205/1467 [05:57<54:48,  2.61s/it]
comment feature extracting, time string encoding and graph constructing ...:  14%|█       | 206/1467 [05:58<46:57,  2.23s/it]
comment feature extracting, time string encoding and graph constructing ...:  14%|▊     | 207/1467 [06:04<1:05:27,  3.12s/it]
comment feature extracting, time string encoding and graph constructing ...:  14%|█▏      | 208/1467 [06:05<51:47,  2.47s/it]
comment feature extracting, time string encoding and graph constructing ...:  14%|█▏      | 209/1467 [06:05<42:07,  2.01s/it]
comment feature extracting, time string encoding and graph constructing ...:  14%|█▏      | 210/1467 [06:07<38:11,  1.82s/it]
comment feature extracting, time string encoding and graph constructing ...:  14%|█▏      | 211/1467 [06:11<55:19,  2.64s/it]
comment feature extracting, time string encoding and graph constructing ...:  14%|█▏      | 212/1467 [06:13<47:48,  2.29s/it]
comment feature extracting, time string encoding and graph constructing ...:  15%|█▏      | 213/1467 [06:14<41:58,  2.01s/it]
comment feature extracting, time string encoding and graph constructing ...:  15%|█▏      | 214/1467 [06:16<42:47,  2.05s/it]
comment feature extracting, time string encoding and graph constructing ...:  15%|█▏      | 215/1467 [06:18<38:29,  1.84s/it]
comment feature extracting, time string encoding and graph constructing ...:  15%|█▏      | 216/1467 [06:20<38:06,  1.83s/it]
comment feature extracting, time string encoding and graph constructing ...:  15%|█▏      | 217/1467 [06:22<41:05,  1.97s/it]
comment feature extracting, time string encoding and graph constructing ...:  15%|█▏      | 218/1467 [06:23<36:03,  1.73s/it]
comment feature extracting, time string encoding and graph constructing ...:  15%|▉     | 219/1467 [06:30<1:07:19,  3.24s/it]
comment feature extracting, time string encoding and graph constructing ...:  15%|█▏      | 220/1467 [06:31<55:54,  2.69s/it]
comment feature extracting, time string encoding and graph constructing ...:  15%|▉     | 221/1467 [06:38<1:18:38,  3.79s/it]
comment feature extracting, time string encoding and graph constructing ...:  15%|▉     | 222/1467 [06:42<1:20:10,  3.86s/it]
comment feature extracting, time string encoding and graph constructing ...:  15%|▉     | 223/1467 [06:45<1:17:39,  3.75s/it]
comment feature extracting, time string encoding and graph constructing ...:  15%|▉     | 224/1467 [06:46<1:00:53,  2.94s/it]
comment feature extracting, time string encoding and graph constructing ...:  15%|▉     | 225/1467 [06:50<1:06:37,  3.22s/it]
comment feature extracting, time string encoding and graph constructing ...:  15%|█▏      | 226/1467 [06:51<55:19,  2.68s/it]
comment feature extracting, time string encoding and graph constructing ...:  15%|█▏      | 227/1467 [06:52<44:34,  2.16s/it]
comment feature extracting, time string encoding and graph constructing ...:  16%|█▏      | 228/1467 [06:53<36:37,  1.77s/it]
comment feature extracting, time string encoding and graph constructing ...:  16%|█▏      | 229/1467 [06:55<39:34,  1.92s/it]
comment feature extracting, time string encoding and graph constructing ...:  16%|█▎      | 230/1467 [06:58<46:03,  2.23s/it]
comment feature extracting, time string encoding and graph constructing ...:  16%|█▎      | 231/1467 [07:01<47:09,  2.29s/it]
comment feature extracting, time string encoding and graph constructing ...:  16%|█▎      | 232/1467 [07:02<40:05,  1.95s/it]
comment feature extracting, time string encoding and graph constructing ...:  16%|█▎      | 233/1467 [07:05<44:53,  2.18s/it]
comment feature extracting, time string encoding and graph constructing ...:  16%|█▎      | 234/1467 [07:06<40:30,  1.97s/it]
comment feature extracting, time string encoding and graph constructing ...:  16%|█▎      | 235/1467 [07:07<31:39,  1.54s/it]
comment feature extracting, time string encoding and graph constructing ...:  16%|█▎      | 236/1467 [07:07<26:17,  1.28s/it]
comment feature extracting, time string encoding and graph constructing ...:  16%|█▎      | 237/1467 [07:12<46:22,  2.26s/it]
comment feature extracting, time string encoding and graph constructing ...:  16%|█▎      | 238/1467 [07:13<36:24,  1.78s/it]
comment feature extracting, time string encoding and graph constructing ...:  16%|█▎      | 239/1467 [07:16<46:37,  2.28s/it]
comment feature extracting, time string encoding and graph constructing ...:  16%|█▎      | 240/1467 [07:17<39:26,  1.93s/it]
comment feature extracting, time string encoding and graph constructing ...:  16%|█▎      | 241/1467 [07:20<41:53,  2.05s/it]
comment feature extracting, time string encoding and graph constructing ...:  16%|█▎      | 242/1467 [07:24<58:14,  2.85s/it]
comment feature extracting, time string encoding and graph constructing ...:  17%|█▎      | 243/1467 [07:26<48:50,  2.39s/it]
comment feature extracting, time string encoding and graph constructing ...:  17%|█▎      | 244/1467 [07:27<45:25,  2.23s/it]
comment feature extracting, time string encoding and graph constructing ...:  17%|█▎      | 245/1467 [07:29<43:08,  2.12s/it]
comment feature extracting, time string encoding and graph constructing ...:  17%|█     | 246/1467 [07:34<1:01:11,  3.01s/it]
comment feature extracting, time string encoding and graph constructing ...:  17%|█▎      | 247/1467 [07:35<45:26,  2.23s/it]
comment feature extracting, time string encoding and graph constructing ...:  17%|█▎      | 248/1467 [07:35<35:13,  1.73s/it]
comment feature extracting, time string encoding and graph constructing ...:  17%|█▎      | 249/1467 [07:38<39:55,  1.97s/it]
comment feature extracting, time string encoding and graph constructing ...:  17%|█▎      | 250/1467 [07:39<36:57,  1.82s/it]
comment feature extracting, time string encoding and graph constructing ...:  17%|█▎      | 251/1467 [07:42<43:30,  2.15s/it]
comment feature extracting, time string encoding and graph constructing ...:  17%|█▎      | 252/1467 [07:44<42:46,  2.11s/it]
comment feature extracting, time string encoding and graph constructing ...:  17%|█▍      | 253/1467 [07:47<46:01,  2.27s/it]
comment feature extracting, time string encoding and graph constructing ...:  17%|█▍      | 254/1467 [07:49<46:10,  2.28s/it]
comment feature extracting, time string encoding and graph constructing ...:  17%|█▍      | 255/1467 [07:50<35:27,  1.76s/it]
comment feature extracting, time string encoding and graph constructing ...:  17%|█▍      | 256/1467 [07:51<30:23,  1.51s/it]
comment feature extracting, time string encoding and graph constructing ...:  18%|█▍      | 257/1467 [07:51<25:57,  1.29s/it]
comment feature extracting, time string encoding and graph constructing ...:  18%|█▍      | 258/1467 [07:53<25:34,  1.27s/it]
comment feature extracting, time string encoding and graph constructing ...:  18%|█▍      | 259/1467 [07:55<31:30,  1.57s/it]
comment feature extracting, time string encoding and graph constructing ...:  18%|█▍      | 260/1467 [07:55<25:03,  1.25s/it]
comment feature extracting, time string encoding and graph constructing ...:  18%|█▍      | 261/1467 [07:56<23:26,  1.17s/it]
comment feature extracting, time string encoding and graph constructing ...:  18%|█▍      | 262/1467 [07:57<22:43,  1.13s/it]
comment feature extracting, time string encoding and graph constructing ...:  18%|█▍      | 263/1467 [07:59<27:11,  1.36s/it]
comment feature extracting, time string encoding and graph constructing ...:  18%|█▍      | 264/1467 [08:06<58:48,  2.93s/it]
comment feature extracting, time string encoding and graph constructing ...:  18%|█     | 265/1467 [08:10<1:08:16,  3.41s/it]
comment feature extracting, time string encoding and graph constructing ...:  18%|█     | 266/1467 [08:14<1:07:50,  3.39s/it]
comment feature extracting, time string encoding and graph constructing ...:  18%|█▍      | 267/1467 [08:15<53:18,  2.67s/it]
comment feature extracting, time string encoding and graph constructing ...:  18%|█▍      | 268/1467 [08:18<58:46,  2.94s/it]
comment feature extracting, time string encoding and graph constructing ...:  18%|█     | 269/1467 [08:22<1:04:01,  3.21s/it]
comment feature extracting, time string encoding and graph constructing ...:  18%|█▍      | 270/1467 [08:24<53:15,  2.67s/it]
comment feature extracting, time string encoding and graph constructing ...:  18%|█▍      | 271/1467 [08:24<40:44,  2.04s/it]
comment feature extracting, time string encoding and graph constructing ...:  19%|█▍      | 272/1467 [08:28<49:43,  2.50s/it]
comment feature extracting, time string encoding and graph constructing ...:  19%|█▍      | 273/1467 [08:29<42:34,  2.14s/it]
comment feature extracting, time string encoding and graph constructing ...:  19%|█▍      | 274/1467 [08:29<31:17,  1.57s/it]
comment feature extracting, time string encoding and graph constructing ...:  19%|█▍      | 275/1467 [08:31<29:55,  1.51s/it]
comment feature extracting, time string encoding and graph constructing ...:  19%|█▌      | 276/1467 [08:36<51:13,  2.58s/it]
comment feature extracting, time string encoding and graph constructing ...:  19%|█▌      | 277/1467 [08:39<57:55,  2.92s/it]
comment feature extracting, time string encoding and graph constructing ...:  19%|█▌      | 278/1467 [08:42<54:19,  2.74s/it]
comment feature extracting, time string encoding and graph constructing ...:  19%|█▌      | 279/1467 [08:43<44:18,  2.24s/it]
comment feature extracting, time string encoding and graph constructing ...:  19%|█▌      | 280/1467 [08:45<43:55,  2.22s/it]
comment feature extracting, time string encoding and graph constructing ...:  19%|█▌      | 281/1467 [08:47<40:05,  2.03s/it]
comment feature extracting, time string encoding and graph constructing ...:  19%|█▌      | 282/1467 [08:48<36:18,  1.84s/it]
comment feature extracting, time string encoding and graph constructing ...:  19%|█▌      | 283/1467 [08:53<55:19,  2.80s/it]
comment feature extracting, time string encoding and graph constructing ...:  19%|█▌      | 284/1467 [08:54<45:59,  2.33s/it]
comment feature extracting, time string encoding and graph constructing ...:  19%|█▌      | 285/1467 [08:59<56:55,  2.89s/it]
comment feature extracting, time string encoding and graph constructing ...:  19%|█▏    | 286/1467 [09:06<1:22:53,  4.21s/it]
comment feature extracting, time string encoding and graph constructing ...:  20%|█▏    | 287/1467 [09:07<1:06:48,  3.40s/it]
comment feature extracting, time string encoding and graph constructing ...:  20%|█▌      | 288/1467 [09:09<56:14,  2.86s/it]
comment feature extracting, time string encoding and graph constructing ...:  20%|█▏    | 289/1467 [09:13<1:02:42,  3.19s/it]
comment feature extracting, time string encoding and graph constructing ...:  20%|█▏    | 290/1467 [09:16<1:01:53,  3.16s/it]
comment feature extracting, time string encoding and graph constructing ...:  20%|█▌      | 291/1467 [09:18<52:39,  2.69s/it]
comment feature extracting, time string encoding and graph constructing ...:  20%|█▌      | 292/1467 [09:20<53:53,  2.75s/it]
comment feature extracting, time string encoding and graph constructing ...:  20%|█▌      | 293/1467 [09:22<45:57,  2.35s/it]
comment feature extracting, time string encoding and graph constructing ...:  20%|█▌      | 294/1467 [09:24<42:58,  2.20s/it]
comment feature extracting, time string encoding and graph constructing ...:  20%|█▌      | 295/1467 [09:26<41:57,  2.15s/it]
comment feature extracting, time string encoding and graph constructing ...:  20%|█▌      | 296/1467 [09:27<37:10,  1.90s/it]
comment feature extracting, time string encoding and graph constructing ...:  20%|█▌      | 297/1467 [09:29<37:16,  1.91s/it]
comment feature extracting, time string encoding and graph constructing ...:  20%|█▋      | 298/1467 [09:30<33:49,  1.74s/it]
comment feature extracting, time string encoding and graph constructing ...:  20%|█▋      | 299/1467 [09:32<32:47,  1.68s/it]
comment feature extracting, time string encoding and graph constructing ...:  20%|█▋      | 300/1467 [09:34<37:58,  1.95s/it]
comment feature extracting, time string encoding and graph constructing ...:  21%|█▋      | 301/1467 [09:37<39:15,  2.02s/it]
comment feature extracting, time string encoding and graph constructing ...:  21%|█▋      | 302/1467 [09:37<31:42,  1.63s/it]
comment feature extracting, time string encoding and graph constructing ...:  21%|█▋      | 303/1467 [09:38<24:57,  1.29s/it]
comment feature extracting, time string encoding and graph constructing ...:  21%|█▋      | 304/1467 [09:41<34:13,  1.77s/it]
comment feature extracting, time string encoding and graph constructing ...:  21%|█▋      | 305/1467 [09:41<27:10,  1.40s/it]
comment feature extracting, time string encoding and graph constructing ...:  21%|█▋      | 306/1467 [09:45<38:17,  1.98s/it]
comment feature extracting, time string encoding and graph constructing ...:  21%|█▋      | 307/1467 [09:46<35:24,  1.83s/it]
comment feature extracting, time string encoding and graph constructing ...:  21%|█▋      | 308/1467 [09:47<28:16,  1.46s/it]
comment feature extracting, time string encoding and graph constructing ...:  21%|█▋      | 309/1467 [09:50<39:08,  2.03s/it]
comment feature extracting, time string encoding and graph constructing ...:  21%|█▋      | 310/1467 [09:51<34:22,  1.78s/it]
comment feature extracting, time string encoding and graph constructing ...:  21%|█▋      | 311/1467 [09:53<35:28,  1.84s/it]
comment feature extracting, time string encoding and graph constructing ...:  21%|█▋      | 312/1467 [09:55<36:53,  1.92s/it]
comment feature extracting, time string encoding and graph constructing ...:  21%|█▎    | 313/1467 [10:02<1:02:39,  3.26s/it]
comment feature extracting, time string encoding and graph constructing ...:  21%|█▎    | 314/1467 [10:05<1:01:03,  3.18s/it]
comment feature extracting, time string encoding and graph constructing ...:  21%|█▋      | 315/1467 [10:07<55:08,  2.87s/it]
comment feature extracting, time string encoding and graph constructing ...:  22%|█▋      | 316/1467 [10:07<42:12,  2.20s/it]
comment feature extracting, time string encoding and graph constructing ...:  22%|█▋      | 317/1467 [10:08<33:28,  1.75s/it]
comment feature extracting, time string encoding and graph constructing ...:  22%|█▋      | 318/1467 [10:09<28:43,  1.50s/it]
comment feature extracting, time string encoding and graph constructing ...:  22%|█▋      | 319/1467 [10:10<27:01,  1.41s/it]
comment feature extracting, time string encoding and graph constructing ...:  22%|█▋      | 320/1467 [10:12<28:46,  1.51s/it]
comment feature extracting, time string encoding and graph constructing ...:  22%|█▊      | 321/1467 [10:14<33:59,  1.78s/it]
comment feature extracting, time string encoding and graph constructing ...:  22%|█▊      | 322/1467 [10:18<46:15,  2.42s/it]
comment feature extracting, time string encoding and graph constructing ...:  22%|█▎    | 323/1467 [10:24<1:05:13,  3.42s/it]
comment feature extracting, time string encoding and graph constructing ...:  22%|█▎    | 324/1467 [10:28<1:08:29,  3.60s/it]
comment feature extracting, time string encoding and graph constructing ...:  22%|█▊      | 325/1467 [10:30<59:36,  3.13s/it]
comment feature extracting, time string encoding and graph constructing ...:  22%|█▊      | 326/1467 [10:30<42:50,  2.25s/it]
comment feature extracting, time string encoding and graph constructing ...:  22%|█▊      | 327/1467 [10:33<47:39,  2.51s/it]
comment feature extracting, time string encoding and graph constructing ...:  22%|█▊      | 328/1467 [10:36<45:14,  2.38s/it]
comment feature extracting, time string encoding and graph constructing ...:  22%|█▊      | 329/1467 [10:36<36:45,  1.94s/it]
comment feature extracting, time string encoding and graph constructing ...:  22%|█▊      | 330/1467 [10:37<29:42,  1.57s/it]
comment feature extracting, time string encoding and graph constructing ...:  23%|█▊      | 331/1467 [10:38<26:12,  1.38s/it]
comment feature extracting, time string encoding and graph constructing ...:  23%|█▊      | 332/1467 [10:39<22:39,  1.20s/it]
comment feature extracting, time string encoding and graph constructing ...:  23%|█▊      | 333/1467 [10:41<28:24,  1.50s/it]
comment feature extracting, time string encoding and graph constructing ...:  23%|█▊      | 334/1467 [10:45<43:41,  2.31s/it]
comment feature extracting, time string encoding and graph constructing ...:  23%|█▊      | 335/1467 [10:46<35:31,  1.88s/it]
comment feature extracting, time string encoding and graph constructing ...:  23%|█▊      | 336/1467 [10:48<34:37,  1.84s/it]
comment feature extracting, time string encoding and graph constructing ...:  23%|█▊      | 337/1467 [10:49<30:38,  1.63s/it]
comment feature extracting, time string encoding and graph constructing ...:  23%|█▊      | 338/1467 [10:50<25:44,  1.37s/it]
comment feature extracting, time string encoding and graph constructing ...:  23%|█▊      | 339/1467 [10:51<25:41,  1.37s/it]
comment feature extracting, time string encoding and graph constructing ...:  23%|█▊      | 340/1467 [10:53<26:27,  1.41s/it]
comment feature extracting, time string encoding and graph constructing ...:  23%|█▊      | 341/1467 [10:54<28:08,  1.50s/it]
comment feature extracting, time string encoding and graph constructing ...:  23%|█▊      | 342/1467 [10:55<23:43,  1.26s/it]
comment feature extracting, time string encoding and graph constructing ...:  23%|█▊      | 343/1467 [10:57<29:28,  1.57s/it]
comment feature extracting, time string encoding and graph constructing ...:  23%|█▉      | 344/1467 [11:04<54:42,  2.92s/it]
comment feature extracting, time string encoding and graph constructing ...:  24%|█▉      | 345/1467 [11:05<44:45,  2.39s/it]
comment feature extracting, time string encoding and graph constructing ...:  24%|█▉      | 346/1467 [11:08<47:59,  2.57s/it]
comment feature extracting, time string encoding and graph constructing ...:  24%|█▉      | 347/1467 [11:08<38:10,  2.04s/it]
comment feature extracting, time string encoding and graph constructing ...:  24%|█▉      | 348/1467 [11:13<49:26,  2.65s/it]
comment feature extracting, time string encoding and graph constructing ...:  24%|█▉      | 349/1467 [11:14<40:20,  2.17s/it]
comment feature extracting, time string encoding and graph constructing ...:  24%|█▉      | 350/1467 [11:14<31:09,  1.67s/it]
comment feature extracting, time string encoding and graph constructing ...:  24%|█▉      | 351/1467 [11:16<31:33,  1.70s/it]
comment feature extracting, time string encoding and graph constructing ...:  24%|█▉      | 352/1467 [11:17<28:38,  1.54s/it]
comment feature extracting, time string encoding and graph constructing ...:  24%|█▉      | 353/1467 [11:21<41:54,  2.26s/it]
comment feature extracting, time string encoding and graph constructing ...:  24%|█▉      | 354/1467 [11:24<46:33,  2.51s/it]
comment feature extracting, time string encoding and graph constructing ...:  24%|█▉      | 355/1467 [11:27<50:46,  2.74s/it]
comment feature extracting, time string encoding and graph constructing ...:  24%|█▉      | 356/1467 [11:29<43:12,  2.33s/it]
comment feature extracting, time string encoding and graph constructing ...:  24%|█▉      | 357/1467 [11:29<31:58,  1.73s/it]
comment feature extracting, time string encoding and graph constructing ...:  24%|█▉      | 358/1467 [11:31<32:51,  1.78s/it]
comment feature extracting, time string encoding and graph constructing ...:  24%|█▉      | 359/1467 [11:34<39:03,  2.11s/it]
comment feature extracting, time string encoding and graph constructing ...:  25%|█▉      | 360/1467 [11:35<35:46,  1.94s/it]
comment feature extracting, time string encoding and graph constructing ...:  25%|█▉      | 361/1467 [11:36<30:04,  1.63s/it]
comment feature extracting, time string encoding and graph constructing ...:  25%|█▉      | 362/1467 [11:38<32:39,  1.77s/it]
comment feature extracting, time string encoding and graph constructing ...:  25%|█▉      | 363/1467 [11:41<38:48,  2.11s/it]
comment feature extracting, time string encoding and graph constructing ...:  25%|█▉      | 364/1467 [11:44<41:34,  2.26s/it]
comment feature extracting, time string encoding and graph constructing ...:  25%|█▉      | 365/1467 [11:44<31:04,  1.69s/it]
comment feature extracting, time string encoding and graph constructing ...:  25%|█▉      | 366/1467 [11:47<35:07,  1.91s/it]
comment feature extracting, time string encoding and graph constructing ...:  25%|██      | 367/1467 [11:48<33:49,  1.84s/it]
comment feature extracting, time string encoding and graph constructing ...:  25%|██      | 368/1467 [11:51<38:21,  2.09s/it]
comment feature extracting, time string encoding and graph constructing ...:  25%|██      | 369/1467 [11:54<41:58,  2.29s/it]
comment feature extracting, time string encoding and graph constructing ...:  25%|██      | 370/1467 [11:55<33:43,  1.84s/it]
comment feature extracting, time string encoding and graph constructing ...:  25%|██      | 371/1467 [11:56<28:58,  1.59s/it]
comment feature extracting, time string encoding and graph constructing ...:  25%|██      | 372/1467 [11:58<31:47,  1.74s/it]
comment feature extracting, time string encoding and graph constructing ...:  25%|██      | 373/1467 [12:02<47:22,  2.60s/it]
comment feature extracting, time string encoding and graph constructing ...:  25%|██      | 374/1467 [12:03<36:20,  1.99s/it]
comment feature extracting, time string encoding and graph constructing ...:  26%|██      | 375/1467 [12:08<53:08,  2.92s/it]
comment feature extracting, time string encoding and graph constructing ...:  26%|██      | 376/1467 [12:09<43:06,  2.37s/it]
comment feature extracting, time string encoding and graph constructing ...:  26%|██      | 377/1467 [12:10<35:03,  1.93s/it]
comment feature extracting, time string encoding and graph constructing ...:  26%|██      | 378/1467 [12:13<43:37,  2.40s/it]
comment feature extracting, time string encoding and graph constructing ...:  26%|██      | 379/1467 [12:16<41:47,  2.30s/it]
comment feature extracting, time string encoding and graph constructing ...:  26%|██      | 380/1467 [12:17<37:14,  2.06s/it]
comment feature extracting, time string encoding and graph constructing ...:  26%|██      | 381/1467 [12:19<35:33,  1.96s/it]
comment feature extracting, time string encoding and graph constructing ...:  26%|██      | 382/1467 [12:20<29:10,  1.61s/it]
comment feature extracting, time string encoding and graph constructing ...:  26%|██      | 383/1467 [12:20<22:13,  1.23s/it]
comment feature extracting, time string encoding and graph constructing ...:  26%|██      | 384/1467 [12:20<18:39,  1.03s/it]
comment feature extracting, time string encoding and graph constructing ...:  26%|██      | 385/1467 [12:22<23:03,  1.28s/it]
comment feature extracting, time string encoding and graph constructing ...:  26%|██      | 386/1467 [12:23<20:21,  1.13s/it]
comment feature extracting, time string encoding and graph constructing ...:  26%|██      | 387/1467 [12:27<33:33,  1.86s/it]
comment feature extracting, time string encoding and graph constructing ...:  26%|██      | 388/1467 [12:29<34:14,  1.90s/it]
comment feature extracting, time string encoding and graph constructing ...:  27%|██      | 389/1467 [12:30<33:22,  1.86s/it]
comment feature extracting, time string encoding and graph constructing ...:  27%|██▏     | 390/1467 [12:31<26:24,  1.47s/it]
comment feature extracting, time string encoding and graph constructing ...:  27%|██▏     | 391/1467 [12:33<29:47,  1.66s/it]
comment feature extracting, time string encoding and graph constructing ...:  27%|██▏     | 392/1467 [12:36<38:54,  2.17s/it]
comment feature extracting, time string encoding and graph constructing ...:  27%|██▏     | 393/1467 [12:37<31:03,  1.73s/it]
comment feature extracting, time string encoding and graph constructing ...:  27%|██▏     | 394/1467 [12:41<41:13,  2.31s/it]
comment feature extracting, time string encoding and graph constructing ...:  27%|██▏     | 395/1467 [12:44<47:57,  2.68s/it]
comment feature extracting, time string encoding and graph constructing ...:  27%|██▏     | 396/1467 [12:45<37:08,  2.08s/it]
comment feature extracting, time string encoding and graph constructing ...:  27%|██▏     | 397/1467 [12:47<34:47,  1.95s/it]
comment feature extracting, time string encoding and graph constructing ...:  27%|██▏     | 398/1467 [12:47<27:34,  1.55s/it]
comment feature extracting, time string encoding and graph constructing ...:  27%|██▏     | 399/1467 [12:49<26:28,  1.49s/it]
comment feature extracting, time string encoding and graph constructing ...:  27%|██▏     | 400/1467 [12:56<57:02,  3.21s/it]
comment feature extracting, time string encoding and graph constructing ...:  27%|██▏     | 401/1467 [12:56<42:22,  2.38s/it]
comment feature extracting, time string encoding and graph constructing ...:  27%|██▏     | 402/1467 [12:57<33:03,  1.86s/it]
comment feature extracting, time string encoding and graph constructing ...:  27%|██▏     | 403/1467 [13:00<39:27,  2.23s/it]
comment feature extracting, time string encoding and graph constructing ...:  28%|██▏     | 404/1467 [13:01<35:08,  1.98s/it]
comment feature extracting, time string encoding and graph constructing ...:  28%|██▏     | 405/1467 [13:03<33:27,  1.89s/it]
comment feature extracting, time string encoding and graph constructing ...:  28%|██▏     | 406/1467 [13:07<46:28,  2.63s/it]
comment feature extracting, time string encoding and graph constructing ...:  28%|██▏     | 407/1467 [13:10<45:57,  2.60s/it]
comment feature extracting, time string encoding and graph constructing ...:  28%|██▏     | 408/1467 [13:11<35:22,  2.00s/it]
comment feature extracting, time string encoding and graph constructing ...:  28%|██▏     | 409/1467 [13:12<31:03,  1.76s/it]
comment feature extracting, time string encoding and graph constructing ...:  28%|██▏     | 410/1467 [13:12<23:48,  1.35s/it]
comment feature extracting, time string encoding and graph constructing ...:  28%|██▏     | 411/1467 [13:13<18:49,  1.07s/it]
comment feature extracting, time string encoding and graph constructing ...:  28%|██▏     | 412/1467 [13:17<37:34,  2.14s/it]
comment feature extracting, time string encoding and graph constructing ...:  28%|██▎     | 413/1467 [13:18<30:43,  1.75s/it]
comment feature extracting, time string encoding and graph constructing ...:  28%|██▎     | 414/1467 [13:20<31:31,  1.80s/it]
comment feature extracting, time string encoding and graph constructing ...:  28%|██▎     | 415/1467 [13:21<28:15,  1.61s/it]
comment feature extracting, time string encoding and graph constructing ...:  28%|██▎     | 416/1467 [13:23<27:25,  1.57s/it]
comment feature extracting, time string encoding and graph constructing ...:  28%|██▎     | 417/1467 [13:25<31:29,  1.80s/it]
comment feature extracting, time string encoding and graph constructing ...:  28%|██▎     | 418/1467 [13:27<35:05,  2.01s/it]
comment feature extracting, time string encoding and graph constructing ...:  29%|██▎     | 419/1467 [13:28<29:13,  1.67s/it]
comment feature extracting, time string encoding and graph constructing ...:  29%|██▎     | 420/1467 [13:30<30:39,  1.76s/it]
comment feature extracting, time string encoding and graph constructing ...:  29%|██▎     | 421/1467 [13:32<31:49,  1.83s/it]
comment feature extracting, time string encoding and graph constructing ...:  29%|██▎     | 422/1467 [13:34<30:01,  1.72s/it]
comment feature extracting, time string encoding and graph constructing ...:  29%|██▎     | 423/1467 [13:35<25:07,  1.44s/it]
comment feature extracting, time string encoding and graph constructing ...:  29%|██▎     | 424/1467 [13:39<40:56,  2.36s/it]
comment feature extracting, time string encoding and graph constructing ...:  29%|██▎     | 425/1467 [13:40<31:44,  1.83s/it]
comment feature extracting, time string encoding and graph constructing ...:  29%|██▎     | 426/1467 [13:45<47:40,  2.75s/it]
comment feature extracting, time string encoding and graph constructing ...:  29%|██▎     | 427/1467 [13:48<50:14,  2.90s/it]
comment feature extracting, time string encoding and graph constructing ...:  29%|██▎     | 428/1467 [13:52<54:41,  3.16s/it]
comment feature extracting, time string encoding and graph constructing ...:  29%|██▎     | 429/1467 [13:55<53:58,  3.12s/it]
comment feature extracting, time string encoding and graph constructing ...:  29%|██▎     | 430/1467 [13:59<58:09,  3.36s/it]
comment feature extracting, time string encoding and graph constructing ...:  29%|██▎     | 431/1467 [14:02<59:02,  3.42s/it]
comment feature extracting, time string encoding and graph constructing ...:  29%|██▎     | 432/1467 [14:03<44:56,  2.61s/it]
comment feature extracting, time string encoding and graph constructing ...:  30%|██▎     | 433/1467 [14:08<57:35,  3.34s/it]
comment feature extracting, time string encoding and graph constructing ...:  30%|██▎     | 434/1467 [14:10<53:21,  3.10s/it]
comment feature extracting, time string encoding and graph constructing ...:  30%|██▎     | 435/1467 [14:14<58:11,  3.38s/it]
comment feature extracting, time string encoding and graph constructing ...:  30%|██▍     | 436/1467 [14:17<54:05,  3.15s/it]
comment feature extracting, time string encoding and graph constructing ...:  30%|██▍     | 437/1467 [14:18<44:21,  2.58s/it]
comment feature extracting, time string encoding and graph constructing ...:  30%|██▍     | 438/1467 [14:20<38:07,  2.22s/it]
comment feature extracting, time string encoding and graph constructing ...:  30%|██▍     | 439/1467 [14:22<36:47,  2.15s/it]
comment feature extracting, time string encoding and graph constructing ...:  30%|██▍     | 440/1467 [14:26<50:30,  2.95s/it]
comment feature extracting, time string encoding and graph constructing ...:  30%|██▍     | 441/1467 [14:30<55:11,  3.23s/it]
comment feature extracting, time string encoding and graph constructing ...:  30%|██▍     | 442/1467 [14:32<48:17,  2.83s/it]
comment feature extracting, time string encoding and graph constructing ...:  30%|██▍     | 443/1467 [14:33<37:44,  2.21s/it]
comment feature extracting, time string encoding and graph constructing ...:  30%|██▍     | 444/1467 [14:36<42:26,  2.49s/it]
comment feature extracting, time string encoding and graph constructing ...:  30%|██▍     | 445/1467 [14:37<34:55,  2.05s/it]
comment feature extracting, time string encoding and graph constructing ...:  30%|██▍     | 446/1467 [14:42<47:51,  2.81s/it]
comment feature extracting, time string encoding and graph constructing ...:  30%|██▍     | 447/1467 [14:44<45:20,  2.67s/it]
comment feature extracting, time string encoding and graph constructing ...:  31%|██▍     | 448/1467 [14:45<36:43,  2.16s/it]
comment feature extracting, time string encoding and graph constructing ...:  31%|██▍     | 449/1467 [14:49<44:38,  2.63s/it]
comment feature extracting, time string encoding and graph constructing ...:  31%|██▍     | 450/1467 [14:51<40:35,  2.39s/it]
comment feature extracting, time string encoding and graph constructing ...:  31%|██▍     | 451/1467 [14:52<32:52,  1.94s/it]
comment feature extracting, time string encoding and graph constructing ...:  31%|██▍     | 452/1467 [14:52<27:43,  1.64s/it]
comment feature extracting, time string encoding and graph constructing ...:  31%|██▍     | 453/1467 [14:54<26:32,  1.57s/it]
comment feature extracting, time string encoding and graph constructing ...:  31%|██▍     | 454/1467 [14:57<35:20,  2.09s/it]
comment feature extracting, time string encoding and graph constructing ...:  31%|██▍     | 455/1467 [14:58<26:35,  1.58s/it]
comment feature extracting, time string encoding and graph constructing ...:  31%|██▍     | 456/1467 [15:01<34:23,  2.04s/it]
comment feature extracting, time string encoding and graph constructing ...:  31%|██▍     | 457/1467 [15:04<40:57,  2.43s/it]
comment feature extracting, time string encoding and graph constructing ...:  31%|██▍     | 458/1467 [15:04<29:27,  1.75s/it]
comment feature extracting, time string encoding and graph constructing ...:  31%|██▌     | 459/1467 [15:10<50:02,  2.98s/it]
comment feature extracting, time string encoding and graph constructing ...:  31%|██▌     | 460/1467 [15:11<41:14,  2.46s/it]
comment feature extracting, time string encoding and graph constructing ...:  31%|██▌     | 461/1467 [15:13<37:14,  2.22s/it]
comment feature extracting, time string encoding and graph constructing ...:  31%|██▌     | 462/1467 [15:17<45:48,  2.73s/it]
comment feature extracting, time string encoding and graph constructing ...:  32%|██▌     | 463/1467 [15:21<52:44,  3.15s/it]
comment feature extracting, time string encoding and graph constructing ...:  32%|██▌     | 464/1467 [15:24<51:45,  3.10s/it]
comment feature extracting, time string encoding and graph constructing ...:  32%|██▌     | 465/1467 [15:26<46:31,  2.79s/it]
comment feature extracting, time string encoding and graph constructing ...:  32%|██▌     | 466/1467 [15:27<39:00,  2.34s/it]
comment feature extracting, time string encoding and graph constructing ...:  32%|██▌     | 467/1467 [15:29<35:07,  2.11s/it]
comment feature extracting, time string encoding and graph constructing ...:  32%|██▌     | 468/1467 [15:36<57:35,  3.46s/it]
comment feature extracting, time string encoding and graph constructing ...:  32%|██▌     | 469/1467 [15:37<46:59,  2.83s/it]
comment feature extracting, time string encoding and graph constructing ...:  32%|██▌     | 470/1467 [15:38<39:06,  2.35s/it]
comment feature extracting, time string encoding and graph constructing ...:  32%|██▌     | 471/1467 [15:39<29:21,  1.77s/it]
comment feature extracting, time string encoding and graph constructing ...:  32%|██▌     | 472/1467 [15:39<24:10,  1.46s/it]
comment feature extracting, time string encoding and graph constructing ...:  32%|██▌     | 473/1467 [15:41<24:56,  1.51s/it]
comment feature extracting, time string encoding and graph constructing ...:  32%|██▌     | 474/1467 [15:44<32:23,  1.96s/it]
comment feature extracting, time string encoding and graph constructing ...:  32%|██▌     | 475/1467 [15:45<27:02,  1.64s/it]
comment feature extracting, time string encoding and graph constructing ...:  32%|██▌     | 476/1467 [15:48<36:11,  2.19s/it]
comment feature extracting, time string encoding and graph constructing ...:  33%|██▌     | 477/1467 [15:49<27:17,  1.65s/it]
comment feature extracting, time string encoding and graph constructing ...:  33%|██▌     | 478/1467 [15:49<20:23,  1.24s/it]
comment feature extracting, time string encoding and graph constructing ...:  33%|██▌     | 479/1467 [15:51<25:35,  1.55s/it]
comment feature extracting, time string encoding and graph constructing ...:  33%|██▌     | 480/1467 [15:53<27:30,  1.67s/it]
comment feature extracting, time string encoding and graph constructing ...:  33%|██▌     | 481/1467 [15:55<28:04,  1.71s/it]
comment feature extracting, time string encoding and graph constructing ...:  33%|██▋     | 482/1467 [15:55<21:38,  1.32s/it]
comment feature extracting, time string encoding and graph constructing ...:  33%|██▋     | 483/1467 [15:57<23:46,  1.45s/it]
comment feature extracting, time string encoding and graph constructing ...:  33%|██▋     | 484/1467 [16:00<31:42,  1.94s/it]
comment feature extracting, time string encoding and graph constructing ...:  33%|██▋     | 485/1467 [16:05<43:58,  2.69s/it]
comment feature extracting, time string encoding and graph constructing ...:  33%|██▋     | 486/1467 [16:06<35:27,  2.17s/it]
comment feature extracting, time string encoding and graph constructing ...:  33%|██▋     | 487/1467 [16:08<34:56,  2.14s/it]
comment feature extracting, time string encoding and graph constructing ...:  33%|██▋     | 488/1467 [16:08<27:26,  1.68s/it]
comment feature extracting, time string encoding and graph constructing ...:  33%|██▋     | 489/1467 [16:11<33:45,  2.07s/it]
comment feature extracting, time string encoding and graph constructing ...:  33%|██▋     | 490/1467 [16:13<31:18,  1.92s/it]
comment feature extracting, time string encoding and graph constructing ...:  33%|██▋     | 491/1467 [16:16<35:18,  2.17s/it]
comment feature extracting, time string encoding and graph constructing ...:  34%|██▋     | 492/1467 [16:16<28:47,  1.77s/it]
comment feature extracting, time string encoding and graph constructing ...:  34%|██▋     | 493/1467 [16:21<41:25,  2.55s/it]
comment feature extracting, time string encoding and graph constructing ...:  34%|██▋     | 494/1467 [16:25<49:36,  3.06s/it]
comment feature extracting, time string encoding and graph constructing ...:  34%|██    | 495/1467 [16:30<1:01:08,  3.77s/it]
comment feature extracting, time string encoding and graph constructing ...:  34%|██▋     | 496/1467 [16:32<48:05,  2.97s/it]
comment feature extracting, time string encoding and graph constructing ...:  34%|██▋     | 497/1467 [16:36<54:26,  3.37s/it]
comment feature extracting, time string encoding and graph constructing ...:  34%|██▋     | 498/1467 [16:38<47:03,  2.91s/it]
comment feature extracting, time string encoding and graph constructing ...:  34%|██    | 499/1467 [16:44<1:01:22,  3.80s/it]
comment feature extracting, time string encoding and graph constructing ...:  34%|██▋     | 500/1467 [16:45<48:34,  3.01s/it]
comment feature extracting, time string encoding and graph constructing ...:  34%|██▋     | 501/1467 [16:49<52:27,  3.26s/it]
comment feature extracting, time string encoding and graph constructing ...:  34%|██▋     | 502/1467 [16:53<58:21,  3.63s/it]
comment feature extracting, time string encoding and graph constructing ...:  34%|██▋     | 503/1467 [16:55<48:13,  3.00s/it]
comment feature extracting, time string encoding and graph constructing ...:  34%|██▋     | 504/1467 [16:56<41:38,  2.59s/it]
comment feature extracting, time string encoding and graph constructing ...:  34%|██▊     | 505/1467 [16:57<31:26,  1.96s/it]
comment feature extracting, time string encoding and graph constructing ...:  34%|██▊     | 506/1467 [16:59<32:23,  2.02s/it]
comment feature extracting, time string encoding and graph constructing ...:  35%|██▊     | 507/1467 [17:02<35:22,  2.21s/it]
comment feature extracting, time string encoding and graph constructing ...:  35%|██▊     | 508/1467 [17:02<28:41,  1.79s/it]
comment feature extracting, time string encoding and graph constructing ...:  35%|██▊     | 509/1467 [17:04<28:03,  1.76s/it]
comment feature extracting, time string encoding and graph constructing ...:  35%|██▊     | 510/1467 [17:05<21:58,  1.38s/it]
comment feature extracting, time string encoding and graph constructing ...:  35%|██▊     | 511/1467 [17:05<18:01,  1.13s/it]
comment feature extracting, time string encoding and graph constructing ...:  35%|██▊     | 512/1467 [17:07<23:07,  1.45s/it]
comment feature extracting, time string encoding and graph constructing ...:  35%|██▊     | 513/1467 [17:10<30:56,  1.95s/it]
comment feature extracting, time string encoding and graph constructing ...:  35%|██▊     | 514/1467 [17:12<27:39,  1.74s/it]
comment feature extracting, time string encoding and graph constructing ...:  35%|██▊     | 515/1467 [17:13<23:53,  1.51s/it]
comment feature extracting, time string encoding and graph constructing ...:  35%|██▊     | 516/1467 [17:15<25:45,  1.62s/it]
comment feature extracting, time string encoding and graph constructing ...:  35%|██▊     | 517/1467 [17:18<36:05,  2.28s/it]
comment feature extracting, time string encoding and graph constructing ...:  35%|██▊     | 518/1467 [17:22<40:31,  2.56s/it]
comment feature extracting, time string encoding and graph constructing ...:  35%|██▊     | 519/1467 [17:25<44:48,  2.84s/it]
comment feature extracting, time string encoding and graph constructing ...:  35%|██▊     | 520/1467 [17:27<42:04,  2.67s/it]
comment feature extracting, time string encoding and graph constructing ...:  36%|██▊     | 521/1467 [17:28<33:42,  2.14s/it]
comment feature extracting, time string encoding and graph constructing ...:  36%|██▊     | 522/1467 [17:32<39:49,  2.53s/it]
comment feature extracting, time string encoding and graph constructing ...:  36%|██▊     | 523/1467 [17:32<30:34,  1.94s/it]
comment feature extracting, time string encoding and graph constructing ...:  36%|██▊     | 524/1467 [17:33<24:23,  1.55s/it]
comment feature extracting, time string encoding and graph constructing ...:  36%|██▊     | 525/1467 [17:34<24:24,  1.55s/it]
comment feature extracting, time string encoding and graph constructing ...:  36%|██▊     | 526/1467 [17:35<17:51,  1.14s/it]
comment feature extracting, time string encoding and graph constructing ...:  36%|██▊     | 527/1467 [17:39<30:52,  1.97s/it]
comment feature extracting, time string encoding and graph constructing ...:  36%|██▉     | 528/1467 [17:39<25:07,  1.61s/it]
comment feature extracting, time string encoding and graph constructing ...:  36%|██▉     | 529/1467 [17:41<24:42,  1.58s/it]
comment feature extracting, time string encoding and graph constructing ...:  36%|██▉     | 530/1467 [17:42<21:33,  1.38s/it]
comment feature extracting, time string encoding and graph constructing ...:  36%|██▉     | 531/1467 [17:44<27:16,  1.75s/it]
comment feature extracting, time string encoding and graph constructing ...:  36%|██▉     | 532/1467 [17:48<38:15,  2.46s/it]
comment feature extracting, time string encoding and graph constructing ...:  36%|██▉     | 533/1467 [17:50<35:59,  2.31s/it]
comment feature extracting, time string encoding and graph constructing ...:  36%|██▉     | 534/1467 [17:51<27:25,  1.76s/it]
comment feature extracting, time string encoding and graph constructing ...:  36%|██▉     | 535/1467 [17:54<35:27,  2.28s/it]
comment feature extracting, time string encoding and graph constructing ...:  37%|██▉     | 536/1467 [17:55<27:13,  1.75s/it]
comment feature extracting, time string encoding and graph constructing ...:  37%|██▉     | 537/1467 [17:56<23:12,  1.50s/it]
comment feature extracting, time string encoding and graph constructing ...:  37%|██▉     | 538/1467 [17:57<21:12,  1.37s/it]
comment feature extracting, time string encoding and graph constructing ...:  37%|██▉     | 539/1467 [17:58<22:17,  1.44s/it]
comment feature extracting, time string encoding and graph constructing ...:  37%|██▉     | 540/1467 [18:01<27:20,  1.77s/it]
comment feature extracting, time string encoding and graph constructing ...:  37%|██▉     | 541/1467 [18:03<26:20,  1.71s/it]
comment feature extracting, time string encoding and graph constructing ...:  37%|██▉     | 542/1467 [18:09<47:38,  3.09s/it]
comment feature extracting, time string encoding and graph constructing ...:  37%|██▉     | 543/1467 [18:13<53:03,  3.44s/it]
comment feature extracting, time string encoding and graph constructing ...:  37%|██▉     | 544/1467 [18:15<43:24,  2.82s/it]
comment feature extracting, time string encoding and graph constructing ...:  37%|██▉     | 545/1467 [18:17<40:04,  2.61s/it]
comment feature extracting, time string encoding and graph constructing ...:  37%|██▉     | 546/1467 [18:22<52:57,  3.45s/it]
comment feature extracting, time string encoding and graph constructing ...:  37%|██▉     | 547/1467 [18:23<43:05,  2.81s/it]
comment feature extracting, time string encoding and graph constructing ...:  37%|██▉     | 548/1467 [18:25<37:12,  2.43s/it]
comment feature extracting, time string encoding and graph constructing ...:  37%|██▉     | 549/1467 [18:27<36:27,  2.38s/it]
comment feature extracting, time string encoding and graph constructing ...:  37%|██▉     | 550/1467 [18:29<32:58,  2.16s/it]
comment feature extracting, time string encoding and graph constructing ...:  38%|███     | 551/1467 [18:29<24:59,  1.64s/it]
comment feature extracting, time string encoding and graph constructing ...:  38%|███     | 552/1467 [18:30<21:14,  1.39s/it]
comment feature extracting, time string encoding and graph constructing ...:  38%|███     | 553/1467 [18:31<17:24,  1.14s/it]
comment feature extracting, time string encoding and graph constructing ...:  38%|███     | 554/1467 [18:32<19:39,  1.29s/it]
comment feature extracting, time string encoding and graph constructing ...:  38%|███     | 555/1467 [18:33<17:55,  1.18s/it]
comment feature extracting, time string encoding and graph constructing ...:  38%|███     | 556/1467 [18:36<24:20,  1.60s/it]
comment feature extracting, time string encoding and graph constructing ...:  38%|███     | 557/1467 [18:40<38:19,  2.53s/it]
comment feature extracting, time string encoding and graph constructing ...:  38%|███     | 558/1467 [18:42<32:28,  2.14s/it]
comment feature extracting, time string encoding and graph constructing ...:  38%|███     | 559/1467 [18:44<32:08,  2.12s/it]
comment feature extracting, time string encoding and graph constructing ...:  38%|███     | 560/1467 [18:48<41:17,  2.73s/it]
comment feature extracting, time string encoding and graph constructing ...:  38%|███     | 561/1467 [18:53<51:07,  3.39s/it]
comment feature extracting, time string encoding and graph constructing ...:  38%|███     | 562/1467 [18:57<54:49,  3.63s/it]
comment feature extracting, time string encoding and graph constructing ...:  38%|███     | 563/1467 [19:01<57:25,  3.81s/it]
comment feature extracting, time string encoding and graph constructing ...:  38%|███     | 564/1467 [19:02<42:17,  2.81s/it]
comment feature extracting, time string encoding and graph constructing ...:  39%|███     | 565/1467 [19:03<34:43,  2.31s/it]
comment feature extracting, time string encoding and graph constructing ...:  39%|███     | 566/1467 [19:06<36:47,  2.45s/it]
comment feature extracting, time string encoding and graph constructing ...:  39%|███     | 567/1467 [19:06<28:25,  1.90s/it]
comment feature extracting, time string encoding and graph constructing ...:  39%|███     | 568/1467 [19:08<29:09,  1.95s/it]
comment feature extracting, time string encoding and graph constructing ...:  39%|███     | 569/1467 [19:10<27:08,  1.81s/it]
comment feature extracting, time string encoding and graph constructing ...:  39%|███     | 570/1467 [19:15<42:18,  2.83s/it]
comment feature extracting, time string encoding and graph constructing ...:  39%|███     | 571/1467 [19:17<36:36,  2.45s/it]
comment feature extracting, time string encoding and graph constructing ...:  39%|██▎   | 572/1467 [19:25<1:03:06,  4.23s/it]
comment feature extracting, time string encoding and graph constructing ...:  39%|███     | 573/1467 [19:28<57:36,  3.87s/it]
comment feature extracting, time string encoding and graph constructing ...:  39%|███▏    | 574/1467 [19:30<48:59,  3.29s/it]
comment feature extracting, time string encoding and graph constructing ...:  39%|███▏    | 575/1467 [19:32<43:07,  2.90s/it]
comment feature extracting, time string encoding and graph constructing ...:  39%|███▏    | 576/1467 [19:34<37:26,  2.52s/it]
comment feature extracting, time string encoding and graph constructing ...:  39%|███▏    | 577/1467 [19:35<32:17,  2.18s/it]
comment feature extracting, time string encoding and graph constructing ...:  39%|███▏    | 578/1467 [19:35<24:12,  1.63s/it]
comment feature extracting, time string encoding and graph constructing ...:  39%|███▏    | 579/1467 [19:38<28:08,  1.90s/it]
comment feature extracting, time string encoding and graph constructing ...:  40%|███▏    | 580/1467 [19:40<31:11,  2.11s/it]
comment feature extracting, time string encoding and graph constructing ...:  40%|███▏    | 581/1467 [19:47<49:48,  3.37s/it]
comment feature extracting, time string encoding and graph constructing ...:  40%|███▏    | 582/1467 [19:48<38:29,  2.61s/it]
comment feature extracting, time string encoding and graph constructing ...:  40%|███▏    | 583/1467 [19:50<38:05,  2.59s/it]
comment feature extracting, time string encoding and graph constructing ...:  40%|███▏    | 584/1467 [19:52<36:58,  2.51s/it]
comment feature extracting, time string encoding and graph constructing ...:  40%|███▏    | 585/1467 [19:53<30:12,  2.05s/it]
comment feature extracting, time string encoding and graph constructing ...:  40%|███▏    | 587/1467 [19:54<18:39,  1.27s/it]
comment feature extracting, time string encoding and graph constructing ...:  40%|███▏    | 588/1467 [19:59<32:17,  2.20s/it]
comment feature extracting, time string encoding and graph constructing ...:  40%|███▏    | 589/1467 [20:00<27:15,  1.86s/it]
comment feature extracting, time string encoding and graph constructing ...:  40%|███▏    | 590/1467 [20:04<33:51,  2.32s/it]
comment feature extracting, time string encoding and graph constructing ...:  40%|███▏    | 591/1467 [20:06<34:36,  2.37s/it]
comment feature extracting, time string encoding and graph constructing ...:  40%|███▏    | 592/1467 [20:10<39:47,  2.73s/it]
comment feature extracting, time string encoding and graph constructing ...:  40%|███▏    | 593/1467 [20:11<32:30,  2.23s/it]
comment feature extracting, time string encoding and graph constructing ...:  40%|███▏    | 594/1467 [20:12<28:08,  1.93s/it]
comment feature extracting, time string encoding and graph constructing ...:  41%|███▏    | 595/1467 [20:17<39:36,  2.72s/it]
comment feature extracting, time string encoding and graph constructing ...:  41%|███▎    | 596/1467 [20:17<31:38,  2.18s/it]
comment feature extracting, time string encoding and graph constructing ...:  41%|███▎    | 597/1467 [20:24<49:06,  3.39s/it]
comment feature extracting, time string encoding and graph constructing ...:  41%|███▎    | 598/1467 [20:26<43:03,  2.97s/it]
comment feature extracting, time string encoding and graph constructing ...:  41%|███▎    | 599/1467 [20:27<37:06,  2.56s/it]
comment feature extracting, time string encoding and graph constructing ...:  41%|███▎    | 600/1467 [20:32<46:03,  3.19s/it]
comment feature extracting, time string encoding and graph constructing ...:  41%|███▎    | 601/1467 [20:37<52:03,  3.61s/it]
comment feature extracting, time string encoding and graph constructing ...:  41%|███▎    | 602/1467 [20:38<41:05,  2.85s/it]
comment feature extracting, time string encoding and graph constructing ...:  41%|███▎    | 603/1467 [20:40<40:10,  2.79s/it]
comment feature extracting, time string encoding and graph constructing ...:  41%|███▎    | 604/1467 [20:41<29:03,  2.02s/it]
comment feature extracting, time string encoding and graph constructing ...:  41%|███▎    | 605/1467 [20:44<36:37,  2.55s/it]
comment feature extracting, time string encoding and graph constructing ...:  41%|███▎    | 606/1467 [20:45<27:24,  1.91s/it]
comment feature extracting, time string encoding and graph constructing ...:  41%|███▎    | 607/1467 [20:47<27:02,  1.89s/it]
comment feature extracting, time string encoding and graph constructing ...:  41%|███▎    | 608/1467 [20:50<33:52,  2.37s/it]
comment feature extracting, time string encoding and graph constructing ...:  42%|███▎    | 609/1467 [20:50<24:46,  1.73s/it]
comment feature extracting, time string encoding and graph constructing ...:  42%|███▎    | 610/1467 [20:54<33:42,  2.36s/it]
comment feature extracting, time string encoding and graph constructing ...:  42%|███▎    | 611/1467 [21:00<48:51,  3.43s/it]
comment feature extracting, time string encoding and graph constructing ...:  42%|███▎    | 612/1467 [21:01<36:53,  2.59s/it]
comment feature extracting, time string encoding and graph constructing ...:  42%|███▎    | 613/1467 [21:02<33:35,  2.36s/it]
comment feature extracting, time string encoding and graph constructing ...:  42%|███▎    | 614/1467 [21:05<34:03,  2.40s/it]
comment feature extracting, time string encoding and graph constructing ...:  42%|███▎    | 615/1467 [21:07<31:04,  2.19s/it]
comment feature extracting, time string encoding and graph constructing ...:  42%|███▎    | 616/1467 [21:09<31:16,  2.20s/it]
comment feature extracting, time string encoding and graph constructing ...:  42%|███▎    | 617/1467 [21:09<22:34,  1.59s/it]
comment feature extracting, time string encoding and graph constructing ...:  42%|███▎    | 618/1467 [21:10<20:54,  1.48s/it]
comment feature extracting, time string encoding and graph constructing ...:  42%|███▍    | 619/1467 [21:12<23:45,  1.68s/it]
comment feature extracting, time string encoding and graph constructing ...:  42%|███▍    | 620/1467 [21:14<21:39,  1.53s/it]
comment feature extracting, time string encoding and graph constructing ...:  42%|███▍    | 621/1467 [21:15<22:45,  1.61s/it]
comment feature extracting, time string encoding and graph constructing ...:  42%|███▍    | 622/1467 [21:21<37:54,  2.69s/it]
comment feature extracting, time string encoding and graph constructing ...:  42%|███▍    | 623/1467 [21:22<31:07,  2.21s/it]
comment feature extracting, time string encoding and graph constructing ...:  43%|███▍    | 624/1467 [21:25<37:10,  2.65s/it]
comment feature extracting, time string encoding and graph constructing ...:  43%|███▍    | 625/1467 [21:30<44:05,  3.14s/it]
comment feature extracting, time string encoding and graph constructing ...:  43%|███▍    | 626/1467 [21:35<54:22,  3.88s/it]
comment feature extracting, time string encoding and graph constructing ...:  43%|███▍    | 627/1467 [21:36<38:53,  2.78s/it]
comment feature extracting, time string encoding and graph constructing ...:  43%|███▍    | 628/1467 [21:36<29:41,  2.12s/it]
comment feature extracting, time string encoding and graph constructing ...:  43%|███▍    | 629/1467 [21:40<36:03,  2.58s/it]
comment feature extracting, time string encoding and graph constructing ...:  43%|███▍    | 630/1467 [21:41<31:59,  2.29s/it]
comment feature extracting, time string encoding and graph constructing ...:  43%|███▍    | 631/1467 [21:47<44:53,  3.22s/it]
comment feature extracting, time string encoding and graph constructing ...:  43%|███▍    | 632/1467 [21:51<50:41,  3.64s/it]
comment feature extracting, time string encoding and graph constructing ...:  43%|███▍    | 633/1467 [21:55<48:26,  3.48s/it]
comment feature extracting, time string encoding and graph constructing ...:  43%|███▍    | 634/1467 [21:55<34:23,  2.48s/it]
comment feature extracting, time string encoding and graph constructing ...:  43%|███▍    | 635/1467 [21:56<29:32,  2.13s/it]
comment feature extracting, time string encoding and graph constructing ...:  43%|███▍    | 636/1467 [21:59<31:56,  2.31s/it]
comment feature extracting, time string encoding and graph constructing ...:  43%|███▍    | 637/1467 [22:01<30:49,  2.23s/it]
comment feature extracting, time string encoding and graph constructing ...:  43%|███▍    | 638/1467 [22:03<32:45,  2.37s/it]
comment feature extracting, time string encoding and graph constructing ...:  44%|███▍    | 639/1467 [22:04<25:50,  1.87s/it]
comment feature extracting, time string encoding and graph constructing ...:  44%|███▍    | 640/1467 [22:07<30:16,  2.20s/it]
comment feature extracting, time string encoding and graph constructing ...:  44%|███▍    | 641/1467 [22:09<28:27,  2.07s/it]
comment feature extracting, time string encoding and graph constructing ...:  44%|███▌    | 642/1467 [22:12<33:40,  2.45s/it]
comment feature extracting, time string encoding and graph constructing ...:  44%|███▌    | 643/1467 [22:15<36:26,  2.65s/it]
comment feature extracting, time string encoding and graph constructing ...:  44%|███▌    | 644/1467 [22:20<43:18,  3.16s/it]
comment feature extracting, time string encoding and graph constructing ...:  44%|███▌    | 645/1467 [22:26<55:59,  4.09s/it]
comment feature extracting, time string encoding and graph constructing ...:  44%|███▌    | 646/1467 [22:27<42:10,  3.08s/it]
comment feature extracting, time string encoding and graph constructing ...:  44%|███▌    | 647/1467 [22:28<34:17,  2.51s/it]
comment feature extracting, time string encoding and graph constructing ...:  44%|███▌    | 648/1467 [22:29<29:43,  2.18s/it]
comment feature extracting, time string encoding and graph constructing ...:  44%|███▌    | 649/1467 [22:30<26:00,  1.91s/it]
comment feature extracting, time string encoding and graph constructing ...:  44%|███▌    | 650/1467 [22:33<28:33,  2.10s/it]
comment feature extracting, time string encoding and graph constructing ...:  44%|███▌    | 651/1467 [22:38<38:21,  2.82s/it]
comment feature extracting, time string encoding and graph constructing ...:  44%|███▌    | 652/1467 [22:42<44:55,  3.31s/it]
comment feature extracting, time string encoding and graph constructing ...:  45%|███▌    | 653/1467 [22:43<35:07,  2.59s/it]
comment feature extracting, time string encoding and graph constructing ...:  45%|███▌    | 654/1467 [22:44<27:18,  2.02s/it]
comment feature extracting, time string encoding and graph constructing ...:  45%|███▌    | 655/1467 [22:45<23:45,  1.76s/it]
comment feature extracting, time string encoding and graph constructing ...:  45%|███▌    | 656/1467 [22:45<19:02,  1.41s/it]
comment feature extracting, time string encoding and graph constructing ...:  45%|███▌    | 657/1467 [22:47<18:21,  1.36s/it]
comment feature extracting, time string encoding and graph constructing ...:  45%|███▌    | 659/1467 [22:53<30:36,  2.27s/it]
comment feature extracting, time string encoding and graph constructing ...:  45%|███▌    | 660/1467 [22:57<33:55,  2.52s/it]
comment feature extracting, time string encoding and graph constructing ...:  45%|███▌    | 661/1467 [22:58<31:02,  2.31s/it]
comment feature extracting, time string encoding and graph constructing ...:  45%|███▌    | 662/1467 [23:00<30:30,  2.27s/it]
comment feature extracting, time string encoding and graph constructing ...:  45%|███▌    | 663/1467 [23:01<23:10,  1.73s/it]
comment feature extracting, time string encoding and graph constructing ...:  45%|███▌    | 664/1467 [23:03<26:02,  1.95s/it]
comment feature extracting, time string encoding and graph constructing ...:  45%|███▋    | 665/1467 [23:04<21:58,  1.64s/it]
comment feature extracting, time string encoding and graph constructing ...:  45%|███▋    | 666/1467 [23:08<31:27,  2.36s/it]
comment feature extracting, time string encoding and graph constructing ...:  45%|███▋    | 667/1467 [23:10<27:57,  2.10s/it]
comment feature extracting, time string encoding and graph constructing ...:  46%|███▋    | 668/1467 [23:10<20:55,  1.57s/it]
comment feature extracting, time string encoding and graph constructing ...:  46%|███▋    | 669/1467 [23:10<16:18,  1.23s/it]
comment feature extracting, time string encoding and graph constructing ...:  46%|███▋    | 670/1467 [23:13<22:51,  1.72s/it]
comment feature extracting, time string encoding and graph constructing ...:  46%|███▋    | 671/1467 [23:14<19:14,  1.45s/it]
comment feature extracting, time string encoding and graph constructing ...:  46%|███▋    | 672/1467 [23:15<15:27,  1.17s/it]
comment feature extracting, time string encoding and graph constructing ...:  46%|███▋    | 673/1467 [23:17<18:42,  1.41s/it]
comment feature extracting, time string encoding and graph constructing ...:  46%|███▋    | 674/1467 [23:17<16:31,  1.25s/it]
comment feature extracting, time string encoding and graph constructing ...:  46%|███▋    | 675/1467 [23:18<12:52,  1.03it/s]
comment feature extracting, time string encoding and graph constructing ...:  46%|███▋    | 676/1467 [23:20<19:17,  1.46s/it]
comment feature extracting, time string encoding and graph constructing ...:  46%|███▋    | 677/1467 [23:21<16:56,  1.29s/it]
comment feature extracting, time string encoding and graph constructing ...:  46%|███▋    | 678/1467 [23:25<24:59,  1.90s/it]
comment feature extracting, time string encoding and graph constructing ...:  46%|███▋    | 679/1467 [23:25<18:48,  1.43s/it]
comment feature extracting, time string encoding and graph constructing ...:  46%|███▋    | 680/1467 [23:27<22:54,  1.75s/it]
comment feature extracting, time string encoding and graph constructing ...:  46%|███▋    | 681/1467 [23:35<47:16,  3.61s/it]
comment feature extracting, time string encoding and graph constructing ...:  46%|███▋    | 682/1467 [23:37<39:27,  3.02s/it]
comment feature extracting, time string encoding and graph constructing ...:  47%|███▋    | 683/1467 [23:40<40:35,  3.11s/it]
comment feature extracting, time string encoding and graph constructing ...:  47%|███▋    | 684/1467 [23:41<30:24,  2.33s/it]
comment feature extracting, time string encoding and graph constructing ...:  47%|███▋    | 685/1467 [23:43<29:49,  2.29s/it]
comment feature extracting, time string encoding and graph constructing ...:  47%|███▋    | 686/1467 [23:44<25:51,  1.99s/it]
comment feature extracting, time string encoding and graph constructing ...:  47%|███▋    | 687/1467 [23:47<26:52,  2.07s/it]
comment feature extracting, time string encoding and graph constructing ...:  47%|███▊    | 688/1467 [23:50<30:51,  2.38s/it]
comment feature extracting, time string encoding and graph constructing ...:  47%|███▊    | 689/1467 [23:51<26:45,  2.06s/it]
comment feature extracting, time string encoding and graph constructing ...:  47%|███▊    | 690/1467 [23:53<24:38,  1.90s/it]
comment feature extracting, time string encoding and graph constructing ...:  47%|███▊    | 691/1467 [23:55<26:40,  2.06s/it]
comment feature extracting, time string encoding and graph constructing ...:  47%|███▊    | 692/1467 [24:00<36:55,  2.86s/it]
comment feature extracting, time string encoding and graph constructing ...:  47%|███▊    | 693/1467 [24:03<37:35,  2.91s/it]
comment feature extracting, time string encoding and graph constructing ...:  47%|███▊    | 694/1467 [24:04<30:01,  2.33s/it]
comment feature extracting, time string encoding and graph constructing ...:  47%|███▊    | 695/1467 [24:05<27:45,  2.16s/it]
comment feature extracting, time string encoding and graph constructing ...:  47%|███▊    | 696/1467 [24:07<23:36,  1.84s/it]
comment feature extracting, time string encoding and graph constructing ...:  48%|███▊    | 697/1467 [24:09<24:43,  1.93s/it]
comment feature extracting, time string encoding and graph constructing ...:  48%|███▊    | 698/1467 [24:10<21:48,  1.70s/it]
comment feature extracting, time string encoding and graph constructing ...:  48%|███▊    | 699/1467 [24:14<30:20,  2.37s/it]
comment feature extracting, time string encoding and graph constructing ...:  48%|███▊    | 700/1467 [24:19<39:48,  3.11s/it]
comment feature extracting, time string encoding and graph constructing ...:  48%|███▊    | 701/1467 [24:20<34:46,  2.72s/it]
comment feature extracting, time string encoding and graph constructing ...:  48%|███▊    | 702/1467 [24:24<39:23,  3.09s/it]
comment feature extracting, time string encoding and graph constructing ...:  48%|███▊    | 703/1467 [24:26<33:26,  2.63s/it]
comment feature extracting, time string encoding and graph constructing ...:  48%|███▊    | 704/1467 [24:27<27:36,  2.17s/it]
comment feature extracting, time string encoding and graph constructing ...:  48%|███▊    | 705/1467 [24:29<27:33,  2.17s/it]
comment feature extracting, time string encoding and graph constructing ...:  48%|███▊    | 706/1467 [24:31<25:23,  2.00s/it]
comment feature extracting, time string encoding and graph constructing ...:  48%|███▊    | 707/1467 [24:36<39:09,  3.09s/it]
comment feature extracting, time string encoding and graph constructing ...:  48%|███▊    | 708/1467 [24:39<36:25,  2.88s/it]
comment feature extracting, time string encoding and graph constructing ...:  48%|███▊    | 709/1467 [24:43<42:23,  3.36s/it]
comment feature extracting, time string encoding and graph constructing ...:  48%|███▊    | 710/1467 [24:44<33:13,  2.63s/it]
comment feature extracting, time string encoding and graph constructing ...:  49%|███▉    | 712/1467 [24:45<19:23,  1.54s/it]
comment feature extracting, time string encoding and graph constructing ...:  49%|███▉    | 713/1467 [24:47<19:52,  1.58s/it]
comment feature extracting, time string encoding and graph constructing ...:  49%|███▉    | 714/1467 [24:51<29:03,  2.31s/it]
comment feature extracting, time string encoding and graph constructing ...:  49%|███▉    | 715/1467 [24:52<26:27,  2.11s/it]
comment feature extracting, time string encoding and graph constructing ...:  49%|███▉    | 716/1467 [24:55<27:22,  2.19s/it]
comment feature extracting, time string encoding and graph constructing ...:  49%|███▉    | 717/1467 [24:56<21:50,  1.75s/it]
comment feature extracting, time string encoding and graph constructing ...:  49%|███▉    | 718/1467 [24:56<17:46,  1.42s/it]
comment feature extracting, time string encoding and graph constructing ...:  49%|███▉    | 719/1467 [24:58<20:13,  1.62s/it]
comment feature extracting, time string encoding and graph constructing ...:  49%|███▉    | 720/1467 [24:59<16:15,  1.31s/it]
comment feature extracting, time string encoding and graph constructing ...:  49%|███▉    | 721/1467 [25:05<35:50,  2.88s/it]
comment feature extracting, time string encoding and graph constructing ...:  49%|███▉    | 722/1467 [25:08<34:30,  2.78s/it]
comment feature extracting, time string encoding and graph constructing ...:  49%|███▉    | 723/1467 [25:10<32:36,  2.63s/it]
comment feature extracting, time string encoding and graph constructing ...:  49%|███▉    | 724/1467 [25:11<27:04,  2.19s/it]
comment feature extracting, time string encoding and graph constructing ...:  49%|███▉    | 725/1467 [25:13<23:54,  1.93s/it]
comment feature extracting, time string encoding and graph constructing ...:  49%|███▉    | 726/1467 [25:13<18:56,  1.53s/it]
comment feature extracting, time string encoding and graph constructing ...:  50%|███▉    | 727/1467 [25:16<24:34,  1.99s/it]
comment feature extracting, time string encoding and graph constructing ...:  50%|███▉    | 728/1467 [25:17<19:25,  1.58s/it]
comment feature extracting, time string encoding and graph constructing ...:  50%|███▉    | 729/1467 [25:20<24:34,  2.00s/it]
comment feature extracting, time string encoding and graph constructing ...:  50%|███▉    | 730/1467 [25:26<40:36,  3.31s/it]
comment feature extracting, time string encoding and graph constructing ...:  50%|███▉    | 731/1467 [25:28<35:41,  2.91s/it]
comment feature extracting, time string encoding and graph constructing ...:  50%|███▉    | 732/1467 [25:35<48:25,  3.95s/it]
comment feature extracting, time string encoding and graph constructing ...:  50%|███▉    | 733/1467 [25:36<37:23,  3.06s/it]
comment feature extracting, time string encoding and graph constructing ...:  50%|████    | 734/1467 [25:36<28:06,  2.30s/it]
comment feature extracting, time string encoding and graph constructing ...:  50%|████    | 735/1467 [25:37<22:01,  1.81s/it]
comment feature extracting, time string encoding and graph constructing ...:  50%|████    | 736/1467 [25:40<27:02,  2.22s/it]
comment feature extracting, time string encoding and graph constructing ...:  50%|████    | 737/1467 [25:42<24:23,  2.00s/it]
comment feature extracting, time string encoding and graph constructing ...:  50%|████    | 738/1467 [25:42<18:55,  1.56s/it]
comment feature extracting, time string encoding and graph constructing ...:  50%|████    | 739/1467 [25:45<23:33,  1.94s/it]
comment feature extracting, time string encoding and graph constructing ...:  50%|████    | 740/1467 [25:46<22:05,  1.82s/it]
comment feature extracting, time string encoding and graph constructing ...:  51%|████    | 741/1467 [25:48<20:46,  1.72s/it]
comment feature extracting, time string encoding and graph constructing ...:  51%|████    | 742/1467 [25:49<20:08,  1.67s/it]
comment feature extracting, time string encoding and graph constructing ...:  51%|████    | 743/1467 [25:50<15:39,  1.30s/it]
comment feature extracting, time string encoding and graph constructing ...:  51%|████    | 744/1467 [25:52<18:26,  1.53s/it]
comment feature extracting, time string encoding and graph constructing ...:  51%|████    | 745/1467 [25:52<14:41,  1.22s/it]
comment feature extracting, time string encoding and graph constructing ...:  51%|████    | 746/1467 [25:54<14:42,  1.22s/it]
comment feature extracting, time string encoding and graph constructing ...:  51%|████    | 747/1467 [25:55<15:29,  1.29s/it]
comment feature extracting, time string encoding and graph constructing ...:  51%|████    | 748/1467 [25:57<16:27,  1.37s/it]
comment feature extracting, time string encoding and graph constructing ...:  51%|████    | 749/1467 [26:00<22:57,  1.92s/it]
comment feature extracting, time string encoding and graph constructing ...:  51%|████    | 750/1467 [26:03<26:27,  2.21s/it]
comment feature extracting, time string encoding and graph constructing ...:  51%|████    | 751/1467 [26:03<19:41,  1.65s/it]
comment feature extracting, time string encoding and graph constructing ...:  51%|████    | 752/1467 [26:05<20:33,  1.73s/it]
comment feature extracting, time string encoding and graph constructing ...:  51%|████    | 753/1467 [26:07<21:32,  1.81s/it]
comment feature extracting, time string encoding and graph constructing ...:  51%|████    | 754/1467 [26:08<19:50,  1.67s/it]
comment feature extracting, time string encoding and graph constructing ...:  51%|████    | 755/1467 [26:11<22:22,  1.89s/it]
comment feature extracting, time string encoding and graph constructing ...:  52%|████    | 756/1467 [26:12<19:29,  1.64s/it]
comment feature extracting, time string encoding and graph constructing ...:  52%|████▏   | 757/1467 [26:13<17:12,  1.45s/it]
comment feature extracting, time string encoding and graph constructing ...:  52%|████▏   | 758/1467 [26:17<26:23,  2.23s/it]
comment feature extracting, time string encoding and graph constructing ...:  52%|████▏   | 759/1467 [26:18<21:36,  1.83s/it]
comment feature extracting, time string encoding and graph constructing ...:  52%|████▏   | 760/1467 [26:20<21:07,  1.79s/it]
comment feature extracting, time string encoding and graph constructing ...:  52%|████▏   | 761/1467 [26:20<17:05,  1.45s/it]
comment feature extracting, time string encoding and graph constructing ...:  52%|████▏   | 762/1467 [26:24<25:42,  2.19s/it]
comment feature extracting, time string encoding and graph constructing ...:  52%|████▏   | 763/1467 [26:28<31:16,  2.67s/it]
comment feature extracting, time string encoding and graph constructing ...:  52%|████▏   | 764/1467 [26:29<26:06,  2.23s/it]
comment feature extracting, time string encoding and graph constructing ...:  52%|████▏   | 765/1467 [26:29<18:58,  1.62s/it]
comment feature extracting, time string encoding and graph constructing ...:  52%|████▏   | 766/1467 [26:31<19:26,  1.66s/it]
comment feature extracting, time string encoding and graph constructing ...:  52%|████▏   | 767/1467 [26:33<20:30,  1.76s/it]
comment feature extracting, time string encoding and graph constructing ...:  52%|████▏   | 768/1467 [26:36<24:39,  2.12s/it]
comment feature extracting, time string encoding and graph constructing ...:  52%|████▏   | 769/1467 [26:37<20:23,  1.75s/it]
comment feature extracting, time string encoding and graph constructing ...:  52%|████▏   | 770/1467 [26:38<19:21,  1.67s/it]
comment feature extracting, time string encoding and graph constructing ...:  53%|████▏   | 771/1467 [26:41<23:52,  2.06s/it]
comment feature extracting, time string encoding and graph constructing ...:  53%|████▏   | 772/1467 [26:44<26:14,  2.27s/it]
comment feature extracting, time string encoding and graph constructing ...:  53%|████▏   | 773/1467 [26:46<26:09,  2.26s/it]
comment feature extracting, time string encoding and graph constructing ...:  53%|████▏   | 774/1467 [26:48<25:41,  2.22s/it]
comment feature extracting, time string encoding and graph constructing ...:  53%|████▏   | 775/1467 [26:49<21:22,  1.85s/it]
comment feature extracting, time string encoding and graph constructing ...:  53%|████▏   | 776/1467 [26:51<19:03,  1.65s/it]
comment feature extracting, time string encoding and graph constructing ...:  53%|████▏   | 777/1467 [26:51<14:57,  1.30s/it]
comment feature extracting, time string encoding and graph constructing ...:  53%|████▏   | 778/1467 [26:55<23:22,  2.04s/it]
comment feature extracting, time string encoding and graph constructing ...:  53%|████▏   | 779/1467 [26:57<23:48,  2.08s/it]
comment feature extracting, time string encoding and graph constructing ...:  53%|████▎   | 780/1467 [27:02<33:05,  2.89s/it]
comment feature extracting, time string encoding and graph constructing ...:  53%|████▎   | 781/1467 [27:03<27:12,  2.38s/it]
comment feature extracting, time string encoding and graph constructing ...:  53%|████▎   | 782/1467 [27:08<37:23,  3.28s/it]
comment feature extracting, time string encoding and graph constructing ...:  53%|████▎   | 783/1467 [27:11<36:21,  3.19s/it]
comment feature extracting, time string encoding and graph constructing ...:  53%|████▎   | 784/1467 [27:13<32:02,  2.81s/it]
comment feature extracting, time string encoding and graph constructing ...:  54%|████▎   | 785/1467 [27:17<34:02,  2.99s/it]
comment feature extracting, time string encoding and graph constructing ...:  54%|████▎   | 786/1467 [27:18<28:41,  2.53s/it]
comment feature extracting, time string encoding and graph constructing ...:  54%|████▎   | 787/1467 [27:20<26:55,  2.38s/it]
comment feature extracting, time string encoding and graph constructing ...:  54%|████▎   | 788/1467 [27:28<45:07,  3.99s/it]
comment feature extracting, time string encoding and graph constructing ...:  54%|████▎   | 789/1467 [27:29<34:13,  3.03s/it]
comment feature extracting, time string encoding and graph constructing ...:  54%|████▎   | 790/1467 [27:30<26:51,  2.38s/it]
comment feature extracting, time string encoding and graph constructing ...:  54%|████▎   | 791/1467 [27:36<39:20,  3.49s/it]
comment feature extracting, time string encoding and graph constructing ...:  54%|████▎   | 792/1467 [27:37<32:24,  2.88s/it]
comment feature extracting, time string encoding and graph constructing ...:  54%|████▎   | 793/1467 [27:39<29:57,  2.67s/it]
comment feature extracting, time string encoding and graph constructing ...:  54%|████▎   | 794/1467 [27:43<32:53,  2.93s/it]
comment feature extracting, time string encoding and graph constructing ...:  54%|████▎   | 795/1467 [27:43<25:12,  2.25s/it]
comment feature extracting, time string encoding and graph constructing ...:  54%|████▎   | 796/1467 [27:47<30:19,  2.71s/it]
comment feature extracting, time string encoding and graph constructing ...:  54%|████▎   | 797/1467 [27:50<31:14,  2.80s/it]
comment feature extracting, time string encoding and graph constructing ...:  54%|████▎   | 798/1467 [27:51<25:01,  2.24s/it]
comment feature extracting, time string encoding and graph constructing ...:  54%|████▎   | 799/1467 [27:52<18:42,  1.68s/it]
comment feature extracting, time string encoding and graph constructing ...:  55%|████▎   | 800/1467 [27:52<15:30,  1.40s/it]
comment feature extracting, time string encoding and graph constructing ...:  55%|████▎   | 801/1467 [27:54<15:28,  1.39s/it]
comment feature extracting, time string encoding and graph constructing ...:  55%|████▎   | 802/1467 [27:55<13:43,  1.24s/it]
comment feature extracting, time string encoding and graph constructing ...:  55%|████▍   | 803/1467 [27:56<13:12,  1.19s/it]
comment feature extracting, time string encoding and graph constructing ...:  55%|████▍   | 804/1467 [27:56<11:33,  1.05s/it]
comment feature extracting, time string encoding and graph constructing ...:  55%|████▍   | 805/1467 [28:02<25:20,  2.30s/it]
comment feature extracting, time string encoding and graph constructing ...:  55%|████▍   | 806/1467 [28:03<23:43,  2.15s/it]
comment feature extracting, time string encoding and graph constructing ...:  55%|████▍   | 807/1467 [28:05<22:57,  2.09s/it]
comment feature extracting, time string encoding and graph constructing ...:  55%|████▍   | 808/1467 [28:08<25:39,  2.34s/it]
comment feature extracting, time string encoding and graph constructing ...:  55%|████▍   | 809/1467 [28:15<39:24,  3.59s/it]
comment feature extracting, time string encoding and graph constructing ...:  55%|████▍   | 810/1467 [28:20<44:48,  4.09s/it]
comment feature extracting, time string encoding and graph constructing ...:  55%|████▍   | 811/1467 [28:25<48:51,  4.47s/it]
comment feature extracting, time string encoding and graph constructing ...:  55%|████▍   | 812/1467 [28:27<38:13,  3.50s/it]
comment feature extracting, time string encoding and graph constructing ...:  55%|████▍   | 813/1467 [28:28<29:57,  2.75s/it]
comment feature extracting, time string encoding and graph constructing ...:  55%|████▍   | 814/1467 [28:33<37:31,  3.45s/it]
comment feature extracting, time string encoding and graph constructing ...:  56%|████▍   | 815/1467 [28:34<30:55,  2.85s/it]
comment feature extracting, time string encoding and graph constructing ...:  56%|████▍   | 816/1467 [28:34<22:42,  2.09s/it]
comment feature extracting, time string encoding and graph constructing ...:  56%|████▍   | 817/1467 [28:35<18:38,  1.72s/it]
comment feature extracting, time string encoding and graph constructing ...:  56%|████▍   | 818/1467 [28:40<29:37,  2.74s/it]
comment feature extracting, time string encoding and graph constructing ...:  56%|████▍   | 819/1467 [28:47<40:38,  3.76s/it]
comment feature extracting, time string encoding and graph constructing ...:  56%|████▍   | 820/1467 [28:48<31:41,  2.94s/it]
comment feature extracting, time string encoding and graph constructing ...:  56%|████▍   | 821/1467 [28:49<26:45,  2.48s/it]
comment feature extracting, time string encoding and graph constructing ...:  56%|████▍   | 822/1467 [28:50<21:53,  2.04s/it]
comment feature extracting, time string encoding and graph constructing ...:  56%|████▍   | 823/1467 [28:51<17:51,  1.66s/it]
comment feature extracting, time string encoding and graph constructing ...:  56%|████▍   | 824/1467 [28:51<14:06,  1.32s/it]
comment feature extracting, time string encoding and graph constructing ...:  56%|████▍   | 825/1467 [28:53<16:28,  1.54s/it]
comment feature extracting, time string encoding and graph constructing ...:  56%|████▌   | 826/1467 [28:58<25:52,  2.42s/it]
comment feature extracting, time string encoding and graph constructing ...:  56%|████▌   | 827/1467 [29:01<26:46,  2.51s/it]
comment feature extracting, time string encoding and graph constructing ...:  56%|████▌   | 828/1467 [29:02<21:43,  2.04s/it]
comment feature extracting, time string encoding and graph constructing ...:  57%|████▌   | 829/1467 [29:02<18:04,  1.70s/it]
comment feature extracting, time string encoding and graph constructing ...:  57%|████▌   | 830/1467 [29:06<23:15,  2.19s/it]
comment feature extracting, time string encoding and graph constructing ...:  57%|████▌   | 831/1467 [29:08<21:48,  2.06s/it]
comment feature extracting, time string encoding and graph constructing ...:  57%|████▌   | 832/1467 [29:09<18:26,  1.74s/it]
comment feature extracting, time string encoding and graph constructing ...:  57%|████▌   | 833/1467 [29:09<15:15,  1.44s/it]
comment feature extracting, time string encoding and graph constructing ...:  57%|████▌   | 834/1467 [29:12<17:42,  1.68s/it]
comment feature extracting, time string encoding and graph constructing ...:  57%|████▌   | 835/1467 [29:13<18:21,  1.74s/it]
comment feature extracting, time string encoding and graph constructing ...:  57%|████▌   | 836/1467 [29:17<24:00,  2.28s/it]
comment feature extracting, time string encoding and graph constructing ...:  57%|████▌   | 837/1467 [29:18<21:04,  2.01s/it]
comment feature extracting, time string encoding and graph constructing ...:  57%|████▌   | 838/1467 [29:26<40:09,  3.83s/it]
comment feature extracting, time string encoding and graph constructing ...:  57%|████▌   | 839/1467 [29:31<42:38,  4.07s/it]
comment feature extracting, time string encoding and graph constructing ...:  57%|████▌   | 840/1467 [29:33<36:13,  3.47s/it]
comment feature extracting, time string encoding and graph constructing ...:  57%|████▌   | 841/1467 [29:36<33:25,  3.20s/it]
comment feature extracting, time string encoding and graph constructing ...:  57%|████▌   | 842/1467 [29:37<28:16,  2.71s/it]
comment feature extracting, time string encoding and graph constructing ...:  57%|████▌   | 843/1467 [29:40<27:45,  2.67s/it]
comment feature extracting, time string encoding and graph constructing ...:  58%|████▌   | 844/1467 [29:40<20:45,  2.00s/it]
comment feature extracting, time string encoding and graph constructing ...:  58%|████▌   | 845/1467 [29:42<21:09,  2.04s/it]
comment feature extracting, time string encoding and graph constructing ...:  58%|████▌   | 846/1467 [29:48<32:50,  3.17s/it]
comment feature extracting, time string encoding and graph constructing ...:  58%|████▌   | 847/1467 [29:51<32:38,  3.16s/it]
comment feature extracting, time string encoding and graph constructing ...:  58%|████▌   | 848/1467 [29:52<26:07,  2.53s/it]
comment feature extracting, time string encoding and graph constructing ...:  58%|████▋   | 849/1467 [29:55<26:16,  2.55s/it]
comment feature extracting, time string encoding and graph constructing ...:  58%|████▋   | 850/1467 [29:58<27:08,  2.64s/it]
comment feature extracting, time string encoding and graph constructing ...:  58%|████▋   | 851/1467 [30:02<30:25,  2.96s/it]
comment feature extracting, time string encoding and graph constructing ...:  58%|████▋   | 852/1467 [30:04<29:23,  2.87s/it]
comment feature extracting, time string encoding and graph constructing ...:  58%|████▋   | 853/1467 [30:08<33:17,  3.25s/it]
comment feature extracting, time string encoding and graph constructing ...:  58%|████▋   | 854/1467 [30:09<25:21,  2.48s/it]
comment feature extracting, time string encoding and graph constructing ...:  58%|████▋   | 855/1467 [30:13<29:23,  2.88s/it]
comment feature extracting, time string encoding and graph constructing ...:  58%|████▋   | 856/1467 [30:14<22:46,  2.24s/it]
comment feature extracting, time string encoding and graph constructing ...:  58%|████▋   | 857/1467 [30:15<20:12,  1.99s/it]
comment feature extracting, time string encoding and graph constructing ...:  58%|████▋   | 858/1467 [30:16<16:30,  1.63s/it]
comment feature extracting, time string encoding and graph constructing ...:  59%|████▋   | 859/1467 [30:21<26:23,  2.60s/it]
comment feature extracting, time string encoding and graph constructing ...:  59%|████▋   | 860/1467 [30:23<24:34,  2.43s/it]
comment feature extracting, time string encoding and graph constructing ...:  59%|████▋   | 861/1467 [30:23<18:13,  1.80s/it]
comment feature extracting, time string encoding and graph constructing ...:  59%|████▋   | 862/1467 [30:25<18:40,  1.85s/it]
comment feature extracting, time string encoding and graph constructing ...:  59%|████▋   | 863/1467 [30:26<17:15,  1.71s/it]
comment feature extracting, time string encoding and graph constructing ...:  59%|████▋   | 864/1467 [30:34<34:26,  3.43s/it]
comment feature extracting, time string encoding and graph constructing ...:  59%|████▋   | 865/1467 [30:38<36:03,  3.59s/it]
comment feature extracting, time string encoding and graph constructing ...:  59%|████▋   | 866/1467 [30:39<28:30,  2.85s/it]
comment feature extracting, time string encoding and graph constructing ...:  59%|████▋   | 867/1467 [30:41<26:15,  2.63s/it]
comment feature extracting, time string encoding and graph constructing ...:  59%|████▋   | 868/1467 [30:44<28:24,  2.85s/it]
comment feature extracting, time string encoding and graph constructing ...:  59%|████▋   | 869/1467 [30:48<30:06,  3.02s/it]
comment feature extracting, time string encoding and graph constructing ...:  59%|████▋   | 870/1467 [30:50<28:44,  2.89s/it]
comment feature extracting, time string encoding and graph constructing ...:  59%|████▋   | 871/1467 [30:54<31:41,  3.19s/it]
comment feature extracting, time string encoding and graph constructing ...:  59%|████▊   | 872/1467 [30:55<25:00,  2.52s/it]
comment feature extracting, time string encoding and graph constructing ...:  60%|████▊   | 873/1467 [30:56<18:33,  1.87s/it]
comment feature extracting, time string encoding and graph constructing ...:  60%|████▊   | 874/1467 [30:56<14:49,  1.50s/it]
comment feature extracting, time string encoding and graph constructing ...:  60%|████▊   | 875/1467 [30:58<17:07,  1.74s/it]
comment feature extracting, time string encoding and graph constructing ...:  60%|████▊   | 876/1467 [31:01<20:00,  2.03s/it]
comment feature extracting, time string encoding and graph constructing ...:  60%|████▊   | 877/1467 [31:04<21:09,  2.15s/it]
comment feature extracting, time string encoding and graph constructing ...:  60%|████▊   | 878/1467 [31:05<18:13,  1.86s/it]
comment feature extracting, time string encoding and graph constructing ...:  60%|████▊   | 879/1467 [31:08<20:53,  2.13s/it]
comment feature extracting, time string encoding and graph constructing ...:  60%|████▊   | 880/1467 [31:09<18:09,  1.86s/it]
comment feature extracting, time string encoding and graph constructing ...:  60%|████▊   | 881/1467 [31:15<31:30,  3.23s/it]
comment feature extracting, time string encoding and graph constructing ...:  60%|████▊   | 882/1467 [31:16<23:28,  2.41s/it]
comment feature extracting, time string encoding and graph constructing ...:  60%|████▊   | 883/1467 [31:17<19:49,  2.04s/it]
comment feature extracting, time string encoding and graph constructing ...:  60%|████▊   | 884/1467 [31:21<24:48,  2.55s/it]
comment feature extracting, time string encoding and graph constructing ...:  60%|████▊   | 885/1467 [31:21<19:46,  2.04s/it]
comment feature extracting, time string encoding and graph constructing ...:  60%|████▊   | 886/1467 [31:24<20:00,  2.07s/it]
comment feature extracting, time string encoding and graph constructing ...:  60%|████▊   | 887/1467 [31:25<18:52,  1.95s/it]
comment feature extracting, time string encoding and graph constructing ...:  61%|████▊   | 888/1467 [31:29<23:49,  2.47s/it]
comment feature extracting, time string encoding and graph constructing ...:  61%|████▊   | 889/1467 [31:29<18:00,  1.87s/it]
comment feature extracting, time string encoding and graph constructing ...:  61%|████▊   | 890/1467 [31:31<15:39,  1.63s/it]
comment feature extracting, time string encoding and graph constructing ...:  61%|████▊   | 891/1467 [31:34<20:58,  2.18s/it]
comment feature extracting, time string encoding and graph constructing ...:  61%|████▊   | 892/1467 [31:37<24:06,  2.52s/it]
comment feature extracting, time string encoding and graph constructing ...:  61%|████▊   | 893/1467 [31:38<17:52,  1.87s/it]
comment feature extracting, time string encoding and graph constructing ...:  61%|████▉   | 894/1467 [31:38<14:38,  1.53s/it]
comment feature extracting, time string encoding and graph constructing ...:  61%|████▉   | 895/1467 [31:39<12:12,  1.28s/it]
comment feature extracting, time string encoding and graph constructing ...:  61%|████▉   | 896/1467 [31:41<13:52,  1.46s/it]
comment feature extracting, time string encoding and graph constructing ...:  61%|████▉   | 897/1467 [31:44<18:15,  1.92s/it]
comment feature extracting, time string encoding and graph constructing ...:  61%|████▉   | 898/1467 [31:46<19:56,  2.10s/it]
comment feature extracting, time string encoding and graph constructing ...:  61%|████▉   | 899/1467 [31:52<29:13,  3.09s/it]
comment feature extracting, time string encoding and graph constructing ...:  61%|████▉   | 900/1467 [31:54<25:27,  2.69s/it]
comment feature extracting, time string encoding and graph constructing ...:  61%|████▉   | 901/1467 [31:54<19:52,  2.11s/it]
comment feature extracting, time string encoding and graph constructing ...:  61%|████▉   | 902/1467 [31:57<20:07,  2.14s/it]
comment feature extracting, time string encoding and graph constructing ...:  62%|████▉   | 903/1467 [32:04<34:09,  3.63s/it]
comment feature extracting, time string encoding and graph constructing ...:  62%|████▉   | 904/1467 [32:05<26:29,  2.82s/it]
comment feature extracting, time string encoding and graph constructing ...:  62%|████▉   | 905/1467 [32:05<20:50,  2.23s/it]
comment feature extracting, time string encoding and graph constructing ...:  62%|████▉   | 906/1467 [32:10<26:20,  2.82s/it]
comment feature extracting, time string encoding and graph constructing ...:  62%|████▉   | 907/1467 [32:10<20:35,  2.21s/it]
comment feature extracting, time string encoding and graph constructing ...:  62%|████▉   | 908/1467 [32:13<20:52,  2.24s/it]
comment feature extracting, time string encoding and graph constructing ...:  62%|████▉   | 909/1467 [32:14<18:25,  1.98s/it]
comment feature extracting, time string encoding and graph constructing ...:  62%|████▉   | 910/1467 [32:17<21:02,  2.27s/it]
comment feature extracting, time string encoding and graph constructing ...:  62%|████▉   | 911/1467 [32:19<20:10,  2.18s/it]
comment feature extracting, time string encoding and graph constructing ...:  62%|████▉   | 912/1467 [32:20<17:02,  1.84s/it]
comment feature extracting, time string encoding and graph constructing ...:  62%|████▉   | 913/1467 [32:22<18:26,  2.00s/it]
comment feature extracting, time string encoding and graph constructing ...:  62%|████▉   | 914/1467 [32:24<16:34,  1.80s/it]
comment feature extracting, time string encoding and graph constructing ...:  62%|████▉   | 915/1467 [32:28<21:45,  2.37s/it]
comment feature extracting, time string encoding and graph constructing ...:  62%|████▉   | 916/1467 [32:28<17:51,  1.94s/it]
comment feature extracting, time string encoding and graph constructing ...:  63%|█████   | 917/1467 [32:35<29:31,  3.22s/it]
comment feature extracting, time string encoding and graph constructing ...:  63%|█████   | 918/1467 [32:37<27:35,  3.02s/it]
comment feature extracting, time string encoding and graph constructing ...:  63%|█████   | 919/1467 [32:40<25:38,  2.81s/it]
comment feature extracting, time string encoding and graph constructing ...:  63%|█████   | 920/1467 [32:40<19:19,  2.12s/it]
comment feature extracting, time string encoding and graph constructing ...:  63%|█████   | 921/1467 [32:40<14:25,  1.58s/it]
comment feature extracting, time string encoding and graph constructing ...:  63%|█████   | 922/1467 [32:45<22:50,  2.52s/it]
comment feature extracting, time string encoding and graph constructing ...:  63%|█████   | 923/1467 [32:47<20:06,  2.22s/it]
comment feature extracting, time string encoding and graph constructing ...:  63%|█████   | 924/1467 [32:52<27:35,  3.05s/it]
comment feature extracting, time string encoding and graph constructing ...:  63%|█████   | 925/1467 [32:54<25:21,  2.81s/it]
comment feature extracting, time string encoding and graph constructing ...:  63%|█████   | 926/1467 [32:57<26:03,  2.89s/it]
comment feature extracting, time string encoding and graph constructing ...:  63%|█████   | 927/1467 [33:01<29:44,  3.31s/it]
comment feature extracting, time string encoding and graph constructing ...:  63%|█████   | 928/1467 [33:04<27:32,  3.07s/it]
comment feature extracting, time string encoding and graph constructing ...:  63%|█████   | 929/1467 [33:10<36:49,  4.11s/it]
comment feature extracting, time string encoding and graph constructing ...:  63%|█████   | 930/1467 [33:16<40:39,  4.54s/it]
comment feature extracting, time string encoding and graph constructing ...:  63%|█████   | 931/1467 [33:18<33:31,  3.75s/it]
comment feature extracting, time string encoding and graph constructing ...:  64%|█████   | 932/1467 [33:18<24:10,  2.71s/it]
comment feature extracting, time string encoding and graph constructing ...:  64%|█████   | 933/1467 [33:21<24:15,  2.73s/it]
comment feature extracting, time string encoding and graph constructing ...:  64%|█████   | 934/1467 [33:23<21:50,  2.46s/it]
comment feature extracting, time string encoding and graph constructing ...:  64%|█████   | 935/1467 [33:23<17:38,  1.99s/it]
comment feature extracting, time string encoding and graph constructing ...:  64%|█████   | 936/1467 [33:29<26:11,  2.96s/it]
comment feature extracting, time string encoding and graph constructing ...:  64%|█████   | 937/1467 [33:32<26:28,  3.00s/it]
comment feature extracting, time string encoding and graph constructing ...:  64%|█████   | 938/1467 [33:34<23:58,  2.72s/it]
comment feature extracting, time string encoding and graph constructing ...:  64%|█████   | 939/1467 [33:36<21:35,  2.45s/it]
comment feature extracting, time string encoding and graph constructing ...:  64%|█████▏  | 940/1467 [33:42<32:55,  3.75s/it]
comment feature extracting, time string encoding and graph constructing ...:  64%|█████▏  | 941/1467 [33:45<30:05,  3.43s/it]
comment feature extracting, time string encoding and graph constructing ...:  64%|█████▏  | 942/1467 [33:47<25:20,  2.90s/it]
comment feature extracting, time string encoding and graph constructing ...:  64%|█████▏  | 943/1467 [33:49<23:55,  2.74s/it]
comment feature extracting, time string encoding and graph constructing ...:  64%|█████▏  | 944/1467 [33:50<19:21,  2.22s/it]
comment feature extracting, time string encoding and graph constructing ...:  64%|█████▏  | 945/1467 [33:51<16:04,  1.85s/it]
comment feature extracting, time string encoding and graph constructing ...:  64%|█████▏  | 946/1467 [33:54<19:52,  2.29s/it]
comment feature extracting, time string encoding and graph constructing ...:  65%|█████▏  | 947/1467 [33:56<16:41,  1.93s/it]
comment feature extracting, time string encoding and graph constructing ...:  65%|█████▏  | 948/1467 [33:58<17:20,  2.00s/it]
comment feature extracting, time string encoding and graph constructing ...:  65%|█████▏  | 949/1467 [33:58<12:42,  1.47s/it]
comment feature extracting, time string encoding and graph constructing ...:  65%|█████▏  | 950/1467 [33:58<09:42,  1.13s/it]
comment feature extracting, time string encoding and graph constructing ...:  65%|█████▏  | 951/1467 [34:01<12:54,  1.50s/it]
comment feature extracting, time string encoding and graph constructing ...:  65%|█████▏  | 952/1467 [34:02<12:24,  1.45s/it]
comment feature extracting, time string encoding and graph constructing ...:  65%|█████▏  | 953/1467 [34:03<12:14,  1.43s/it]
comment feature extracting, time string encoding and graph constructing ...:  65%|█████▏  | 954/1467 [34:06<14:06,  1.65s/it]
comment feature extracting, time string encoding and graph constructing ...:  65%|█████▏  | 955/1467 [34:06<11:03,  1.30s/it]
comment feature extracting, time string encoding and graph constructing ...:  65%|█████▏  | 956/1467 [34:09<16:11,  1.90s/it]
comment feature extracting, time string encoding and graph constructing ...:  65%|█████▏  | 957/1467 [34:10<13:42,  1.61s/it]
comment feature extracting, time string encoding and graph constructing ...:  65%|█████▏  | 958/1467 [34:10<10:10,  1.20s/it]
comment feature extracting, time string encoding and graph constructing ...:  65%|█████▏  | 959/1467 [34:12<10:00,  1.18s/it]
comment feature extracting, time string encoding and graph constructing ...:  65%|█████▏  | 960/1467 [34:15<16:15,  1.92s/it]
comment feature extracting, time string encoding and graph constructing ...:  66%|█████▏  | 961/1467 [34:16<12:14,  1.45s/it]
comment feature extracting, time string encoding and graph constructing ...:  66%|█████▏  | 962/1467 [34:18<15:23,  1.83s/it]
comment feature extracting, time string encoding and graph constructing ...:  66%|█████▎  | 963/1467 [34:21<16:19,  1.94s/it]
comment feature extracting, time string encoding and graph constructing ...:  66%|█████▎  | 964/1467 [34:21<13:31,  1.61s/it]
comment feature extracting, time string encoding and graph constructing ...:  66%|█████▎  | 965/1467 [34:26<21:55,  2.62s/it]
comment feature extracting, time string encoding and graph constructing ...:  66%|█████▎  | 966/1467 [34:27<17:51,  2.14s/it]
comment feature extracting, time string encoding and graph constructing ...:  66%|█████▎  | 967/1467 [34:30<19:20,  2.32s/it]
comment feature extracting, time string encoding and graph constructing ...:  66%|█████▎  | 968/1467 [34:32<18:16,  2.20s/it]
comment feature extracting, time string encoding and graph constructing ...:  66%|█████▎  | 969/1467 [34:33<15:38,  1.89s/it]
comment feature extracting, time string encoding and graph constructing ...:  66%|█████▎  | 970/1467 [34:37<19:30,  2.35s/it]
comment feature extracting, time string encoding and graph constructing ...:  66%|█████▎  | 971/1467 [34:38<17:56,  2.17s/it]
comment feature extracting, time string encoding and graph constructing ...:  66%|█████▎  | 972/1467 [34:40<17:29,  2.12s/it]
comment feature extracting, time string encoding and graph constructing ...:  66%|█████▎  | 973/1467 [34:43<17:47,  2.16s/it]
comment feature extracting, time string encoding and graph constructing ...:  66%|█████▎  | 974/1467 [34:44<15:04,  1.83s/it]
comment feature extracting, time string encoding and graph constructing ...:  66%|█████▎  | 975/1467 [34:45<13:30,  1.65s/it]
comment feature extracting, time string encoding and graph constructing ...:  67%|█████▎  | 976/1467 [34:45<09:45,  1.19s/it]
comment feature extracting, time string encoding and graph constructing ...:  67%|█████▎  | 977/1467 [34:47<11:19,  1.39s/it]
comment feature extracting, time string encoding and graph constructing ...:  67%|█████▎  | 978/1467 [34:52<21:37,  2.65s/it]
comment feature extracting, time string encoding and graph constructing ...:  67%|█████▎  | 979/1467 [34:56<22:42,  2.79s/it]
comment feature extracting, time string encoding and graph constructing ...:  67%|█████▎  | 980/1467 [34:56<17:21,  2.14s/it]
comment feature extracting, time string encoding and graph constructing ...:  67%|█████▎  | 981/1467 [35:01<22:53,  2.83s/it]
comment feature extracting, time string encoding and graph constructing ...:  67%|█████▎  | 982/1467 [35:03<22:40,  2.80s/it]
comment feature extracting, time string encoding and graph constructing ...:  67%|█████▎  | 983/1467 [35:04<18:25,  2.29s/it]
comment feature extracting, time string encoding and graph constructing ...:  67%|█████▎  | 984/1467 [35:05<14:42,  1.83s/it]
comment feature extracting, time string encoding and graph constructing ...:  67%|█████▎  | 985/1467 [35:11<24:25,  3.04s/it]
comment feature extracting, time string encoding and graph constructing ...:  67%|█████▍  | 986/1467 [35:12<18:35,  2.32s/it]
comment feature extracting, time string encoding and graph constructing ...:  67%|█████▍  | 987/1467 [35:16<24:05,  3.01s/it]
comment feature extracting, time string encoding and graph constructing ...:  67%|█████▍  | 988/1467 [35:17<17:46,  2.23s/it]
comment feature extracting, time string encoding and graph constructing ...:  67%|█████▍  | 989/1467 [35:19<17:24,  2.18s/it]
comment feature extracting, time string encoding and graph constructing ...:  67%|█████▍  | 990/1467 [35:19<13:00,  1.64s/it]
comment feature extracting, time string encoding and graph constructing ...:  68%|█████▍  | 991/1467 [35:22<16:22,  2.06s/it]
comment feature extracting, time string encoding and graph constructing ...:  68%|█████▍  | 992/1467 [35:26<19:37,  2.48s/it]
comment feature extracting, time string encoding and graph constructing ...:  68%|█████▍  | 993/1467 [35:29<21:38,  2.74s/it]
comment feature extracting, time string encoding and graph constructing ...:  68%|█████▍  | 994/1467 [35:30<17:35,  2.23s/it]
comment feature extracting, time string encoding and graph constructing ...:  68%|█████▍  | 995/1467 [35:33<19:53,  2.53s/it]
comment feature extracting, time string encoding and graph constructing ...:  68%|█████▍  | 996/1467 [35:34<16:18,  2.08s/it]
comment feature extracting, time string encoding and graph constructing ...:  68%|█████▍  | 997/1467 [35:36<14:10,  1.81s/it]
comment feature extracting, time string encoding and graph constructing ...:  68%|█████▍  | 998/1467 [35:40<19:48,  2.53s/it]
comment feature extracting, time string encoding and graph constructing ...:  68%|█████▍  | 999/1467 [35:42<19:05,  2.45s/it]
comment feature extracting, time string encoding and graph constructing ...:  68%|████▊  | 1000/1467 [35:44<17:48,  2.29s/it]
comment feature extracting, time string encoding and graph constructing ...:  68%|████▊  | 1001/1467 [35:47<20:35,  2.65s/it]
comment feature extracting, time string encoding and graph constructing ...:  68%|████▊  | 1002/1467 [35:52<25:03,  3.23s/it]
comment feature extracting, time string encoding and graph constructing ...:  68%|████▊  | 1003/1467 [35:54<22:26,  2.90s/it]
comment feature extracting, time string encoding and graph constructing ...:  68%|████▊  | 1004/1467 [35:58<25:34,  3.31s/it]
comment feature extracting, time string encoding and graph constructing ...:  69%|████▊  | 1005/1467 [35:59<18:09,  2.36s/it]
comment feature extracting, time string encoding and graph constructing ...:  69%|████▊  | 1006/1467 [36:00<17:03,  2.22s/it]
comment feature extracting, time string encoding and graph constructing ...:  69%|████▊  | 1007/1467 [36:02<15:17,  1.99s/it]
comment feature extracting, time string encoding and graph constructing ...:  69%|████▊  | 1008/1467 [36:03<13:38,  1.78s/it]
comment feature extracting, time string encoding and graph constructing ...:  69%|████▊  | 1009/1467 [36:06<15:22,  2.01s/it]
comment feature extracting, time string encoding and graph constructing ...:  69%|████▊  | 1010/1467 [36:10<21:26,  2.82s/it]
comment feature extracting, time string encoding and graph constructing ...:  69%|████▊  | 1011/1467 [36:17<30:30,  4.01s/it]
comment feature extracting, time string encoding and graph constructing ...:  69%|████▊  | 1012/1467 [36:18<22:04,  2.91s/it]
comment feature extracting, time string encoding and graph constructing ...:  69%|████▊  | 1013/1467 [36:18<16:41,  2.21s/it]
comment feature extracting, time string encoding and graph constructing ...:  69%|████▊  | 1014/1467 [36:20<16:53,  2.24s/it]
comment feature extracting, time string encoding and graph constructing ...:  69%|████▊  | 1015/1467 [36:23<18:01,  2.39s/it]
comment feature extracting, time string encoding and graph constructing ...:  69%|████▊  | 1016/1467 [36:24<14:24,  1.92s/it]
comment feature extracting, time string encoding and graph constructing ...:  69%|████▊  | 1017/1467 [36:26<13:44,  1.83s/it]
comment feature extracting, time string encoding and graph constructing ...:  69%|████▊  | 1018/1467 [36:28<15:23,  2.06s/it]
comment feature extracting, time string encoding and graph constructing ...:  69%|████▊  | 1019/1467 [36:29<13:21,  1.79s/it]
comment feature extracting, time string encoding and graph constructing ...:  70%|████▊  | 1020/1467 [36:31<12:45,  1.71s/it]
comment feature extracting, time string encoding and graph constructing ...:  70%|████▊  | 1021/1467 [36:32<10:14,  1.38s/it]
comment feature extracting, time string encoding and graph constructing ...:  70%|████▉  | 1022/1467 [36:37<18:23,  2.48s/it]
comment feature extracting, time string encoding and graph constructing ...:  70%|████▉  | 1023/1467 [36:40<19:47,  2.67s/it]
comment feature extracting, time string encoding and graph constructing ...:  70%|████▉  | 1024/1467 [36:44<22:47,  3.09s/it]
comment feature extracting, time string encoding and graph constructing ...:  70%|████▉  | 1025/1467 [36:45<17:57,  2.44s/it]
comment feature extracting, time string encoding and graph constructing ...:  70%|████▉  | 1026/1467 [36:46<14:42,  2.00s/it]
comment feature extracting, time string encoding and graph constructing ...:  70%|████▉  | 1027/1467 [36:47<14:11,  1.94s/it]
comment feature extracting, time string encoding and graph constructing ...:  70%|████▉  | 1028/1467 [36:53<21:07,  2.89s/it]
comment feature extracting, time string encoding and graph constructing ...:  70%|████▉  | 1029/1467 [36:57<24:02,  3.29s/it]
comment feature extracting, time string encoding and graph constructing ...:  70%|████▉  | 1030/1467 [36:58<19:22,  2.66s/it]
comment feature extracting, time string encoding and graph constructing ...:  70%|████▉  | 1031/1467 [36:59<14:47,  2.04s/it]
comment feature extracting, time string encoding and graph constructing ...:  70%|████▉  | 1032/1467 [37:04<22:02,  3.04s/it]
comment feature extracting, time string encoding and graph constructing ...:  70%|████▉  | 1033/1467 [37:11<29:41,  4.11s/it]
comment feature extracting, time string encoding and graph constructing ...:  70%|████▉  | 1034/1467 [37:15<30:06,  4.17s/it]
comment feature extracting, time string encoding and graph constructing ...:  71%|████▉  | 1035/1467 [37:17<24:42,  3.43s/it]
comment feature extracting, time string encoding and graph constructing ...:  71%|████▉  | 1036/1467 [37:20<24:58,  3.48s/it]
comment feature extracting, time string encoding and graph constructing ...:  71%|████▉  | 1037/1467 [37:22<21:08,  2.95s/it]
comment feature extracting, time string encoding and graph constructing ...:  71%|████▉  | 1038/1467 [37:23<17:29,  2.45s/it]
comment feature extracting, time string encoding and graph constructing ...:  71%|████▉  | 1039/1467 [37:24<14:21,  2.01s/it]
comment feature extracting, time string encoding and graph constructing ...:  71%|████▉  | 1040/1467 [37:25<10:49,  1.52s/it]
comment feature extracting, time string encoding and graph constructing ...:  71%|████▉  | 1041/1467 [37:26<09:39,  1.36s/it]
comment feature extracting, time string encoding and graph constructing ...:  71%|████▉  | 1042/1467 [37:28<12:59,  1.83s/it]
comment feature extracting, time string encoding and graph constructing ...:  71%|████▉  | 1043/1467 [37:30<13:17,  1.88s/it]
comment feature extracting, time string encoding and graph constructing ...:  71%|████▉  | 1044/1467 [37:31<11:18,  1.60s/it]
comment feature extracting, time string encoding and graph constructing ...:  71%|████▉  | 1045/1467 [37:35<14:48,  2.10s/it]
comment feature extracting, time string encoding and graph constructing ...:  71%|████▉  | 1046/1467 [37:37<14:46,  2.10s/it]
comment feature extracting, time string encoding and graph constructing ...:  71%|████▉  | 1047/1467 [37:40<16:02,  2.29s/it]
comment feature extracting, time string encoding and graph constructing ...:  71%|█████  | 1048/1467 [37:40<11:56,  1.71s/it]
comment feature extracting, time string encoding and graph constructing ...:  72%|█████  | 1049/1467 [37:43<14:34,  2.09s/it]
comment feature extracting, time string encoding and graph constructing ...:  72%|█████  | 1050/1467 [37:44<12:48,  1.84s/it]
comment feature extracting, time string encoding and graph constructing ...:  72%|█████  | 1051/1467 [37:46<13:21,  1.93s/it]
comment feature extracting, time string encoding and graph constructing ...:  72%|█████  | 1052/1467 [37:52<20:32,  2.97s/it]
comment feature extracting, time string encoding and graph constructing ...:  72%|█████  | 1053/1467 [37:55<21:01,  3.05s/it]
comment feature extracting, time string encoding and graph constructing ...:  72%|█████  | 1054/1467 [37:56<16:39,  2.42s/it]
comment feature extracting, time string encoding and graph constructing ...:  72%|█████  | 1055/1467 [37:58<16:58,  2.47s/it]
comment feature extracting, time string encoding and graph constructing ...:  72%|█████  | 1056/1467 [38:04<22:28,  3.28s/it]
comment feature extracting, time string encoding and graph constructing ...:  72%|█████  | 1057/1467 [38:06<20:43,  3.03s/it]
comment feature extracting, time string encoding and graph constructing ...:  72%|█████  | 1058/1467 [38:08<18:30,  2.71s/it]
comment feature extracting, time string encoding and graph constructing ...:  72%|█████  | 1059/1467 [38:13<23:32,  3.46s/it]
comment feature extracting, time string encoding and graph constructing ...:  72%|█████  | 1060/1467 [38:15<19:13,  2.83s/it]
comment feature extracting, time string encoding and graph constructing ...:  72%|█████  | 1061/1467 [38:16<17:06,  2.53s/it]
comment feature extracting, time string encoding and graph constructing ...:  72%|█████  | 1062/1467 [38:19<17:35,  2.61s/it]
comment feature extracting, time string encoding and graph constructing ...:  72%|█████  | 1063/1467 [38:20<13:19,  1.98s/it]
comment feature extracting, time string encoding and graph constructing ...:  73%|█████  | 1064/1467 [38:23<16:56,  2.52s/it]
comment feature extracting, time string encoding and graph constructing ...:  73%|█████  | 1065/1467 [38:25<14:02,  2.10s/it]
comment feature extracting, time string encoding and graph constructing ...:  73%|█████  | 1066/1467 [38:26<12:59,  1.94s/it]
comment feature extracting, time string encoding and graph constructing ...:  73%|█████  | 1067/1467 [38:27<11:38,  1.75s/it]
comment feature extracting, time string encoding and graph constructing ...:  73%|█████  | 1068/1467 [38:30<13:22,  2.01s/it]
comment feature extracting, time string encoding and graph constructing ...:  73%|█████  | 1069/1467 [38:32<12:38,  1.91s/it]
comment feature extracting, time string encoding and graph constructing ...:  73%|█████  | 1070/1467 [38:32<10:00,  1.51s/it]
comment feature extracting, time string encoding and graph constructing ...:  73%|█████  | 1071/1467 [38:34<09:28,  1.44s/it]
comment feature extracting, time string encoding and graph constructing ...:  73%|█████  | 1072/1467 [38:36<10:29,  1.59s/it]
comment feature extracting, time string encoding and graph constructing ...:  73%|█████  | 1073/1467 [38:36<08:15,  1.26s/it]
comment feature extracting, time string encoding and graph constructing ...:  73%|█████  | 1074/1467 [38:36<06:26,  1.02it/s]
comment feature extracting, time string encoding and graph constructing ...:  73%|█████▏ | 1075/1467 [38:41<13:30,  2.07s/it]
comment feature extracting, time string encoding and graph constructing ...:  73%|█████▏ | 1076/1467 [38:44<16:07,  2.47s/it]
comment feature extracting, time string encoding and graph constructing ...:  73%|█████▏ | 1077/1467 [38:45<11:46,  1.81s/it]
comment feature extracting, time string encoding and graph constructing ...:  73%|█████▏ | 1078/1467 [38:49<16:38,  2.57s/it]
comment feature extracting, time string encoding and graph constructing ...:  74%|█████▏ | 1079/1467 [38:51<16:07,  2.49s/it]
comment feature extracting, time string encoding and graph constructing ...:  74%|█████▏ | 1080/1467 [38:53<14:37,  2.27s/it]
comment feature extracting, time string encoding and graph constructing ...:  74%|█████▏ | 1081/1467 [38:54<11:17,  1.76s/it]
comment feature extracting, time string encoding and graph constructing ...:  74%|█████▏ | 1082/1467 [38:55<10:56,  1.71s/it]
comment feature extracting, time string encoding and graph constructing ...:  74%|█████▏ | 1083/1467 [38:57<10:59,  1.72s/it]
comment feature extracting, time string encoding and graph constructing ...:  74%|█████▏ | 1084/1467 [39:02<17:14,  2.70s/it]
comment feature extracting, time string encoding and graph constructing ...:  74%|█████▏ | 1085/1467 [39:04<16:28,  2.59s/it]
comment feature extracting, time string encoding and graph constructing ...:  74%|█████▏ | 1086/1467 [39:07<16:00,  2.52s/it]
comment feature extracting, time string encoding and graph constructing ...:  74%|█████▏ | 1087/1467 [39:08<14:27,  2.28s/it]
comment feature extracting, time string encoding and graph constructing ...:  74%|█████▏ | 1088/1467 [39:11<14:54,  2.36s/it]
comment feature extracting, time string encoding and graph constructing ...:  74%|█████▏ | 1089/1467 [39:12<12:22,  1.96s/it]
comment feature extracting, time string encoding and graph constructing ...:  74%|█████▏ | 1090/1467 [39:13<10:35,  1.69s/it]
comment feature extracting, time string encoding and graph constructing ...:  74%|█████▏ | 1091/1467 [39:14<10:12,  1.63s/it]
comment feature extracting, time string encoding and graph constructing ...:  74%|█████▏ | 1092/1467 [39:18<13:25,  2.15s/it]
comment feature extracting, time string encoding and graph constructing ...:  75%|█████▏ | 1093/1467 [39:19<12:11,  1.95s/it]
comment feature extracting, time string encoding and graph constructing ...:  75%|█████▏ | 1094/1467 [39:25<19:50,  3.19s/it]
comment feature extracting, time string encoding and graph constructing ...:  75%|█████▏ | 1095/1467 [39:27<16:31,  2.67s/it]
comment feature extracting, time string encoding and graph constructing ...:  75%|█████▏ | 1096/1467 [39:29<15:20,  2.48s/it]
comment feature extracting, time string encoding and graph constructing ...:  75%|█████▏ | 1097/1467 [39:30<12:58,  2.10s/it]
comment feature extracting, time string encoding and graph constructing ...:  75%|█████▏ | 1098/1467 [39:32<12:35,  2.05s/it]
comment feature extracting, time string encoding and graph constructing ...:  75%|█████▏ | 1099/1467 [39:34<13:07,  2.14s/it]
comment feature extracting, time string encoding and graph constructing ...:  75%|█████▏ | 1100/1467 [39:36<12:34,  2.06s/it]
comment feature extracting, time string encoding and graph constructing ...:  75%|█████▎ | 1101/1467 [39:39<14:12,  2.33s/it]
comment feature extracting, time string encoding and graph constructing ...:  75%|█████▎ | 1102/1467 [39:41<13:30,  2.22s/it]
comment feature extracting, time string encoding and graph constructing ...:  75%|█████▎ | 1103/1467 [39:43<12:13,  2.02s/it]
comment feature extracting, time string encoding and graph constructing ...:  75%|█████▎ | 1104/1467 [39:45<13:25,  2.22s/it]
comment feature extracting, time string encoding and graph constructing ...:  75%|█████▎ | 1105/1467 [39:49<15:11,  2.52s/it]
comment feature extracting, time string encoding and graph constructing ...:  75%|█████▎ | 1106/1467 [39:52<16:54,  2.81s/it]
comment feature extracting, time string encoding and graph constructing ...:  75%|█████▎ | 1107/1467 [39:53<13:47,  2.30s/it]
comment feature extracting, time string encoding and graph constructing ...:  76%|█████▎ | 1108/1467 [39:59<19:18,  3.23s/it]
comment feature extracting, time string encoding and graph constructing ...:  76%|█████▎ | 1109/1467 [40:03<20:48,  3.49s/it]
comment feature extracting, time string encoding and graph constructing ...:  76%|█████▎ | 1110/1467 [40:05<17:52,  3.00s/it]
comment feature extracting, time string encoding and graph constructing ...:  76%|█████▎ | 1111/1467 [40:08<18:14,  3.07s/it]
comment feature extracting, time string encoding and graph constructing ...:  76%|█████▎ | 1112/1467 [40:08<13:38,  2.31s/it]
comment feature extracting, time string encoding and graph constructing ...:  76%|█████▎ | 1113/1467 [40:10<12:50,  2.18s/it]
comment feature extracting, time string encoding and graph constructing ...:  76%|█████▎ | 1114/1467 [40:11<09:44,  1.66s/it]
comment feature extracting, time string encoding and graph constructing ...:  76%|█████▎ | 1115/1467 [40:15<14:04,  2.40s/it]
comment feature extracting, time string encoding and graph constructing ...:  76%|█████▎ | 1116/1467 [40:19<17:51,  3.05s/it]
comment feature extracting, time string encoding and graph constructing ...:  76%|█████▎ | 1117/1467 [40:22<16:42,  2.86s/it]
comment feature extracting, time string encoding and graph constructing ...:  76%|█████▎ | 1118/1467 [40:23<13:58,  2.40s/it]
comment feature extracting, time string encoding and graph constructing ...:  76%|█████▎ | 1119/1467 [40:29<20:17,  3.50s/it]
comment feature extracting, time string encoding and graph constructing ...:  76%|█████▎ | 1120/1467 [40:30<15:08,  2.62s/it]
comment feature extracting, time string encoding and graph constructing ...:  76%|█████▎ | 1121/1467 [40:32<15:04,  2.62s/it]
comment feature extracting, time string encoding and graph constructing ...:  76%|█████▎ | 1122/1467 [40:33<12:09,  2.11s/it]
comment feature extracting, time string encoding and graph constructing ...:  77%|█████▎ | 1123/1467 [40:36<12:38,  2.20s/it]
comment feature extracting, time string encoding and graph constructing ...:  77%|█████▎ | 1124/1467 [40:38<12:07,  2.12s/it]
comment feature extracting, time string encoding and graph constructing ...:  77%|█████▎ | 1125/1467 [40:41<13:48,  2.42s/it]
comment feature extracting, time string encoding and graph constructing ...:  77%|█████▎ | 1126/1467 [40:43<13:41,  2.41s/it]
comment feature extracting, time string encoding and graph constructing ...:  77%|█████▍ | 1127/1467 [40:44<11:12,  1.98s/it]
comment feature extracting, time string encoding and graph constructing ...:  77%|█████▍ | 1128/1467 [40:46<10:19,  1.83s/it]
comment feature extracting, time string encoding and graph constructing ...:  77%|█████▍ | 1129/1467 [40:47<08:51,  1.57s/it]
comment feature extracting, time string encoding and graph constructing ...:  77%|█████▍ | 1130/1467 [40:52<15:47,  2.81s/it]
comment feature extracting, time string encoding and graph constructing ...:  77%|█████▍ | 1131/1467 [40:54<14:36,  2.61s/it]
comment feature extracting, time string encoding and graph constructing ...:  77%|█████▍ | 1132/1467 [40:57<14:00,  2.51s/it]
comment feature extracting, time string encoding and graph constructing ...:  77%|█████▍ | 1133/1467 [41:00<15:56,  2.86s/it]
comment feature extracting, time string encoding and graph constructing ...:  77%|█████▍ | 1134/1467 [41:03<15:04,  2.72s/it]
comment feature extracting, time string encoding and graph constructing ...:  77%|█████▍ | 1135/1467 [41:04<12:04,  2.18s/it]
comment feature extracting, time string encoding and graph constructing ...:  77%|█████▍ | 1136/1467 [41:05<10:29,  1.90s/it]
comment feature extracting, time string encoding and graph constructing ...:  78%|█████▍ | 1137/1467 [41:06<09:40,  1.76s/it]
comment feature extracting, time string encoding and graph constructing ...:  78%|█████▍ | 1138/1467 [41:14<19:54,  3.63s/it]
comment feature extracting, time string encoding and graph constructing ...:  78%|█████▍ | 1139/1467 [41:17<18:16,  3.34s/it]
comment feature extracting, time string encoding and graph constructing ...:  78%|█████▍ | 1140/1467 [41:18<13:50,  2.54s/it]
comment feature extracting, time string encoding and graph constructing ...:  78%|█████▍ | 1141/1467 [41:21<15:29,  2.85s/it]
comment feature extracting, time string encoding and graph constructing ...:  78%|█████▍ | 1142/1467 [41:22<11:30,  2.12s/it]
comment feature extracting, time string encoding and graph constructing ...:  78%|█████▍ | 1143/1467 [41:22<09:05,  1.68s/it]
comment feature extracting, time string encoding and graph constructing ...:  78%|█████▍ | 1144/1467 [41:25<10:47,  2.00s/it]
comment feature extracting, time string encoding and graph constructing ...:  78%|█████▍ | 1145/1467 [41:27<11:04,  2.06s/it]
comment feature extracting, time string encoding and graph constructing ...:  78%|█████▍ | 1146/1467 [41:31<13:23,  2.50s/it]
comment feature extracting, time string encoding and graph constructing ...:  78%|█████▍ | 1147/1467 [41:32<11:17,  2.12s/it]
comment feature extracting, time string encoding and graph constructing ...:  78%|█████▍ | 1148/1467 [41:34<10:41,  2.01s/it]
comment feature extracting, time string encoding and graph constructing ...:  78%|█████▍ | 1149/1467 [41:35<09:43,  1.83s/it]
comment feature extracting, time string encoding and graph constructing ...:  78%|█████▍ | 1150/1467 [41:38<10:58,  2.08s/it]
comment feature extracting, time string encoding and graph constructing ...:  78%|█████▍ | 1151/1467 [41:43<15:55,  3.02s/it]
comment feature extracting, time string encoding and graph constructing ...:  79%|█████▍ | 1152/1467 [41:47<16:33,  3.16s/it]
comment feature extracting, time string encoding and graph constructing ...:  79%|█████▌ | 1153/1467 [41:50<16:24,  3.14s/it]
comment feature extracting, time string encoding and graph constructing ...:  79%|█████▌ | 1154/1467 [41:51<12:45,  2.44s/it]
comment feature extracting, time string encoding and graph constructing ...:  79%|█████▌ | 1155/1467 [41:51<09:43,  1.87s/it]
comment feature extracting, time string encoding and graph constructing ...:  79%|█████▌ | 1156/1467 [41:59<19:46,  3.82s/it]
comment feature extracting, time string encoding and graph constructing ...:  79%|█████▌ | 1157/1467 [42:02<17:32,  3.40s/it]
comment feature extracting, time string encoding and graph constructing ...:  79%|█████▌ | 1158/1467 [42:02<12:39,  2.46s/it]
comment feature extracting, time string encoding and graph constructing ...:  79%|█████▌ | 1159/1467 [42:04<12:02,  2.34s/it]
comment feature extracting, time string encoding and graph constructing ...:  79%|█████▌ | 1160/1467 [42:06<11:41,  2.28s/it]
comment feature extracting, time string encoding and graph constructing ...:  79%|█████▌ | 1161/1467 [42:09<11:44,  2.30s/it]
comment feature extracting, time string encoding and graph constructing ...:  79%|█████▌ | 1162/1467 [42:11<11:25,  2.25s/it]
comment feature extracting, time string encoding and graph constructing ...:  79%|█████▌ | 1163/1467 [42:16<15:19,  3.02s/it]
comment feature extracting, time string encoding and graph constructing ...:  79%|█████▌ | 1164/1467 [42:22<19:47,  3.92s/it]
comment feature extracting, time string encoding and graph constructing ...:  79%|█████▌ | 1165/1467 [42:25<18:27,  3.67s/it]
comment feature extracting, time string encoding and graph constructing ...:  79%|█████▌ | 1166/1467 [42:26<15:19,  3.05s/it]
comment feature extracting, time string encoding and graph constructing ...:  80%|█████▌ | 1167/1467 [42:30<16:26,  3.29s/it]
comment feature extracting, time string encoding and graph constructing ...:  80%|█████▌ | 1168/1467 [42:31<12:37,  2.53s/it]
comment feature extracting, time string encoding and graph constructing ...:  80%|█████▌ | 1169/1467 [42:34<12:51,  2.59s/it]
comment feature extracting, time string encoding and graph constructing ...:  80%|█████▌ | 1170/1467 [42:36<11:58,  2.42s/it]
comment feature extracting, time string encoding and graph constructing ...:  80%|█████▌ | 1171/1467 [42:36<08:48,  1.79s/it]
comment feature extracting, time string encoding and graph constructing ...:  80%|█████▌ | 1172/1467 [42:37<07:40,  1.56s/it]
comment feature extracting, time string encoding and graph constructing ...:  80%|█████▌ | 1173/1467 [42:43<14:43,  3.00s/it]
comment feature extracting, time string encoding and graph constructing ...:  80%|█████▌ | 1175/1467 [42:45<09:41,  1.99s/it]
comment feature extracting, time string encoding and graph constructing ...:  80%|█████▌ | 1176/1467 [42:47<09:15,  1.91s/it]
comment feature extracting, time string encoding and graph constructing ...:  80%|█████▌ | 1177/1467 [42:51<11:45,  2.43s/it]
comment feature extracting, time string encoding and graph constructing ...:  80%|█████▌ | 1178/1467 [42:53<11:52,  2.47s/it]
comment feature extracting, time string encoding and graph constructing ...:  80%|█████▋ | 1179/1467 [42:55<11:28,  2.39s/it]
comment feature extracting, time string encoding and graph constructing ...:  80%|█████▋ | 1180/1467 [42:57<09:53,  2.07s/it]
comment feature extracting, time string encoding and graph constructing ...:  81%|█████▋ | 1181/1467 [42:59<10:14,  2.15s/it]
comment feature extracting, time string encoding and graph constructing ...:  81%|█████▋ | 1182/1467 [43:01<10:17,  2.17s/it]
comment feature extracting, time string encoding and graph constructing ...:  81%|█████▋ | 1183/1467 [43:02<09:06,  1.92s/it]
comment feature extracting, time string encoding and graph constructing ...:  81%|█████▋ | 1184/1467 [43:03<07:10,  1.52s/it]
comment feature extracting, time string encoding and graph constructing ...:  81%|█████▋ | 1185/1467 [43:04<06:27,  1.38s/it]
comment feature extracting, time string encoding and graph constructing ...:  81%|█████▋ | 1186/1467 [43:06<07:02,  1.50s/it]
comment feature extracting, time string encoding and graph constructing ...:  81%|█████▋ | 1187/1467 [43:07<05:49,  1.25s/it]
comment feature extracting, time string encoding and graph constructing ...:  81%|█████▋ | 1188/1467 [43:08<05:25,  1.17s/it]
comment feature extracting, time string encoding and graph constructing ...:  81%|█████▋ | 1189/1467 [43:10<07:52,  1.70s/it]
comment feature extracting, time string encoding and graph constructing ...:  81%|█████▋ | 1190/1467 [43:14<10:42,  2.32s/it]
comment feature extracting, time string encoding and graph constructing ...:  81%|█████▋ | 1191/1467 [43:15<08:42,  1.89s/it]
comment feature extracting, time string encoding and graph constructing ...:  81%|█████▋ | 1192/1467 [43:18<10:14,  2.24s/it]
comment feature extracting, time string encoding and graph constructing ...:  81%|█████▋ | 1193/1467 [43:20<09:39,  2.11s/it]
comment feature extracting, time string encoding and graph constructing ...:  81%|█████▋ | 1194/1467 [43:23<10:37,  2.34s/it]
comment feature extracting, time string encoding and graph constructing ...:  81%|█████▋ | 1195/1467 [43:24<08:29,  1.87s/it]
comment feature extracting, time string encoding and graph constructing ...:  82%|█████▋ | 1196/1467 [43:29<13:11,  2.92s/it]
comment feature extracting, time string encoding and graph constructing ...:  82%|█████▋ | 1197/1467 [43:31<12:20,  2.74s/it]
comment feature extracting, time string encoding and graph constructing ...:  82%|█████▋ | 1198/1467 [43:32<09:37,  2.15s/it]
comment feature extracting, time string encoding and graph constructing ...:  82%|█████▋ | 1199/1467 [43:33<08:11,  1.83s/it]
comment feature extracting, time string encoding and graph constructing ...:  82%|█████▋ | 1200/1467 [43:35<07:56,  1.78s/it]
comment feature extracting, time string encoding and graph constructing ...:  82%|█████▋ | 1201/1467 [43:37<07:46,  1.75s/it]
comment feature extracting, time string encoding and graph constructing ...:  82%|█████▋ | 1202/1467 [43:37<06:00,  1.36s/it]
comment feature extracting, time string encoding and graph constructing ...:  82%|█████▋ | 1203/1467 [43:40<07:54,  1.80s/it]
comment feature extracting, time string encoding and graph constructing ...:  82%|█████▋ | 1204/1467 [43:43<09:51,  2.25s/it]
comment feature extracting, time string encoding and graph constructing ...:  82%|█████▋ | 1205/1467 [43:47<11:27,  2.62s/it]
comment feature extracting, time string encoding and graph constructing ...:  82%|█████▊ | 1206/1467 [43:48<09:43,  2.24s/it]
comment feature extracting, time string encoding and graph constructing ...:  82%|█████▊ | 1207/1467 [43:50<09:30,  2.20s/it]
comment feature extracting, time string encoding and graph constructing ...:  82%|█████▊ | 1208/1467 [43:51<08:20,  1.93s/it]
comment feature extracting, time string encoding and graph constructing ...:  82%|█████▊ | 1209/1467 [43:54<08:47,  2.04s/it]
comment feature extracting, time string encoding and graph constructing ...:  82%|█████▊ | 1210/1467 [43:57<10:23,  2.43s/it]
comment feature extracting, time string encoding and graph constructing ...:  83%|█████▊ | 1211/1467 [43:58<08:38,  2.03s/it]
comment feature extracting, time string encoding and graph constructing ...:  83%|█████▊ | 1212/1467 [43:59<07:09,  1.69s/it]
comment feature extracting, time string encoding and graph constructing ...:  83%|█████▊ | 1213/1467 [44:01<08:07,  1.92s/it]
comment feature extracting, time string encoding and graph constructing ...:  83%|█████▊ | 1214/1467 [44:10<17:01,  4.04s/it]
comment feature extracting, time string encoding and graph constructing ...:  83%|█████▊ | 1215/1467 [44:16<18:50,  4.48s/it]
comment feature extracting, time string encoding and graph constructing ...:  83%|█████▊ | 1216/1467 [44:18<15:45,  3.77s/it]
comment feature extracting, time string encoding and graph constructing ...:  83%|█████▊ | 1217/1467 [44:19<11:54,  2.86s/it]
comment feature extracting, time string encoding and graph constructing ...:  83%|█████▊ | 1218/1467 [44:21<10:35,  2.55s/it]
comment feature extracting, time string encoding and graph constructing ...:  83%|█████▊ | 1219/1467 [44:24<10:59,  2.66s/it]
comment feature extracting, time string encoding and graph constructing ...:  83%|█████▊ | 1220/1467 [44:24<08:20,  2.03s/it]
comment feature extracting, time string encoding and graph constructing ...:  83%|█████▊ | 1221/1467 [44:26<07:51,  1.92s/it]
comment feature extracting, time string encoding and graph constructing ...:  83%|█████▊ | 1222/1467 [44:29<09:08,  2.24s/it]
comment feature extracting, time string encoding and graph constructing ...:  83%|█████▊ | 1223/1467 [44:33<12:10,  2.99s/it]
comment feature extracting, time string encoding and graph constructing ...:  83%|█████▊ | 1224/1467 [44:35<10:42,  2.64s/it]
comment feature extracting, time string encoding and graph constructing ...:  84%|█████▊ | 1225/1467 [44:38<11:19,  2.81s/it]
comment feature extracting, time string encoding and graph constructing ...:  84%|█████▊ | 1226/1467 [44:41<10:55,  2.72s/it]
comment feature extracting, time string encoding and graph constructing ...:  84%|█████▊ | 1227/1467 [44:41<08:05,  2.02s/it]
comment feature extracting, time string encoding and graph constructing ...:  84%|█████▊ | 1228/1467 [44:42<06:52,  1.72s/it]
comment feature extracting, time string encoding and graph constructing ...:  84%|█████▊ | 1229/1467 [44:44<06:19,  1.59s/it]
comment feature extracting, time string encoding and graph constructing ...:  84%|█████▊ | 1230/1467 [44:46<06:50,  1.73s/it]
comment feature extracting, time string encoding and graph constructing ...:  84%|█████▊ | 1231/1467 [44:47<05:50,  1.48s/it]
comment feature extracting, time string encoding and graph constructing ...:  84%|█████▉ | 1232/1467 [44:47<04:41,  1.20s/it]
comment feature extracting, time string encoding and graph constructing ...:  84%|█████▉ | 1233/1467 [44:50<06:49,  1.75s/it]
comment feature extracting, time string encoding and graph constructing ...:  84%|█████▉ | 1234/1467 [44:51<05:48,  1.49s/it]
comment feature extracting, time string encoding and graph constructing ...:  84%|█████▉ | 1235/1467 [44:54<07:54,  2.04s/it]
comment feature extracting, time string encoding and graph constructing ...:  84%|█████▉ | 1236/1467 [45:00<11:57,  3.10s/it]
comment feature extracting, time string encoding and graph constructing ...:  84%|█████▉ | 1237/1467 [45:05<14:06,  3.68s/it]
comment feature extracting, time string encoding and graph constructing ...:  84%|█████▉ | 1238/1467 [45:06<11:25,  2.99s/it]
comment feature extracting, time string encoding and graph constructing ...:  84%|█████▉ | 1239/1467 [45:09<11:16,  2.97s/it]
comment feature extracting, time string encoding and graph constructing ...:  85%|█████▉ | 1240/1467 [45:11<09:11,  2.43s/it]
comment feature extracting, time string encoding and graph constructing ...:  85%|█████▉ | 1241/1467 [45:11<06:49,  1.81s/it]
comment feature extracting, time string encoding and graph constructing ...:  85%|█████▉ | 1242/1467 [45:16<10:35,  2.83s/it]
comment feature extracting, time string encoding and graph constructing ...:  85%|█████▉ | 1243/1467 [45:18<09:10,  2.46s/it]
comment feature extracting, time string encoding and graph constructing ...:  85%|█████▉ | 1244/1467 [45:20<09:16,  2.50s/it]
comment feature extracting, time string encoding and graph constructing ...:  85%|█████▉ | 1245/1467 [45:23<09:54,  2.68s/it]
comment feature extracting, time string encoding and graph constructing ...:  85%|█████▉ | 1246/1467 [45:25<08:54,  2.42s/it]
comment feature extracting, time string encoding and graph constructing ...:  85%|█████▉ | 1247/1467 [45:33<14:25,  3.94s/it]
comment feature extracting, time string encoding and graph constructing ...:  85%|█████▉ | 1248/1467 [45:33<10:49,  2.97s/it]
comment feature extracting, time string encoding and graph constructing ...:  85%|█████▉ | 1249/1467 [45:34<08:29,  2.34s/it]
comment feature extracting, time string encoding and graph constructing ...:  85%|█████▉ | 1250/1467 [45:37<08:56,  2.47s/it]
comment feature extracting, time string encoding and graph constructing ...:  85%|█████▉ | 1251/1467 [45:38<07:28,  2.08s/it]
comment feature extracting, time string encoding and graph constructing ...:  85%|█████▉ | 1252/1467 [45:40<07:01,  1.96s/it]
comment feature extracting, time string encoding and graph constructing ...:  85%|█████▉ | 1253/1467 [45:40<05:17,  1.48s/it]
comment feature extracting, time string encoding and graph constructing ...:  85%|█████▉ | 1254/1467 [45:42<06:04,  1.71s/it]
comment feature extracting, time string encoding and graph constructing ...:  86%|█████▉ | 1255/1467 [45:43<04:47,  1.36s/it]
comment feature extracting, time string encoding and graph constructing ...:  86%|█████▉ | 1256/1467 [45:44<04:17,  1.22s/it]
comment feature extracting, time string encoding and graph constructing ...:  86%|█████▉ | 1257/1467 [45:46<05:04,  1.45s/it]
comment feature extracting, time string encoding and graph constructing ...:  86%|██████ | 1258/1467 [45:50<07:21,  2.11s/it]
comment feature extracting, time string encoding and graph constructing ...:  86%|██████ | 1259/1467 [45:51<06:40,  1.93s/it]
comment feature extracting, time string encoding and graph constructing ...:  86%|██████ | 1260/1467 [45:55<08:17,  2.40s/it]
comment feature extracting, time string encoding and graph constructing ...:  86%|██████ | 1261/1467 [46:02<13:08,  3.83s/it]
comment feature extracting, time string encoding and graph constructing ...:  86%|██████ | 1262/1467 [46:04<11:46,  3.45s/it]
comment feature extracting, time string encoding and graph constructing ...:  86%|██████ | 1263/1467 [46:08<12:20,  3.63s/it]
comment feature extracting, time string encoding and graph constructing ...:  86%|██████ | 1264/1467 [46:10<10:08,  3.00s/it]
comment feature extracting, time string encoding and graph constructing ...:  86%|██████ | 1265/1467 [46:11<08:34,  2.55s/it]
comment feature extracting, time string encoding and graph constructing ...:  86%|██████ | 1266/1467 [46:12<07:02,  2.10s/it]
comment feature extracting, time string encoding and graph constructing ...:  86%|██████ | 1267/1467 [46:15<07:40,  2.30s/it]
comment feature extracting, time string encoding and graph constructing ...:  86%|██████ | 1268/1467 [46:19<09:09,  2.76s/it]
comment feature extracting, time string encoding and graph constructing ...:  87%|██████ | 1269/1467 [46:20<07:18,  2.22s/it]
comment feature extracting, time string encoding and graph constructing ...:  87%|██████ | 1270/1467 [46:23<07:49,  2.38s/it]
comment feature extracting, time string encoding and graph constructing ...:  87%|██████ | 1271/1467 [46:25<07:42,  2.36s/it]
comment feature extracting, time string encoding and graph constructing ...:  87%|██████ | 1272/1467 [46:27<07:45,  2.39s/it]
comment feature extracting, time string encoding and graph constructing ...:  87%|██████ | 1273/1467 [46:29<06:52,  2.13s/it]
comment feature extracting, time string encoding and graph constructing ...:  87%|██████ | 1274/1467 [46:30<05:35,  1.74s/it]
comment feature extracting, time string encoding and graph constructing ...:  87%|██████ | 1275/1467 [46:30<04:04,  1.27s/it]
comment feature extracting, time string encoding and graph constructing ...:  87%|██████ | 1276/1467 [46:33<06:08,  1.93s/it]
comment feature extracting, time string encoding and graph constructing ...:  87%|██████ | 1277/1467 [46:34<05:06,  1.61s/it]
comment feature extracting, time string encoding and graph constructing ...:  87%|██████ | 1278/1467 [46:36<05:17,  1.68s/it]
comment feature extracting, time string encoding and graph constructing ...:  87%|██████ | 1279/1467 [46:39<06:08,  1.96s/it]
comment feature extracting, time string encoding and graph constructing ...:  87%|██████ | 1280/1467 [46:41<06:30,  2.09s/it]
comment feature extracting, time string encoding and graph constructing ...:  87%|██████ | 1281/1467 [46:43<06:27,  2.08s/it]
comment feature extracting, time string encoding and graph constructing ...:  87%|██████ | 1282/1467 [46:44<05:03,  1.64s/it]
comment feature extracting, time string encoding and graph constructing ...:  87%|██████ | 1283/1467 [46:48<07:05,  2.31s/it]
comment feature extracting, time string encoding and graph constructing ...:  88%|██████▏| 1284/1467 [46:52<09:04,  2.98s/it]
comment feature extracting, time string encoding and graph constructing ...:  88%|██████▏| 1285/1467 [46:53<06:53,  2.27s/it]
comment feature extracting, time string encoding and graph constructing ...:  88%|██████▏| 1286/1467 [46:58<09:04,  3.01s/it]
comment feature extracting, time string encoding and graph constructing ...:  88%|██████▏| 1287/1467 [47:00<08:32,  2.85s/it]
comment feature extracting, time string encoding and graph constructing ...:  88%|██████▏| 1288/1467 [47:04<09:35,  3.22s/it]
comment feature extracting, time string encoding and graph constructing ...:  88%|██████▏| 1289/1467 [47:07<09:18,  3.14s/it]
comment feature extracting, time string encoding and graph constructing ...:  88%|██████▏| 1290/1467 [47:08<07:19,  2.48s/it]
comment feature extracting, time string encoding and graph constructing ...:  88%|██████▏| 1291/1467 [47:11<07:18,  2.49s/it]
comment feature extracting, time string encoding and graph constructing ...:  88%|██████▏| 1292/1467 [47:16<09:30,  3.26s/it]
comment feature extracting, time string encoding and graph constructing ...:  88%|██████▏| 1293/1467 [47:17<07:44,  2.67s/it]
comment feature extracting, time string encoding and graph constructing ...:  88%|██████▏| 1294/1467 [47:20<07:41,  2.67s/it]
comment feature extracting, time string encoding and graph constructing ...:  88%|██████▏| 1295/1467 [47:23<08:21,  2.91s/it]
comment feature extracting, time string encoding and graph constructing ...:  88%|██████▏| 1296/1467 [47:29<10:42,  3.76s/it]
comment feature extracting, time string encoding and graph constructing ...:  88%|██████▏| 1297/1467 [47:29<07:56,  2.80s/it]
comment feature extracting, time string encoding and graph constructing ...:  88%|██████▏| 1298/1467 [47:32<07:23,  2.63s/it]
comment feature extracting, time string encoding and graph constructing ...:  89%|██████▏| 1299/1467 [47:33<05:54,  2.11s/it]
comment feature extracting, time string encoding and graph constructing ...:  89%|██████▏| 1300/1467 [47:36<07:21,  2.64s/it]
comment feature extracting, time string encoding and graph constructing ...:  89%|██████▏| 1301/1467 [47:38<06:07,  2.21s/it]
comment feature extracting, time string encoding and graph constructing ...:  89%|██████▏| 1302/1467 [47:40<06:27,  2.35s/it]
comment feature extracting, time string encoding and graph constructing ...:  89%|██████▏| 1303/1467 [47:49<11:48,  4.32s/it]
comment feature extracting, time string encoding and graph constructing ...:  89%|██████▏| 1304/1467 [47:50<08:59,  3.31s/it]
comment feature extracting, time string encoding and graph constructing ...:  89%|██████▏| 1305/1467 [47:53<08:18,  3.08s/it]
comment feature extracting, time string encoding and graph constructing ...:  89%|██████▏| 1306/1467 [47:58<10:13,  3.81s/it]
comment feature extracting, time string encoding and graph constructing ...:  89%|██████▏| 1307/1467 [47:59<08:07,  3.05s/it]
comment feature extracting, time string encoding and graph constructing ...:  89%|██████▏| 1308/1467 [48:01<07:05,  2.67s/it]
comment feature extracting, time string encoding and graph constructing ...:  89%|██████▏| 1309/1467 [48:06<08:22,  3.18s/it]
comment feature extracting, time string encoding and graph constructing ...:  89%|██████▎| 1310/1467 [48:09<08:46,  3.35s/it]
comment feature extracting, time string encoding and graph constructing ...:  89%|██████▎| 1311/1467 [48:12<07:59,  3.07s/it]
comment feature extracting, time string encoding and graph constructing ...:  89%|██████▎| 1312/1467 [48:15<08:21,  3.23s/it]
comment feature extracting, time string encoding and graph constructing ...:  90%|██████▎| 1313/1467 [48:19<08:20,  3.25s/it]
comment feature extracting, time string encoding and graph constructing ...:  90%|██████▎| 1314/1467 [48:22<08:03,  3.16s/it]
comment feature extracting, time string encoding and graph constructing ...:  90%|██████▎| 1315/1467 [48:25<07:49,  3.09s/it]
comment feature extracting, time string encoding and graph constructing ...:  90%|██████▎| 1316/1467 [48:30<09:36,  3.82s/it]
comment feature extracting, time string encoding and graph constructing ...:  90%|██████▎| 1317/1467 [48:37<11:44,  4.69s/it]
comment feature extracting, time string encoding and graph constructing ...:  90%|██████▎| 1318/1467 [48:41<11:07,  4.48s/it]
comment feature extracting, time string encoding and graph constructing ...:  90%|██████▎| 1319/1467 [48:43<09:33,  3.87s/it]
comment feature extracting, time string encoding and graph constructing ...:  90%|██████▎| 1320/1467 [48:44<07:03,  2.88s/it]
comment feature extracting, time string encoding and graph constructing ...:  90%|██████▎| 1321/1467 [48:48<07:42,  3.17s/it]
comment feature extracting, time string encoding and graph constructing ...:  90%|██████▎| 1322/1467 [48:49<06:24,  2.65s/it]
comment feature extracting, time string encoding and graph constructing ...:  90%|██████▎| 1323/1467 [48:50<04:45,  1.98s/it]
comment feature extracting, time string encoding and graph constructing ...:  90%|██████▎| 1324/1467 [48:52<04:53,  2.05s/it]
comment feature extracting, time string encoding and graph constructing ...:  90%|██████▎| 1325/1467 [48:54<05:05,  2.15s/it]
comment feature extracting, time string encoding and graph constructing ...:  90%|██████▎| 1326/1467 [48:55<04:04,  1.73s/it]
comment feature extracting, time string encoding and graph constructing ...:  90%|██████▎| 1327/1467 [48:58<04:51,  2.08s/it]
comment feature extracting, time string encoding and graph constructing ...:  91%|██████▎| 1328/1467 [48:59<04:24,  1.90s/it]
comment feature extracting, time string encoding and graph constructing ...:  91%|██████▎| 1329/1467 [49:03<05:25,  2.36s/it]
comment feature extracting, time string encoding and graph constructing ...:  91%|██████▎| 1330/1467 [49:05<05:01,  2.20s/it]
comment feature extracting, time string encoding and graph constructing ...:  91%|██████▎| 1331/1467 [49:06<04:27,  1.97s/it]
comment feature extracting, time string encoding and graph constructing ...:  91%|██████▎| 1332/1467 [49:07<03:38,  1.61s/it]
comment feature extracting, time string encoding and graph constructing ...:  91%|██████▎| 1333/1467 [49:11<05:37,  2.52s/it]
comment feature extracting, time string encoding and graph constructing ...:  91%|██████▎| 1334/1467 [49:12<04:26,  2.00s/it]
comment feature extracting, time string encoding and graph constructing ...:  91%|██████▎| 1335/1467 [49:15<05:03,  2.30s/it]
comment feature extracting, time string encoding and graph constructing ...:  91%|██████▎| 1336/1467 [49:18<05:28,  2.51s/it]
comment feature extracting, time string encoding and graph constructing ...:  91%|██████▍| 1337/1467 [49:18<03:55,  1.81s/it]
comment feature extracting, time string encoding and graph constructing ...:  91%|██████▍| 1338/1467 [49:23<05:49,  2.71s/it]
comment feature extracting, time string encoding and graph constructing ...:  91%|██████▍| 1339/1467 [49:25<05:28,  2.56s/it]
comment feature extracting, time string encoding and graph constructing ...:  91%|██████▍| 1340/1467 [49:26<04:30,  2.13s/it]
comment feature extracting, time string encoding and graph constructing ...:  91%|██████▍| 1341/1467 [49:28<03:59,  1.90s/it]
comment feature extracting, time string encoding and graph constructing ...:  91%|██████▍| 1342/1467 [49:30<04:14,  2.04s/it]
comment feature extracting, time string encoding and graph constructing ...:  92%|██████▍| 1343/1467 [49:31<03:19,  1.61s/it]
comment feature extracting, time string encoding and graph constructing ...:  92%|██████▍| 1344/1467 [49:31<02:41,  1.31s/it]
comment feature extracting, time string encoding and graph constructing ...:  92%|██████▍| 1345/1467 [49:37<05:00,  2.46s/it]
comment feature extracting, time string encoding and graph constructing ...:  92%|██████▍| 1346/1467 [49:38<04:03,  2.01s/it]
comment feature extracting, time string encoding and graph constructing ...:  92%|██████▍| 1347/1467 [49:38<03:09,  1.58s/it]
comment feature extracting, time string encoding and graph constructing ...:  92%|██████▍| 1348/1467 [49:38<02:19,  1.17s/it]
comment feature extracting, time string encoding and graph constructing ...:  92%|██████▍| 1349/1467 [49:39<02:12,  1.12s/it]
comment feature extracting, time string encoding and graph constructing ...:  92%|██████▍| 1350/1467 [49:40<02:07,  1.09s/it]
comment feature extracting, time string encoding and graph constructing ...:  92%|██████▍| 1351/1467 [49:44<03:38,  1.88s/it]
comment feature extracting, time string encoding and graph constructing ...:  92%|██████▍| 1352/1467 [49:45<03:16,  1.71s/it]
comment feature extracting, time string encoding and graph constructing ...:  92%|██████▍| 1353/1467 [49:48<03:56,  2.08s/it]
comment feature extracting, time string encoding and graph constructing ...:  92%|██████▍| 1354/1467 [49:51<04:17,  2.28s/it]
comment feature extracting, time string encoding and graph constructing ...:  92%|██████▍| 1355/1467 [49:51<03:11,  1.71s/it]
comment feature extracting, time string encoding and graph constructing ...:  92%|██████▍| 1356/1467 [49:52<02:20,  1.27s/it]
comment feature extracting, time string encoding and graph constructing ...:  93%|██████▍| 1357/1467 [49:52<01:42,  1.07it/s]
comment feature extracting, time string encoding and graph constructing ...:  93%|██████▍| 1358/1467 [49:53<01:36,  1.13it/s]
comment feature extracting, time string encoding and graph constructing ...:  93%|██████▍| 1359/1467 [49:55<02:14,  1.25s/it]
comment feature extracting, time string encoding and graph constructing ...:  93%|██████▍| 1360/1467 [49:55<01:41,  1.06it/s]
comment feature extracting, time string encoding and graph constructing ...:  93%|██████▍| 1361/1467 [49:56<01:39,  1.06it/s]
comment feature extracting, time string encoding and graph constructing ...:  93%|██████▍| 1362/1467 [49:57<01:44,  1.01it/s]
comment feature extracting, time string encoding and graph constructing ...:  93%|██████▌| 1363/1467 [49:59<02:09,  1.25s/it]
comment feature extracting, time string encoding and graph constructing ...:  93%|██████▌| 1364/1467 [49:59<01:39,  1.04it/s]
comment feature extracting, time string encoding and graph constructing ...:  93%|██████▌| 1365/1467 [50:02<02:47,  1.64s/it]
comment feature extracting, time string encoding and graph constructing ...:  93%|██████▌| 1366/1467 [50:05<03:14,  1.93s/it]
comment feature extracting, time string encoding and graph constructing ...:  93%|██████▌| 1367/1467 [50:05<02:31,  1.51s/it]
comment feature extracting, time string encoding and graph constructing ...:  93%|██████▌| 1368/1467 [50:08<03:12,  1.94s/it]
comment feature extracting, time string encoding and graph constructing ...:  93%|██████▌| 1369/1467 [50:09<02:26,  1.49s/it]
comment feature extracting, time string encoding and graph constructing ...:  93%|██████▌| 1370/1467 [50:11<02:49,  1.75s/it]
comment feature extracting, time string encoding and graph constructing ...:  93%|██████▌| 1371/1467 [50:13<02:50,  1.78s/it]
comment feature extracting, time string encoding and graph constructing ...:  94%|██████▌| 1372/1467 [50:18<04:24,  2.78s/it]
comment feature extracting, time string encoding and graph constructing ...:  94%|██████▌| 1373/1467 [50:24<05:32,  3.54s/it]
comment feature extracting, time string encoding and graph constructing ...:  94%|██████▌| 1374/1467 [50:25<04:18,  2.78s/it]
comment feature extracting, time string encoding and graph constructing ...:  94%|██████▌| 1375/1467 [50:28<04:22,  2.85s/it]
comment feature extracting, time string encoding and graph constructing ...:  94%|██████▌| 1376/1467 [50:28<03:27,  2.28s/it]
comment feature extracting, time string encoding and graph constructing ...:  94%|██████▌| 1377/1467 [50:29<02:34,  1.71s/it]
comment feature extracting, time string encoding and graph constructing ...:  94%|██████▌| 1378/1467 [50:34<03:52,  2.62s/it]
comment feature extracting, time string encoding and graph constructing ...:  94%|██████▌| 1379/1467 [50:36<03:46,  2.57s/it]
comment feature extracting, time string encoding and graph constructing ...:  94%|██████▌| 1380/1467 [50:38<03:26,  2.38s/it]
comment feature extracting, time string encoding and graph constructing ...:  94%|██████▌| 1381/1467 [50:39<02:40,  1.87s/it]
comment feature extracting, time string encoding and graph constructing ...:  94%|██████▌| 1382/1467 [50:40<02:23,  1.69s/it]
comment feature extracting, time string encoding and graph constructing ...:  94%|██████▌| 1383/1467 [50:45<03:47,  2.71s/it]
comment feature extracting, time string encoding and graph constructing ...:  94%|██████▌| 1384/1467 [50:46<03:10,  2.29s/it]
comment feature extracting, time string encoding and graph constructing ...:  94%|██████▌| 1385/1467 [50:47<02:18,  1.69s/it]
comment feature extracting, time string encoding and graph constructing ...:  94%|██████▌| 1386/1467 [50:49<02:26,  1.81s/it]
comment feature extracting, time string encoding and graph constructing ...:  95%|██████▌| 1387/1467 [50:51<02:30,  1.88s/it]
comment feature extracting, time string encoding and graph constructing ...:  95%|██████▌| 1388/1467 [50:52<02:11,  1.67s/it]
comment feature extracting, time string encoding and graph constructing ...:  95%|██████▋| 1389/1467 [50:53<01:52,  1.44s/it]
comment feature extracting, time string encoding and graph constructing ...:  95%|██████▋| 1390/1467 [50:54<01:49,  1.42s/it]
comment feature extracting, time string encoding and graph constructing ...:  95%|██████▋| 1391/1467 [50:55<01:37,  1.29s/it]
comment feature extracting, time string encoding and graph constructing ...:  95%|██████▋| 1392/1467 [50:56<01:21,  1.08s/it]
comment feature extracting, time string encoding and graph constructing ...:  95%|██████▋| 1393/1467 [51:00<02:20,  1.90s/it]
comment feature extracting, time string encoding and graph constructing ...:  95%|██████▋| 1394/1467 [51:04<03:09,  2.60s/it]
comment feature extracting, time string encoding and graph constructing ...:  95%|██████▋| 1395/1467 [51:06<02:47,  2.33s/it]
comment feature extracting, time string encoding and graph constructing ...:  95%|██████▋| 1396/1467 [51:09<03:13,  2.73s/it]
comment feature extracting, time string encoding and graph constructing ...:  95%|██████▋| 1397/1467 [51:15<04:08,  3.54s/it]
comment feature extracting, time string encoding and graph constructing ...:  95%|██████▋| 1398/1467 [51:18<04:02,  3.51s/it]
comment feature extracting, time string encoding and graph constructing ...:  95%|██████▋| 1399/1467 [51:22<04:01,  3.55s/it]
comment feature extracting, time string encoding and graph constructing ...:  95%|██████▋| 1400/1467 [51:24<03:33,  3.19s/it]
comment feature extracting, time string encoding and graph constructing ...:  96%|██████▋| 1401/1467 [51:26<03:04,  2.79s/it]
comment feature extracting, time string encoding and graph constructing ...:  96%|██████▋| 1402/1467 [51:26<02:17,  2.11s/it]
comment feature extracting, time string encoding and graph constructing ...:  96%|██████▋| 1403/1467 [51:27<01:42,  1.61s/it]
comment feature extracting, time string encoding and graph constructing ...:  96%|██████▋| 1404/1467 [51:28<01:26,  1.37s/it]
comment feature extracting, time string encoding and graph constructing ...:  96%|██████▋| 1405/1467 [51:31<01:57,  1.89s/it]
comment feature extracting, time string encoding and graph constructing ...:  96%|██████▋| 1406/1467 [51:31<01:31,  1.50s/it]
comment feature extracting, time string encoding and graph constructing ...:  96%|██████▋| 1407/1467 [51:36<02:18,  2.32s/it]
comment feature extracting, time string encoding and graph constructing ...:  96%|██████▋| 1408/1467 [51:36<01:44,  1.77s/it]
comment feature extracting, time string encoding and graph constructing ...:  96%|██████▋| 1409/1467 [51:38<01:40,  1.74s/it]
comment feature extracting, time string encoding and graph constructing ...:  96%|██████▋| 1410/1467 [51:40<01:41,  1.78s/it]
comment feature extracting, time string encoding and graph constructing ...:  96%|██████▋| 1411/1467 [51:41<01:25,  1.52s/it]
comment feature extracting, time string encoding and graph constructing ...:  96%|██████▋| 1412/1467 [51:42<01:28,  1.61s/it]
comment feature extracting, time string encoding and graph constructing ...:  96%|██████▋| 1413/1467 [51:47<02:21,  2.62s/it]
comment feature extracting, time string encoding and graph constructing ...:  96%|██████▋| 1414/1467 [51:52<02:56,  3.34s/it]
comment feature extracting, time string encoding and graph constructing ...:  96%|██████▊| 1415/1467 [51:57<03:07,  3.62s/it]
comment feature extracting, time string encoding and graph constructing ...:  97%|██████▊| 1416/1467 [51:58<02:27,  2.89s/it]
comment feature extracting, time string encoding and graph constructing ...:  97%|██████▊| 1417/1467 [51:58<01:43,  2.06s/it]
comment feature extracting, time string encoding and graph constructing ...:  97%|██████▊| 1418/1467 [51:59<01:23,  1.70s/it]
comment feature extracting, time string encoding and graph constructing ...:  97%|██████▊| 1419/1467 [52:00<01:08,  1.42s/it]
comment feature extracting, time string encoding and graph constructing ...:  97%|██████▊| 1420/1467 [52:07<02:26,  3.12s/it]
comment feature extracting, time string encoding and graph constructing ...:  97%|██████▊| 1421/1467 [52:11<02:46,  3.61s/it]
comment feature extracting, time string encoding and graph constructing ...:  97%|██████▊| 1422/1467 [52:12<02:07,  2.83s/it]
comment feature extracting, time string encoding and graph constructing ...:  97%|██████▊| 1423/1467 [52:16<02:07,  2.91s/it]
comment feature extracting, time string encoding and graph constructing ...:  97%|██████▊| 1424/1467 [52:16<01:35,  2.23s/it]
comment feature extracting, time string encoding and graph constructing ...:  97%|██████▊| 1425/1467 [52:16<01:07,  1.60s/it]
comment feature extracting, time string encoding and graph constructing ...:  97%|██████▊| 1426/1467 [52:19<01:15,  1.84s/it]
comment feature extracting, time string encoding and graph constructing ...:  97%|██████▊| 1427/1467 [52:19<01:00,  1.50s/it]
comment feature extracting, time string encoding and graph constructing ...:  97%|██████▊| 1428/1467 [52:21<00:56,  1.44s/it]
comment feature extracting, time string encoding and graph constructing ...:  97%|██████▊| 1429/1467 [52:22<00:56,  1.48s/it]
comment feature extracting, time string encoding and graph constructing ...:  97%|██████▊| 1430/1467 [52:27<01:28,  2.39s/it]
comment feature extracting, time string encoding and graph constructing ...:  98%|██████▊| 1431/1467 [52:28<01:15,  2.10s/it]
comment feature extracting, time string encoding and graph constructing ...:  98%|██████▊| 1432/1467 [52:30<01:11,  2.06s/it]
comment feature extracting, time string encoding and graph constructing ...:  98%|██████▊| 1433/1467 [52:31<00:59,  1.74s/it]
comment feature extracting, time string encoding and graph constructing ...:  98%|██████▊| 1434/1467 [52:33<00:59,  1.80s/it]
comment feature extracting, time string encoding and graph constructing ...:  98%|██████▊| 1435/1467 [52:37<01:19,  2.47s/it]
comment feature extracting, time string encoding and graph constructing ...:  98%|██████▊| 1436/1467 [52:39<01:06,  2.15s/it]
comment feature extracting, time string encoding and graph constructing ...:  98%|██████▊| 1437/1467 [52:40<00:54,  1.83s/it]
comment feature extracting, time string encoding and graph constructing ...:  98%|██████▊| 1438/1467 [52:42<00:58,  2.02s/it]
comment feature extracting, time string encoding and graph constructing ...:  98%|██████▊| 1439/1467 [52:46<01:11,  2.56s/it]
comment feature extracting, time string encoding and graph constructing ...:  98%|██████▊| 1440/1467 [52:46<00:51,  1.92s/it]
comment feature extracting, time string encoding and graph constructing ...:  98%|██████▉| 1441/1467 [52:51<01:09,  2.67s/it]
comment feature extracting, time string encoding and graph constructing ...:  98%|██████▉| 1442/1467 [52:52<00:52,  2.12s/it]
comment feature extracting, time string encoding and graph constructing ...:  98%|██████▉| 1443/1467 [52:52<00:41,  1.74s/it]
comment feature extracting, time string encoding and graph constructing ...:  98%|██████▉| 1444/1467 [52:53<00:31,  1.36s/it]
comment feature extracting, time string encoding and graph constructing ...:  99%|██████▉| 1445/1467 [52:54<00:25,  1.18s/it]
comment feature extracting, time string encoding and graph constructing ...:  99%|██████▉| 1446/1467 [52:55<00:25,  1.20s/it]
comment feature extracting, time string encoding and graph constructing ...:  99%|██████▉| 1447/1467 [52:55<00:19,  1.02it/s]
comment feature extracting, time string encoding and graph constructing ...:  99%|██████▉| 1448/1467 [52:58<00:29,  1.56s/it]
comment feature extracting, time string encoding and graph constructing ...:  99%|██████▉| 1449/1467 [53:00<00:30,  1.67s/it]
comment feature extracting, time string encoding and graph constructing ...:  99%|██████▉| 1450/1467 [53:01<00:24,  1.42s/it]
comment feature extracting, time string encoding and graph constructing ...:  99%|██████▉| 1451/1467 [53:02<00:19,  1.22s/it]
comment feature extracting, time string encoding and graph constructing ...:  99%|██████▉| 1452/1467 [53:06<00:32,  2.17s/it]
comment feature extracting, time string encoding and graph constructing ...:  99%|██████▉| 1453/1467 [53:07<00:24,  1.78s/it]
comment feature extracting, time string encoding and graph constructing ...:  99%|██████▉| 1454/1467 [53:08<00:21,  1.64s/it]
comment feature extracting, time string encoding and graph constructing ...:  99%|██████▉| 1455/1467 [53:11<00:22,  1.85s/it]
comment feature extracting, time string encoding and graph constructing ...:  99%|██████▉| 1456/1467 [53:13<00:22,  2.05s/it]
comment feature extracting, time string encoding and graph constructing ...:  99%|██████▉| 1457/1467 [53:14<00:15,  1.51s/it]
comment feature extracting, time string encoding and graph constructing ...:  99%|██████▉| 1458/1467 [53:18<00:22,  2.51s/it]
comment feature extracting, time string encoding and graph constructing ...:  99%|██████▉| 1459/1467 [53:20<00:17,  2.23s/it]
comment feature extracting, time string encoding and graph constructing ...: 100%|██████▉| 1460/1467 [53:21<00:14,  2.00s/it]
comment feature extracting, time string encoding and graph constructing ...: 100%|██████▉| 1461/1467 [53:22<00:09,  1.58s/it]
comment feature extracting, time string encoding and graph constructing ...: 100%|██████▉| 1462/1467 [53:23<00:06,  1.33s/it]
comment feature extracting, time string encoding and graph constructing ...: 100%|██████▉| 1463/1467 [53:23<00:04,  1.02s/it]
comment feature extracting, time string encoding and graph constructing ...: 100%|██████▉| 1464/1467 [53:25<00:04,  1.34s/it]
comment feature extracting, time string encoding and graph constructing ...: 100%|██████▉| 1465/1467 [53:26<00:02,  1.21s/it]
comment feature extracting, time string encoding and graph constructing ...: 100%|██████▉| 1466/1467 [53:27<00:01,  1.23s/it]
comment feature extracting, time string encoding and graph constructing ...: 100%|███████| 1467/1467 [53:31<00:00,  2.06s/it]
comment feature extracting, time string encoding and graph constructing ...: 100%|███████| 1467/1467 [53:31<00:00,  2.19s/it]
