nohup: ignoring input
pooling_type: mean
time_feat_dim: 64

comment feature extracting, time string encoding and graph constructing ...:   0%|                  | 0/1467 [00:00<?, ?it/s]Asking to truncate to max_length but no maximum length is provided and the model has no predefined maximum length. Default to no truncation.

comment feature extracting, time string encoding and graph constructing ...:   0%|        | 1/1467 [00:02<1:03:52,  2.61s/it]
comment feature extracting, time string encoding and graph constructing ...:   0%|          | 2/1467 [00:03<43:52,  1.80s/it]
comment feature extracting, time string encoding and graph constructing ...:   0%|          | 3/1467 [00:04<28:47,  1.18s/it]
comment feature extracting, time string encoding and graph constructing ...:   0%|          | 4/1467 [00:07<45:29,  1.87s/it]
comment feature extracting, time string encoding and graph constructing ...:   0%|          | 5/1467 [00:07<30:39,  1.26s/it]
comment feature extracting, time string encoding and graph constructing ...:   0%|          | 6/1467 [00:09<38:13,  1.57s/it]
comment feature extracting, time string encoding and graph constructing ...:   0%|          | 7/1467 [00:11<43:52,  1.80s/it]
comment feature extracting, time string encoding and graph constructing ...:   1%|          | 8/1467 [00:12<37:02,  1.52s/it]
comment feature extracting, time string encoding and graph constructing ...:   1%|          | 9/1467 [00:13<31:58,  1.32s/it]
comment feature extracting, time string encoding and graph constructing ...:   1%|         | 10/1467 [00:14<27:40,  1.14s/it]
comment feature extracting, time string encoding and graph constructing ...:   1%|         | 11/1467 [00:15<24:09,  1.00it/s]
comment feature extracting, time string encoding and graph constructing ...:   1%|         | 12/1467 [00:15<19:16,  1.26it/s]
comment feature extracting, time string encoding and graph constructing ...:   1%|         | 13/1467 [00:16<22:12,  1.09it/s]
comment feature extracting, time string encoding and graph constructing ...:   1%|         | 14/1467 [00:18<29:48,  1.23s/it]
comment feature extracting, time string encoding and graph constructing ...:   1%|         | 15/1467 [00:19<27:37,  1.14s/it]
comment feature extracting, time string encoding and graph constructing ...:   1%|         | 16/1467 [00:19<23:03,  1.05it/s]
comment feature extracting, time string encoding and graph constructing ...:   1%|         | 17/1467 [00:20<19:05,  1.27it/s]
comment feature extracting, time string encoding and graph constructing ...:   1%|         | 18/1467 [00:21<21:35,  1.12it/s]
comment feature extracting, time string encoding and graph constructing ...:   1%|         | 19/1467 [00:22<21:49,  1.11it/s]
comment feature extracting, time string encoding and graph constructing ...:   1%|         | 20/1467 [00:22<17:52,  1.35it/s]
comment feature extracting, time string encoding and graph constructing ...:   1%|▏        | 21/1467 [00:24<21:38,  1.11it/s]
comment feature extracting, time string encoding and graph constructing ...:   1%|▏        | 22/1467 [00:24<17:44,  1.36it/s]
comment feature extracting, time string encoding and graph constructing ...:   2%|▏        | 23/1467 [00:28<41:26,  1.72s/it]
comment feature extracting, time string encoding and graph constructing ...:   2%|▏        | 24/1467 [00:29<35:56,  1.49s/it]
comment feature extracting, time string encoding and graph constructing ...:   2%|▏        | 25/1467 [00:31<41:49,  1.74s/it]
comment feature extracting, time string encoding and graph constructing ...:   2%|       | 26/1467 [00:36<1:04:40,  2.69s/it]
comment feature extracting, time string encoding and graph constructing ...:   2%|▏        | 27/1467 [00:38<59:21,  2.47s/it]
comment feature extracting, time string encoding and graph constructing ...:   2%|▏        | 28/1467 [00:38<42:52,  1.79s/it]
comment feature extracting, time string encoding and graph constructing ...:   2%|▏        | 29/1467 [00:39<36:20,  1.52s/it]
comment feature extracting, time string encoding and graph constructing ...:   2%|▏        | 30/1467 [00:40<30:24,  1.27s/it]
comment feature extracting, time string encoding and graph constructing ...:   2%|▏        | 31/1467 [00:40<23:10,  1.03it/s]
comment feature extracting, time string encoding and graph constructing ...:   2%|▏        | 32/1467 [00:42<28:13,  1.18s/it]
comment feature extracting, time string encoding and graph constructing ...:   2%|▏        | 33/1467 [00:43<28:25,  1.19s/it]
comment feature extracting, time string encoding and graph constructing ...:   2%|▏        | 34/1467 [00:46<39:41,  1.66s/it]
comment feature extracting, time string encoding and graph constructing ...:   2%|▏        | 35/1467 [00:46<32:31,  1.36s/it]
comment feature extracting, time string encoding and graph constructing ...:   2%|▏        | 36/1467 [00:48<30:17,  1.27s/it]
comment feature extracting, time string encoding and graph constructing ...:   3%|▏        | 37/1467 [00:48<24:02,  1.01s/it]
comment feature extracting, time string encoding and graph constructing ...:   3%|▏        | 38/1467 [00:49<27:44,  1.16s/it]
comment feature extracting, time string encoding and graph constructing ...:   3%|▏        | 39/1467 [00:50<21:00,  1.13it/s]
comment feature extracting, time string encoding and graph constructing ...:   3%|▏        | 40/1467 [00:50<19:55,  1.19it/s]
comment feature extracting, time string encoding and graph constructing ...:   3%|▎        | 41/1467 [00:51<20:28,  1.16it/s]
comment feature extracting, time string encoding and graph constructing ...:   3%|▎        | 42/1467 [00:53<26:05,  1.10s/it]
comment feature extracting, time string encoding and graph constructing ...:   3%|▎        | 43/1467 [00:55<29:43,  1.25s/it]
comment feature extracting, time string encoding and graph constructing ...:   3%|▎        | 44/1467 [00:56<29:24,  1.24s/it]
comment feature extracting, time string encoding and graph constructing ...:   3%|▎        | 45/1467 [00:57<29:52,  1.26s/it]
comment feature extracting, time string encoding and graph constructing ...:   3%|▎        | 46/1467 [00:58<26:45,  1.13s/it]
comment feature extracting, time string encoding and graph constructing ...:   3%|▎        | 47/1467 [01:00<36:15,  1.53s/it]
comment feature extracting, time string encoding and graph constructing ...:   3%|▎        | 48/1467 [01:02<35:20,  1.49s/it]
comment feature extracting, time string encoding and graph constructing ...:   3%|▎        | 49/1467 [01:03<34:55,  1.48s/it]
comment feature extracting, time string encoding and graph constructing ...:   3%|▎        | 50/1467 [01:04<31:01,  1.31s/it]
comment feature extracting, time string encoding and graph constructing ...:   3%|▎        | 51/1467 [01:05<24:45,  1.05s/it]
comment feature extracting, time string encoding and graph constructing ...:   4%|▎        | 52/1467 [01:06<25:20,  1.07s/it]
comment feature extracting, time string encoding and graph constructing ...:   4%|▎        | 53/1467 [01:06<19:46,  1.19it/s]
comment feature extracting, time string encoding and graph constructing ...:   4%|▎        | 54/1467 [01:07<20:15,  1.16it/s]
comment feature extracting, time string encoding and graph constructing ...:   4%|▎        | 55/1467 [01:07<17:34,  1.34it/s]
comment feature extracting, time string encoding and graph constructing ...:   4%|▎        | 56/1467 [01:10<33:50,  1.44s/it]
comment feature extracting, time string encoding and graph constructing ...:   4%|▎        | 57/1467 [01:11<28:38,  1.22s/it]
comment feature extracting, time string encoding and graph constructing ...:   4%|▎        | 58/1467 [01:12<23:21,  1.01it/s]
comment feature extracting, time string encoding and graph constructing ...:   4%|▎        | 59/1467 [01:13<23:36,  1.01s/it]
comment feature extracting, time string encoding and graph constructing ...:   4%|▎        | 60/1467 [01:14<23:05,  1.02it/s]
comment feature extracting, time string encoding and graph constructing ...:   4%|▎        | 61/1467 [01:15<24:40,  1.05s/it]
comment feature extracting, time string encoding and graph constructing ...:   4%|▍        | 62/1467 [01:16<28:38,  1.22s/it]
comment feature extracting, time string encoding and graph constructing ...:   4%|▍        | 63/1467 [01:18<27:52,  1.19s/it]
comment feature extracting, time string encoding and graph constructing ...:   4%|▍        | 64/1467 [01:20<33:10,  1.42s/it]
comment feature extracting, time string encoding and graph constructing ...:   4%|▍        | 65/1467 [01:21<30:48,  1.32s/it]
comment feature extracting, time string encoding and graph constructing ...:   4%|▍        | 66/1467 [01:21<23:23,  1.00s/it]
comment feature extracting, time string encoding and graph constructing ...:   5%|▍        | 67/1467 [01:21<19:15,  1.21it/s]
comment feature extracting, time string encoding and graph constructing ...:   5%|▍        | 68/1467 [01:22<16:01,  1.46it/s]
comment feature extracting, time string encoding and graph constructing ...:   5%|▍        | 69/1467 [01:25<35:24,  1.52s/it]
comment feature extracting, time string encoding and graph constructing ...:   5%|▍        | 70/1467 [01:27<39:14,  1.69s/it]
comment feature extracting, time string encoding and graph constructing ...:   5%|▍        | 71/1467 [01:28<33:49,  1.45s/it]
comment feature extracting, time string encoding and graph constructing ...:   5%|▍        | 72/1467 [01:29<29:39,  1.28s/it]
comment feature extracting, time string encoding and graph constructing ...:   5%|▍        | 73/1467 [01:31<37:19,  1.61s/it]
comment feature extracting, time string encoding and graph constructing ...:   5%|▍        | 74/1467 [01:32<32:55,  1.42s/it]
comment feature extracting, time string encoding and graph constructing ...:   5%|▍        | 75/1467 [01:34<34:20,  1.48s/it]
comment feature extracting, time string encoding and graph constructing ...:   5%|▍        | 76/1467 [01:35<33:09,  1.43s/it]
comment feature extracting, time string encoding and graph constructing ...:   5%|▍        | 77/1467 [01:36<31:10,  1.35s/it]
comment feature extracting, time string encoding and graph constructing ...:   5%|▍        | 78/1467 [01:37<24:39,  1.06s/it]
comment feature extracting, time string encoding and graph constructing ...:   5%|▍        | 79/1467 [01:37<21:22,  1.08it/s]
comment feature extracting, time string encoding and graph constructing ...:   5%|▍        | 80/1467 [01:38<22:29,  1.03it/s]
comment feature extracting, time string encoding and graph constructing ...:   6%|▍        | 81/1467 [01:40<27:23,  1.19s/it]
comment feature extracting, time string encoding and graph constructing ...:   6%|▌        | 82/1467 [01:41<27:40,  1.20s/it]
comment feature extracting, time string encoding and graph constructing ...:   6%|▌        | 83/1467 [01:42<20:09,  1.14it/s]
comment feature extracting, time string encoding and graph constructing ...:   6%|▌        | 84/1467 [01:42<16:25,  1.40it/s]
comment feature extracting, time string encoding and graph constructing ...:   6%|▌        | 85/1467 [01:42<14:31,  1.58it/s]
comment feature extracting, time string encoding and graph constructing ...:   6%|▌        | 86/1467 [01:43<12:56,  1.78it/s]
comment feature extracting, time string encoding and graph constructing ...:   6%|▌        | 87/1467 [01:44<17:00,  1.35it/s]
comment feature extracting, time string encoding and graph constructing ...:   6%|▌        | 88/1467 [01:45<18:41,  1.23it/s]
comment feature extracting, time string encoding and graph constructing ...:   6%|▌        | 89/1467 [01:46<19:55,  1.15it/s]
comment feature extracting, time string encoding and graph constructing ...:   6%|▌        | 90/1467 [01:46<17:18,  1.33it/s]
comment feature extracting, time string encoding and graph constructing ...:   6%|▌        | 91/1467 [01:50<37:50,  1.65s/it]
comment feature extracting, time string encoding and graph constructing ...:   6%|▌        | 92/1467 [01:52<37:49,  1.65s/it]
comment feature extracting, time string encoding and graph constructing ...:   6%|▌        | 93/1467 [01:52<30:43,  1.34s/it]
comment feature extracting, time string encoding and graph constructing ...:   6%|▌        | 94/1467 [01:53<28:01,  1.22s/it]
comment feature extracting, time string encoding and graph constructing ...:   6%|▌        | 95/1467 [01:55<30:10,  1.32s/it]
comment feature extracting, time string encoding and graph constructing ...:   7%|▌        | 96/1467 [01:59<49:25,  2.16s/it]
comment feature extracting, time string encoding and graph constructing ...:   7%|▌        | 97/1467 [02:00<39:41,  1.74s/it]
comment feature extracting, time string encoding and graph constructing ...:   7%|▌        | 98/1467 [02:01<33:54,  1.49s/it]
comment feature extracting, time string encoding and graph constructing ...:   7%|▌        | 99/1467 [02:02<35:26,  1.55s/it]
comment feature extracting, time string encoding and graph constructing ...:   7%|▌       | 100/1467 [02:05<40:30,  1.78s/it]
comment feature extracting, time string encoding and graph constructing ...:   7%|▌       | 101/1467 [02:08<49:20,  2.17s/it]
comment feature extracting, time string encoding and graph constructing ...:   7%|▌       | 102/1467 [02:08<38:38,  1.70s/it]
comment feature extracting, time string encoding and graph constructing ...:   7%|▌       | 103/1467 [02:10<42:07,  1.85s/it]
comment feature extracting, time string encoding and graph constructing ...:   7%|▌       | 104/1467 [02:13<47:03,  2.07s/it]
comment feature extracting, time string encoding and graph constructing ...:   7%|▌       | 105/1467 [02:14<38:16,  1.69s/it]
comment feature extracting, time string encoding and graph constructing ...:   7%|▌       | 106/1467 [02:15<33:11,  1.46s/it]
comment feature extracting, time string encoding and graph constructing ...:   7%|▌       | 107/1467 [02:15<25:13,  1.11s/it]
comment feature extracting, time string encoding and graph constructing ...:   7%|▌       | 108/1467 [02:16<25:58,  1.15s/it]
comment feature extracting, time string encoding and graph constructing ...:   7%|▌       | 109/1467 [02:19<38:07,  1.68s/it]
comment feature extracting, time string encoding and graph constructing ...:   7%|▌       | 110/1467 [02:20<31:39,  1.40s/it]
comment feature extracting, time string encoding and graph constructing ...:   8%|▌       | 111/1467 [02:25<57:57,  2.56s/it]
comment feature extracting, time string encoding and graph constructing ...:   8%|▍     | 112/1467 [02:28<1:00:33,  2.68s/it]
comment feature extracting, time string encoding and graph constructing ...:   8%|▌       | 113/1467 [02:29<48:25,  2.15s/it]
comment feature extracting, time string encoding and graph constructing ...:   8%|▌       | 114/1467 [02:30<41:57,  1.86s/it]
comment feature extracting, time string encoding and graph constructing ...:   8%|▋       | 115/1467 [02:32<40:13,  1.78s/it]
comment feature extracting, time string encoding and graph constructing ...:   8%|▋       | 116/1467 [02:34<39:46,  1.77s/it]
comment feature extracting, time string encoding and graph constructing ...:   8%|▋       | 117/1467 [02:35<35:45,  1.59s/it]
comment feature extracting, time string encoding and graph constructing ...:   8%|▋       | 118/1467 [02:36<31:35,  1.40s/it]
comment feature extracting, time string encoding and graph constructing ...:   8%|▋       | 119/1467 [02:38<37:13,  1.66s/it]
comment feature extracting, time string encoding and graph constructing ...:   8%|▍     | 120/1467 [02:45<1:11:59,  3.21s/it]
comment feature extracting, time string encoding and graph constructing ...:   8%|▋       | 121/1467 [02:46<58:58,  2.63s/it]
comment feature extracting, time string encoding and graph constructing ...:   8%|▍     | 122/1467 [02:49<1:03:04,  2.81s/it]
comment feature extracting, time string encoding and graph constructing ...:   8%|▋       | 123/1467 [02:51<55:05,  2.46s/it]
comment feature extracting, time string encoding and graph constructing ...:   8%|▋       | 124/1467 [02:52<44:40,  2.00s/it]
comment feature extracting, time string encoding and graph constructing ...:   9%|▋       | 125/1467 [02:54<41:44,  1.87s/it]
comment feature extracting, time string encoding and graph constructing ...:   9%|▋       | 126/1467 [02:54<35:21,  1.58s/it]
comment feature extracting, time string encoding and graph constructing ...:   9%|▋       | 127/1467 [02:56<37:22,  1.67s/it]
comment feature extracting, time string encoding and graph constructing ...:   9%|▋       | 128/1467 [02:59<44:17,  1.98s/it]
comment feature extracting, time string encoding and graph constructing ...:   9%|▋       | 129/1467 [03:00<39:25,  1.77s/it]
comment feature extracting, time string encoding and graph constructing ...:   9%|▋       | 130/1467 [03:00<28:45,  1.29s/it]
comment feature extracting, time string encoding and graph constructing ...:   9%|▋       | 131/1467 [03:02<32:26,  1.46s/it]
comment feature extracting, time string encoding and graph constructing ...:   9%|▋       | 132/1467 [03:03<26:18,  1.18s/it]
comment feature extracting, time string encoding and graph constructing ...:   9%|▋       | 133/1467 [03:07<45:02,  2.03s/it]
comment feature extracting, time string encoding and graph constructing ...:   9%|▋       | 134/1467 [03:08<39:16,  1.77s/it]
comment feature extracting, time string encoding and graph constructing ...:   9%|▋       | 135/1467 [03:11<48:18,  2.18s/it]
comment feature extracting, time string encoding and graph constructing ...:   9%|▋       | 136/1467 [03:12<37:06,  1.67s/it]
comment feature extracting, time string encoding and graph constructing ...:   9%|▋       | 137/1467 [03:15<46:37,  2.10s/it]
comment feature extracting, time string encoding and graph constructing ...:   9%|▊       | 138/1467 [03:15<35:33,  1.61s/it]
comment feature extracting, time string encoding and graph constructing ...:   9%|▊       | 139/1467 [03:17<36:16,  1.64s/it]
comment feature extracting, time string encoding and graph constructing ...:  10%|▊       | 140/1467 [03:18<32:11,  1.46s/it]
comment feature extracting, time string encoding and graph constructing ...:  10%|▊       | 141/1467 [03:20<38:29,  1.74s/it]
comment feature extracting, time string encoding and graph constructing ...:  10%|▊       | 142/1467 [03:22<35:53,  1.63s/it]
comment feature extracting, time string encoding and graph constructing ...:  10%|▊       | 143/1467 [03:24<37:30,  1.70s/it]
comment feature extracting, time string encoding and graph constructing ...:  10%|▌     | 144/1467 [03:30<1:09:17,  3.14s/it]
comment feature extracting, time string encoding and graph constructing ...:  10%|▌     | 145/1467 [03:34<1:15:02,  3.41s/it]
comment feature extracting, time string encoding and graph constructing ...:  10%|▌     | 146/1467 [03:36<1:08:06,  3.09s/it]
comment feature extracting, time string encoding and graph constructing ...:  10%|▌     | 147/1467 [03:39<1:01:23,  2.79s/it]
comment feature extracting, time string encoding and graph constructing ...:  10%|▌     | 148/1467 [03:44<1:18:31,  3.57s/it]
comment feature extracting, time string encoding and graph constructing ...:  10%|▌     | 149/1467 [03:48<1:20:17,  3.66s/it]
comment feature extracting, time string encoding and graph constructing ...:  10%|▊       | 150/1467 [03:48<58:44,  2.68s/it]
comment feature extracting, time string encoding and graph constructing ...:  10%|▌     | 151/1467 [03:51<1:02:37,  2.86s/it]
comment feature extracting, time string encoding and graph constructing ...:  10%|▊       | 152/1467 [03:53<54:03,  2.47s/it]
comment feature extracting, time string encoding and graph constructing ...:  10%|▊       | 153/1467 [03:55<52:19,  2.39s/it]
comment feature extracting, time string encoding and graph constructing ...:  10%|▊       | 154/1467 [03:56<43:57,  2.01s/it]
comment feature extracting, time string encoding and graph constructing ...:  11%|▊       | 155/1467 [04:00<53:32,  2.45s/it]
comment feature extracting, time string encoding and graph constructing ...:  11%|▊       | 156/1467 [04:02<52:34,  2.41s/it]
comment feature extracting, time string encoding and graph constructing ...:  11%|▋     | 157/1467 [04:07<1:08:33,  3.14s/it]
comment feature extracting, time string encoding and graph constructing ...:  11%|▋     | 158/1467 [04:10<1:07:38,  3.10s/it]
comment feature extracting, time string encoding and graph constructing ...:  11%|▋     | 159/1467 [04:14<1:12:00,  3.30s/it]
comment feature extracting, time string encoding and graph constructing ...:  11%|▊       | 160/1467 [04:15<59:50,  2.75s/it]
comment feature extracting, time string encoding and graph constructing ...:  11%|▋     | 161/1467 [04:20<1:10:53,  3.26s/it]
comment feature extracting, time string encoding and graph constructing ...:  11%|▋     | 162/1467 [04:23<1:10:47,  3.25s/it]
comment feature extracting, time string encoding and graph constructing ...:  11%|▋     | 163/1467 [04:25<1:00:52,  2.80s/it]
comment feature extracting, time string encoding and graph constructing ...:  11%|▉       | 164/1467 [04:26<50:01,  2.30s/it]
comment feature extracting, time string encoding and graph constructing ...:  11%|▉       | 165/1467 [04:28<47:46,  2.20s/it]
comment feature extracting, time string encoding and graph constructing ...:  11%|▉       | 166/1467 [04:29<41:57,  1.93s/it]
comment feature extracting, time string encoding and graph constructing ...:  11%|▉       | 167/1467 [04:30<32:18,  1.49s/it]
comment feature extracting, time string encoding and graph constructing ...:  11%|▉       | 168/1467 [04:30<23:36,  1.09s/it]
comment feature extracting, time string encoding and graph constructing ...:  12%|▉       | 169/1467 [04:35<50:23,  2.33s/it]
comment feature extracting, time string encoding and graph constructing ...:  12%|▉       | 170/1467 [04:35<38:26,  1.78s/it]
comment feature extracting, time string encoding and graph constructing ...:  12%|▉       | 171/1467 [04:36<30:45,  1.42s/it]
comment feature extracting, time string encoding and graph constructing ...:  12%|▉       | 172/1467 [04:36<23:27,  1.09s/it]
comment feature extracting, time string encoding and graph constructing ...:  12%|▉       | 173/1467 [04:38<30:06,  1.40s/it]
comment feature extracting, time string encoding and graph constructing ...:  12%|▉       | 174/1467 [04:42<47:09,  2.19s/it]
comment feature extracting, time string encoding and graph constructing ...:  12%|▉       | 175/1467 [04:43<38:46,  1.80s/it]
comment feature extracting, time string encoding and graph constructing ...:  12%|▉       | 176/1467 [04:47<52:27,  2.44s/it]
comment feature extracting, time string encoding and graph constructing ...:  12%|▉       | 177/1467 [04:48<40:44,  1.89s/it]
comment feature extracting, time string encoding and graph constructing ...:  12%|▉       | 178/1467 [04:50<43:32,  2.03s/it]
comment feature extracting, time string encoding and graph constructing ...:  12%|▉       | 179/1467 [04:54<57:12,  2.67s/it]
comment feature extracting, time string encoding and graph constructing ...:  12%|▋     | 180/1467 [05:01<1:24:49,  3.95s/it]
comment feature extracting, time string encoding and graph constructing ...:  12%|▋     | 181/1467 [05:02<1:01:34,  2.87s/it]
comment feature extracting, time string encoding and graph constructing ...:  12%|▉       | 183/1467 [05:03<37:59,  1.78s/it]
comment feature extracting, time string encoding and graph constructing ...:  13%|█       | 184/1467 [05:04<34:57,  1.63s/it]
comment feature extracting, time string encoding and graph constructing ...:  13%|█       | 185/1467 [05:07<43:11,  2.02s/it]
comment feature extracting, time string encoding and graph constructing ...:  13%|█       | 186/1467 [05:08<35:11,  1.65s/it]
comment feature extracting, time string encoding and graph constructing ...:  13%|█       | 187/1467 [05:09<32:20,  1.52s/it]
comment feature extracting, time string encoding and graph constructing ...:  13%|█       | 188/1467 [05:11<33:20,  1.56s/it]
comment feature extracting, time string encoding and graph constructing ...:  13%|█       | 189/1467 [05:15<49:38,  2.33s/it]
comment feature extracting, time string encoding and graph constructing ...:  13%|█       | 190/1467 [05:17<46:34,  2.19s/it]
comment feature extracting, time string encoding and graph constructing ...:  13%|█       | 191/1467 [05:18<41:58,  1.97s/it]
comment feature extracting, time string encoding and graph constructing ...:  13%|█       | 192/1467 [05:19<35:52,  1.69s/it]
comment feature extracting, time string encoding and graph constructing ...:  13%|█       | 193/1467 [05:20<34:14,  1.61s/it]
comment feature extracting, time string encoding and graph constructing ...:  13%|█       | 194/1467 [05:26<56:09,  2.65s/it]
comment feature extracting, time string encoding and graph constructing ...:  13%|█       | 195/1467 [05:26<44:46,  2.11s/it]
comment feature extracting, time string encoding and graph constructing ...:  13%|█       | 196/1467 [05:29<48:38,  2.30s/it]
comment feature extracting, time string encoding and graph constructing ...:  13%|█       | 197/1467 [05:30<37:04,  1.75s/it]
comment feature extracting, time string encoding and graph constructing ...:  13%|█       | 198/1467 [05:30<31:15,  1.48s/it]
comment feature extracting, time string encoding and graph constructing ...:  14%|█       | 199/1467 [05:34<42:03,  1.99s/it]
comment feature extracting, time string encoding and graph constructing ...:  14%|█       | 200/1467 [05:35<37:54,  1.79s/it]
comment feature extracting, time string encoding and graph constructing ...:  14%|█       | 201/1467 [05:36<34:00,  1.61s/it]
comment feature extracting, time string encoding and graph constructing ...:  14%|█       | 202/1467 [05:37<26:40,  1.27s/it]
comment feature extracting, time string encoding and graph constructing ...:  14%|█       | 203/1467 [05:41<47:25,  2.25s/it]
comment feature extracting, time string encoding and graph constructing ...:  14%|▊     | 204/1467 [05:45<1:00:06,  2.86s/it]
comment feature extracting, time string encoding and graph constructing ...:  14%|█       | 205/1467 [05:47<54:36,  2.60s/it]
comment feature extracting, time string encoding and graph constructing ...:  14%|█       | 206/1467 [05:49<47:12,  2.25s/it]
comment feature extracting, time string encoding and graph constructing ...:  14%|▊     | 207/1467 [05:54<1:06:01,  3.14s/it]
comment feature extracting, time string encoding and graph constructing ...:  14%|█▏      | 208/1467 [05:55<52:17,  2.49s/it]
comment feature extracting, time string encoding and graph constructing ...:  14%|█▏      | 209/1467 [05:56<43:02,  2.05s/it]
comment feature extracting, time string encoding and graph constructing ...:  14%|█▏      | 210/1467 [05:58<39:12,  1.87s/it]
comment feature extracting, time string encoding and graph constructing ...:  14%|█▏      | 211/1467 [06:02<55:41,  2.66s/it]
comment feature extracting, time string encoding and graph constructing ...:  14%|█▏      | 212/1467 [06:03<47:43,  2.28s/it]
comment feature extracting, time string encoding and graph constructing ...:  15%|█▏      | 213/1467 [06:05<41:50,  2.00s/it]
comment feature extracting, time string encoding and graph constructing ...:  15%|█▏      | 214/1467 [06:07<42:52,  2.05s/it]
comment feature extracting, time string encoding and graph constructing ...:  15%|█▏      | 215/1467 [06:08<38:48,  1.86s/it]
comment feature extracting, time string encoding and graph constructing ...:  15%|█▏      | 216/1467 [06:10<38:15,  1.83s/it]
comment feature extracting, time string encoding and graph constructing ...:  15%|█▏      | 217/1467 [06:13<41:44,  2.00s/it]
comment feature extracting, time string encoding and graph constructing ...:  15%|█▏      | 218/1467 [06:14<36:54,  1.77s/it]
comment feature extracting, time string encoding and graph constructing ...:  15%|▉     | 219/1467 [06:21<1:08:07,  3.28s/it]
comment feature extracting, time string encoding and graph constructing ...:  15%|█▏      | 220/1467 [06:22<56:27,  2.72s/it]
comment feature extracting, time string encoding and graph constructing ...:  15%|▉     | 221/1467 [06:28<1:18:02,  3.76s/it]
comment feature extracting, time string encoding and graph constructing ...:  15%|▉     | 222/1467 [06:32<1:20:27,  3.88s/it]
comment feature extracting, time string encoding and graph constructing ...:  15%|▉     | 223/1467 [06:36<1:17:50,  3.75s/it]
comment feature extracting, time string encoding and graph constructing ...:  15%|▉     | 224/1467 [06:37<1:01:23,  2.96s/it]
comment feature extracting, time string encoding and graph constructing ...:  15%|▉     | 225/1467 [06:41<1:07:41,  3.27s/it]
comment feature extracting, time string encoding and graph constructing ...:  15%|█▏      | 226/1467 [06:42<55:40,  2.69s/it]
comment feature extracting, time string encoding and graph constructing ...:  15%|█▏      | 227/1467 [06:43<44:44,  2.16s/it]
comment feature extracting, time string encoding and graph constructing ...:  16%|█▏      | 228/1467 [06:44<36:45,  1.78s/it]
comment feature extracting, time string encoding and graph constructing ...:  16%|█▏      | 229/1467 [06:46<40:06,  1.94s/it]
comment feature extracting, time string encoding and graph constructing ...:  16%|█▎      | 230/1467 [06:49<46:01,  2.23s/it]
comment feature extracting, time string encoding and graph constructing ...:  16%|█▎      | 231/1467 [06:52<46:20,  2.25s/it]
comment feature extracting, time string encoding and graph constructing ...:  16%|█▎      | 232/1467 [06:53<39:28,  1.92s/it]
comment feature extracting, time string encoding and graph constructing ...:  16%|█▎      | 233/1467 [06:56<45:23,  2.21s/it]
comment feature extracting, time string encoding and graph constructing ...:  16%|█▎      | 234/1467 [06:57<40:24,  1.97s/it]
comment feature extracting, time string encoding and graph constructing ...:  16%|█▎      | 235/1467 [06:58<31:14,  1.52s/it]
comment feature extracting, time string encoding and graph constructing ...:  16%|█▎      | 236/1467 [06:58<25:44,  1.25s/it]
comment feature extracting, time string encoding and graph constructing ...:  16%|█▎      | 237/1467 [07:03<46:18,  2.26s/it]
comment feature extracting, time string encoding and graph constructing ...:  16%|█▎      | 238/1467 [07:03<36:45,  1.79s/it]
comment feature extracting, time string encoding and graph constructing ...:  16%|█▎      | 239/1467 [07:07<47:45,  2.33s/it]
comment feature extracting, time string encoding and graph constructing ...:  16%|█▎      | 240/1467 [07:08<40:02,  1.96s/it]
comment feature extracting, time string encoding and graph constructing ...:  16%|█▎      | 241/1467 [07:11<42:47,  2.09s/it]
comment feature extracting, time string encoding and graph constructing ...:  16%|█▎      | 242/1467 [07:15<58:50,  2.88s/it]
comment feature extracting, time string encoding and graph constructing ...:  17%|█▎      | 243/1467 [07:17<49:31,  2.43s/it]
comment feature extracting, time string encoding and graph constructing ...:  17%|█▎      | 244/1467 [07:19<46:17,  2.27s/it]
comment feature extracting, time string encoding and graph constructing ...:  17%|█▎      | 245/1467 [07:21<44:32,  2.19s/it]
comment feature extracting, time string encoding and graph constructing ...:  17%|█     | 246/1467 [07:26<1:01:33,  3.02s/it]
comment feature extracting, time string encoding and graph constructing ...:  17%|█▎      | 247/1467 [07:26<45:39,  2.25s/it]
comment feature extracting, time string encoding and graph constructing ...:  17%|█▎      | 248/1467 [07:27<35:41,  1.76s/it]
comment feature extracting, time string encoding and graph constructing ...:  17%|█▎      | 249/1467 [07:29<40:31,  2.00s/it]
comment feature extracting, time string encoding and graph constructing ...:  17%|█▎      | 250/1467 [07:31<37:12,  1.83s/it]
comment feature extracting, time string encoding and graph constructing ...:  17%|█▎      | 251/1467 [07:33<43:30,  2.15s/it]
comment feature extracting, time string encoding and graph constructing ...:  17%|█▎      | 252/1467 [07:36<43:22,  2.14s/it]
comment feature extracting, time string encoding and graph constructing ...:  17%|█▍      | 253/1467 [07:38<46:38,  2.31s/it]
comment feature extracting, time string encoding and graph constructing ...:  17%|█▍      | 254/1467 [07:41<46:30,  2.30s/it]
comment feature extracting, time string encoding and graph constructing ...:  17%|█▍      | 255/1467 [07:41<35:46,  1.77s/it]
comment feature extracting, time string encoding and graph constructing ...:  17%|█▍      | 256/1467 [07:42<30:39,  1.52s/it]
comment feature extracting, time string encoding and graph constructing ...:  18%|█▍      | 257/1467 [07:43<26:08,  1.30s/it]
comment feature extracting, time string encoding and graph constructing ...:  18%|█▍      | 258/1467 [07:44<25:36,  1.27s/it]
comment feature extracting, time string encoding and graph constructing ...:  18%|█▍      | 259/1467 [07:46<31:00,  1.54s/it]
comment feature extracting, time string encoding and graph constructing ...:  18%|█▍      | 260/1467 [07:47<24:28,  1.22s/it]
comment feature extracting, time string encoding and graph constructing ...:  18%|█▍      | 261/1467 [07:48<22:56,  1.14s/it]
comment feature extracting, time string encoding and graph constructing ...:  18%|█▍      | 262/1467 [07:49<22:25,  1.12s/it]
comment feature extracting, time string encoding and graph constructing ...:  18%|█▍      | 263/1467 [07:51<27:38,  1.38s/it]
comment feature extracting, time string encoding and graph constructing ...:  18%|█▍      | 264/1467 [07:57<58:34,  2.92s/it]
comment feature extracting, time string encoding and graph constructing ...:  18%|█     | 265/1467 [08:02<1:07:51,  3.39s/it]
comment feature extracting, time string encoding and graph constructing ...:  18%|█     | 266/1467 [08:05<1:07:59,  3.40s/it]
comment feature extracting, time string encoding and graph constructing ...:  18%|█▍      | 267/1467 [08:06<53:06,  2.66s/it]
comment feature extracting, time string encoding and graph constructing ...:  18%|█▍      | 268/1467 [08:10<58:17,  2.92s/it]
comment feature extracting, time string encoding and graph constructing ...:  18%|█     | 269/1467 [08:13<1:03:50,  3.20s/it]
comment feature extracting, time string encoding and graph constructing ...:  18%|█▍      | 270/1467 [08:15<52:58,  2.66s/it]
comment feature extracting, time string encoding and graph constructing ...:  18%|█▍      | 271/1467 [08:15<40:29,  2.03s/it]
comment feature extracting, time string encoding and graph constructing ...:  19%|█▍      | 272/1467 [08:19<49:15,  2.47s/it]
comment feature extracting, time string encoding and graph constructing ...:  19%|█▍      | 273/1467 [08:20<42:10,  2.12s/it]
comment feature extracting, time string encoding and graph constructing ...:  19%|█▍      | 274/1467 [08:20<30:58,  1.56s/it]
comment feature extracting, time string encoding and graph constructing ...:  19%|█▍      | 275/1467 [08:22<29:48,  1.50s/it]
comment feature extracting, time string encoding and graph constructing ...:  19%|█▌      | 276/1467 [08:27<52:09,  2.63s/it]
comment feature extracting, time string encoding and graph constructing ...:  19%|█▌      | 277/1467 [08:31<58:06,  2.93s/it]
comment feature extracting, time string encoding and graph constructing ...:  19%|█▌      | 278/1467 [08:33<54:02,  2.73s/it]
comment feature extracting, time string encoding and graph constructing ...:  19%|█▌      | 279/1467 [08:34<43:45,  2.21s/it]
comment feature extracting, time string encoding and graph constructing ...:  19%|█▌      | 280/1467 [08:36<43:40,  2.21s/it]
comment feature extracting, time string encoding and graph constructing ...:  19%|█▌      | 281/1467 [08:38<40:20,  2.04s/it]
comment feature extracting, time string encoding and graph constructing ...:  19%|█▌      | 282/1467 [08:39<36:55,  1.87s/it]
comment feature extracting, time string encoding and graph constructing ...:  19%|█▌      | 283/1467 [08:44<55:18,  2.80s/it]
comment feature extracting, time string encoding and graph constructing ...:  19%|█▌      | 284/1467 [08:45<46:00,  2.33s/it]
comment feature extracting, time string encoding and graph constructing ...:  19%|█▌      | 285/1467 [08:50<56:48,  2.88s/it]
comment feature extracting, time string encoding and graph constructing ...:  19%|█▏    | 286/1467 [08:57<1:22:55,  4.21s/it]
comment feature extracting, time string encoding and graph constructing ...:  20%|█▏    | 287/1467 [08:58<1:06:45,  3.39s/it]
comment feature extracting, time string encoding and graph constructing ...:  20%|█▌      | 288/1467 [09:00<56:00,  2.85s/it]
comment feature extracting, time string encoding and graph constructing ...:  20%|█▏    | 289/1467 [09:04<1:02:47,  3.20s/it]
comment feature extracting, time string encoding and graph constructing ...:  20%|█▏    | 290/1467 [09:07<1:03:01,  3.21s/it]
comment feature extracting, time string encoding and graph constructing ...:  20%|█▌      | 291/1467 [09:09<53:09,  2.71s/it]
comment feature extracting, time string encoding and graph constructing ...:  20%|█▌      | 292/1467 [09:12<53:49,  2.75s/it]
comment feature extracting, time string encoding and graph constructing ...:  20%|█▌      | 293/1467 [09:13<46:01,  2.35s/it]
comment feature extracting, time string encoding and graph constructing ...:  20%|█▌      | 294/1467 [09:15<43:42,  2.24s/it]
comment feature extracting, time string encoding and graph constructing ...:  20%|█▌      | 295/1467 [09:17<42:47,  2.19s/it]
comment feature extracting, time string encoding and graph constructing ...:  20%|█▌      | 296/1467 [09:18<38:01,  1.95s/it]
comment feature extracting, time string encoding and graph constructing ...:  20%|█▌      | 297/1467 [09:20<38:04,  1.95s/it]
comment feature extracting, time string encoding and graph constructing ...:  20%|█▋      | 298/1467 [09:22<34:21,  1.76s/it]
comment feature extracting, time string encoding and graph constructing ...:  20%|█▋      | 299/1467 [09:23<33:09,  1.70s/it]
comment feature extracting, time string encoding and graph constructing ...:  20%|█▋      | 300/1467 [09:26<38:13,  1.97s/it]
comment feature extracting, time string encoding and graph constructing ...:  21%|█▋      | 301/1467 [09:28<39:56,  2.06s/it]
comment feature extracting, time string encoding and graph constructing ...:  21%|█▋      | 302/1467 [09:29<32:37,  1.68s/it]
comment feature extracting, time string encoding and graph constructing ...:  21%|█▋      | 303/1467 [09:29<25:44,  1.33s/it]
comment feature extracting, time string encoding and graph constructing ...:  21%|█▋      | 304/1467 [09:32<33:59,  1.75s/it]
comment feature extracting, time string encoding and graph constructing ...:  21%|█▋      | 305/1467 [09:33<26:48,  1.38s/it]
comment feature extracting, time string encoding and graph constructing ...:  21%|█▋      | 306/1467 [09:36<37:50,  1.96s/it]
comment feature extracting, time string encoding and graph constructing ...:  21%|█▋      | 307/1467 [09:38<35:08,  1.82s/it]
comment feature extracting, time string encoding and graph constructing ...:  21%|█▋      | 308/1467 [09:38<27:58,  1.45s/it]
comment feature extracting, time string encoding and graph constructing ...:  21%|█▋      | 309/1467 [09:41<38:53,  2.01s/it]
comment feature extracting, time string encoding and graph constructing ...:  21%|█▋      | 310/1467 [09:43<33:35,  1.74s/it]
comment feature extracting, time string encoding and graph constructing ...:  21%|█▋      | 311/1467 [09:45<35:22,  1.84s/it]
comment feature extracting, time string encoding and graph constructing ...:  21%|█▋      | 312/1467 [09:47<36:51,  1.91s/it]
comment feature extracting, time string encoding and graph constructing ...:  21%|█▎    | 313/1467 [09:53<1:03:02,  3.28s/it]
comment feature extracting, time string encoding and graph constructing ...:  21%|█▎    | 314/1467 [09:56<1:01:43,  3.21s/it]
comment feature extracting, time string encoding and graph constructing ...:  21%|█▋      | 315/1467 [09:58<55:33,  2.89s/it]
comment feature extracting, time string encoding and graph constructing ...:  22%|█▋      | 316/1467 [09:59<42:34,  2.22s/it]
comment feature extracting, time string encoding and graph constructing ...:  22%|█▋      | 317/1467 [10:00<33:43,  1.76s/it]
comment feature extracting, time string encoding and graph constructing ...:  22%|█▋      | 318/1467 [10:01<28:44,  1.50s/it]
comment feature extracting, time string encoding and graph constructing ...:  22%|█▋      | 319/1467 [10:02<26:40,  1.39s/it]
comment feature extracting, time string encoding and graph constructing ...:  22%|█▋      | 320/1467 [10:03<28:16,  1.48s/it]
comment feature extracting, time string encoding and graph constructing ...:  22%|█▊      | 321/1467 [10:06<33:56,  1.78s/it]
comment feature extracting, time string encoding and graph constructing ...:  22%|█▊      | 322/1467 [10:10<47:24,  2.48s/it]
comment feature extracting, time string encoding and graph constructing ...:  22%|█▎    | 323/1467 [10:16<1:06:07,  3.47s/it]
comment feature extracting, time string encoding and graph constructing ...:  22%|█▎    | 324/1467 [10:20<1:10:10,  3.68s/it]
comment feature extracting, time string encoding and graph constructing ...:  22%|█▎    | 325/1467 [10:22<1:01:16,  3.22s/it]
comment feature extracting, time string encoding and graph constructing ...:  22%|█▊      | 326/1467 [10:22<43:49,  2.30s/it]
comment feature extracting, time string encoding and graph constructing ...:  22%|█▊      | 327/1467 [10:25<47:57,  2.52s/it]
comment feature extracting, time string encoding and graph constructing ...:  22%|█▊      | 328/1467 [10:27<44:51,  2.36s/it]
comment feature extracting, time string encoding and graph constructing ...:  22%|█▊      | 329/1467 [10:28<36:17,  1.91s/it]
comment feature extracting, time string encoding and graph constructing ...:  22%|█▊      | 330/1467 [10:29<29:23,  1.55s/it]
comment feature extracting, time string encoding and graph constructing ...:  23%|█▊      | 331/1467 [10:30<26:08,  1.38s/it]
comment feature extracting, time string encoding and graph constructing ...:  23%|█▊      | 332/1467 [10:31<22:50,  1.21s/it]
comment feature extracting, time string encoding and graph constructing ...:  23%|█▊      | 333/1467 [10:33<29:03,  1.54s/it]
comment feature extracting, time string encoding and graph constructing ...:  23%|█▊      | 334/1467 [10:37<43:54,  2.32s/it]
comment feature extracting, time string encoding and graph constructing ...:  23%|█▊      | 335/1467 [10:38<35:38,  1.89s/it]
comment feature extracting, time string encoding and graph constructing ...:  23%|█▊      | 336/1467 [10:40<34:21,  1.82s/it]
comment feature extracting, time string encoding and graph constructing ...:  23%|█▊      | 337/1467 [10:41<30:23,  1.61s/it]
comment feature extracting, time string encoding and graph constructing ...:  23%|█▊      | 338/1467 [10:42<25:28,  1.35s/it]
comment feature extracting, time string encoding and graph constructing ...:  23%|█▊      | 339/1467 [10:43<25:55,  1.38s/it]
comment feature extracting, time string encoding and graph constructing ...:  23%|█▊      | 340/1467 [10:45<27:15,  1.45s/it]
comment feature extracting, time string encoding and graph constructing ...:  23%|█▊      | 341/1467 [10:46<28:39,  1.53s/it]
comment feature extracting, time string encoding and graph constructing ...:  23%|█▊      | 342/1467 [10:47<24:01,  1.28s/it]
comment feature extracting, time string encoding and graph constructing ...:  23%|█▊      | 343/1467 [10:49<29:33,  1.58s/it]
comment feature extracting, time string encoding and graph constructing ...:  23%|█▉      | 344/1467 [10:55<55:01,  2.94s/it]
comment feature extracting, time string encoding and graph constructing ...:  24%|█▉      | 345/1467 [10:57<44:40,  2.39s/it]
comment feature extracting, time string encoding and graph constructing ...:  24%|█▉      | 346/1467 [11:00<48:20,  2.59s/it]
comment feature extracting, time string encoding and graph constructing ...:  24%|█▉      | 347/1467 [11:00<38:22,  2.06s/it]
comment feature extracting, time string encoding and graph constructing ...:  24%|█▉      | 348/1467 [11:04<49:51,  2.67s/it]
comment feature extracting, time string encoding and graph constructing ...:  24%|█▉      | 349/1467 [11:05<40:30,  2.17s/it]
comment feature extracting, time string encoding and graph constructing ...:  24%|█▉      | 350/1467 [11:06<31:15,  1.68s/it]
comment feature extracting, time string encoding and graph constructing ...:  24%|█▉      | 351/1467 [11:08<32:06,  1.73s/it]
comment feature extracting, time string encoding and graph constructing ...:  24%|█▉      | 352/1467 [11:09<28:57,  1.56s/it]
comment feature extracting, time string encoding and graph constructing ...:  24%|█▉      | 353/1467 [11:13<42:28,  2.29s/it]
comment feature extracting, time string encoding and graph constructing ...:  24%|█▉      | 354/1467 [11:16<47:41,  2.57s/it]
comment feature extracting, time string encoding and graph constructing ...:  24%|█▉      | 355/1467 [11:20<51:44,  2.79s/it]
comment feature extracting, time string encoding and graph constructing ...:  24%|█▉      | 356/1467 [11:21<43:51,  2.37s/it]
comment feature extracting, time string encoding and graph constructing ...:  24%|█▉      | 357/1467 [11:21<32:37,  1.76s/it]
comment feature extracting, time string encoding and graph constructing ...:  24%|█▉      | 358/1467 [11:23<33:26,  1.81s/it]
comment feature extracting, time string encoding and graph constructing ...:  24%|█▉      | 359/1467 [11:26<39:30,  2.14s/it]
comment feature extracting, time string encoding and graph constructing ...:  25%|█▉      | 360/1467 [11:28<36:13,  1.96s/it]
comment feature extracting, time string encoding and graph constructing ...:  25%|█▉      | 361/1467 [11:29<30:16,  1.64s/it]
comment feature extracting, time string encoding and graph constructing ...:  25%|█▉      | 362/1467 [11:31<33:00,  1.79s/it]
comment feature extracting, time string encoding and graph constructing ...:  25%|█▉      | 363/1467 [11:34<39:06,  2.13s/it]
comment feature extracting, time string encoding and graph constructing ...:  25%|█▉      | 364/1467 [11:36<41:32,  2.26s/it]
comment feature extracting, time string encoding and graph constructing ...:  25%|█▉      | 365/1467 [11:37<31:04,  1.69s/it]
comment feature extracting, time string encoding and graph constructing ...:  25%|█▉      | 366/1467 [11:39<35:09,  1.92s/it]
comment feature extracting, time string encoding and graph constructing ...:  25%|██      | 367/1467 [11:41<33:42,  1.84s/it]
comment feature extracting, time string encoding and graph constructing ...:  25%|██      | 368/1467 [11:43<37:52,  2.07s/it]
comment feature extracting, time string encoding and graph constructing ...:  25%|██      | 369/1467 [11:46<41:32,  2.27s/it]
comment feature extracting, time string encoding and graph constructing ...:  25%|██      | 370/1467 [11:47<33:14,  1.82s/it]
comment feature extracting, time string encoding and graph constructing ...:  25%|██      | 371/1467 [11:48<28:33,  1.56s/it]
comment feature extracting, time string encoding and graph constructing ...:  25%|██      | 372/1467 [11:50<31:38,  1.73s/it]
comment feature extracting, time string encoding and graph constructing ...:  25%|██      | 373/1467 [11:54<47:28,  2.60s/it]
comment feature extracting, time string encoding and graph constructing ...:  25%|██      | 374/1467 [11:55<36:21,  2.00s/it]
comment feature extracting, time string encoding and graph constructing ...:  26%|██      | 375/1467 [12:00<52:56,  2.91s/it]
comment feature extracting, time string encoding and graph constructing ...:  26%|██      | 376/1467 [12:01<42:56,  2.36s/it]
comment feature extracting, time string encoding and graph constructing ...:  26%|██      | 377/1467 [12:02<35:02,  1.93s/it]
comment feature extracting, time string encoding and graph constructing ...:  26%|██      | 378/1467 [12:06<43:30,  2.40s/it]
comment feature extracting, time string encoding and graph constructing ...:  26%|██      | 379/1467 [12:08<42:00,  2.32s/it]
comment feature extracting, time string encoding and graph constructing ...:  26%|██      | 380/1467 [12:09<37:14,  2.06s/it]
comment feature extracting, time string encoding and graph constructing ...:  26%|██      | 381/1467 [12:11<35:14,  1.95s/it]
comment feature extracting, time string encoding and graph constructing ...:  26%|██      | 382/1467 [12:12<28:44,  1.59s/it]
comment feature extracting, time string encoding and graph constructing ...:  26%|██      | 383/1467 [12:12<21:49,  1.21s/it]
comment feature extracting, time string encoding and graph constructing ...:  26%|██      | 384/1467 [12:12<18:19,  1.02s/it]
comment feature extracting, time string encoding and graph constructing ...:  26%|██      | 385/1467 [12:14<22:48,  1.26s/it]
comment feature extracting, time string encoding and graph constructing ...:  26%|██      | 386/1467 [12:15<20:01,  1.11s/it]
comment feature extracting, time string encoding and graph constructing ...:  26%|██      | 387/1467 [12:19<33:26,  1.86s/it]
comment feature extracting, time string encoding and graph constructing ...:  26%|██      | 388/1467 [12:21<33:58,  1.89s/it]
comment feature extracting, time string encoding and graph constructing ...:  27%|██      | 389/1467 [12:22<33:10,  1.85s/it]
comment feature extracting, time string encoding and graph constructing ...:  27%|██▏     | 390/1467 [12:23<26:15,  1.46s/it]
comment feature extracting, time string encoding and graph constructing ...:  27%|██▏     | 391/1467 [12:25<29:20,  1.64s/it]
comment feature extracting, time string encoding and graph constructing ...:  27%|██▏     | 392/1467 [12:29<40:04,  2.24s/it]
comment feature extracting, time string encoding and graph constructing ...:  27%|██▏     | 393/1467 [12:29<31:45,  1.77s/it]
comment feature extracting, time string encoding and graph constructing ...:  27%|██▏     | 394/1467 [12:33<42:12,  2.36s/it]
comment feature extracting, time string encoding and graph constructing ...:  27%|██▏     | 395/1467 [12:37<48:46,  2.73s/it]
comment feature extracting, time string encoding and graph constructing ...:  27%|██▏     | 396/1467 [12:37<37:54,  2.12s/it]
comment feature extracting, time string encoding and graph constructing ...:  27%|██▏     | 397/1467 [12:39<35:26,  1.99s/it]
comment feature extracting, time string encoding and graph constructing ...:  27%|██▏     | 398/1467 [12:40<28:07,  1.58s/it]
comment feature extracting, time string encoding and graph constructing ...:  27%|██▏     | 399/1467 [12:41<26:54,  1.51s/it]
comment feature extracting, time string encoding and graph constructing ...:  27%|██▏     | 400/1467 [12:48<57:05,  3.21s/it]
comment feature extracting, time string encoding and graph constructing ...:  27%|██▏     | 401/1467 [12:49<42:25,  2.39s/it]
comment feature extracting, time string encoding and graph constructing ...:  27%|██▏     | 402/1467 [12:49<33:12,  1.87s/it]
comment feature extracting, time string encoding and graph constructing ...:  27%|██▏     | 403/1467 [12:52<39:27,  2.23s/it]
comment feature extracting, time string encoding and graph constructing ...:  28%|██▏     | 404/1467 [12:54<35:32,  2.01s/it]
comment feature extracting, time string encoding and graph constructing ...:  28%|██▏     | 405/1467 [12:56<33:42,  1.90s/it]
comment feature extracting, time string encoding and graph constructing ...:  28%|██▏     | 406/1467 [13:00<46:32,  2.63s/it]
comment feature extracting, time string encoding and graph constructing ...:  28%|██▏     | 407/1467 [13:03<46:29,  2.63s/it]
comment feature extracting, time string encoding and graph constructing ...:  28%|██▏     | 408/1467 [13:03<35:45,  2.03s/it]
comment feature extracting, time string encoding and graph constructing ...:  28%|██▏     | 409/1467 [13:04<31:17,  1.77s/it]
comment feature extracting, time string encoding and graph constructing ...:  28%|██▏     | 410/1467 [13:05<23:55,  1.36s/it]
comment feature extracting, time string encoding and graph constructing ...:  28%|██▏     | 411/1467 [13:05<18:57,  1.08s/it]
comment feature extracting, time string encoding and graph constructing ...:  28%|██▏     | 412/1467 [13:10<38:21,  2.18s/it]
comment feature extracting, time string encoding and graph constructing ...:  28%|██▎     | 413/1467 [13:11<31:13,  1.78s/it]
comment feature extracting, time string encoding and graph constructing ...:  28%|██▎     | 414/1467 [13:13<31:45,  1.81s/it]
comment feature extracting, time string encoding and graph constructing ...:  28%|██▎     | 415/1467 [13:14<28:19,  1.62s/it]
comment feature extracting, time string encoding and graph constructing ...:  28%|██▎     | 416/1467 [13:15<27:54,  1.59s/it]
comment feature extracting, time string encoding and graph constructing ...:  28%|██▎     | 417/1467 [13:18<31:44,  1.81s/it]
comment feature extracting, time string encoding and graph constructing ...:  28%|██▎     | 418/1467 [13:20<35:14,  2.02s/it]
comment feature extracting, time string encoding and graph constructing ...:  29%|██▎     | 419/1467 [13:21<29:39,  1.70s/it]
comment feature extracting, time string encoding and graph constructing ...:  29%|██▎     | 420/1467 [13:23<31:13,  1.79s/it]
comment feature extracting, time string encoding and graph constructing ...:  29%|██▎     | 421/1467 [13:25<32:32,  1.87s/it]
comment feature extracting, time string encoding and graph constructing ...:  29%|██▎     | 422/1467 [13:27<30:09,  1.73s/it]
comment feature extracting, time string encoding and graph constructing ...:  29%|██▎     | 423/1467 [13:27<25:16,  1.45s/it]
comment feature extracting, time string encoding and graph constructing ...:  29%|██▎     | 424/1467 [13:32<41:22,  2.38s/it]
comment feature extracting, time string encoding and graph constructing ...:  29%|██▎     | 425/1467 [13:32<31:55,  1.84s/it]
comment feature extracting, time string encoding and graph constructing ...:  29%|██▎     | 426/1467 [13:37<47:30,  2.74s/it]
comment feature extracting, time string encoding and graph constructing ...:  29%|██▎     | 427/1467 [13:40<49:48,  2.87s/it]
comment feature extracting, time string encoding and graph constructing ...:  29%|██▎     | 428/1467 [13:44<54:42,  3.16s/it]
comment feature extracting, time string encoding and graph constructing ...:  29%|██▎     | 429/1467 [13:47<53:52,  3.11s/it]
comment feature extracting, time string encoding and graph constructing ...:  29%|██▎     | 430/1467 [13:51<59:14,  3.43s/it]
comment feature extracting, time string encoding and graph constructing ...:  29%|██▎     | 431/1467 [13:55<59:40,  3.46s/it]
comment feature extracting, time string encoding and graph constructing ...:  29%|██▎     | 432/1467 [13:56<45:38,  2.65s/it]
comment feature extracting, time string encoding and graph constructing ...:  30%|██▎     | 433/1467 [14:01<57:53,  3.36s/it]
comment feature extracting, time string encoding and graph constructing ...:  30%|██▎     | 434/1467 [14:03<53:24,  3.10s/it]
comment feature extracting, time string encoding and graph constructing ...:  30%|██▎     | 435/1467 [14:07<58:54,  3.43s/it]
comment feature extracting, time string encoding and graph constructing ...:  30%|██▍     | 436/1467 [14:10<54:19,  3.16s/it]
comment feature extracting, time string encoding and graph constructing ...:  30%|██▍     | 437/1467 [14:11<44:33,  2.60s/it]
comment feature extracting, time string encoding and graph constructing ...:  30%|██▍     | 438/1467 [14:13<37:41,  2.20s/it]
comment feature extracting, time string encoding and graph constructing ...:  30%|██▍     | 439/1467 [14:15<36:29,  2.13s/it]
comment feature extracting, time string encoding and graph constructing ...:  30%|██▍     | 440/1467 [14:19<50:12,  2.93s/it]
comment feature extracting, time string encoding and graph constructing ...:  30%|██▍     | 441/1467 [14:23<54:57,  3.21s/it]
comment feature extracting, time string encoding and graph constructing ...:  30%|██▍     | 442/1467 [14:25<47:52,  2.80s/it]
comment feature extracting, time string encoding and graph constructing ...:  30%|██▍     | 443/1467 [14:26<37:09,  2.18s/it]
comment feature extracting, time string encoding and graph constructing ...:  30%|██▍     | 444/1467 [14:29<41:51,  2.45s/it]
comment feature extracting, time string encoding and graph constructing ...:  30%|██▍     | 445/1467 [14:30<34:29,  2.02s/it]
comment feature extracting, time string encoding and graph constructing ...:  30%|██▍     | 446/1467 [14:35<47:40,  2.80s/it]
comment feature extracting, time string encoding and graph constructing ...:  30%|██▍     | 447/1467 [14:37<45:03,  2.65s/it]
comment feature extracting, time string encoding and graph constructing ...:  31%|██▍     | 448/1467 [14:38<36:09,  2.13s/it]
comment feature extracting, time string encoding and graph constructing ...:  31%|██▍     | 449/1467 [14:41<43:37,  2.57s/it]
comment feature extracting, time string encoding and graph constructing ...:  31%|██▍     | 450/1467 [14:43<40:09,  2.37s/it]
comment feature extracting, time string encoding and graph constructing ...:  31%|██▍     | 451/1467 [14:44<32:31,  1.92s/it]
comment feature extracting, time string encoding and graph constructing ...:  31%|██▍     | 452/1467 [14:45<27:27,  1.62s/it]
comment feature extracting, time string encoding and graph constructing ...:  31%|██▍     | 453/1467 [14:46<26:20,  1.56s/it]
comment feature extracting, time string encoding and graph constructing ...:  31%|██▍     | 454/1467 [14:50<35:47,  2.12s/it]
comment feature extracting, time string encoding and graph constructing ...:  31%|██▍     | 455/1467 [14:50<27:02,  1.60s/it]
comment feature extracting, time string encoding and graph constructing ...:  31%|██▍     | 456/1467 [14:53<34:00,  2.02s/it]
comment feature extracting, time string encoding and graph constructing ...:  31%|██▍     | 457/1467 [14:57<41:15,  2.45s/it]
comment feature extracting, time string encoding and graph constructing ...:  31%|██▍     | 458/1467 [14:57<29:39,  1.76s/it]
comment feature extracting, time string encoding and graph constructing ...:  31%|██▌     | 459/1467 [15:03<49:45,  2.96s/it]
comment feature extracting, time string encoding and graph constructing ...:  31%|██▌     | 460/1467 [15:04<40:54,  2.44s/it]
comment feature extracting, time string encoding and graph constructing ...:  31%|██▌     | 461/1467 [15:05<36:44,  2.19s/it]
comment feature extracting, time string encoding and graph constructing ...:  31%|██▌     | 462/1467 [15:09<46:00,  2.75s/it]
comment feature extracting, time string encoding and graph constructing ...:  32%|██▌     | 463/1467 [15:14<53:49,  3.22s/it]
comment feature extracting, time string encoding and graph constructing ...:  32%|██▌     | 464/1467 [15:17<52:23,  3.13s/it]
comment feature extracting, time string encoding and graph constructing ...:  32%|██▌     | 465/1467 [15:19<46:36,  2.79s/it]
comment feature extracting, time string encoding and graph constructing ...:  32%|██▌     | 466/1467 [15:20<38:48,  2.33s/it]
comment feature extracting, time string encoding and graph constructing ...:  32%|██▌     | 467/1467 [15:22<34:58,  2.10s/it]
comment feature extracting, time string encoding and graph constructing ...:  32%|██▌     | 468/1467 [15:28<57:29,  3.45s/it]
comment feature extracting, time string encoding and graph constructing ...:  32%|██▌     | 469/1467 [15:29<46:42,  2.81s/it]
comment feature extracting, time string encoding and graph constructing ...:  32%|██▌     | 470/1467 [15:31<38:53,  2.34s/it]
comment feature extracting, time string encoding and graph constructing ...:  32%|██▌     | 471/1467 [15:31<29:13,  1.76s/it]
comment feature extracting, time string encoding and graph constructing ...:  32%|██▌     | 472/1467 [15:32<24:17,  1.46s/it]
comment feature extracting, time string encoding and graph constructing ...:  32%|██▌     | 473/1467 [15:33<24:58,  1.51s/it]
comment feature extracting, time string encoding and graph constructing ...:  32%|██▌     | 474/1467 [15:37<32:41,  1.98s/it]
comment feature extracting, time string encoding and graph constructing ...:  32%|██▌     | 475/1467 [15:37<26:50,  1.62s/it]
comment feature extracting, time string encoding and graph constructing ...:  32%|██▌     | 476/1467 [15:41<35:24,  2.14s/it]
comment feature extracting, time string encoding and graph constructing ...:  33%|██▌     | 477/1467 [15:41<26:41,  1.62s/it]
comment feature extracting, time string encoding and graph constructing ...:  33%|██▌     | 478/1467 [15:41<19:56,  1.21s/it]
comment feature extracting, time string encoding and graph constructing ...:  33%|██▌     | 479/1467 [15:44<24:54,  1.51s/it]
comment feature extracting, time string encoding and graph constructing ...:  33%|██▌     | 480/1467 [15:46<27:09,  1.65s/it]
comment feature extracting, time string encoding and graph constructing ...:  33%|██▌     | 481/1467 [15:47<28:14,  1.72s/it]
comment feature extracting, time string encoding and graph constructing ...:  33%|██▋     | 482/1467 [15:48<21:35,  1.32s/it]
comment feature extracting, time string encoding and graph constructing ...:  33%|██▋     | 483/1467 [15:50<24:03,  1.47s/it]
comment feature extracting, time string encoding and graph constructing ...:  33%|██▋     | 484/1467 [15:53<32:31,  1.99s/it]
comment feature extracting, time string encoding and graph constructing ...:  33%|██▋     | 485/1467 [15:57<44:50,  2.74s/it]
comment feature extracting, time string encoding and graph constructing ...:  33%|██▋     | 486/1467 [15:58<35:47,  2.19s/it]
comment feature extracting, time string encoding and graph constructing ...:  33%|██▋     | 487/1467 [16:00<35:34,  2.18s/it]
comment feature extracting, time string encoding and graph constructing ...:  33%|██▋     | 488/1467 [16:01<27:59,  1.72s/it]
comment feature extracting, time string encoding and graph constructing ...:  33%|██▋     | 489/1467 [16:04<34:12,  2.10s/it]
comment feature extracting, time string encoding and graph constructing ...:  33%|██▋     | 490/1467 [16:06<31:52,  1.96s/it]
comment feature extracting, time string encoding and graph constructing ...:  33%|██▋     | 491/1467 [16:08<35:59,  2.21s/it]
comment feature extracting, time string encoding and graph constructing ...:  34%|██▋     | 492/1467 [16:09<29:38,  1.82s/it]
comment feature extracting, time string encoding and graph constructing ...:  34%|██▋     | 493/1467 [16:14<42:33,  2.62s/it]
comment feature extracting, time string encoding and graph constructing ...:  34%|██▋     | 494/1467 [16:18<50:40,  3.12s/it]
comment feature extracting, time string encoding and graph constructing ...:  34%|██    | 495/1467 [16:23<1:01:14,  3.78s/it]
comment feature extracting, time string encoding and graph constructing ...:  34%|██▋     | 496/1467 [16:25<47:59,  2.97s/it]
comment feature extracting, time string encoding and graph constructing ...:  34%|██▋     | 497/1467 [16:29<54:28,  3.37s/it]
comment feature extracting, time string encoding and graph constructing ...:  34%|██▋     | 498/1467 [16:31<47:53,  2.97s/it]
comment feature extracting, time string encoding and graph constructing ...:  34%|██    | 499/1467 [16:37<1:02:37,  3.88s/it]
comment feature extracting, time string encoding and graph constructing ...:  34%|██▋     | 500/1467 [16:38<49:42,  3.08s/it]
comment feature extracting, time string encoding and graph constructing ...:  34%|██▋     | 501/1467 [16:42<53:25,  3.32s/it]
comment feature extracting, time string encoding and graph constructing ...:  34%|██▋     | 502/1467 [16:47<59:25,  3.69s/it]
comment feature extracting, time string encoding and graph constructing ...:  34%|██▋     | 503/1467 [16:48<48:56,  3.05s/it]
comment feature extracting, time string encoding and graph constructing ...:  34%|██▋     | 504/1467 [16:50<42:09,  2.63s/it]
comment feature extracting, time string encoding and graph constructing ...:  34%|██▊     | 505/1467 [16:50<31:47,  1.98s/it]
comment feature extracting, time string encoding and graph constructing ...:  34%|██▊     | 506/1467 [16:52<32:43,  2.04s/it]
comment feature extracting, time string encoding and graph constructing ...:  35%|██▊     | 507/1467 [16:55<36:01,  2.25s/it]
comment feature extracting, time string encoding and graph constructing ...:  35%|██▊     | 508/1467 [16:56<29:24,  1.84s/it]
comment feature extracting, time string encoding and graph constructing ...:  35%|██▊     | 509/1467 [16:58<28:54,  1.81s/it]
comment feature extracting, time string encoding and graph constructing ...:  35%|██▊     | 510/1467 [16:58<22:38,  1.42s/it]
comment feature extracting, time string encoding and graph constructing ...:  35%|██▊     | 511/1467 [16:59<18:25,  1.16s/it]
comment feature extracting, time string encoding and graph constructing ...:  35%|██▊     | 512/1467 [17:01<23:14,  1.46s/it]
comment feature extracting, time string encoding and graph constructing ...:  35%|██▊     | 513/1467 [17:04<30:46,  1.94s/it]
comment feature extracting, time string encoding and graph constructing ...:  35%|██▊     | 514/1467 [17:05<27:25,  1.73s/it]
comment feature extracting, time string encoding and graph constructing ...:  35%|██▊     | 515/1467 [17:06<23:39,  1.49s/it]
comment feature extracting, time string encoding and graph constructing ...:  35%|██▊     | 516/1467 [17:08<25:06,  1.58s/it]
comment feature extracting, time string encoding and graph constructing ...:  35%|██▊     | 517/1467 [17:12<35:27,  2.24s/it]
comment feature extracting, time string encoding and graph constructing ...:  35%|██▊     | 518/1467 [17:15<39:41,  2.51s/it]
comment feature extracting, time string encoding and graph constructing ...:  35%|██▊     | 519/1467 [17:18<44:35,  2.82s/it]
comment feature extracting, time string encoding and graph constructing ...:  35%|██▊     | 520/1467 [17:21<42:07,  2.67s/it]
comment feature extracting, time string encoding and graph constructing ...:  36%|██▊     | 521/1467 [17:22<33:56,  2.15s/it]
comment feature extracting, time string encoding and graph constructing ...:  36%|██▊     | 522/1467 [17:25<40:12,  2.55s/it]
comment feature extracting, time string encoding and graph constructing ...:  36%|██▊     | 523/1467 [17:26<30:58,  1.97s/it]
comment feature extracting, time string encoding and graph constructing ...:  36%|██▊     | 524/1467 [17:26<24:46,  1.58s/it]
comment feature extracting, time string encoding and graph constructing ...:  36%|██▊     | 525/1467 [17:28<24:40,  1.57s/it]
comment feature extracting, time string encoding and graph constructing ...:  36%|██▊     | 526/1467 [17:28<18:05,  1.15s/it]
comment feature extracting, time string encoding and graph constructing ...:  36%|██▊     | 527/1467 [17:32<30:34,  1.95s/it]
comment feature extracting, time string encoding and graph constructing ...:  36%|██▉     | 528/1467 [17:33<24:47,  1.58s/it]
comment feature extracting, time string encoding and graph constructing ...:  36%|██▉     | 529/1467 [17:34<24:12,  1.55s/it]
comment feature extracting, time string encoding and graph constructing ...:  36%|██▉     | 530/1467 [17:35<21:16,  1.36s/it]
comment feature extracting, time string encoding and graph constructing ...:  36%|██▉     | 531/1467 [17:38<26:43,  1.71s/it]
comment feature extracting, time string encoding and graph constructing ...:  36%|██▉     | 532/1467 [17:42<38:24,  2.46s/it]
comment feature extracting, time string encoding and graph constructing ...:  36%|██▉     | 533/1467 [17:44<36:06,  2.32s/it]
comment feature extracting, time string encoding and graph constructing ...:  36%|██▉     | 534/1467 [17:44<27:31,  1.77s/it]
comment feature extracting, time string encoding and graph constructing ...:  36%|██▉     | 535/1467 [17:48<35:41,  2.30s/it]
comment feature extracting, time string encoding and graph constructing ...:  37%|██▉     | 536/1467 [17:48<27:20,  1.76s/it]
comment feature extracting, time string encoding and graph constructing ...:  37%|██▉     | 537/1467 [17:49<23:30,  1.52s/it]
comment feature extracting, time string encoding and graph constructing ...:  37%|██▉     | 538/1467 [17:50<21:23,  1.38s/it]
comment feature extracting, time string encoding and graph constructing ...:  37%|██▉     | 539/1467 [17:52<22:05,  1.43s/it]
comment feature extracting, time string encoding and graph constructing ...:  37%|██▉     | 540/1467 [17:55<27:25,  1.78s/it]
comment feature extracting, time string encoding and graph constructing ...:  37%|██▉     | 541/1467 [17:56<26:32,  1.72s/it]
comment feature extracting, time string encoding and graph constructing ...:  37%|██▉     | 542/1467 [18:03<48:11,  3.13s/it]
comment feature extracting, time string encoding and graph constructing ...:  37%|██▉     | 543/1467 [18:07<53:49,  3.50s/it]
comment feature extracting, time string encoding and graph constructing ...:  37%|██▉     | 544/1467 [18:08<44:08,  2.87s/it]
comment feature extracting, time string encoding and graph constructing ...:  37%|██▉     | 545/1467 [18:10<40:51,  2.66s/it]
comment feature extracting, time string encoding and graph constructing ...:  37%|██▉     | 546/1467 [18:16<53:46,  3.50s/it]
comment feature extracting, time string encoding and graph constructing ...:  37%|██▉     | 547/1467 [18:17<44:03,  2.87s/it]
comment feature extracting, time string encoding and graph constructing ...:  37%|██▉     | 548/1467 [18:19<37:34,  2.45s/it]
comment feature extracting, time string encoding and graph constructing ...:  37%|██▉     | 549/1467 [18:21<36:42,  2.40s/it]
comment feature extracting, time string encoding and graph constructing ...:  37%|██▉     | 550/1467 [18:23<33:05,  2.16s/it]
comment feature extracting, time string encoding and graph constructing ...:  38%|███     | 551/1467 [18:23<25:10,  1.65s/it]
comment feature extracting, time string encoding and graph constructing ...:  38%|███     | 552/1467 [18:24<21:30,  1.41s/it]
comment feature extracting, time string encoding and graph constructing ...:  38%|███     | 553/1467 [18:25<17:37,  1.16s/it]
comment feature extracting, time string encoding and graph constructing ...:  38%|███     | 554/1467 [18:26<19:37,  1.29s/it]
comment feature extracting, time string encoding and graph constructing ...:  38%|███     | 555/1467 [18:27<17:40,  1.16s/it]
comment feature extracting, time string encoding and graph constructing ...:  38%|███     | 556/1467 [18:29<23:19,  1.54s/it]
comment feature extracting, time string encoding and graph constructing ...:  38%|███     | 557/1467 [18:34<37:20,  2.46s/it]
comment feature extracting, time string encoding and graph constructing ...:  38%|███     | 558/1467 [18:35<31:41,  2.09s/it]
comment feature extracting, time string encoding and graph constructing ...:  38%|███     | 559/1467 [18:37<31:33,  2.09s/it]
comment feature extracting, time string encoding and graph constructing ...:  38%|███     | 560/1467 [18:42<41:01,  2.71s/it]
comment feature extracting, time string encoding and graph constructing ...:  38%|███     | 561/1467 [18:46<50:57,  3.37s/it]
comment feature extracting, time string encoding and graph constructing ...:  38%|███     | 562/1467 [18:51<54:26,  3.61s/it]
comment feature extracting, time string encoding and graph constructing ...:  38%|███     | 563/1467 [18:55<56:42,  3.76s/it]
comment feature extracting, time string encoding and graph constructing ...:  38%|███     | 564/1467 [18:55<41:56,  2.79s/it]
comment feature extracting, time string encoding and graph constructing ...:  39%|███     | 565/1467 [18:56<34:31,  2.30s/it]
comment feature extracting, time string encoding and graph constructing ...:  39%|███     | 566/1467 [18:59<36:51,  2.46s/it]
comment feature extracting, time string encoding and graph constructing ...:  39%|███     | 567/1467 [19:00<28:34,  1.90s/it]
comment feature extracting, time string encoding and graph constructing ...:  39%|███     | 568/1467 [19:02<29:30,  1.97s/it]
comment feature extracting, time string encoding and graph constructing ...:  39%|███     | 569/1467 [19:04<27:49,  1.86s/it]
comment feature extracting, time string encoding and graph constructing ...:  39%|███     | 570/1467 [19:09<43:22,  2.90s/it]
comment feature extracting, time string encoding and graph constructing ...:  39%|███     | 571/1467 [19:10<37:29,  2.51s/it]
comment feature extracting, time string encoding and graph constructing ...:  39%|██▎   | 572/1467 [19:19<1:02:40,  4.20s/it]
comment feature extracting, time string encoding and graph constructing ...:  39%|███     | 573/1467 [19:22<57:56,  3.89s/it]
comment feature extracting, time string encoding and graph constructing ...:  39%|███▏    | 574/1467 [19:24<49:25,  3.32s/it]
comment feature extracting, time string encoding and graph constructing ...:  39%|███▏    | 575/1467 [19:26<43:19,  2.91s/it]
comment feature extracting, time string encoding and graph constructing ...:  39%|███▏    | 576/1467 [19:27<37:27,  2.52s/it]
comment feature extracting, time string encoding and graph constructing ...:  39%|███▏    | 577/1467 [19:29<32:15,  2.17s/it]
comment feature extracting, time string encoding and graph constructing ...:  39%|███▏    | 578/1467 [19:29<24:12,  1.63s/it]
comment feature extracting, time string encoding and graph constructing ...:  39%|███▏    | 579/1467 [19:32<27:44,  1.87s/it]
comment feature extracting, time string encoding and graph constructing ...:  40%|███▏    | 580/1467 [19:34<31:43,  2.15s/it]
comment feature extracting, time string encoding and graph constructing ...:  40%|███▏    | 581/1467 [19:41<50:36,  3.43s/it]
comment feature extracting, time string encoding and graph constructing ...:  40%|███▏    | 582/1467 [19:42<39:04,  2.65s/it]
comment feature extracting, time string encoding and graph constructing ...:  40%|███▏    | 583/1467 [19:44<38:49,  2.64s/it]
comment feature extracting, time string encoding and graph constructing ...:  40%|███▏    | 584/1467 [19:47<39:11,  2.66s/it]
comment feature extracting, time string encoding and graph constructing ...:  40%|███▏    | 585/1467 [19:48<31:49,  2.17s/it]
comment feature extracting, time string encoding and graph constructing ...:  40%|███▏    | 587/1467 [19:49<19:32,  1.33s/it]
comment feature extracting, time string encoding and graph constructing ...:  40%|███▏    | 588/1467 [19:54<32:50,  2.24s/it]
comment feature extracting, time string encoding and graph constructing ...:  40%|███▏    | 589/1467 [19:55<27:39,  1.89s/it]
comment feature extracting, time string encoding and graph constructing ...:  40%|███▏    | 590/1467 [19:58<34:12,  2.34s/it]
comment feature extracting, time string encoding and graph constructing ...:  40%|███▏    | 591/1467 [20:01<35:02,  2.40s/it]
comment feature extracting, time string encoding and graph constructing ...:  40%|███▏    | 592/1467 [20:04<39:55,  2.74s/it]
comment feature extracting, time string encoding and graph constructing ...:  40%|███▏    | 593/1467 [20:05<32:31,  2.23s/it]
comment feature extracting, time string encoding and graph constructing ...:  40%|███▏    | 594/1467 [20:06<28:15,  1.94s/it]
comment feature extracting, time string encoding and graph constructing ...:  41%|███▏    | 595/1467 [20:11<39:28,  2.72s/it]
comment feature extracting, time string encoding and graph constructing ...:  41%|███▎    | 596/1467 [20:12<31:35,  2.18s/it]
comment feature extracting, time string encoding and graph constructing ...:  41%|███▎    | 597/1467 [20:18<48:27,  3.34s/it]
comment feature extracting, time string encoding and graph constructing ...:  41%|███▎    | 598/1467 [20:20<42:18,  2.92s/it]
comment feature extracting, time string encoding and graph constructing ...:  41%|███▎    | 599/1467 [20:22<36:26,  2.52s/it]
comment feature extracting, time string encoding and graph constructing ...:  41%|███▎    | 600/1467 [20:26<45:30,  3.15s/it]
comment feature extracting, time string encoding and graph constructing ...:  41%|███▎    | 601/1467 [20:31<51:20,  3.56s/it]
comment feature extracting, time string encoding and graph constructing ...:  41%|███▎    | 602/1467 [20:32<40:47,  2.83s/it]
comment feature extracting, time string encoding and graph constructing ...:  41%|███▎    | 603/1467 [20:35<40:27,  2.81s/it]
comment feature extracting, time string encoding and graph constructing ...:  41%|███▎    | 604/1467 [20:35<29:18,  2.04s/it]
comment feature extracting, time string encoding and graph constructing ...:  41%|███▎    | 605/1467 [20:39<37:31,  2.61s/it]
comment feature extracting, time string encoding and graph constructing ...:  41%|███▎    | 606/1467 [20:39<28:14,  1.97s/it]
comment feature extracting, time string encoding and graph constructing ...:  41%|███▎    | 607/1467 [20:41<27:42,  1.93s/it]
comment feature extracting, time string encoding and graph constructing ...:  41%|███▎    | 608/1467 [20:45<34:38,  2.42s/it]
comment feature extracting, time string encoding and graph constructing ...:  42%|███▎    | 609/1467 [20:45<25:20,  1.77s/it]
comment feature extracting, time string encoding and graph constructing ...:  42%|███▎    | 610/1467 [20:49<34:23,  2.41s/it]
comment feature extracting, time string encoding and graph constructing ...:  42%|███▎    | 611/1467 [20:55<49:53,  3.50s/it]
comment feature extracting, time string encoding and graph constructing ...:  42%|███▎    | 612/1467 [20:55<37:36,  2.64s/it]
comment feature extracting, time string encoding and graph constructing ...:  42%|███▎    | 613/1467 [20:57<34:31,  2.43s/it]
comment feature extracting, time string encoding and graph constructing ...:  42%|███▎    | 614/1467 [21:00<34:55,  2.46s/it]
comment feature extracting, time string encoding and graph constructing ...:  42%|███▎    | 615/1467 [21:02<31:40,  2.23s/it]
comment feature extracting, time string encoding and graph constructing ...:  42%|███▎    | 616/1467 [21:04<31:11,  2.20s/it]
comment feature extracting, time string encoding and graph constructing ...:  42%|███▎    | 617/1467 [21:04<22:31,  1.59s/it]
comment feature extracting, time string encoding and graph constructing ...:  42%|███▎    | 618/1467 [21:05<20:47,  1.47s/it]
comment feature extracting, time string encoding and graph constructing ...:  42%|███▍    | 619/1467 [21:07<23:21,  1.65s/it]
comment feature extracting, time string encoding and graph constructing ...:  42%|███▍    | 620/1467 [21:08<21:21,  1.51s/it]
comment feature extracting, time string encoding and graph constructing ...:  42%|███▍    | 621/1467 [21:10<22:24,  1.59s/it]
comment feature extracting, time string encoding and graph constructing ...:  42%|███▍    | 622/1467 [21:15<37:47,  2.68s/it]
comment feature extracting, time string encoding and graph constructing ...:  42%|███▍    | 623/1467 [21:16<30:44,  2.19s/it]
comment feature extracting, time string encoding and graph constructing ...:  43%|███▍    | 624/1467 [21:20<36:55,  2.63s/it]
comment feature extracting, time string encoding and graph constructing ...:  43%|███▍    | 625/1467 [21:24<43:48,  3.12s/it]
comment feature extracting, time string encoding and graph constructing ...:  43%|███▍    | 626/1467 [21:30<54:37,  3.90s/it]
comment feature extracting, time string encoding and graph constructing ...:  43%|███▍    | 627/1467 [21:30<39:02,  2.79s/it]
comment feature extracting, time string encoding and graph constructing ...:  43%|███▍    | 628/1467 [21:31<29:53,  2.14s/it]
comment feature extracting, time string encoding and graph constructing ...:  43%|███▍    | 629/1467 [21:35<36:39,  2.62s/it]
comment feature extracting, time string encoding and graph constructing ...:  43%|███▍    | 630/1467 [21:36<32:37,  2.34s/it]
comment feature extracting, time string encoding and graph constructing ...:  43%|███▍    | 631/1467 [21:42<45:33,  3.27s/it]
comment feature extracting, time string encoding and graph constructing ...:  43%|███▍    | 632/1467 [21:46<51:17,  3.69s/it]
comment feature extracting, time string encoding and graph constructing ...:  43%|███▍    | 633/1467 [21:50<49:03,  3.53s/it]
comment feature extracting, time string encoding and graph constructing ...:  43%|███▍    | 634/1467 [21:50<34:44,  2.50s/it]
comment feature extracting, time string encoding and graph constructing ...:  43%|███▍    | 635/1467 [21:51<29:46,  2.15s/it]
comment feature extracting, time string encoding and graph constructing ...:  43%|███▍    | 636/1467 [21:54<31:51,  2.30s/it]
comment feature extracting, time string encoding and graph constructing ...:  43%|███▍    | 637/1467 [21:56<30:30,  2.21s/it]
comment feature extracting, time string encoding and graph constructing ...:  43%|███▍    | 638/1467 [21:58<32:52,  2.38s/it]
comment feature extracting, time string encoding and graph constructing ...:  44%|███▍    | 639/1467 [21:59<25:48,  1.87s/it]
comment feature extracting, time string encoding and graph constructing ...:  44%|███▍    | 640/1467 [22:02<30:17,  2.20s/it]
comment feature extracting, time string encoding and graph constructing ...:  44%|███▍    | 641/1467 [22:04<28:26,  2.07s/it]
comment feature extracting, time string encoding and graph constructing ...:  44%|███▌    | 642/1467 [22:07<33:52,  2.46s/it]
comment feature extracting, time string encoding and graph constructing ...:  44%|███▌    | 643/1467 [22:10<36:38,  2.67s/it]
comment feature extracting, time string encoding and graph constructing ...:  44%|███▌    | 644/1467 [22:15<43:41,  3.19s/it]
comment feature extracting, time string encoding and graph constructing ...:  44%|███▌    | 645/1467 [22:21<55:50,  4.08s/it]
comment feature extracting, time string encoding and graph constructing ...:  44%|███▌    | 646/1467 [22:22<41:49,  3.06s/it]
comment feature extracting, time string encoding and graph constructing ...:  44%|███▌    | 647/1467 [22:23<34:05,  2.49s/it]
comment feature extracting, time string encoding and graph constructing ...:  44%|███▌    | 648/1467 [22:24<29:28,  2.16s/it]
comment feature extracting, time string encoding and graph constructing ...:  44%|███▌    | 649/1467 [22:25<25:37,  1.88s/it]
comment feature extracting, time string encoding and graph constructing ...:  44%|███▌    | 650/1467 [22:28<27:54,  2.05s/it]
comment feature extracting, time string encoding and graph constructing ...:  44%|███▌    | 651/1467 [22:32<38:26,  2.83s/it]
comment feature extracting, time string encoding and graph constructing ...:  44%|███▌    | 652/1467 [22:37<44:43,  3.29s/it]
comment feature extracting, time string encoding and graph constructing ...:  45%|███▌    | 653/1467 [22:38<35:01,  2.58s/it]
comment feature extracting, time string encoding and graph constructing ...:  45%|███▌    | 654/1467 [22:38<27:15,  2.01s/it]
comment feature extracting, time string encoding and graph constructing ...:  45%|███▌    | 655/1467 [22:40<23:51,  1.76s/it]
comment feature extracting, time string encoding and graph constructing ...:  45%|███▌    | 656/1467 [22:40<19:08,  1.42s/it]
comment feature extracting, time string encoding and graph constructing ...:  45%|███▌    | 657/1467 [22:41<18:24,  1.36s/it]
comment feature extracting, time string encoding and graph constructing ...:  45%|███▌    | 659/1467 [22:48<31:03,  2.31s/it]
comment feature extracting, time string encoding and graph constructing ...:  45%|███▌    | 660/1467 [22:52<34:59,  2.60s/it]
comment feature extracting, time string encoding and graph constructing ...:  45%|███▌    | 661/1467 [22:53<31:43,  2.36s/it]
comment feature extracting, time string encoding and graph constructing ...:  45%|███▌    | 662/1467 [22:56<31:01,  2.31s/it]
comment feature extracting, time string encoding and graph constructing ...:  45%|███▌    | 663/1467 [22:56<23:28,  1.75s/it]
comment feature extracting, time string encoding and graph constructing ...:  45%|███▌    | 664/1467 [22:58<26:03,  1.95s/it]
comment feature extracting, time string encoding and graph constructing ...:  45%|███▋    | 665/1467 [22:59<21:49,  1.63s/it]
comment feature extracting, time string encoding and graph constructing ...:  45%|███▋    | 666/1467 [23:03<31:42,  2.37s/it]
comment feature extracting, time string encoding and graph constructing ...:  45%|███▋    | 667/1467 [23:05<28:08,  2.11s/it]
comment feature extracting, time string encoding and graph constructing ...:  46%|███▋    | 668/1467 [23:05<21:05,  1.58s/it]
comment feature extracting, time string encoding and graph constructing ...:  46%|███▋    | 669/1467 [23:06<16:32,  1.24s/it]
comment feature extracting, time string encoding and graph constructing ...:  46%|███▋    | 670/1467 [23:09<23:17,  1.75s/it]
comment feature extracting, time string encoding and graph constructing ...:  46%|███▋    | 671/1467 [23:09<19:24,  1.46s/it]
comment feature extracting, time string encoding and graph constructing ...:  46%|███▋    | 672/1467 [23:10<15:33,  1.17s/it]
comment feature extracting, time string encoding and graph constructing ...:  46%|███▋    | 673/1467 [23:12<18:51,  1.42s/it]
comment feature extracting, time string encoding and graph constructing ...:  46%|███▋    | 674/1467 [23:13<16:22,  1.24s/it]
comment feature extracting, time string encoding and graph constructing ...:  46%|███▋    | 675/1467 [23:13<12:44,  1.04it/s]
comment feature extracting, time string encoding and graph constructing ...:  46%|███▋    | 676/1467 [23:16<19:06,  1.45s/it]
comment feature extracting, time string encoding and graph constructing ...:  46%|███▋    | 677/1467 [23:16<16:44,  1.27s/it]
comment feature extracting, time string encoding and graph constructing ...:  46%|███▋    | 678/1467 [23:20<24:47,  1.89s/it]
comment feature extracting, time string encoding and graph constructing ...:  46%|███▋    | 679/1467 [23:20<18:41,  1.42s/it]
comment feature extracting, time string encoding and graph constructing ...:  46%|███▋    | 680/1467 [23:23<22:55,  1.75s/it]
comment feature extracting, time string encoding and graph constructing ...:  46%|███▋    | 681/1467 [23:31<47:33,  3.63s/it]
comment feature extracting, time string encoding and graph constructing ...:  46%|███▋    | 682/1467 [23:32<39:46,  3.04s/it]
comment feature extracting, time string encoding and graph constructing ...:  47%|███▋    | 683/1467 [23:36<41:16,  3.16s/it]
comment feature extracting, time string encoding and graph constructing ...:  47%|███▋    | 684/1467 [23:36<30:53,  2.37s/it]
comment feature extracting, time string encoding and graph constructing ...:  47%|███▋    | 685/1467 [23:39<30:33,  2.34s/it]
comment feature extracting, time string encoding and graph constructing ...:  47%|███▋    | 686/1467 [23:40<26:38,  2.05s/it]
comment feature extracting, time string encoding and graph constructing ...:  47%|███▋    | 687/1467 [23:42<27:48,  2.14s/it]
comment feature extracting, time string encoding and graph constructing ...:  47%|███▊    | 688/1467 [23:45<32:01,  2.47s/it]
comment feature extracting, time string encoding and graph constructing ...:  47%|███▊    | 689/1467 [23:47<27:46,  2.14s/it]
comment feature extracting, time string encoding and graph constructing ...:  47%|███▊    | 690/1467 [23:48<25:36,  1.98s/it]
comment feature extracting, time string encoding and graph constructing ...:  47%|███▊    | 691/1467 [23:51<27:38,  2.14s/it]
comment feature extracting, time string encoding and graph constructing ...:  47%|███▊    | 692/1467 [23:56<37:17,  2.89s/it]
comment feature extracting, time string encoding and graph constructing ...:  47%|███▊    | 693/1467 [23:59<37:29,  2.91s/it]
comment feature extracting, time string encoding and graph constructing ...:  47%|███▊    | 694/1467 [24:00<29:57,  2.33s/it]
comment feature extracting, time string encoding and graph constructing ...:  47%|███▊    | 695/1467 [24:01<27:47,  2.16s/it]
comment feature extracting, time string encoding and graph constructing ...:  47%|███▊    | 696/1467 [24:02<23:28,  1.83s/it]
comment feature extracting, time string encoding and graph constructing ...:  48%|███▊    | 697/1467 [24:04<24:27,  1.91s/it]
comment feature extracting, time string encoding and graph constructing ...:  48%|███▊    | 698/1467 [24:06<21:27,  1.67s/it]
comment feature extracting, time string encoding and graph constructing ...:  48%|███▊    | 699/1467 [24:09<29:54,  2.34s/it]
comment feature extracting, time string encoding and graph constructing ...:  48%|███▊    | 700/1467 [24:14<38:59,  3.05s/it]
comment feature extracting, time string encoding and graph constructing ...:  48%|███▊    | 701/1467 [24:16<34:19,  2.69s/it]
comment feature extracting, time string encoding and graph constructing ...:  48%|███▊    | 702/1467 [24:20<38:58,  3.06s/it]
comment feature extracting, time string encoding and graph constructing ...:  48%|███▊    | 703/1467 [24:21<32:54,  2.58s/it]
comment feature extracting, time string encoding and graph constructing ...:  48%|███▊    | 704/1467 [24:22<26:53,  2.12s/it]
comment feature extracting, time string encoding and graph constructing ...:  48%|███▊    | 705/1467 [24:25<26:56,  2.12s/it]
comment feature extracting, time string encoding and graph constructing ...:  48%|███▊    | 706/1467 [24:26<24:45,  1.95s/it]
comment feature extracting, time string encoding and graph constructing ...:  48%|███▊    | 707/1467 [24:32<38:23,  3.03s/it]
comment feature extracting, time string encoding and graph constructing ...:  48%|███▊    | 708/1467 [24:34<35:47,  2.83s/it]
comment feature extracting, time string encoding and graph constructing ...:  48%|███▊    | 709/1467 [24:38<41:54,  3.32s/it]
comment feature extracting, time string encoding and graph constructing ...:  48%|███▊    | 710/1467 [24:39<32:55,  2.61s/it]
comment feature extracting, time string encoding and graph constructing ...:  49%|███▉    | 712/1467 [24:40<19:17,  1.53s/it]
comment feature extracting, time string encoding and graph constructing ...:  49%|███▉    | 713/1467 [24:42<19:55,  1.59s/it]
comment feature extracting, time string encoding and graph constructing ...:  49%|███▉    | 714/1467 [24:46<28:45,  2.29s/it]
comment feature extracting, time string encoding and graph constructing ...:  49%|███▉    | 715/1467 [24:48<26:09,  2.09s/it]
comment feature extracting, time string encoding and graph constructing ...:  49%|███▉    | 716/1467 [24:50<27:35,  2.20s/it]
comment feature extracting, time string encoding and graph constructing ...:  49%|███▉    | 717/1467 [24:51<22:08,  1.77s/it]
comment feature extracting, time string encoding and graph constructing ...:  49%|███▉    | 718/1467 [24:51<18:12,  1.46s/it]
comment feature extracting, time string encoding and graph constructing ...:  49%|███▉    | 719/1467 [24:54<20:40,  1.66s/it]
comment feature extracting, time string encoding and graph constructing ...:  49%|███▉    | 720/1467 [24:54<16:44,  1.34s/it]
comment feature extracting, time string encoding and graph constructing ...:  49%|███▉    | 721/1467 [25:01<36:56,  2.97s/it]
comment feature extracting, time string encoding and graph constructing ...:  49%|███▉    | 722/1467 [25:03<34:55,  2.81s/it]
comment feature extracting, time string encoding and graph constructing ...:  49%|███▉    | 723/1467 [25:06<32:43,  2.64s/it]
comment feature extracting, time string encoding and graph constructing ...:  49%|███▉    | 724/1467 [25:07<27:04,  2.19s/it]
comment feature extracting, time string encoding and graph constructing ...:  49%|███▉    | 725/1467 [25:08<23:38,  1.91s/it]
comment feature extracting, time string encoding and graph constructing ...:  49%|███▉    | 726/1467 [25:09<18:47,  1.52s/it]
comment feature extracting, time string encoding and graph constructing ...:  50%|███▉    | 727/1467 [25:12<24:36,  2.00s/it]
comment feature extracting, time string encoding and graph constructing ...:  50%|███▉    | 728/1467 [25:12<19:28,  1.58s/it]
comment feature extracting, time string encoding and graph constructing ...:  50%|███▉    | 729/1467 [25:16<25:05,  2.04s/it]
comment feature extracting, time string encoding and graph constructing ...:  50%|███▉    | 730/1467 [25:22<41:16,  3.36s/it]
comment feature extracting, time string encoding and graph constructing ...:  50%|███▉    | 731/1467 [25:24<35:52,  2.92s/it]
comment feature extracting, time string encoding and graph constructing ...:  50%|███▉    | 732/1467 [25:30<48:26,  3.95s/it]
comment feature extracting, time string encoding and graph constructing ...:  50%|███▉    | 733/1467 [25:31<37:31,  3.07s/it]
comment feature extracting, time string encoding and graph constructing ...:  50%|████    | 734/1467 [25:32<28:23,  2.32s/it]
comment feature extracting, time string encoding and graph constructing ...:  50%|████    | 735/1467 [25:32<22:22,  1.83s/it]
comment feature extracting, time string encoding and graph constructing ...:  50%|████    | 736/1467 [25:36<28:01,  2.30s/it]
comment feature extracting, time string encoding and graph constructing ...:  50%|████    | 737/1467 [25:37<25:10,  2.07s/it]
comment feature extracting, time string encoding and graph constructing ...:  50%|████    | 738/1467 [25:38<19:27,  1.60s/it]
comment feature extracting, time string encoding and graph constructing ...:  50%|████    | 739/1467 [25:41<23:45,  1.96s/it]
comment feature extracting, time string encoding and graph constructing ...:  50%|████    | 740/1467 [25:42<22:00,  1.82s/it]
comment feature extracting, time string encoding and graph constructing ...:  51%|████    | 741/1467 [25:44<20:10,  1.67s/it]
comment feature extracting, time string encoding and graph constructing ...:  51%|████    | 742/1467 [25:45<19:34,  1.62s/it]
comment feature extracting, time string encoding and graph constructing ...:  51%|████    | 743/1467 [25:45<15:14,  1.26s/it]
comment feature extracting, time string encoding and graph constructing ...:  51%|████    | 744/1467 [25:47<17:40,  1.47s/it]
comment feature extracting, time string encoding and graph constructing ...:  51%|████    | 745/1467 [25:48<14:13,  1.18s/it]
comment feature extracting, time string encoding and graph constructing ...:  51%|████    | 746/1467 [25:49<14:21,  1.19s/it]
comment feature extracting, time string encoding and graph constructing ...:  51%|████    | 747/1467 [25:51<15:14,  1.27s/it]
comment feature extracting, time string encoding and graph constructing ...:  51%|████    | 748/1467 [25:52<16:33,  1.38s/it]
comment feature extracting, time string encoding and graph constructing ...:  51%|████    | 749/1467 [25:55<23:16,  1.94s/it]
comment feature extracting, time string encoding and graph constructing ...:  51%|████    | 750/1467 [25:58<26:51,  2.25s/it]
comment feature extracting, time string encoding and graph constructing ...:  51%|████    | 751/1467 [25:59<19:59,  1.67s/it]
comment feature extracting, time string encoding and graph constructing ...:  51%|████    | 752/1467 [26:01<20:38,  1.73s/it]
comment feature extracting, time string encoding and graph constructing ...:  51%|████    | 753/1467 [26:03<21:46,  1.83s/it]
comment feature extracting, time string encoding and graph constructing ...:  51%|████    | 754/1467 [26:04<19:56,  1.68s/it]
comment feature extracting, time string encoding and graph constructing ...:  51%|████    | 755/1467 [26:06<22:21,  1.88s/it]
comment feature extracting, time string encoding and graph constructing ...:  52%|████    | 756/1467 [26:07<19:25,  1.64s/it]
comment feature extracting, time string encoding and graph constructing ...:  52%|████▏   | 757/1467 [26:08<17:08,  1.45s/it]
comment feature extracting, time string encoding and graph constructing ...:  52%|████▏   | 758/1467 [26:13<27:11,  2.30s/it]
comment feature extracting, time string encoding and graph constructing ...:  52%|████▏   | 759/1467 [26:14<22:28,  1.90s/it]
comment feature extracting, time string encoding and graph constructing ...:  52%|████▏   | 760/1467 [26:16<22:09,  1.88s/it]
comment feature extracting, time string encoding and graph constructing ...:  52%|████▏   | 761/1467 [26:16<17:56,  1.52s/it]
comment feature extracting, time string encoding and graph constructing ...:  52%|████▏   | 762/1467 [26:20<26:57,  2.29s/it]
comment feature extracting, time string encoding and graph constructing ...:  52%|████▏   | 763/1467 [26:24<32:36,  2.78s/it]
comment feature extracting, time string encoding and graph constructing ...:  52%|████▏   | 764/1467 [26:25<26:57,  2.30s/it]
comment feature extracting, time string encoding and graph constructing ...:  52%|████▏   | 765/1467 [26:26<19:33,  1.67s/it]
comment feature extracting, time string encoding and graph constructing ...:  52%|████▏   | 766/1467 [26:27<19:52,  1.70s/it]
comment feature extracting, time string encoding and graph constructing ...:  52%|████▏   | 767/1467 [26:29<20:59,  1.80s/it]
comment feature extracting, time string encoding and graph constructing ...:  52%|████▏   | 768/1467 [26:32<25:04,  2.15s/it]
comment feature extracting, time string encoding and graph constructing ...:  52%|████▏   | 769/1467 [26:33<20:45,  1.78s/it]
comment feature extracting, time string encoding and graph constructing ...:  52%|████▏   | 770/1467 [26:35<19:44,  1.70s/it]
comment feature extracting, time string encoding and graph constructing ...:  53%|████▏   | 771/1467 [26:38<24:00,  2.07s/it]
comment feature extracting, time string encoding and graph constructing ...:  53%|████▏   | 772/1467 [26:40<26:11,  2.26s/it]
comment feature extracting, time string encoding and graph constructing ...:  53%|████▏   | 773/1467 [26:43<25:43,  2.22s/it]
comment feature extracting, time string encoding and graph constructing ...:  53%|████▏   | 774/1467 [26:45<25:07,  2.17s/it]
comment feature extracting, time string encoding and graph constructing ...:  53%|████▏   | 775/1467 [26:46<21:04,  1.83s/it]
comment feature extracting, time string encoding and graph constructing ...:  53%|████▏   | 776/1467 [26:47<18:55,  1.64s/it]
comment feature extracting, time string encoding and graph constructing ...:  53%|████▏   | 777/1467 [26:47<14:52,  1.29s/it]
comment feature extracting, time string encoding and graph constructing ...:  53%|████▏   | 778/1467 [26:51<23:09,  2.02s/it]
comment feature extracting, time string encoding and graph constructing ...:  53%|████▏   | 779/1467 [26:53<23:45,  2.07s/it]
comment feature extracting, time string encoding and graph constructing ...:  53%|████▎   | 780/1467 [26:58<33:19,  2.91s/it]
comment feature extracting, time string encoding and graph constructing ...:  53%|████▎   | 781/1467 [26:59<27:05,  2.37s/it]
comment feature extracting, time string encoding and graph constructing ...:  53%|████▎   | 782/1467 [27:05<37:33,  3.29s/it]
comment feature extracting, time string encoding and graph constructing ...:  53%|████▎   | 783/1467 [27:08<36:29,  3.20s/it]
comment feature extracting, time string encoding and graph constructing ...:  53%|████▎   | 784/1467 [27:10<32:15,  2.83s/it]
comment feature extracting, time string encoding and graph constructing ...:  54%|████▎   | 785/1467 [27:13<34:32,  3.04s/it]
comment feature extracting, time string encoding and graph constructing ...:  54%|████▎   | 786/1467 [27:15<29:13,  2.58s/it]
comment feature extracting, time string encoding and graph constructing ...:  54%|████▎   | 787/1467 [27:17<27:20,  2.41s/it]
comment feature extracting, time string encoding and graph constructing ...:  54%|████▎   | 788/1467 [27:24<45:22,  4.01s/it]
comment feature extracting, time string encoding and graph constructing ...:  54%|████▎   | 789/1467 [27:25<34:31,  3.06s/it]
comment feature extracting, time string encoding and graph constructing ...:  54%|████▎   | 790/1467 [27:26<27:07,  2.40s/it]
comment feature extracting, time string encoding and graph constructing ...:  54%|████▎   | 791/1467 [27:32<39:29,  3.50s/it]
comment feature extracting, time string encoding and graph constructing ...:  54%|████▎   | 792/1467 [27:34<32:41,  2.91s/it]
comment feature extracting, time string encoding and graph constructing ...:  54%|████▎   | 793/1467 [27:36<30:05,  2.68s/it]
comment feature extracting, time string encoding and graph constructing ...:  54%|████▎   | 794/1467 [27:39<32:55,  2.94s/it]
comment feature extracting, time string encoding and graph constructing ...:  54%|████▎   | 795/1467 [27:40<25:14,  2.25s/it]
comment feature extracting, time string encoding and graph constructing ...:  54%|████▎   | 796/1467 [27:44<30:33,  2.73s/it]
comment feature extracting, time string encoding and graph constructing ...:  54%|████▎   | 797/1467 [27:47<31:31,  2.82s/it]
comment feature extracting, time string encoding and graph constructing ...:  54%|████▎   | 798/1467 [27:48<25:16,  2.27s/it]
comment feature extracting, time string encoding and graph constructing ...:  54%|████▎   | 799/1467 [27:48<18:50,  1.69s/it]
comment feature extracting, time string encoding and graph constructing ...:  55%|████▎   | 800/1467 [27:49<15:38,  1.41s/it]
comment feature extracting, time string encoding and graph constructing ...:  55%|████▎   | 801/1467 [27:51<15:45,  1.42s/it]
comment feature extracting, time string encoding and graph constructing ...:  55%|████▎   | 802/1467 [27:51<13:56,  1.26s/it]
comment feature extracting, time string encoding and graph constructing ...:  55%|████▍   | 803/1467 [27:52<13:25,  1.21s/it]
comment feature extracting, time string encoding and graph constructing ...:  55%|████▍   | 804/1467 [27:53<11:47,  1.07s/it]
comment feature extracting, time string encoding and graph constructing ...:  55%|████▍   | 805/1467 [27:59<25:47,  2.34s/it]
comment feature extracting, time string encoding and graph constructing ...:  55%|████▍   | 806/1467 [28:00<24:00,  2.18s/it]
comment feature extracting, time string encoding and graph constructing ...:  55%|████▍   | 807/1467 [28:02<23:20,  2.12s/it]
comment feature extracting, time string encoding and graph constructing ...:  55%|████▍   | 808/1467 [28:05<25:44,  2.34s/it]
comment feature extracting, time string encoding and graph constructing ...:  55%|████▍   | 809/1467 [28:12<38:50,  3.54s/it]
comment feature extracting, time string encoding and graph constructing ...:  55%|████▍   | 810/1467 [28:17<44:33,  4.07s/it]
comment feature extracting, time string encoding and graph constructing ...:  55%|████▍   | 811/1467 [28:22<47:56,  4.38s/it]
comment feature extracting, time string encoding and graph constructing ...:  55%|████▍   | 812/1467 [28:23<37:36,  3.45s/it]
comment feature extracting, time string encoding and graph constructing ...:  55%|████▍   | 813/1467 [28:24<29:30,  2.71s/it]
comment feature extracting, time string encoding and graph constructing ...:  55%|████▍   | 814/1467 [28:29<37:07,  3.41s/it]
comment feature extracting, time string encoding and graph constructing ...:  56%|████▍   | 815/1467 [28:31<30:53,  2.84s/it]
comment feature extracting, time string encoding and graph constructing ...:  56%|████▍   | 816/1467 [28:31<22:43,  2.09s/it]
comment feature extracting, time string encoding and graph constructing ...:  56%|████▍   | 817/1467 [28:32<18:41,  1.73s/it]
comment feature extracting, time string encoding and graph constructing ...:  56%|████▍   | 818/1467 [28:37<30:15,  2.80s/it]
comment feature extracting, time string encoding and graph constructing ...:  56%|████▍   | 819/1467 [28:43<41:17,  3.82s/it]
comment feature extracting, time string encoding and graph constructing ...:  56%|████▍   | 820/1467 [28:45<32:13,  2.99s/it]
comment feature extracting, time string encoding and graph constructing ...:  56%|████▍   | 821/1467 [28:46<27:10,  2.52s/it]
comment feature extracting, time string encoding and graph constructing ...:  56%|████▍   | 822/1467 [28:47<22:31,  2.10s/it]
comment feature extracting, time string encoding and graph constructing ...:  56%|████▍   | 823/1467 [28:48<18:17,  1.70s/it]
comment feature extracting, time string encoding and graph constructing ...:  56%|████▍   | 824/1467 [28:48<14:26,  1.35s/it]
comment feature extracting, time string encoding and graph constructing ...:  56%|████▍   | 825/1467 [28:50<16:45,  1.57s/it]
comment feature extracting, time string encoding and graph constructing ...:  56%|████▌   | 826/1467 [28:55<25:51,  2.42s/it]
comment feature extracting, time string encoding and graph constructing ...:  56%|████▌   | 827/1467 [28:57<26:13,  2.46s/it]
comment feature extracting, time string encoding and graph constructing ...:  56%|████▌   | 828/1467 [28:58<21:26,  2.01s/it]
comment feature extracting, time string encoding and graph constructing ...:  57%|████▌   | 829/1467 [28:59<17:54,  1.68s/it]
comment feature extracting, time string encoding and graph constructing ...:  57%|████▌   | 830/1467 [29:03<23:00,  2.17s/it]
comment feature extracting, time string encoding and graph constructing ...:  57%|████▌   | 831/1467 [29:04<21:23,  2.02s/it]
comment feature extracting, time string encoding and graph constructing ...:  57%|████▌   | 832/1467 [29:05<18:04,  1.71s/it]
comment feature extracting, time string encoding and graph constructing ...:  57%|████▌   | 833/1467 [29:06<14:49,  1.40s/it]
comment feature extracting, time string encoding and graph constructing ...:  57%|████▌   | 834/1467 [29:08<17:15,  1.64s/it]
comment feature extracting, time string encoding and graph constructing ...:  57%|████▌   | 835/1467 [29:10<18:00,  1.71s/it]
comment feature extracting, time string encoding and graph constructing ...:  57%|████▌   | 836/1467 [29:13<23:28,  2.23s/it]
comment feature extracting, time string encoding and graph constructing ...:  57%|████▌   | 837/1467 [29:15<20:36,  1.96s/it]
comment feature extracting, time string encoding and graph constructing ...:  57%|████▌   | 838/1467 [29:23<40:26,  3.86s/it]
comment feature extracting, time string encoding and graph constructing ...:  57%|████▌   | 839/1467 [29:28<42:43,  4.08s/it]
comment feature extracting, time string encoding and graph constructing ...:  57%|████▌   | 840/1467 [29:30<36:17,  3.47s/it]
comment feature extracting, time string encoding and graph constructing ...:  57%|████▌   | 841/1467 [29:32<33:53,  3.25s/it]
comment feature extracting, time string encoding and graph constructing ...:  57%|████▌   | 842/1467 [29:34<28:51,  2.77s/it]
comment feature extracting, time string encoding and graph constructing ...:  57%|████▌   | 843/1467 [29:37<28:24,  2.73s/it]
comment feature extracting, time string encoding and graph constructing ...:  58%|████▌   | 844/1467 [29:37<21:26,  2.07s/it]
comment feature extracting, time string encoding and graph constructing ...:  58%|████▌   | 845/1467 [29:39<21:30,  2.07s/it]
comment feature extracting, time string encoding and graph constructing ...:  58%|████▌   | 846/1467 [29:45<33:20,  3.22s/it]
comment feature extracting, time string encoding and graph constructing ...:  58%|████▌   | 847/1467 [29:48<32:53,  3.18s/it]
comment feature extracting, time string encoding and graph constructing ...:  58%|████▌   | 848/1467 [29:49<26:27,  2.57s/it]
comment feature extracting, time string encoding and graph constructing ...:  58%|████▋   | 849/1467 [29:52<26:44,  2.60s/it]
comment feature extracting, time string encoding and graph constructing ...:  58%|████▋   | 850/1467 [29:55<27:58,  2.72s/it]
comment feature extracting, time string encoding and graph constructing ...:  58%|████▋   | 851/1467 [29:59<31:04,  3.03s/it]
comment feature extracting, time string encoding and graph constructing ...:  58%|████▋   | 852/1467 [30:01<29:38,  2.89s/it]
comment feature extracting, time string encoding and graph constructing ...:  58%|████▋   | 853/1467 [30:06<34:02,  3.33s/it]
comment feature extracting, time string encoding and graph constructing ...:  58%|████▋   | 854/1467 [30:06<25:53,  2.53s/it]
comment feature extracting, time string encoding and graph constructing ...:  58%|████▋   | 855/1467 [30:10<29:41,  2.91s/it]
comment feature extracting, time string encoding and graph constructing ...:  58%|████▋   | 856/1467 [30:11<22:57,  2.25s/it]
comment feature extracting, time string encoding and graph constructing ...:  58%|████▋   | 857/1467 [30:12<20:21,  2.00s/it]
comment feature extracting, time string encoding and graph constructing ...:  58%|████▋   | 858/1467 [30:13<16:40,  1.64s/it]
comment feature extracting, time string encoding and graph constructing ...:  59%|████▋   | 859/1467 [30:18<26:33,  2.62s/it]
comment feature extracting, time string encoding and graph constructing ...:  59%|████▋   | 860/1467 [30:20<24:47,  2.45s/it]
comment feature extracting, time string encoding and graph constructing ...:  59%|████▋   | 861/1467 [30:21<18:20,  1.82s/it]
comment feature extracting, time string encoding and graph constructing ...:  59%|████▋   | 862/1467 [30:23<18:56,  1.88s/it]
comment feature extracting, time string encoding and graph constructing ...:  59%|████▋   | 863/1467 [30:24<17:46,  1.77s/it]
comment feature extracting, time string encoding and graph constructing ...:  59%|████▋   | 864/1467 [30:31<34:21,  3.42s/it]
comment feature extracting, time string encoding and graph constructing ...:  59%|████▋   | 865/1467 [30:35<36:29,  3.64s/it]
comment feature extracting, time string encoding and graph constructing ...:  59%|████▋   | 866/1467 [30:37<28:53,  2.89s/it]
comment feature extracting, time string encoding and graph constructing ...:  59%|████▋   | 867/1467 [30:39<26:31,  2.65s/it]
comment feature extracting, time string encoding and graph constructing ...:  59%|████▋   | 868/1467 [30:42<28:21,  2.84s/it]
comment feature extracting, time string encoding and graph constructing ...:  59%|████▋   | 869/1467 [30:45<29:40,  2.98s/it]
comment feature extracting, time string encoding and graph constructing ...:  59%|████▋   | 870/1467 [30:48<28:38,  2.88s/it]
comment feature extracting, time string encoding and graph constructing ...:  59%|████▋   | 871/1467 [30:52<32:19,  3.25s/it]
comment feature extracting, time string encoding and graph constructing ...:  59%|████▊   | 872/1467 [30:53<25:24,  2.56s/it]
comment feature extracting, time string encoding and graph constructing ...:  60%|████▊   | 873/1467 [30:53<18:50,  1.90s/it]
comment feature extracting, time string encoding and graph constructing ...:  60%|████▊   | 874/1467 [30:54<14:57,  1.51s/it]
comment feature extracting, time string encoding and graph constructing ...:  60%|████▊   | 875/1467 [30:56<16:59,  1.72s/it]
comment feature extracting, time string encoding and graph constructing ...:  60%|████▊   | 876/1467 [30:59<19:39,  1.99s/it]
comment feature extracting, time string encoding and graph constructing ...:  60%|████▊   | 877/1467 [31:01<20:58,  2.13s/it]
comment feature extracting, time string encoding and graph constructing ...:  60%|████▊   | 878/1467 [31:03<18:20,  1.87s/it]
comment feature extracting, time string encoding and graph constructing ...:  60%|████▊   | 879/1467 [31:05<20:43,  2.11s/it]
comment feature extracting, time string encoding and graph constructing ...:  60%|████▊   | 880/1467 [31:06<18:05,  1.85s/it]
comment feature extracting, time string encoding and graph constructing ...:  60%|████▊   | 881/1467 [31:13<31:21,  3.21s/it]
comment feature extracting, time string encoding and graph constructing ...:  60%|████▊   | 882/1467 [31:13<23:19,  2.39s/it]
comment feature extracting, time string encoding and graph constructing ...:  60%|████▊   | 883/1467 [31:14<19:29,  2.00s/it]
comment feature extracting, time string encoding and graph constructing ...:  60%|████▊   | 884/1467 [31:18<24:42,  2.54s/it]
comment feature extracting, time string encoding and graph constructing ...:  60%|████▊   | 885/1467 [31:19<19:42,  2.03s/it]
comment feature extracting, time string encoding and graph constructing ...:  60%|████▊   | 886/1467 [31:21<19:58,  2.06s/it]
comment feature extracting, time string encoding and graph constructing ...:  60%|████▊   | 887/1467 [31:23<18:46,  1.94s/it]
comment feature extracting, time string encoding and graph constructing ...:  61%|████▊   | 888/1467 [31:26<23:42,  2.46s/it]
comment feature extracting, time string encoding and graph constructing ...:  61%|████▊   | 889/1467 [31:27<18:01,  1.87s/it]
comment feature extracting, time string encoding and graph constructing ...:  61%|████▊   | 890/1467 [31:28<15:45,  1.64s/it]
comment feature extracting, time string encoding and graph constructing ...:  61%|████▊   | 891/1467 [31:32<21:15,  2.22s/it]
comment feature extracting, time string encoding and graph constructing ...:  61%|████▊   | 892/1467 [31:35<24:56,  2.60s/it]
comment feature extracting, time string encoding and graph constructing ...:  61%|████▊   | 893/1467 [31:36<18:33,  1.94s/it]
comment feature extracting, time string encoding and graph constructing ...:  61%|████▉   | 894/1467 [31:36<15:24,  1.61s/it]
comment feature extracting, time string encoding and graph constructing ...:  61%|████▉   | 895/1467 [31:37<12:51,  1.35s/it]
comment feature extracting, time string encoding and graph constructing ...:  61%|████▉   | 896/1467 [31:39<14:27,  1.52s/it]
comment feature extracting, time string encoding and graph constructing ...:  61%|████▉   | 897/1467 [31:42<18:37,  1.96s/it]
comment feature extracting, time string encoding and graph constructing ...:  61%|████▉   | 898/1467 [31:45<20:11,  2.13s/it]
comment feature extracting, time string encoding and graph constructing ...:  61%|████▉   | 899/1467 [31:50<29:27,  3.11s/it]
comment feature extracting, time string encoding and graph constructing ...:  61%|████▉   | 900/1467 [31:52<25:23,  2.69s/it]
comment feature extracting, time string encoding and graph constructing ...:  61%|████▉   | 901/1467 [31:52<19:53,  2.11s/it]
comment feature extracting, time string encoding and graph constructing ...:  61%|████▉   | 902/1467 [31:55<20:06,  2.14s/it]
comment feature extracting, time string encoding and graph constructing ...:  62%|████▉   | 903/1467 [32:02<34:18,  3.65s/it]
comment feature extracting, time string encoding and graph constructing ...:  62%|████▉   | 904/1467 [32:03<26:41,  2.84s/it]
comment feature extracting, time string encoding and graph constructing ...:  62%|████▉   | 905/1467 [32:04<20:53,  2.23s/it]
comment feature extracting, time string encoding and graph constructing ...:  62%|████▉   | 906/1467 [32:08<26:49,  2.87s/it]
comment feature extracting, time string encoding and graph constructing ...:  62%|████▉   | 907/1467 [32:09<20:55,  2.24s/it]
comment feature extracting, time string encoding and graph constructing ...:  62%|████▉   | 908/1467 [32:11<20:51,  2.24s/it]
comment feature extracting, time string encoding and graph constructing ...:  62%|████▉   | 909/1467 [32:12<18:02,  1.94s/it]
comment feature extracting, time string encoding and graph constructing ...:  62%|████▉   | 910/1467 [32:15<20:33,  2.21s/it]
comment feature extracting, time string encoding and graph constructing ...:  62%|████▉   | 911/1467 [32:17<19:49,  2.14s/it]
comment feature extracting, time string encoding and graph constructing ...:  62%|████▉   | 912/1467 [32:18<16:51,  1.82s/it]
comment feature extracting, time string encoding and graph constructing ...:  62%|████▉   | 913/1467 [32:21<18:30,  2.00s/it]
comment feature extracting, time string encoding and graph constructing ...:  62%|████▉   | 914/1467 [32:22<16:38,  1.81s/it]
comment feature extracting, time string encoding and graph constructing ...:  62%|████▉   | 915/1467 [32:25<21:24,  2.33s/it]
comment feature extracting, time string encoding and graph constructing ...:  62%|████▉   | 916/1467 [32:26<17:38,  1.92s/it]
comment feature extracting, time string encoding and graph constructing ...:  63%|█████   | 917/1467 [32:32<28:52,  3.15s/it]
comment feature extracting, time string encoding and graph constructing ...:  63%|█████   | 918/1467 [32:35<27:45,  3.03s/it]
comment feature extracting, time string encoding and graph constructing ...:  63%|█████   | 919/1467 [32:38<26:15,  2.88s/it]
comment feature extracting, time string encoding and graph constructing ...:  63%|█████   | 920/1467 [32:38<19:48,  2.17s/it]
comment feature extracting, time string encoding and graph constructing ...:  63%|█████   | 921/1467 [32:39<14:47,  1.63s/it]
comment feature extracting, time string encoding and graph constructing ...:  63%|█████   | 922/1467 [32:43<23:36,  2.60s/it]
comment feature extracting, time string encoding and graph constructing ...:  63%|█████   | 923/1467 [32:45<20:47,  2.29s/it]
comment feature extracting, time string encoding and graph constructing ...:  63%|█████   | 924/1467 [32:50<28:25,  3.14s/it]
comment feature extracting, time string encoding and graph constructing ...:  63%|█████   | 925/1467 [32:52<25:51,  2.86s/it]
comment feature extracting, time string encoding and graph constructing ...:  63%|█████   | 926/1467 [32:56<26:48,  2.97s/it]
comment feature extracting, time string encoding and graph constructing ...:  63%|█████   | 927/1467 [33:00<30:35,  3.40s/it]
comment feature extracting, time string encoding and graph constructing ...:  63%|█████   | 928/1467 [33:02<27:55,  3.11s/it]
comment feature extracting, time string encoding and graph constructing ...:  63%|█████   | 929/1467 [33:09<37:02,  4.13s/it]
comment feature extracting, time string encoding and graph constructing ...:  63%|█████   | 930/1467 [33:14<40:52,  4.57s/it]
comment feature extracting, time string encoding and graph constructing ...:  63%|█████   | 931/1467 [33:16<33:52,  3.79s/it]
comment feature extracting, time string encoding and graph constructing ...:  64%|█████   | 932/1467 [33:17<24:26,  2.74s/it]
comment feature extracting, time string encoding and graph constructing ...:  64%|█████   | 933/1467 [33:19<24:05,  2.71s/it]
comment feature extracting, time string encoding and graph constructing ...:  64%|█████   | 934/1467 [33:21<21:44,  2.45s/it]
comment feature extracting, time string encoding and graph constructing ...:  64%|█████   | 935/1467 [33:22<17:36,  1.99s/it]
comment feature extracting, time string encoding and graph constructing ...:  64%|█████   | 936/1467 [33:27<26:05,  2.95s/it]
comment feature extracting, time string encoding and graph constructing ...:  64%|█████   | 937/1467 [33:30<26:15,  2.97s/it]
comment feature extracting, time string encoding and graph constructing ...:  64%|█████   | 938/1467 [33:32<23:56,  2.72s/it]
comment feature extracting, time string encoding and graph constructing ...:  64%|█████   | 939/1467 [33:34<21:34,  2.45s/it]
comment feature extracting, time string encoding and graph constructing ...:  64%|█████▏  | 940/1467 [33:41<33:09,  3.78s/it]
comment feature extracting, time string encoding and graph constructing ...:  64%|█████▏  | 941/1467 [33:44<30:23,  3.47s/it]
comment feature extracting, time string encoding and graph constructing ...:  64%|█████▏  | 942/1467 [33:46<25:36,  2.93s/it]
comment feature extracting, time string encoding and graph constructing ...:  64%|█████▏  | 943/1467 [33:48<24:18,  2.78s/it]
comment feature extracting, time string encoding and graph constructing ...:  64%|█████▏  | 944/1467 [33:49<19:51,  2.28s/it]
comment feature extracting, time string encoding and graph constructing ...:  64%|█████▏  | 945/1467 [33:50<16:40,  1.92s/it]
comment feature extracting, time string encoding and graph constructing ...:  64%|█████▏  | 946/1467 [33:54<20:28,  2.36s/it]
comment feature extracting, time string encoding and graph constructing ...:  65%|█████▏  | 947/1467 [33:55<17:04,  1.97s/it]
comment feature extracting, time string encoding and graph constructing ...:  65%|█████▏  | 948/1467 [33:57<17:26,  2.02s/it]
comment feature extracting, time string encoding and graph constructing ...:  65%|█████▏  | 949/1467 [33:57<12:43,  1.47s/it]
comment feature extracting, time string encoding and graph constructing ...:  65%|█████▏  | 950/1467 [33:57<09:39,  1.12s/it]
comment feature extracting, time string encoding and graph constructing ...:  65%|█████▏  | 951/1467 [34:00<12:34,  1.46s/it]
comment feature extracting, time string encoding and graph constructing ...:  65%|█████▏  | 952/1467 [34:01<12:13,  1.42s/it]
comment feature extracting, time string encoding and graph constructing ...:  65%|█████▏  | 953/1467 [34:02<12:08,  1.42s/it]
comment feature extracting, time string encoding and graph constructing ...:  65%|█████▏  | 954/1467 [34:04<14:03,  1.64s/it]
comment feature extracting, time string encoding and graph constructing ...:  65%|█████▏  | 955/1467 [34:05<11:03,  1.30s/it]
comment feature extracting, time string encoding and graph constructing ...:  65%|█████▏  | 956/1467 [34:08<16:36,  1.95s/it]
comment feature extracting, time string encoding and graph constructing ...:  65%|█████▏  | 957/1467 [34:09<14:00,  1.65s/it]
comment feature extracting, time string encoding and graph constructing ...:  65%|█████▏  | 958/1467 [34:10<10:22,  1.22s/it]
comment feature extracting, time string encoding and graph constructing ...:  65%|█████▏  | 959/1467 [34:11<10:07,  1.20s/it]
comment feature extracting, time string encoding and graph constructing ...:  65%|█████▏  | 960/1467 [34:14<15:48,  1.87s/it]
comment feature extracting, time string encoding and graph constructing ...:  66%|█████▏  | 961/1467 [34:15<12:00,  1.42s/it]
comment feature extracting, time string encoding and graph constructing ...:  66%|█████▏  | 962/1467 [34:17<14:51,  1.77s/it]
comment feature extracting, time string encoding and graph constructing ...:  66%|█████▎  | 963/1467 [34:19<16:08,  1.92s/it]
comment feature extracting, time string encoding and graph constructing ...:  66%|█████▎  | 964/1467 [34:20<13:29,  1.61s/it]
comment feature extracting, time string encoding and graph constructing ...:  66%|█████▎  | 965/1467 [34:25<21:52,  2.61s/it]
comment feature extracting, time string encoding and graph constructing ...:  66%|█████▎  | 966/1467 [34:26<17:45,  2.13s/it]
comment feature extracting, time string encoding and graph constructing ...:  66%|█████▎  | 967/1467 [34:29<19:25,  2.33s/it]
comment feature extracting, time string encoding and graph constructing ...:  66%|█████▎  | 968/1467 [34:31<18:06,  2.18s/it]
comment feature extracting, time string encoding and graph constructing ...:  66%|█████▎  | 969/1467 [34:32<15:37,  1.88s/it]
comment feature extracting, time string encoding and graph constructing ...:  66%|█████▎  | 970/1467 [34:36<20:03,  2.42s/it]
comment feature extracting, time string encoding and graph constructing ...:  66%|█████▎  | 971/1467 [34:37<18:16,  2.21s/it]
comment feature extracting, time string encoding and graph constructing ...:  66%|█████▎  | 972/1467 [34:40<17:56,  2.18s/it]
comment feature extracting, time string encoding and graph constructing ...:  66%|█████▎  | 973/1467 [34:42<18:22,  2.23s/it]
comment feature extracting, time string encoding and graph constructing ...:  66%|█████▎  | 974/1467 [34:43<15:26,  1.88s/it]
comment feature extracting, time string encoding and graph constructing ...:  66%|█████▎  | 975/1467 [34:44<13:49,  1.69s/it]
comment feature extracting, time string encoding and graph constructing ...:  67%|█████▎  | 976/1467 [34:44<10:00,  1.22s/it]
comment feature extracting, time string encoding and graph constructing ...:  67%|█████▎  | 977/1467 [34:46<11:41,  1.43s/it]
comment feature extracting, time string encoding and graph constructing ...:  67%|█████▎  | 978/1467 [34:52<21:48,  2.68s/it]
comment feature extracting, time string encoding and graph constructing ...:  67%|█████▎  | 979/1467 [34:55<23:01,  2.83s/it]
comment feature extracting, time string encoding and graph constructing ...:  67%|█████▎  | 980/1467 [34:56<17:35,  2.17s/it]
comment feature extracting, time string encoding and graph constructing ...:  67%|█████▎  | 981/1467 [35:00<22:55,  2.83s/it]
comment feature extracting, time string encoding and graph constructing ...:  67%|█████▎  | 982/1467 [35:03<22:30,  2.78s/it]
comment feature extracting, time string encoding and graph constructing ...:  67%|█████▎  | 983/1467 [35:04<18:24,  2.28s/it]
comment feature extracting, time string encoding and graph constructing ...:  67%|█████▎  | 984/1467 [35:05<14:48,  1.84s/it]
comment feature extracting, time string encoding and graph constructing ...:  67%|█████▎  | 985/1467 [35:11<24:51,  3.09s/it]
comment feature extracting, time string encoding and graph constructing ...:  67%|█████▍  | 986/1467 [35:11<19:03,  2.38s/it]
comment feature extracting, time string encoding and graph constructing ...:  67%|█████▍  | 987/1467 [35:16<24:05,  3.01s/it]
comment feature extracting, time string encoding and graph constructing ...:  67%|█████▍  | 988/1467 [35:16<17:48,  2.23s/it]
comment feature extracting, time string encoding and graph constructing ...:  67%|█████▍  | 989/1467 [35:18<17:31,  2.20s/it]
comment feature extracting, time string encoding and graph constructing ...:  67%|█████▍  | 990/1467 [35:19<13:05,  1.65s/it]
comment feature extracting, time string encoding and graph constructing ...:  68%|█████▍  | 991/1467 [35:22<16:19,  2.06s/it]
comment feature extracting, time string encoding and graph constructing ...:  68%|█████▍  | 992/1467 [35:25<19:30,  2.46s/it]
comment feature extracting, time string encoding and graph constructing ...:  68%|█████▍  | 993/1467 [35:28<21:20,  2.70s/it]
comment feature extracting, time string encoding and graph constructing ...:  68%|█████▍  | 994/1467 [35:29<17:29,  2.22s/it]
comment feature extracting, time string encoding and graph constructing ...:  68%|█████▍  | 995/1467 [35:33<19:40,  2.50s/it]
comment feature extracting, time string encoding and graph constructing ...:  68%|█████▍  | 996/1467 [35:34<16:15,  2.07s/it]
comment feature extracting, time string encoding and graph constructing ...:  68%|█████▍  | 997/1467 [35:35<14:13,  1.82s/it]
comment feature extracting, time string encoding and graph constructing ...:  68%|█████▍  | 998/1467 [35:39<20:00,  2.56s/it]
comment feature extracting, time string encoding and graph constructing ...:  68%|█████▍  | 999/1467 [35:42<19:22,  2.48s/it]
comment feature extracting, time string encoding and graph constructing ...:  68%|████▊  | 1000/1467 [35:43<17:57,  2.31s/it]
comment feature extracting, time string encoding and graph constructing ...:  68%|████▊  | 1001/1467 [35:47<20:50,  2.68s/it]
comment feature extracting, time string encoding and graph constructing ...:  68%|████▊  | 1002/1467 [35:52<25:22,  3.27s/it]
comment feature extracting, time string encoding and graph constructing ...:  68%|████▊  | 1003/1467 [35:54<23:02,  2.98s/it]
comment feature extracting, time string encoding and graph constructing ...:  68%|████▊  | 1004/1467 [35:58<25:54,  3.36s/it]
comment feature extracting, time string encoding and graph constructing ...:  69%|████▊  | 1005/1467 [35:58<18:22,  2.39s/it]
comment feature extracting, time string encoding and graph constructing ...:  69%|████▊  | 1006/1467 [36:00<17:18,  2.25s/it]
comment feature extracting, time string encoding and graph constructing ...:  69%|████▊  | 1007/1467 [36:02<15:28,  2.02s/it]
comment feature extracting, time string encoding and graph constructing ...:  69%|████▊  | 1008/1467 [36:03<13:36,  1.78s/it]
comment feature extracting, time string encoding and graph constructing ...:  69%|████▊  | 1009/1467 [36:05<15:19,  2.01s/it]
comment feature extracting, time string encoding and graph constructing ...:  69%|████▊  | 1010/1467 [36:10<21:01,  2.76s/it]
comment feature extracting, time string encoding and graph constructing ...:  69%|████▊  | 1011/1467 [36:17<30:17,  3.99s/it]
comment feature extracting, time string encoding and graph constructing ...:  69%|████▊  | 1012/1467 [36:17<21:55,  2.89s/it]
comment feature extracting, time string encoding and graph constructing ...:  69%|████▊  | 1013/1467 [36:18<16:37,  2.20s/it]
comment feature extracting, time string encoding and graph constructing ...:  69%|████▊  | 1014/1467 [36:20<16:49,  2.23s/it]
comment feature extracting, time string encoding and graph constructing ...:  69%|████▊  | 1015/1467 [36:23<17:50,  2.37s/it]
comment feature extracting, time string encoding and graph constructing ...:  69%|████▊  | 1016/1467 [36:24<14:19,  1.90s/it]
comment feature extracting, time string encoding and graph constructing ...:  69%|████▊  | 1017/1467 [36:25<13:43,  1.83s/it]
comment feature extracting, time string encoding and graph constructing ...:  69%|████▊  | 1018/1467 [36:28<15:19,  2.05s/it]
comment feature extracting, time string encoding and graph constructing ...:  69%|████▊  | 1019/1467 [36:29<13:19,  1.78s/it]
comment feature extracting, time string encoding and graph constructing ...:  70%|████▊  | 1020/1467 [36:31<12:53,  1.73s/it]
comment feature extracting, time string encoding and graph constructing ...:  70%|████▊  | 1021/1467 [36:31<10:17,  1.39s/it]
comment feature extracting, time string encoding and graph constructing ...:  70%|████▉  | 1022/1467 [36:36<18:36,  2.51s/it]
comment feature extracting, time string encoding and graph constructing ...:  70%|████▉  | 1023/1467 [36:39<20:00,  2.70s/it]
comment feature extracting, time string encoding and graph constructing ...:  70%|████▉  | 1024/1467 [36:43<22:40,  3.07s/it]
comment feature extracting, time string encoding and graph constructing ...:  70%|████▉  | 1025/1467 [36:44<17:43,  2.41s/it]
comment feature extracting, time string encoding and graph constructing ...:  70%|████▉  | 1026/1467 [36:45<14:28,  1.97s/it]
comment feature extracting, time string encoding and graph constructing ...:  70%|████▉  | 1027/1467 [36:47<14:06,  1.92s/it]
comment feature extracting, time string encoding and graph constructing ...:  70%|████▉  | 1028/1467 [36:52<21:19,  2.92s/it]
comment feature extracting, time string encoding and graph constructing ...:  70%|████▉  | 1029/1467 [36:56<24:03,  3.30s/it]
comment feature extracting, time string encoding and graph constructing ...:  70%|████▉  | 1030/1467 [36:58<19:31,  2.68s/it]
comment feature extracting, time string encoding and graph constructing ...:  70%|████▉  | 1031/1467 [36:58<14:50,  2.04s/it]
comment feature extracting, time string encoding and graph constructing ...:  70%|████▉  | 1032/1467 [37:04<22:01,  3.04s/it]
comment feature extracting, time string encoding and graph constructing ...:  70%|████▉  | 1033/1467 [37:10<30:26,  4.21s/it]
comment feature extracting, time string encoding and graph constructing ...:  70%|████▉  | 1034/1467 [37:15<30:23,  4.21s/it]
comment feature extracting, time string encoding and graph constructing ...:  71%|████▉  | 1035/1467 [37:16<25:00,  3.47s/it]
comment feature extracting, time string encoding and graph constructing ...:  71%|████▉  | 1036/1467 [37:20<25:25,  3.54s/it]
comment feature extracting, time string encoding and graph constructing ...:  71%|████▉  | 1037/1467 [37:22<21:44,  3.03s/it]
comment feature extracting, time string encoding and graph constructing ...:  71%|████▉  | 1038/1467 [37:23<17:57,  2.51s/it]
comment feature extracting, time string encoding and graph constructing ...:  71%|████▉  | 1039/1467 [37:24<14:46,  2.07s/it]
comment feature extracting, time string encoding and graph constructing ...:  71%|████▉  | 1040/1467 [37:25<11:07,  1.56s/it]
comment feature extracting, time string encoding and graph constructing ...:  71%|████▉  | 1041/1467 [37:26<09:48,  1.38s/it]
comment feature extracting, time string encoding and graph constructing ...:  71%|████▉  | 1042/1467 [37:29<13:06,  1.85s/it]
comment feature extracting, time string encoding and graph constructing ...:  71%|████▉  | 1043/1467 [37:30<13:06,  1.86s/it]
comment feature extracting, time string encoding and graph constructing ...:  71%|████▉  | 1044/1467 [37:31<11:03,  1.57s/it]
comment feature extracting, time string encoding and graph constructing ...:  71%|████▉  | 1045/1467 [37:35<14:50,  2.11s/it]
comment feature extracting, time string encoding and graph constructing ...:  71%|████▉  | 1046/1467 [37:37<14:51,  2.12s/it]
comment feature extracting, time string encoding and graph constructing ...:  71%|████▉  | 1047/1467 [37:40<16:03,  2.29s/it]
comment feature extracting, time string encoding and graph constructing ...:  71%|█████  | 1048/1467 [37:40<11:59,  1.72s/it]
comment feature extracting, time string encoding and graph constructing ...:  72%|█████  | 1049/1467 [37:43<14:34,  2.09s/it]
comment feature extracting, time string encoding and graph constructing ...:  72%|█████  | 1050/1467 [37:44<12:49,  1.85s/it]
comment feature extracting, time string encoding and graph constructing ...:  72%|█████  | 1051/1467 [37:46<13:28,  1.94s/it]
comment feature extracting, time string encoding and graph constructing ...:  72%|█████  | 1052/1467 [37:52<21:02,  3.04s/it]
comment feature extracting, time string encoding and graph constructing ...:  72%|█████  | 1053/1467 [37:55<21:31,  3.12s/it]
comment feature extracting, time string encoding and graph constructing ...:  72%|█████  | 1054/1467 [37:56<16:57,  2.46s/it]
comment feature extracting, time string encoding and graph constructing ...:  72%|█████  | 1055/1467 [37:59<17:01,  2.48s/it]
comment feature extracting, time string encoding and graph constructing ...:  72%|█████  | 1056/1467 [38:04<22:35,  3.30s/it]
comment feature extracting, time string encoding and graph constructing ...:  72%|█████  | 1057/1467 [38:06<20:53,  3.06s/it]
comment feature extracting, time string encoding and graph constructing ...:  72%|█████  | 1058/1467 [38:08<18:45,  2.75s/it]
comment feature extracting, time string encoding and graph constructing ...:  72%|█████  | 1059/1467 [38:14<23:43,  3.49s/it]
comment feature extracting, time string encoding and graph constructing ...:  72%|█████  | 1060/1467 [38:15<19:24,  2.86s/it]
comment feature extracting, time string encoding and graph constructing ...:  72%|█████  | 1061/1467 [38:17<17:10,  2.54s/it]
comment feature extracting, time string encoding and graph constructing ...:  72%|█████  | 1062/1467 [38:20<17:55,  2.66s/it]
comment feature extracting, time string encoding and graph constructing ...:  72%|█████  | 1063/1467 [38:20<13:30,  2.01s/it]
comment feature extracting, time string encoding and graph constructing ...:  73%|█████  | 1064/1467 [38:24<16:57,  2.53s/it]
comment feature extracting, time string encoding and graph constructing ...:  73%|█████  | 1065/1467 [38:25<14:05,  2.10s/it]
comment feature extracting, time string encoding and graph constructing ...:  73%|█████  | 1066/1467 [38:27<12:53,  1.93s/it]
comment feature extracting, time string encoding and graph constructing ...:  73%|█████  | 1067/1467 [38:28<11:35,  1.74s/it]
comment feature extracting, time string encoding and graph constructing ...:  73%|█████  | 1068/1467 [38:31<13:12,  1.99s/it]
comment feature extracting, time string encoding and graph constructing ...:  73%|█████  | 1069/1467 [38:32<12:17,  1.85s/it]
comment feature extracting, time string encoding and graph constructing ...:  73%|█████  | 1070/1467 [38:33<09:47,  1.48s/it]
comment feature extracting, time string encoding and graph constructing ...:  73%|█████  | 1071/1467 [38:34<09:26,  1.43s/it]
comment feature extracting, time string encoding and graph constructing ...:  73%|█████  | 1072/1467 [38:36<10:39,  1.62s/it]
comment feature extracting, time string encoding and graph constructing ...:  73%|█████  | 1073/1467 [38:37<08:26,  1.29s/it]
comment feature extracting, time string encoding and graph constructing ...:  73%|█████  | 1074/1467 [38:37<06:35,  1.01s/it]
comment feature extracting, time string encoding and graph constructing ...:  73%|█████▏ | 1075/1467 [38:42<13:43,  2.10s/it]
comment feature extracting, time string encoding and graph constructing ...:  73%|█████▏ | 1076/1467 [38:45<16:08,  2.48s/it]
comment feature extracting, time string encoding and graph constructing ...:  73%|█████▏ | 1077/1467 [38:45<11:46,  1.81s/it]
comment feature extracting, time string encoding and graph constructing ...:  73%|█████▏ | 1078/1467 [38:50<16:53,  2.61s/it]
comment feature extracting, time string encoding and graph constructing ...:  74%|█████▏ | 1079/1467 [38:52<16:17,  2.52s/it]
comment feature extracting, time string encoding and graph constructing ...:  74%|█████▏ | 1080/1467 [38:54<14:54,  2.31s/it]
comment feature extracting, time string encoding and graph constructing ...:  74%|█████▏ | 1081/1467 [38:54<11:34,  1.80s/it]
comment feature extracting, time string encoding and graph constructing ...:  74%|█████▏ | 1082/1467 [38:56<11:06,  1.73s/it]
comment feature extracting, time string encoding and graph constructing ...:  74%|█████▏ | 1083/1467 [38:58<11:15,  1.76s/it]
comment feature extracting, time string encoding and graph constructing ...:  74%|█████▏ | 1084/1467 [39:03<17:33,  2.75s/it]
comment feature extracting, time string encoding and graph constructing ...:  74%|█████▏ | 1085/1467 [39:05<16:57,  2.66s/it]
comment feature extracting, time string encoding and graph constructing ...:  74%|█████▏ | 1086/1467 [39:08<16:07,  2.54s/it]
comment feature extracting, time string encoding and graph constructing ...:  74%|█████▏ | 1087/1467 [39:09<14:29,  2.29s/it]
comment feature extracting, time string encoding and graph constructing ...:  74%|█████▏ | 1088/1467 [39:12<14:54,  2.36s/it]
comment feature extracting, time string encoding and graph constructing ...:  74%|█████▏ | 1089/1467 [39:13<12:15,  1.95s/it]
comment feature extracting, time string encoding and graph constructing ...:  74%|█████▏ | 1090/1467 [39:14<10:32,  1.68s/it]
comment feature extracting, time string encoding and graph constructing ...:  74%|█████▏ | 1091/1467 [39:15<10:10,  1.62s/it]
comment feature extracting, time string encoding and graph constructing ...:  74%|█████▏ | 1092/1467 [39:19<13:30,  2.16s/it]
comment feature extracting, time string encoding and graph constructing ...:  75%|█████▏ | 1093/1467 [39:20<12:22,  1.99s/it]
comment feature extracting, time string encoding and graph constructing ...:  75%|█████▏ | 1094/1467 [39:26<19:59,  3.22s/it]
comment feature extracting, time string encoding and graph constructing ...:  75%|█████▏ | 1095/1467 [39:28<16:41,  2.69s/it]
comment feature extracting, time string encoding and graph constructing ...:  75%|█████▏ | 1096/1467 [39:30<15:31,  2.51s/it]
comment feature extracting, time string encoding and graph constructing ...:  75%|█████▏ | 1097/1467 [39:31<13:03,  2.12s/it]
comment feature extracting, time string encoding and graph constructing ...:  75%|█████▏ | 1098/1467 [39:33<12:42,  2.07s/it]
comment feature extracting, time string encoding and graph constructing ...:  75%|█████▏ | 1099/1467 [39:35<13:14,  2.16s/it]
comment feature extracting, time string encoding and graph constructing ...:  75%|█████▏ | 1100/1467 [39:37<12:43,  2.08s/it]
comment feature extracting, time string encoding and graph constructing ...:  75%|█████▎ | 1101/1467 [39:40<14:27,  2.37s/it]
comment feature extracting, time string encoding and graph constructing ...:  75%|█████▎ | 1102/1467 [39:42<13:38,  2.24s/it]
comment feature extracting, time string encoding and graph constructing ...:  75%|█████▎ | 1103/1467 [39:44<12:18,  2.03s/it]
comment feature extracting, time string encoding and graph constructing ...:  75%|█████▎ | 1104/1467 [39:46<13:14,  2.19s/it]
comment feature extracting, time string encoding and graph constructing ...:  75%|█████▎ | 1105/1467 [39:50<15:08,  2.51s/it]
comment feature extracting, time string encoding and graph constructing ...:  75%|█████▎ | 1106/1467 [39:53<17:21,  2.88s/it]
comment feature extracting, time string encoding and graph constructing ...:  75%|█████▎ | 1107/1467 [39:55<14:10,  2.36s/it]
comment feature extracting, time string encoding and graph constructing ...:  76%|█████▎ | 1108/1467 [40:00<19:23,  3.24s/it]
comment feature extracting, time string encoding and graph constructing ...:  76%|█████▎ | 1109/1467 [40:04<20:57,  3.51s/it]
comment feature extracting, time string encoding and graph constructing ...:  76%|█████▎ | 1110/1467 [40:06<18:02,  3.03s/it]
comment feature extracting, time string encoding and graph constructing ...:  76%|█████▎ | 1111/1467 [40:09<18:16,  3.08s/it]
comment feature extracting, time string encoding and graph constructing ...:  76%|█████▎ | 1112/1467 [40:10<13:39,  2.31s/it]
comment feature extracting, time string encoding and graph constructing ...:  76%|█████▎ | 1113/1467 [40:12<12:53,  2.18s/it]
comment feature extracting, time string encoding and graph constructing ...:  76%|█████▎ | 1114/1467 [40:12<09:45,  1.66s/it]
comment feature extracting, time string encoding and graph constructing ...:  76%|█████▎ | 1115/1467 [40:16<14:06,  2.41s/it]
comment feature extracting, time string encoding and graph constructing ...:  76%|█████▎ | 1116/1467 [40:21<17:35,  3.01s/it]
comment feature extracting, time string encoding and graph constructing ...:  76%|█████▎ | 1117/1467 [40:23<16:33,  2.84s/it]
comment feature extracting, time string encoding and graph constructing ...:  76%|█████▎ | 1118/1467 [40:24<13:51,  2.38s/it]
comment feature extracting, time string encoding and graph constructing ...:  76%|█████▎ | 1119/1467 [40:31<20:24,  3.52s/it]
comment feature extracting, time string encoding and graph constructing ...:  76%|█████▎ | 1120/1467 [40:31<15:11,  2.63s/it]
comment feature extracting, time string encoding and graph constructing ...:  76%|█████▎ | 1121/1467 [40:34<15:18,  2.66s/it]
comment feature extracting, time string encoding and graph constructing ...:  76%|█████▎ | 1122/1467 [40:35<12:24,  2.16s/it]
comment feature extracting, time string encoding and graph constructing ...:  77%|█████▎ | 1123/1467 [40:37<12:55,  2.25s/it]
comment feature extracting, time string encoding and graph constructing ...:  77%|█████▎ | 1124/1467 [40:39<12:25,  2.17s/it]
comment feature extracting, time string encoding and graph constructing ...:  77%|█████▎ | 1125/1467 [40:42<14:04,  2.47s/it]
comment feature extracting, time string encoding and graph constructing ...:  77%|█████▎ | 1126/1467 [40:45<13:50,  2.44s/it]
comment feature extracting, time string encoding and graph constructing ...:  77%|█████▍ | 1127/1467 [40:46<11:19,  2.00s/it]
comment feature extracting, time string encoding and graph constructing ...:  77%|█████▍ | 1128/1467 [40:47<10:26,  1.85s/it]
comment feature extracting, time string encoding and graph constructing ...:  77%|█████▍ | 1129/1467 [40:48<08:55,  1.58s/it]
comment feature extracting, time string encoding and graph constructing ...:  77%|█████▍ | 1130/1467 [40:54<15:49,  2.82s/it]
comment feature extracting, time string encoding and graph constructing ...:  77%|█████▍ | 1131/1467 [40:56<14:40,  2.62s/it]
comment feature extracting, time string encoding and graph constructing ...:  77%|█████▍ | 1132/1467 [40:58<14:09,  2.54s/it]
comment feature extracting, time string encoding and graph constructing ...:  77%|█████▍ | 1133/1467 [41:02<16:05,  2.89s/it]
comment feature extracting, time string encoding and graph constructing ...:  77%|█████▍ | 1134/1467 [41:05<15:14,  2.75s/it]
comment feature extracting, time string encoding and graph constructing ...:  77%|█████▍ | 1135/1467 [41:05<12:07,  2.19s/it]
comment feature extracting, time string encoding and graph constructing ...:  77%|█████▍ | 1136/1467 [41:07<10:33,  1.91s/it]
comment feature extracting, time string encoding and graph constructing ...:  78%|█████▍ | 1137/1467 [41:08<09:49,  1.79s/it]
comment feature extracting, time string encoding and graph constructing ...:  78%|█████▍ | 1138/1467 [41:16<19:50,  3.62s/it]
comment feature extracting, time string encoding and graph constructing ...:  78%|█████▍ | 1139/1467 [41:19<18:19,  3.35s/it]
comment feature extracting, time string encoding and graph constructing ...:  78%|█████▍ | 1140/1467 [41:19<13:53,  2.55s/it]
comment feature extracting, time string encoding and graph constructing ...:  78%|█████▍ | 1141/1467 [41:23<15:26,  2.84s/it]
comment feature extracting, time string encoding and graph constructing ...:  78%|█████▍ | 1142/1467 [41:23<11:30,  2.13s/it]
comment feature extracting, time string encoding and graph constructing ...:  78%|█████▍ | 1143/1467 [41:24<09:06,  1.69s/it]
comment feature extracting, time string encoding and graph constructing ...:  78%|█████▍ | 1144/1467 [41:27<10:41,  1.99s/it]
comment feature extracting, time string encoding and graph constructing ...:  78%|█████▍ | 1145/1467 [41:29<10:59,  2.05s/it]
comment feature extracting, time string encoding and graph constructing ...:  78%|█████▍ | 1146/1467 [41:33<13:24,  2.51s/it]
comment feature extracting, time string encoding and graph constructing ...:  78%|█████▍ | 1147/1467 [41:34<11:16,  2.12s/it]
comment feature extracting, time string encoding and graph constructing ...:  78%|█████▍ | 1148/1467 [41:35<10:37,  2.00s/it]
comment feature extracting, time string encoding and graph constructing ...:  78%|█████▍ | 1149/1467 [41:37<09:42,  1.83s/it]
comment feature extracting, time string encoding and graph constructing ...:  78%|█████▍ | 1150/1467 [41:40<11:00,  2.08s/it]
comment feature extracting, time string encoding and graph constructing ...:  78%|█████▍ | 1151/1467 [41:45<16:06,  3.06s/it]
comment feature extracting, time string encoding and graph constructing ...:  79%|█████▍ | 1152/1467 [41:48<16:49,  3.20s/it]
comment feature extracting, time string encoding and graph constructing ...:  79%|█████▌ | 1153/1467 [41:52<16:37,  3.18s/it]
comment feature extracting, time string encoding and graph constructing ...:  79%|█████▌ | 1154/1467 [41:52<12:58,  2.49s/it]
comment feature extracting, time string encoding and graph constructing ...:  79%|█████▌ | 1155/1467 [41:53<09:53,  1.90s/it]
comment feature extracting, time string encoding and graph constructing ...:  79%|█████▌ | 1156/1467 [42:01<20:02,  3.87s/it]
comment feature extracting, time string encoding and graph constructing ...:  79%|█████▌ | 1157/1467 [42:04<17:49,  3.45s/it]
comment feature extracting, time string encoding and graph constructing ...:  79%|█████▌ | 1158/1467 [42:04<12:51,  2.50s/it]
comment feature extracting, time string encoding and graph constructing ...:  79%|█████▌ | 1159/1467 [42:06<12:11,  2.37s/it]
comment feature extracting, time string encoding and graph constructing ...:  79%|█████▌ | 1160/1467 [42:08<11:47,  2.30s/it]
comment feature extracting, time string encoding and graph constructing ...:  79%|█████▌ | 1161/1467 [42:11<11:46,  2.31s/it]
comment feature extracting, time string encoding and graph constructing ...:  79%|█████▌ | 1162/1467 [42:13<11:36,  2.28s/it]
comment feature extracting, time string encoding and graph constructing ...:  79%|█████▌ | 1163/1467 [42:18<15:32,  3.07s/it]
comment feature extracting, time string encoding and graph constructing ...:  79%|█████▌ | 1164/1467 [42:24<19:55,  3.95s/it]
comment feature extracting, time string encoding and graph constructing ...:  79%|█████▌ | 1165/1467 [42:27<18:24,  3.66s/it]
comment feature extracting, time string encoding and graph constructing ...:  79%|█████▌ | 1166/1467 [42:29<15:23,  3.07s/it]
comment feature extracting, time string encoding and graph constructing ...:  80%|█████▌ | 1167/1467 [42:32<16:24,  3.28s/it]
comment feature extracting, time string encoding and graph constructing ...:  80%|█████▌ | 1168/1467 [42:33<12:34,  2.52s/it]
comment feature extracting, time string encoding and graph constructing ...:  80%|█████▌ | 1169/1467 [42:36<12:44,  2.56s/it]
comment feature extracting, time string encoding and graph constructing ...:  80%|█████▌ | 1170/1467 [42:38<11:55,  2.41s/it]
comment feature extracting, time string encoding and graph constructing ...:  80%|█████▌ | 1171/1467 [42:38<08:50,  1.79s/it]
comment feature extracting, time string encoding and graph constructing ...:  80%|█████▌ | 1172/1467 [42:39<07:42,  1.57s/it]
comment feature extracting, time string encoding and graph constructing ...:  80%|█████▌ | 1173/1467 [42:46<14:55,  3.05s/it]
comment feature extracting, time string encoding and graph constructing ...:  80%|█████▌ | 1174/1467 [42:46<10:34,  2.17s/it]
comment feature extracting, time string encoding and graph constructing ...:  80%|█████▌ | 1175/1467 [42:47<09:47,  2.01s/it]
comment feature extracting, time string encoding and graph constructing ...:  80%|█████▌ | 1176/1467 [42:49<09:20,  1.93s/it]
comment feature extracting, time string encoding and graph constructing ...:  80%|█████▌ | 1177/1467 [42:53<12:04,  2.50s/it]
comment feature extracting, time string encoding and graph constructing ...:  80%|█████▌ | 1178/1467 [42:56<12:03,  2.50s/it]
comment feature extracting, time string encoding and graph constructing ...:  80%|█████▋ | 1179/1467 [42:58<11:35,  2.42s/it]
comment feature extracting, time string encoding and graph constructing ...:  80%|█████▋ | 1180/1467 [42:59<09:58,  2.08s/it]
comment feature extracting, time string encoding and graph constructing ...:  81%|█████▋ | 1181/1467 [43:01<10:20,  2.17s/it]
comment feature extracting, time string encoding and graph constructing ...:  81%|█████▋ | 1182/1467 [43:04<10:22,  2.18s/it]
comment feature extracting, time string encoding and graph constructing ...:  81%|█████▋ | 1183/1467 [43:05<09:09,  1.93s/it]
comment feature extracting, time string encoding and graph constructing ...:  81%|█████▋ | 1184/1467 [43:06<07:13,  1.53s/it]
comment feature extracting, time string encoding and graph constructing ...:  81%|█████▋ | 1185/1467 [43:07<06:28,  1.38s/it]
comment feature extracting, time string encoding and graph constructing ...:  81%|█████▋ | 1186/1467 [43:08<07:07,  1.52s/it]
comment feature extracting, time string encoding and graph constructing ...:  81%|█████▋ | 1187/1467 [43:09<05:55,  1.27s/it]
comment feature extracting, time string encoding and graph constructing ...:  81%|█████▋ | 1188/1467 [43:10<05:35,  1.20s/it]
comment feature extracting, time string encoding and graph constructing ...:  81%|█████▋ | 1189/1467 [43:13<07:58,  1.72s/it]
comment feature extracting, time string encoding and graph constructing ...:  81%|█████▋ | 1190/1467 [43:17<10:53,  2.36s/it]
comment feature extracting, time string encoding and graph constructing ...:  81%|█████▋ | 1191/1467 [43:18<08:53,  1.93s/it]
comment feature extracting, time string encoding and graph constructing ...:  81%|█████▋ | 1192/1467 [43:21<10:19,  2.25s/it]
comment feature extracting, time string encoding and graph constructing ...:  81%|█████▋ | 1193/1467 [43:23<09:35,  2.10s/it]
comment feature extracting, time string encoding and graph constructing ...:  81%|█████▋ | 1194/1467 [43:25<10:33,  2.32s/it]
comment feature extracting, time string encoding and graph constructing ...:  81%|█████▋ | 1195/1467 [43:26<08:29,  1.87s/it]
comment feature extracting, time string encoding and graph constructing ...:  82%|█████▋ | 1196/1467 [43:32<13:23,  2.96s/it]
comment feature extracting, time string encoding and graph constructing ...:  82%|█████▋ | 1197/1467 [43:34<12:27,  2.77s/it]
comment feature extracting, time string encoding and graph constructing ...:  82%|█████▋ | 1198/1467 [43:35<09:45,  2.18s/it]
comment feature extracting, time string encoding and graph constructing ...:  82%|█████▋ | 1199/1467 [43:36<08:13,  1.84s/it]
comment feature extracting, time string encoding and graph constructing ...:  82%|█████▋ | 1200/1467 [43:38<07:58,  1.79s/it]
comment feature extracting, time string encoding and graph constructing ...:  82%|█████▋ | 1201/1467 [43:39<07:45,  1.75s/it]
comment feature extracting, time string encoding and graph constructing ...:  82%|█████▋ | 1202/1467 [43:40<05:57,  1.35s/it]
comment feature extracting, time string encoding and graph constructing ...:  82%|█████▋ | 1203/1467 [43:43<07:55,  1.80s/it]
comment feature extracting, time string encoding and graph constructing ...:  82%|█████▋ | 1204/1467 [43:46<09:59,  2.28s/it]
comment feature extracting, time string encoding and graph constructing ...:  82%|█████▋ | 1205/1467 [43:49<11:21,  2.60s/it]
comment feature extracting, time string encoding and graph constructing ...:  82%|█████▊ | 1206/1467 [43:51<09:31,  2.19s/it]
comment feature extracting, time string encoding and graph constructing ...:  82%|█████▊ | 1207/1467 [43:53<09:21,  2.16s/it]
comment feature extracting, time string encoding and graph constructing ...:  82%|█████▊ | 1208/1467 [43:54<08:23,  1.94s/it]
comment feature extracting, time string encoding and graph constructing ...:  82%|█████▊ | 1209/1467 [43:56<08:51,  2.06s/it]
comment feature extracting, time string encoding and graph constructing ...:  82%|█████▊ | 1210/1467 [44:00<10:26,  2.44s/it]
comment feature extracting, time string encoding and graph constructing ...:  83%|█████▊ | 1211/1467 [44:01<08:38,  2.03s/it]
comment feature extracting, time string encoding and graph constructing ...:  83%|█████▊ | 1212/1467 [44:02<07:13,  1.70s/it]
comment feature extracting, time string encoding and graph constructing ...:  83%|█████▊ | 1213/1467 [44:04<08:11,  1.94s/it]
comment feature extracting, time string encoding and graph constructing ...:  83%|█████▊ | 1214/1467 [44:13<17:13,  4.08s/it]
comment feature extracting, time string encoding and graph constructing ...:  83%|█████▊ | 1215/1467 [44:19<18:57,  4.51s/it]
comment feature extracting, time string encoding and graph constructing ...:  83%|█████▊ | 1216/1467 [44:21<16:00,  3.83s/it]
comment feature extracting, time string encoding and graph constructing ...:  83%|█████▊ | 1217/1467 [44:22<12:11,  2.93s/it]
comment feature extracting, time string encoding and graph constructing ...:  83%|█████▊ | 1218/1467 [44:24<10:53,  2.62s/it]
comment feature extracting, time string encoding and graph constructing ...:  83%|█████▊ | 1219/1467 [44:27<11:06,  2.69s/it]
comment feature extracting, time string encoding and graph constructing ...:  83%|█████▊ | 1220/1467 [44:27<08:24,  2.04s/it]
comment feature extracting, time string encoding and graph constructing ...:  83%|█████▊ | 1221/1467 [44:29<07:56,  1.94s/it]
comment feature extracting, time string encoding and graph constructing ...:  83%|█████▊ | 1222/1467 [44:32<09:12,  2.25s/it]
comment feature extracting, time string encoding and graph constructing ...:  83%|█████▊ | 1223/1467 [44:37<12:22,  3.04s/it]
comment feature extracting, time string encoding and graph constructing ...:  83%|█████▊ | 1224/1467 [44:39<10:52,  2.69s/it]
comment feature extracting, time string encoding and graph constructing ...:  84%|█████▊ | 1225/1467 [44:42<11:29,  2.85s/it]
comment feature extracting, time string encoding and graph constructing ...:  84%|█████▊ | 1226/1467 [44:45<11:16,  2.81s/it]
comment feature extracting, time string encoding and graph constructing ...:  84%|█████▊ | 1227/1467 [44:45<08:16,  2.07s/it]
comment feature extracting, time string encoding and graph constructing ...:  84%|█████▊ | 1228/1467 [44:46<06:56,  1.74s/it]
comment feature extracting, time string encoding and graph constructing ...:  84%|█████▊ | 1229/1467 [44:47<06:24,  1.62s/it]
comment feature extracting, time string encoding and graph constructing ...:  84%|█████▊ | 1230/1467 [44:49<06:51,  1.73s/it]
comment feature extracting, time string encoding and graph constructing ...:  84%|█████▊ | 1231/1467 [44:50<05:49,  1.48s/it]
comment feature extracting, time string encoding and graph constructing ...:  84%|█████▉ | 1232/1467 [44:51<04:41,  1.20s/it]
comment feature extracting, time string encoding and graph constructing ...:  84%|█████▉ | 1233/1467 [44:54<07:06,  1.82s/it]
comment feature extracting, time string encoding and graph constructing ...:  84%|█████▉ | 1234/1467 [44:55<06:01,  1.55s/it]
comment feature extracting, time string encoding and graph constructing ...:  84%|█████▉ | 1235/1467 [44:58<07:59,  2.07s/it]
comment feature extracting, time string encoding and graph constructing ...:  84%|█████▉ | 1236/1467 [45:03<11:48,  3.07s/it]
comment feature extracting, time string encoding and graph constructing ...:  84%|█████▉ | 1237/1467 [45:09<14:02,  3.66s/it]
comment feature extracting, time string encoding and graph constructing ...:  84%|█████▉ | 1238/1467 [45:10<11:16,  2.95s/it]
comment feature extracting, time string encoding and graph constructing ...:  84%|█████▉ | 1239/1467 [45:13<10:56,  2.88s/it]
comment feature extracting, time string encoding and graph constructing ...:  85%|█████▉ | 1240/1467 [45:14<08:57,  2.37s/it]
comment feature extracting, time string encoding and graph constructing ...:  85%|█████▉ | 1241/1467 [45:14<06:37,  1.76s/it]
comment feature extracting, time string encoding and graph constructing ...:  85%|█████▉ | 1242/1467 [45:19<10:38,  2.84s/it]
comment feature extracting, time string encoding and graph constructing ...:  85%|█████▉ | 1243/1467 [45:21<09:25,  2.52s/it]
comment feature extracting, time string encoding and graph constructing ...:  85%|█████▉ | 1244/1467 [45:24<09:18,  2.50s/it]
comment feature extracting, time string encoding and graph constructing ...:  85%|█████▉ | 1245/1467 [45:27<09:50,  2.66s/it]
comment feature extracting, time string encoding and graph constructing ...:  85%|█████▉ | 1246/1467 [45:29<08:56,  2.43s/it]
comment feature extracting, time string encoding and graph constructing ...:  85%|█████▉ | 1247/1467 [45:36<14:49,  4.04s/it]
comment feature extracting, time string encoding and graph constructing ...:  85%|█████▉ | 1248/1467 [45:37<11:07,  3.05s/it]
comment feature extracting, time string encoding and graph constructing ...:  85%|█████▉ | 1249/1467 [45:38<08:39,  2.38s/it]
comment feature extracting, time string encoding and graph constructing ...:  85%|█████▉ | 1250/1467 [45:41<08:52,  2.46s/it]
comment feature extracting, time string encoding and graph constructing ...:  85%|█████▉ | 1251/1467 [45:42<07:22,  2.05s/it]
comment feature extracting, time string encoding and graph constructing ...:  85%|█████▉ | 1252/1467 [45:43<07:04,  1.97s/it]
comment feature extracting, time string encoding and graph constructing ...:  85%|█████▉ | 1253/1467 [45:44<05:19,  1.49s/it]
comment feature extracting, time string encoding and graph constructing ...:  85%|█████▉ | 1254/1467 [45:46<06:14,  1.76s/it]
comment feature extracting, time string encoding and graph constructing ...:  86%|█████▉ | 1255/1467 [45:47<04:56,  1.40s/it]
comment feature extracting, time string encoding and graph constructing ...:  86%|█████▉ | 1256/1467 [45:48<04:24,  1.26s/it]
comment feature extracting, time string encoding and graph constructing ...:  86%|█████▉ | 1257/1467 [45:50<05:04,  1.45s/it]
comment feature extracting, time string encoding and graph constructing ...:  86%|██████ | 1258/1467 [45:53<07:27,  2.14s/it]
comment feature extracting, time string encoding and graph constructing ...:  86%|██████ | 1259/1467 [45:55<06:42,  1.93s/it]
comment feature extracting, time string encoding and graph constructing ...:  86%|██████ | 1260/1467 [45:58<08:21,  2.42s/it]
comment feature extracting, time string encoding and graph constructing ...:  86%|██████ | 1261/1467 [46:06<13:10,  3.84s/it]
comment feature extracting, time string encoding and graph constructing ...:  86%|██████ | 1262/1467 [46:08<11:51,  3.47s/it]
comment feature extracting, time string encoding and graph constructing ...:  86%|██████ | 1263/1467 [46:12<12:33,  3.69s/it]
comment feature extracting, time string encoding and graph constructing ...:  86%|██████ | 1264/1467 [46:14<10:13,  3.02s/it]
comment feature extracting, time string encoding and graph constructing ...:  86%|██████ | 1265/1467 [46:15<08:32,  2.54s/it]
comment feature extracting, time string encoding and graph constructing ...:  86%|██████ | 1266/1467 [46:16<07:03,  2.10s/it]
comment feature extracting, time string encoding and graph constructing ...:  86%|██████ | 1267/1467 [46:19<07:44,  2.32s/it]
comment feature extracting, time string encoding and graph constructing ...:  86%|██████ | 1268/1467 [46:23<09:04,  2.74s/it]
comment feature extracting, time string encoding and graph constructing ...:  87%|██████ | 1269/1467 [46:24<07:14,  2.20s/it]
comment feature extracting, time string encoding and graph constructing ...:  87%|██████ | 1270/1467 [46:27<07:56,  2.42s/it]
comment feature extracting, time string encoding and graph constructing ...:  87%|██████ | 1271/1467 [46:29<07:51,  2.41s/it]
comment feature extracting, time string encoding and graph constructing ...:  87%|██████ | 1272/1467 [46:32<07:53,  2.43s/it]
comment feature extracting, time string encoding and graph constructing ...:  87%|██████ | 1273/1467 [46:33<07:02,  2.18s/it]
comment feature extracting, time string encoding and graph constructing ...:  87%|██████ | 1274/1467 [46:34<05:42,  1.78s/it]
comment feature extracting, time string encoding and graph constructing ...:  87%|██████ | 1275/1467 [46:34<04:08,  1.29s/it]
comment feature extracting, time string encoding and graph constructing ...:  87%|██████ | 1276/1467 [46:38<06:11,  1.94s/it]
comment feature extracting, time string encoding and graph constructing ...:  87%|██████ | 1277/1467 [46:39<05:09,  1.63s/it]
comment feature extracting, time string encoding and graph constructing ...:  87%|██████ | 1278/1467 [46:40<05:20,  1.69s/it]
comment feature extracting, time string encoding and graph constructing ...:  87%|██████ | 1279/1467 [46:43<06:10,  1.97s/it]
comment feature extracting, time string encoding and graph constructing ...:  87%|██████ | 1280/1467 [46:45<06:27,  2.07s/it]
comment feature extracting, time string encoding and graph constructing ...:  87%|██████ | 1281/1467 [46:47<06:24,  2.07s/it]
comment feature extracting, time string encoding and graph constructing ...:  87%|██████ | 1282/1467 [46:48<05:00,  1.63s/it]
comment feature extracting, time string encoding and graph constructing ...:  87%|██████ | 1283/1467 [46:52<07:05,  2.32s/it]
comment feature extracting, time string encoding and graph constructing ...:  88%|██████▏| 1284/1467 [46:56<09:06,  2.98s/it]
comment feature extracting, time string encoding and graph constructing ...:  88%|██████▏| 1285/1467 [46:57<06:55,  2.28s/it]
comment feature extracting, time string encoding and graph constructing ...:  88%|██████▏| 1286/1467 [47:02<08:55,  2.96s/it]
comment feature extracting, time string encoding and graph constructing ...:  88%|██████▏| 1287/1467 [47:04<08:35,  2.86s/it]
comment feature extracting, time string encoding and graph constructing ...:  88%|██████▏| 1288/1467 [47:08<09:42,  3.25s/it]
comment feature extracting, time string encoding and graph constructing ...:  88%|██████▏| 1289/1467 [47:11<09:22,  3.16s/it]
comment feature extracting, time string encoding and graph constructing ...:  88%|██████▏| 1290/1467 [47:12<07:24,  2.51s/it]
comment feature extracting, time string encoding and graph constructing ...:  88%|██████▏| 1291/1467 [47:15<07:26,  2.54s/it]
comment feature extracting, time string encoding and graph constructing ...:  88%|██████▏| 1292/1467 [47:20<09:32,  3.27s/it]
comment feature extracting, time string encoding and graph constructing ...:  88%|██████▏| 1293/1467 [47:21<07:45,  2.67s/it]
comment feature extracting, time string encoding and graph constructing ...:  88%|██████▏| 1294/1467 [47:24<07:47,  2.70s/it]
comment feature extracting, time string encoding and graph constructing ...:  88%|██████▏| 1295/1467 [47:27<08:20,  2.91s/it]
comment feature extracting, time string encoding and graph constructing ...:  88%|██████▏| 1296/1467 [47:33<10:49,  3.80s/it]
comment feature extracting, time string encoding and graph constructing ...:  88%|██████▏| 1297/1467 [47:34<08:00,  2.82s/it]
comment feature extracting, time string encoding and graph constructing ...:  88%|██████▏| 1298/1467 [47:36<07:21,  2.61s/it]
comment feature extracting, time string encoding and graph constructing ...:  89%|██████▏| 1299/1467 [47:37<05:54,  2.11s/it]
comment feature extracting, time string encoding and graph constructing ...:  89%|██████▏| 1300/1467 [47:41<07:28,  2.69s/it]
comment feature extracting, time string encoding and graph constructing ...:  89%|██████▏| 1301/1467 [47:42<06:12,  2.25s/it]
comment feature extracting, time string encoding and graph constructing ...:  89%|██████▏| 1302/1467 [47:45<06:28,  2.35s/it]
comment feature extracting, time string encoding and graph constructing ...:  89%|██████▏| 1303/1467 [47:54<11:48,  4.32s/it]
comment feature extracting, time string encoding and graph constructing ...:  89%|██████▏| 1304/1467 [47:55<09:01,  3.32s/it]
comment feature extracting, time string encoding and graph constructing ...:  89%|██████▏| 1305/1467 [47:57<08:18,  3.08s/it]
comment feature extracting, time string encoding and graph constructing ...:  89%|██████▏| 1306/1467 [48:03<10:22,  3.87s/it]
comment feature extracting, time string encoding and graph constructing ...:  89%|██████▏| 1307/1467 [48:04<08:11,  3.07s/it]
comment feature extracting, time string encoding and graph constructing ...:  89%|██████▏| 1308/1467 [48:06<07:06,  2.68s/it]
comment feature extracting, time string encoding and graph constructing ...:  89%|██████▏| 1309/1467 [48:10<08:28,  3.22s/it]
comment feature extracting, time string encoding and graph constructing ...:  89%|██████▎| 1310/1467 [48:14<08:54,  3.41s/it]
comment feature extracting, time string encoding and graph constructing ...:  89%|██████▎| 1311/1467 [48:16<08:02,  3.09s/it]
comment feature extracting, time string encoding and graph constructing ...:  89%|██████▎| 1312/1467 [48:20<08:08,  3.15s/it]
comment feature extracting, time string encoding and graph constructing ...:  90%|██████▎| 1313/1467 [48:23<08:13,  3.21s/it]
comment feature extracting, time string encoding and graph constructing ...:  90%|██████▎| 1314/1467 [48:26<07:58,  3.13s/it]
comment feature extracting, time string encoding and graph constructing ...:  90%|██████▎| 1315/1467 [48:29<07:42,  3.04s/it]
comment feature extracting, time string encoding and graph constructing ...:  90%|██████▎| 1316/1467 [48:35<09:38,  3.83s/it]
comment feature extracting, time string encoding and graph constructing ...:  90%|██████▎| 1317/1467 [48:41<11:54,  4.77s/it]
comment feature extracting, time string encoding and graph constructing ...:  90%|██████▎| 1318/1467 [48:45<11:13,  4.52s/it]
comment feature extracting, time string encoding and graph constructing ...:  90%|██████▎| 1319/1467 [48:48<09:41,  3.93s/it]
comment feature extracting, time string encoding and graph constructing ...:  90%|██████▎| 1320/1467 [48:49<07:10,  2.93s/it]
comment feature extracting, time string encoding and graph constructing ...:  90%|██████▎| 1321/1467 [48:52<07:38,  3.14s/it]
comment feature extracting, time string encoding and graph constructing ...:  90%|██████▎| 1322/1467 [48:54<06:20,  2.63s/it]
comment feature extracting, time string encoding and graph constructing ...:  90%|██████▎| 1323/1467 [48:54<04:43,  1.97s/it]
comment feature extracting, time string encoding and graph constructing ...:  90%|██████▎| 1324/1467 [48:56<04:48,  2.02s/it]
comment feature extracting, time string encoding and graph constructing ...:  90%|██████▎| 1325/1467 [48:59<05:04,  2.14s/it]
comment feature extracting, time string encoding and graph constructing ...:  90%|██████▎| 1326/1467 [48:59<04:06,  1.75s/it]
comment feature extracting, time string encoding and graph constructing ...:  90%|██████▎| 1327/1467 [49:03<04:58,  2.13s/it]
comment feature extracting, time string encoding and graph constructing ...:  91%|██████▎| 1328/1467 [49:04<04:23,  1.90s/it]
comment feature extracting, time string encoding and graph constructing ...:  91%|██████▎| 1329/1467 [49:07<05:22,  2.33s/it]
comment feature extracting, time string encoding and graph constructing ...:  91%|██████▎| 1330/1467 [49:09<05:01,  2.20s/it]
comment feature extracting, time string encoding and graph constructing ...:  91%|██████▎| 1331/1467 [49:11<04:30,  1.99s/it]
comment feature extracting, time string encoding and graph constructing ...:  91%|██████▎| 1332/1467 [49:11<03:41,  1.64s/it]
comment feature extracting, time string encoding and graph constructing ...:  91%|██████▎| 1333/1467 [49:16<05:40,  2.54s/it]
comment feature extracting, time string encoding and graph constructing ...:  91%|██████▎| 1334/1467 [49:17<04:28,  2.02s/it]
comment feature extracting, time string encoding and graph constructing ...:  91%|██████▎| 1335/1467 [49:20<05:08,  2.34s/it]
comment feature extracting, time string encoding and graph constructing ...:  91%|██████▎| 1336/1467 [49:23<05:35,  2.56s/it]
comment feature extracting, time string encoding and graph constructing ...:  91%|██████▍| 1337/1467 [49:23<04:00,  1.85s/it]
comment feature extracting, time string encoding and graph constructing ...:  91%|██████▍| 1338/1467 [49:28<05:56,  2.77s/it]
comment feature extracting, time string encoding and graph constructing ...:  91%|██████▍| 1339/1467 [49:30<05:35,  2.62s/it]
comment feature extracting, time string encoding and graph constructing ...:  91%|██████▍| 1340/1467 [49:32<04:36,  2.18s/it]
comment feature extracting, time string encoding and graph constructing ...:  91%|██████▍| 1341/1467 [49:33<04:03,  1.93s/it]
comment feature extracting, time string encoding and graph constructing ...:  91%|██████▍| 1342/1467 [49:35<04:19,  2.07s/it]
comment feature extracting, time string encoding and graph constructing ...:  92%|██████▍| 1343/1467 [49:36<03:24,  1.65s/it]
comment feature extracting, time string encoding and graph constructing ...:  92%|██████▍| 1344/1467 [49:37<02:43,  1.33s/it]
comment feature extracting, time string encoding and graph constructing ...:  92%|██████▍| 1345/1467 [49:42<05:04,  2.50s/it]
comment feature extracting, time string encoding and graph constructing ...:  92%|██████▍| 1346/1467 [49:43<04:07,  2.05s/it]
comment feature extracting, time string encoding and graph constructing ...:  92%|██████▍| 1347/1467 [49:43<03:12,  1.61s/it]
comment feature extracting, time string encoding and graph constructing ...:  92%|██████▍| 1348/1467 [49:44<02:22,  1.19s/it]
comment feature extracting, time string encoding and graph constructing ...:  92%|██████▍| 1349/1467 [49:45<02:13,  1.13s/it]
comment feature extracting, time string encoding and graph constructing ...:  92%|██████▍| 1350/1467 [49:46<02:08,  1.10s/it]
comment feature extracting, time string encoding and graph constructing ...:  92%|██████▍| 1351/1467 [49:49<03:41,  1.91s/it]
comment feature extracting, time string encoding and graph constructing ...:  92%|██████▍| 1352/1467 [49:51<03:17,  1.71s/it]
comment feature extracting, time string encoding and graph constructing ...:  92%|██████▍| 1353/1467 [49:54<03:59,  2.10s/it]
comment feature extracting, time string encoding and graph constructing ...:  92%|██████▍| 1354/1467 [49:56<04:17,  2.28s/it]
comment feature extracting, time string encoding and graph constructing ...:  92%|██████▍| 1355/1467 [49:57<03:10,  1.70s/it]
comment feature extracting, time string encoding and graph constructing ...:  92%|██████▍| 1356/1467 [49:57<02:20,  1.26s/it]
comment feature extracting, time string encoding and graph constructing ...:  93%|██████▍| 1357/1467 [49:57<01:42,  1.07it/s]
comment feature extracting, time string encoding and graph constructing ...:  93%|██████▍| 1358/1467 [49:58<01:37,  1.12it/s]
comment feature extracting, time string encoding and graph constructing ...:  93%|██████▍| 1359/1467 [50:00<02:17,  1.27s/it]
comment feature extracting, time string encoding and graph constructing ...:  93%|██████▍| 1360/1467 [50:00<01:43,  1.04it/s]
comment feature extracting, time string encoding and graph constructing ...:  93%|██████▍| 1361/1467 [50:01<01:39,  1.06it/s]
comment feature extracting, time string encoding and graph constructing ...:  93%|██████▍| 1362/1467 [50:02<01:42,  1.02it/s]
comment feature extracting, time string encoding and graph constructing ...:  93%|██████▌| 1363/1467 [50:04<02:08,  1.24s/it]
comment feature extracting, time string encoding and graph constructing ...:  93%|██████▌| 1364/1467 [50:04<01:38,  1.05it/s]
comment feature extracting, time string encoding and graph constructing ...:  93%|██████▌| 1365/1467 [50:08<02:48,  1.65s/it]
comment feature extracting, time string encoding and graph constructing ...:  93%|██████▌| 1366/1467 [50:10<03:15,  1.93s/it]
comment feature extracting, time string encoding and graph constructing ...:  93%|██████▌| 1367/1467 [50:11<02:32,  1.52s/it]
comment feature extracting, time string encoding and graph constructing ...:  93%|██████▌| 1368/1467 [50:14<03:11,  1.93s/it]
comment feature extracting, time string encoding and graph constructing ...:  93%|██████▌| 1369/1467 [50:14<02:25,  1.48s/it]
comment feature extracting, time string encoding and graph constructing ...:  93%|██████▌| 1370/1467 [50:17<02:50,  1.76s/it]
comment feature extracting, time string encoding and graph constructing ...:  93%|██████▌| 1371/1467 [50:18<02:53,  1.81s/it]
comment feature extracting, time string encoding and graph constructing ...:  94%|██████▌| 1372/1467 [50:24<04:27,  2.82s/it]
comment feature extracting, time string encoding and graph constructing ...:  94%|██████▌| 1373/1467 [50:29<05:34,  3.56s/it]
comment feature extracting, time string encoding and graph constructing ...:  94%|██████▌| 1374/1467 [50:30<04:19,  2.79s/it]
comment feature extracting, time string encoding and graph constructing ...:  94%|██████▌| 1375/1467 [50:33<04:22,  2.86s/it]
comment feature extracting, time string encoding and graph constructing ...:  94%|██████▌| 1376/1467 [50:34<03:28,  2.29s/it]
comment feature extracting, time string encoding and graph constructing ...:  94%|██████▌| 1377/1467 [50:34<02:34,  1.72s/it]
comment feature extracting, time string encoding and graph constructing ...:  94%|██████▌| 1378/1467 [50:39<03:54,  2.64s/it]
comment feature extracting, time string encoding and graph constructing ...:  94%|██████▌| 1379/1467 [50:42<03:48,  2.60s/it]
comment feature extracting, time string encoding and graph constructing ...:  94%|██████▌| 1380/1467 [50:44<03:28,  2.40s/it]
comment feature extracting, time string encoding and graph constructing ...:  94%|██████▌| 1381/1467 [50:44<02:42,  1.88s/it]
comment feature extracting, time string encoding and graph constructing ...:  94%|██████▌| 1382/1467 [50:45<02:23,  1.69s/it]
comment feature extracting, time string encoding and graph constructing ...:  94%|██████▌| 1383/1467 [50:50<03:44,  2.68s/it]
comment feature extracting, time string encoding and graph constructing ...:  94%|██████▌| 1384/1467 [50:52<03:07,  2.26s/it]
comment feature extracting, time string encoding and graph constructing ...:  94%|██████▌| 1385/1467 [50:52<02:17,  1.68s/it]
comment feature extracting, time string encoding and graph constructing ...:  94%|██████▌| 1386/1467 [50:54<02:26,  1.81s/it]
comment feature extracting, time string encoding and graph constructing ...:  95%|██████▌| 1387/1467 [50:56<02:29,  1.87s/it]
comment feature extracting, time string encoding and graph constructing ...:  95%|██████▌| 1388/1467 [50:57<02:11,  1.67s/it]
comment feature extracting, time string encoding and graph constructing ...:  95%|██████▋| 1389/1467 [50:58<01:51,  1.43s/it]
comment feature extracting, time string encoding and graph constructing ...:  95%|██████▋| 1390/1467 [51:00<01:48,  1.41s/it]
comment feature extracting, time string encoding and graph constructing ...:  95%|██████▋| 1391/1467 [51:01<01:36,  1.27s/it]
comment feature extracting, time string encoding and graph constructing ...:  95%|██████▋| 1392/1467 [51:01<01:19,  1.07s/it]
comment feature extracting, time string encoding and graph constructing ...:  95%|██████▋| 1393/1467 [51:05<02:21,  1.91s/it]
comment feature extracting, time string encoding and graph constructing ...:  95%|██████▋| 1394/1467 [51:09<03:10,  2.61s/it]
comment feature extracting, time string encoding and graph constructing ...:  95%|██████▋| 1395/1467 [51:11<02:46,  2.32s/it]
comment feature extracting, time string encoding and graph constructing ...:  95%|██████▋| 1396/1467 [51:15<03:15,  2.76s/it]
comment feature extracting, time string encoding and graph constructing ...:  95%|██████▋| 1397/1467 [51:20<04:08,  3.56s/it]
comment feature extracting, time string encoding and graph constructing ...:  95%|██████▋| 1398/1467 [51:23<04:02,  3.52s/it]
comment feature extracting, time string encoding and graph constructing ...:  95%|██████▋| 1399/1467 [51:27<04:02,  3.57s/it]
comment feature extracting, time string encoding and graph constructing ...:  95%|██████▋| 1400/1467 [51:29<03:32,  3.18s/it]
comment feature extracting, time string encoding and graph constructing ...:  96%|██████▋| 1401/1467 [51:31<03:03,  2.78s/it]
comment feature extracting, time string encoding and graph constructing ...:  96%|██████▋| 1402/1467 [51:32<02:17,  2.12s/it]
comment feature extracting, time string encoding and graph constructing ...:  96%|██████▋| 1403/1467 [51:32<01:43,  1.62s/it]
comment feature extracting, time string encoding and graph constructing ...:  96%|██████▋| 1404/1467 [51:33<01:27,  1.39s/it]
comment feature extracting, time string encoding and graph constructing ...:  96%|██████▋| 1405/1467 [51:36<01:57,  1.90s/it]
comment feature extracting, time string encoding and graph constructing ...:  96%|██████▋| 1406/1467 [51:37<01:31,  1.51s/it]
comment feature extracting, time string encoding and graph constructing ...:  96%|██████▋| 1407/1467 [51:41<02:20,  2.34s/it]
comment feature extracting, time string encoding and graph constructing ...:  96%|██████▋| 1408/1467 [51:42<01:46,  1.81s/it]
comment feature extracting, time string encoding and graph constructing ...:  96%|██████▋| 1409/1467 [51:43<01:43,  1.78s/it]
comment feature extracting, time string encoding and graph constructing ...:  96%|██████▋| 1410/1467 [51:45<01:44,  1.83s/it]
comment feature extracting, time string encoding and graph constructing ...:  96%|██████▋| 1411/1467 [51:46<01:26,  1.55s/it]
comment feature extracting, time string encoding and graph constructing ...:  96%|██████▋| 1412/1467 [51:48<01:28,  1.62s/it]
comment feature extracting, time string encoding and graph constructing ...:  96%|██████▋| 1413/1467 [51:53<02:22,  2.64s/it]
comment feature extracting, time string encoding and graph constructing ...:  96%|██████▋| 1414/1467 [51:58<02:58,  3.36s/it]
comment feature extracting, time string encoding and graph constructing ...:  96%|██████▊| 1415/1467 [52:03<03:11,  3.69s/it]
comment feature extracting, time string encoding and graph constructing ...:  97%|██████▊| 1416/1467 [52:04<02:30,  2.94s/it]
comment feature extracting, time string encoding and graph constructing ...:  97%|██████▊| 1417/1467 [52:04<01:45,  2.11s/it]
comment feature extracting, time string encoding and graph constructing ...:  97%|██████▊| 1418/1467 [52:05<01:24,  1.73s/it]
comment feature extracting, time string encoding and graph constructing ...:  97%|██████▊| 1419/1467 [52:06<01:09,  1.44s/it]
comment feature extracting, time string encoding and graph constructing ...:  97%|██████▊| 1420/1467 [52:13<02:27,  3.13s/it]
comment feature extracting, time string encoding and graph constructing ...:  97%|██████▊| 1421/1467 [52:17<02:45,  3.59s/it]
comment feature extracting, time string encoding and graph constructing ...:  97%|██████▊| 1422/1467 [52:18<02:07,  2.83s/it]
comment feature extracting, time string encoding and graph constructing ...:  97%|██████▊| 1423/1467 [52:22<02:09,  2.94s/it]
comment feature extracting, time string encoding and graph constructing ...:  97%|██████▊| 1424/1467 [52:22<01:36,  2.24s/it]
comment feature extracting, time string encoding and graph constructing ...:  97%|██████▊| 1425/1467 [52:22<01:07,  1.62s/it]
comment feature extracting, time string encoding and graph constructing ...:  97%|██████▊| 1426/1467 [52:25<01:15,  1.84s/it]
comment feature extracting, time string encoding and graph constructing ...:  97%|██████▊| 1427/1467 [52:25<00:59,  1.49s/it]
comment feature extracting, time string encoding and graph constructing ...:  97%|██████▊| 1428/1467 [52:27<00:55,  1.42s/it]
comment feature extracting, time string encoding and graph constructing ...:  97%|██████▊| 1429/1467 [52:28<00:56,  1.48s/it]
comment feature extracting, time string encoding and graph constructing ...:  97%|██████▊| 1430/1467 [52:33<01:29,  2.41s/it]
comment feature extracting, time string encoding and graph constructing ...:  98%|██████▊| 1431/1467 [52:34<01:16,  2.12s/it]
comment feature extracting, time string encoding and graph constructing ...:  98%|██████▊| 1432/1467 [52:36<01:13,  2.10s/it]
comment feature extracting, time string encoding and graph constructing ...:  98%|██████▊| 1433/1467 [52:37<01:01,  1.80s/it]
comment feature extracting, time string encoding and graph constructing ...:  98%|██████▊| 1434/1467 [52:39<01:01,  1.86s/it]
comment feature extracting, time string encoding and graph constructing ...:  98%|██████▊| 1435/1467 [52:43<01:20,  2.50s/it]
comment feature extracting, time string encoding and graph constructing ...:  98%|██████▊| 1436/1467 [52:45<01:07,  2.16s/it]
comment feature extracting, time string encoding and graph constructing ...:  98%|██████▊| 1437/1467 [52:46<00:55,  1.85s/it]
comment feature extracting, time string encoding and graph constructing ...:  98%|██████▊| 1438/1467 [52:48<01:00,  2.07s/it]
comment feature extracting, time string encoding and graph constructing ...:  98%|██████▊| 1439/1467 [52:52<01:11,  2.56s/it]
comment feature extracting, time string encoding and graph constructing ...:  98%|██████▊| 1440/1467 [52:53<00:51,  1.91s/it]
comment feature extracting, time string encoding and graph constructing ...:  98%|██████▉| 1441/1467 [52:57<01:09,  2.67s/it]
comment feature extracting, time string encoding and graph constructing ...:  98%|██████▉| 1442/1467 [52:58<00:53,  2.14s/it]
comment feature extracting, time string encoding and graph constructing ...:  98%|██████▉| 1443/1467 [52:59<00:42,  1.77s/it]
comment feature extracting, time string encoding and graph constructing ...:  98%|██████▉| 1444/1467 [52:59<00:31,  1.38s/it]
comment feature extracting, time string encoding and graph constructing ...:  99%|██████▉| 1445/1467 [53:00<00:26,  1.19s/it]
comment feature extracting, time string encoding and graph constructing ...:  99%|██████▉| 1446/1467 [53:01<00:25,  1.21s/it]
comment feature extracting, time string encoding and graph constructing ...:  99%|██████▉| 1447/1467 [53:02<00:19,  1.02it/s]
comment feature extracting, time string encoding and graph constructing ...:  99%|██████▉| 1448/1467 [53:05<00:29,  1.55s/it]
comment feature extracting, time string encoding and graph constructing ...:  99%|██████▉| 1449/1467 [53:07<00:29,  1.67s/it]
comment feature extracting, time string encoding and graph constructing ...:  99%|██████▉| 1450/1467 [53:07<00:24,  1.43s/it]
comment feature extracting, time string encoding and graph constructing ...:  99%|██████▉| 1451/1467 [53:08<00:19,  1.24s/it]
comment feature extracting, time string encoding and graph constructing ...:  99%|██████▉| 1452/1467 [53:13<00:33,  2.20s/it]
comment feature extracting, time string encoding and graph constructing ...:  99%|██████▉| 1453/1467 [53:14<00:25,  1.80s/it]
comment feature extracting, time string encoding and graph constructing ...:  99%|██████▉| 1454/1467 [53:15<00:21,  1.64s/it]
comment feature extracting, time string encoding and graph constructing ...:  99%|██████▉| 1455/1467 [53:17<00:21,  1.82s/it]
comment feature extracting, time string encoding and graph constructing ...:  99%|██████▉| 1456/1467 [53:20<00:22,  2.03s/it]
comment feature extracting, time string encoding and graph constructing ...:  99%|██████▉| 1457/1467 [53:20<00:14,  1.49s/it]
comment feature extracting, time string encoding and graph constructing ...:  99%|██████▉| 1458/1467 [53:25<00:22,  2.55s/it]
comment feature extracting, time string encoding and graph constructing ...:  99%|██████▉| 1459/1467 [53:26<00:18,  2.26s/it]
comment feature extracting, time string encoding and graph constructing ...: 100%|██████▉| 1460/1467 [53:28<00:14,  2.02s/it]
comment feature extracting, time string encoding and graph constructing ...: 100%|██████▉| 1461/1467 [53:28<00:09,  1.59s/it]
comment feature extracting, time string encoding and graph constructing ...: 100%|██████▉| 1462/1467 [53:29<00:06,  1.34s/it]
comment feature extracting, time string encoding and graph constructing ...: 100%|██████▉| 1463/1467 [53:30<00:04,  1.03s/it]
comment feature extracting, time string encoding and graph constructing ...: 100%|██████▉| 1464/1467 [53:32<00:04,  1.37s/it]
comment feature extracting, time string encoding and graph constructing ...: 100%|██████▉| 1465/1467 [53:33<00:02,  1.24s/it]
comment feature extracting, time string encoding and graph constructing ...: 100%|██████▉| 1466/1467 [53:34<00:01,  1.25s/it]
comment feature extracting, time string encoding and graph constructing ...: 100%|███████| 1467/1467 [53:38<00:00,  2.23s/it]
comment feature extracting, time string encoding and graph constructing ...: 100%|███████| 1467/1467 [53:38<00:00,  2.19s/it]
