nohup: ignoring input
{
    "seed": 114514,
    "dataset_name": "weibo",
    "dataset_dir": "DataModule/dataset/{}/data_json/{}.json",
    "dataset_embeddings_dir": "DataModule/data/{}_{}.pt",
    "dataset_graph_embeddings_dir": "DataModule/data/{}_{}_graph.pt",
    "dataset_raw_graph_embeddings_dir": "DataModule/data/{}_comment_tree_graph",
    "time_feature_dim": 64,
    "device_id": 0,
    "num_classes": 2,
    "roberta_feature_choice": "cls",
    "pretrained_models_dir": "PretrainedModels/",
    "text_pretrained_model_name": "chinese-roberta-wwm-ext",
    "image_pretrained_model_name": "vit-base-patch16-224-in21k",
    "image_dim": 768,
    "text_dim": 768,
    "embed_dim": 768,
    "hidden_dim": 768,
    "output_dim": 2,
    "dropout_rate": 0.5,
    "num_heads": 8,
    "num_heads_gnn": 8,
    "num_epochs": 30,
    "batch_size": 64,
    "lr": 0.002
}
======================================================================================================================================================
run at 1-th time
CombinedModel3(
  (linear_1): Linear(in_features=768, out_features=768, bias=True)
  (linear_2): Linear(in_features=768, out_features=768, bias=True)
  (gnn): HgtGNN(
    (post_linear): Linear(in_features=1536, out_features=768, bias=True)
    (conv1): HGTConv(-1, 768, heads=8)
    (conv2): HGTConv(-1, 768, heads=8)
  )
  (mlp): Sequential(
    (0): Linear(in_features=2304, out_features=768, bias=True)
    (1): ReLU()
    (2): Dropout(p=0.5, inplace=False)
    (3): Linear(in_features=768, out_features=2, bias=True)
  )
)

Epoch 1/30 | Processing...:   0%|                                            | 0/17 [00:00<?, ?it/s]
Epoch 1/30 | Processing...:   6%|██                                  | 1/17 [00:00<00:05,  2.73it/s]
Epoch 1/30 | Processing...:  18%|██████▎                             | 3/17 [00:00<00:02,  5.95it/s]
Epoch 1/30 | Processing...:  24%|████████▍                           | 4/17 [00:00<00:01,  6.70it/s]
Epoch 1/30 | Processing...:  29%|██████████▌                         | 5/17 [00:00<00:01,  7.30it/s]
Epoch 1/30 | Processing...:  35%|████████████▋                       | 6/17 [00:00<00:01,  7.75it/s]
Epoch 1/30 | Processing...:  41%|██████████████▊                     | 7/17 [00:01<00:01,  8.04it/s]
Epoch 1/30 | Processing...:  47%|████████████████▉                   | 8/17 [00:01<00:01,  5.25it/s]
Epoch 1/30 | Processing...:  53%|███████████████████                 | 9/17 [00:01<00:01,  5.78it/s]
Epoch 1/30 | Processing...:  59%|████████████████████▌              | 10/17 [00:01<00:01,  6.43it/s]
Epoch 1/30 | Processing...:  71%|████████████████████████▋          | 12/17 [00:01<00:00,  7.53it/s]
Epoch 1/30 | Processing...:  76%|██████████████████████████▊        | 13/17 [00:01<00:00,  7.89it/s]
Epoch 1/30 | Processing...:  82%|████████████████████████████▊      | 14/17 [00:02<00:00,  7.90it/s]
Epoch 1/30 | Processing...:  94%|████████████████████████████████▉  | 16/17 [00:02<00:00,  8.54it/s]
Epoch 1/30 | Processing...: 100%|███████████████████████| 17/17 [00:02<00:00,  8.54it/s, Loss=0.473]

Epoch 2/30 | Processing...:   0%|                                            | 0/17 [00:00<?, ?it/s][A
Epoch 1/30 | Processing...: 100%|███████████████████████| 17/17 [00:02<00:00,  7.32it/s, Loss=0.473]


Epoch 2/30 | Processing...:   6%|██                                  | 1/17 [00:00<00:01,  9.79it/s][A

Epoch 2/30 | Processing...:  12%|████▏                               | 2/17 [00:00<00:01,  8.82it/s][A

Epoch 2/30 | Processing...:  18%|██████▎                             | 3/17 [00:00<00:01,  9.08it/s][A

Epoch 2/30 | Processing...:  24%|████████▍                           | 4/17 [00:00<00:01,  9.03it/s][A

Epoch 2/30 | Processing...:  29%|██████████▌                         | 5/17 [00:00<00:01,  7.86it/s][A

Epoch 2/30 | Processing...:  35%|████████████▋                       | 6/17 [00:00<00:01,  8.11it/s][A

Epoch 2/30 | Processing...:  41%|██████████████▊                     | 7/17 [00:00<00:01,  8.42it/s][A

Epoch 2/30 | Processing...:  47%|████████████████▉                   | 8/17 [00:00<00:01,  8.29it/s][A

Epoch 2/30 | Processing...:  53%|███████████████████                 | 9/17 [00:01<00:01,  7.94it/s][A

Epoch 2/30 | Processing...:  59%|████████████████████▌              | 10/17 [00:01<00:00,  8.08it/s][A

Epoch 2/30 | Processing...:  65%|██████████████████████▋            | 11/17 [00:01<00:00,  8.37it/s][A

Epoch 2/30 | Processing...:  71%|████████████████████████▋          | 12/17 [00:01<00:00,  8.49it/s][A

Epoch 2/30 | Processing...:  76%|██████████████████████████▊        | 13/17 [00:01<00:00,  8.60it/s][A

Epoch 2/30 | Processing...:  82%|████████████████████████████▊      | 14/17 [00:01<00:00,  8.87it/s][A

Epoch 2/30 | Processing...:  88%|██████████████████████████████▉    | 15/17 [00:01<00:00,  9.15it/s][A

Epoch 2/30 | Processing...:  94%|████████████████████████████████▉  | 16/17 [00:01<00:00,  8.96it/s][A

Epoch 2/30 | Processing...: 100%|███████████████████████| 17/17 [00:01<00:00,  8.96it/s, Loss=0.123][A
Epoch 3/30 | Processing...:   0%|                                            | 0/17 [00:00<?, ?it/s]
Epoch 2/30 | Processing...: 100%|███████████████████████| 17/17 [00:01<00:00,  8.87it/s, Loss=0.123]

Epoch 3/30 | Processing...:   6%|██                                  | 1/17 [00:00<00:01,  9.90it/s]
Epoch 3/30 | Processing...:  12%|████▏                               | 2/17 [00:00<00:01,  9.21it/s]
Epoch 3/30 | Processing...:  18%|██████▎                             | 3/17 [00:00<00:01,  9.00it/s]
Epoch 3/30 | Processing...:  24%|████████▍                           | 4/17 [00:00<00:01,  8.90it/s]
Epoch 3/30 | Processing...:  29%|██████████▌                         | 5/17 [00:00<00:01,  8.90it/s]
Epoch 3/30 | Processing...:  35%|████████████▋                       | 6/17 [00:00<00:01,  8.95it/s]
Epoch 3/30 | Processing...:  41%|██████████████▊                     | 7/17 [00:00<00:01,  8.89it/s]
Epoch 3/30 | Processing...:  47%|████████████████▉                   | 8/17 [00:00<00:01,  8.71it/s]
Epoch 3/30 | Processing...:  53%|███████████████████                 | 9/17 [00:01<00:00,  8.50it/s]
Epoch 3/30 | Processing...:  59%|████████████████████▌              | 10/17 [00:01<00:00,  8.54it/s]
Epoch 3/30 | Processing...:  65%|██████████████████████▋            | 11/17 [00:01<00:00,  8.79it/s]
Epoch 3/30 | Processing...:  71%|████████████████████████▋          | 12/17 [00:01<00:00,  8.78it/s]
Epoch 3/30 | Processing...:  76%|██████████████████████████▊        | 13/17 [00:01<00:00,  8.91it/s]
Epoch 3/30 | Processing...:  82%|████████████████████████████▊      | 14/17 [00:01<00:00,  9.12it/s]
Epoch 3/30 | Processing...:  94%|████████████████████████████████▉  | 16/17 [00:01<00:00,  9.55it/s]
Epoch 3/30 | Processing...: 100%|██████████████████████| 17/17 [00:01<00:00,  9.55it/s, Loss=0.0299]

Epoch 4/30 | Processing...:   0%|                                            | 0/17 [00:00<?, ?it/s][A
Epoch 3/30 | Processing...: 100%|██████████████████████| 17/17 [00:01<00:00,  9.32it/s, Loss=0.0299]


Epoch 4/30 | Processing...:   6%|██                                  | 1/17 [00:00<00:01,  9.98it/s][A

Epoch 4/30 | Processing...:  12%|████▏                               | 2/17 [00:00<00:01,  9.27it/s][A

Epoch 4/30 | Processing...:  18%|██████▎                             | 3/17 [00:00<00:01,  9.00it/s][A

Epoch 4/30 | Processing...:  24%|████████▍                           | 4/17 [00:00<00:01,  9.03it/s][A

Epoch 4/30 | Processing...:  29%|██████████▌                         | 5/17 [00:00<00:01,  9.00it/s][A

Epoch 4/30 | Processing...:  35%|████████████▋                       | 6/17 [00:00<00:01,  8.97it/s][A

Epoch 4/30 | Processing...:  41%|██████████████▊                     | 7/17 [00:00<00:01,  8.90it/s][A

Epoch 4/30 | Processing...:  47%|████████████████▉                   | 8/17 [00:00<00:01,  8.69it/s][A

Epoch 4/30 | Processing...:  53%|███████████████████                 | 9/17 [00:01<00:00,  8.42it/s][A

Epoch 4/30 | Processing...:  59%|████████████████████▌              | 10/17 [00:01<00:00,  7.90it/s][A

Epoch 4/30 | Processing...:  65%|██████████████████████▋            | 11/17 [00:01<00:00,  8.13it/s][A

Epoch 4/30 | Processing...:  71%|████████████████████████▋          | 12/17 [00:01<00:00,  8.43it/s][A

Epoch 4/30 | Processing...:  76%|██████████████████████████▊        | 13/17 [00:01<00:00,  8.66it/s][A

Epoch 4/30 | Processing...:  82%|████████████████████████████▊      | 14/17 [00:01<00:00,  8.81it/s][A

Epoch 4/30 | Processing...:  94%|████████████████████████████████▉  | 16/17 [00:01<00:00,  9.26it/s][A

Epoch 4/30 | Processing...: 100%|██████████████████████| 17/17 [00:01<00:00,  9.26it/s, Loss=0.0261][A
Epoch 5/30 | Processing...:   0%|                                            | 0/17 [00:00<?, ?it/s]
Epoch 4/30 | Processing...: 100%|██████████████████████| 17/17 [00:01<00:00,  9.11it/s, Loss=0.0261]

Epoch 5/30 | Processing...:   6%|██                                  | 1/17 [00:00<00:01,  9.98it/s]
Epoch 5/30 | Processing...:  12%|████▏                               | 2/17 [00:00<00:01,  9.18it/s]
Epoch 5/30 | Processing...:  18%|██████▎                             | 3/17 [00:00<00:01,  8.97it/s]
Epoch 5/30 | Processing...:  24%|████████▍                           | 4/17 [00:00<00:02,  5.00it/s]
Epoch 5/30 | Processing...:  29%|██████████▌                         | 5/17 [00:00<00:02,  4.07it/s]
Epoch 5/30 | Processing...:  35%|████████████▋                       | 6/17 [00:01<00:02,  4.90it/s]
Epoch 5/30 | Processing...:  41%|██████████████▊                     | 7/17 [00:01<00:01,  5.71it/s]
Epoch 5/30 | Processing...:  47%|████████████████▉                   | 8/17 [00:01<00:01,  6.30it/s]
Epoch 5/30 | Processing...:  53%|███████████████████                 | 9/17 [00:01<00:01,  6.74it/s]
Epoch 5/30 | Processing...:  59%|████████████████████▌              | 10/17 [00:01<00:00,  7.22it/s]
Epoch 5/30 | Processing...:  65%|██████████████████████▋            | 11/17 [00:01<00:00,  7.70it/s]
Epoch 5/30 | Processing...:  71%|████████████████████████▋          | 12/17 [00:01<00:00,  8.10it/s]
Epoch 5/30 | Processing...:  76%|██████████████████████████▊        | 13/17 [00:01<00:00,  7.97it/s]
Epoch 5/30 | Processing...:  82%|████████████████████████████▊      | 14/17 [00:02<00:00,  8.38it/s]
Epoch 5/30 | Processing...:  94%|████████████████████████████████▉  | 16/17 [00:02<00:00,  8.92it/s]
Epoch 5/30 | Processing...: 100%|█████████████████████| 17/17 [00:02<00:00,  8.92it/s, Loss=0.00296]

Epoch 6/30 | Processing...:   0%|                                            | 0/17 [00:00<?, ?it/s][A
Epoch 5/30 | Processing...: 100%|█████████████████████| 17/17 [00:02<00:00,  7.34it/s, Loss=0.00296]


Epoch 6/30 | Processing...:   6%|██                                  | 1/17 [00:00<00:01,  9.91it/s][A

Epoch 6/30 | Processing...:  12%|████▏                               | 2/17 [00:00<00:01,  8.96it/s][A

Epoch 6/30 | Processing...:  18%|██████▎                             | 3/17 [00:00<00:01,  8.70it/s][A

Epoch 6/30 | Processing...:  24%|████████▍                           | 4/17 [00:00<00:01,  8.34it/s][A

Epoch 6/30 | Processing...:  29%|██████████▌                         | 5/17 [00:00<00:01,  8.53it/s][A

Epoch 6/30 | Processing...:  35%|████████████▋                       | 6/17 [00:00<00:01,  8.69it/s][A

Epoch 6/30 | Processing...:  41%|██████████████▊                     | 7/17 [00:00<00:01,  8.54it/s][A

Epoch 6/30 | Processing...:  47%|████████████████▉                   | 8/17 [00:00<00:01,  8.25it/s][A

Epoch 6/30 | Processing...:  53%|███████████████████                 | 9/17 [00:01<00:00,  8.15it/s][A

Epoch 6/30 | Processing...:  59%|████████████████████▌              | 10/17 [00:01<00:00,  8.32it/s][A

Epoch 6/30 | Processing...:  65%|██████████████████████▋            | 11/17 [00:01<00:00,  8.66it/s][A

Epoch 6/30 | Processing...:  71%|████████████████████████▋          | 12/17 [00:01<00:00,  8.73it/s][A

Epoch 6/30 | Processing...:  76%|██████████████████████████▊        | 13/17 [00:01<00:00,  8.85it/s][A

Epoch 6/30 | Processing...:  82%|████████████████████████████▊      | 14/17 [00:01<00:00,  9.10it/s][A

Epoch 6/30 | Processing...:  94%|████████████████████████████████▉  | 16/17 [00:01<00:00,  9.45it/s][A

Epoch 6/30 | Processing...: 100%|█████████████████████| 17/17 [00:01<00:00,  9.45it/s, Loss=0.00369][A
Epoch 7/30 | Processing...:   0%|                                            | 0/17 [00:00<?, ?it/s]
Epoch 6/30 | Processing...: 100%|█████████████████████| 17/17 [00:01<00:00,  9.10it/s, Loss=0.00369]

Epoch 7/30 | Processing...:   6%|██                                  | 1/17 [00:00<00:01,  9.92it/s]
Epoch 7/30 | Processing...:  12%|████▏                               | 2/17 [00:00<00:01,  9.01it/s]
Epoch 7/30 | Processing...:  18%|██████▎                             | 3/17 [00:00<00:01,  8.84it/s]
Epoch 7/30 | Processing...:  24%|████████▍                           | 4/17 [00:00<00:01,  8.82it/s]
Epoch 7/30 | Processing...:  29%|██████████▌                         | 5/17 [00:00<00:01,  8.92it/s]
Epoch 7/30 | Processing...:  35%|████████████▋                       | 6/17 [00:00<00:01,  8.92it/s]
Epoch 7/30 | Processing...:  41%|██████████████▊                     | 7/17 [00:00<00:01,  8.81it/s]
Epoch 7/30 | Processing...:  47%|████████████████▉                   | 8/17 [00:00<00:01,  8.54it/s]
Epoch 7/30 | Processing...:  53%|███████████████████                 | 9/17 [00:01<00:00,  8.24it/s]
Epoch 7/30 | Processing...:  59%|████████████████████▌              | 10/17 [00:01<00:00,  8.39it/s]
Epoch 7/30 | Processing...:  65%|██████████████████████▋            | 11/17 [00:01<00:00,  8.68it/s]
Epoch 7/30 | Processing...:  71%|████████████████████████▋          | 12/17 [00:01<00:00,  8.75it/s]
Epoch 7/30 | Processing...:  76%|██████████████████████████▊        | 13/17 [00:01<00:00,  8.86it/s]
Epoch 7/30 | Processing...:  82%|████████████████████████████▊      | 14/17 [00:01<00:00,  9.03it/s]
Epoch 7/30 | Processing...:  94%|████████████████████████████████▉  | 16/17 [00:01<00:00,  9.51it/s]
Epoch 7/30 | Processing...: 100%|██████████████████████| 17/17 [00:01<00:00,  9.51it/s, Loss=0.0812]

Epoch 8/30 | Processing...:   0%|                                            | 0/17 [00:00<?, ?it/s][A
Epoch 7/30 | Processing...: 100%|██████████████████████| 17/17 [00:01<00:00,  9.23it/s, Loss=0.0812]


Epoch 8/30 | Processing...:  12%|████▏                               | 2/17 [00:00<00:01,  9.86it/s][A

Epoch 8/30 | Processing...:  18%|██████▎                             | 3/17 [00:00<00:01,  9.41it/s][A

Epoch 8/30 | Processing...:  24%|████████▍                           | 4/17 [00:00<00:01,  9.22it/s][A

Epoch 8/30 | Processing...:  29%|██████████▌                         | 5/17 [00:00<00:01,  9.16it/s][A

Epoch 8/30 | Processing...:  35%|████████████▋                       | 6/17 [00:00<00:01,  9.00it/s][A

Epoch 8/30 | Processing...:  41%|██████████████▊                     | 7/17 [00:00<00:01,  8.49it/s][A

Epoch 8/30 | Processing...:  47%|████████████████▉                   | 8/17 [00:00<00:01,  8.36it/s][A

Epoch 8/30 | Processing...:  53%|███████████████████                 | 9/17 [00:01<00:00,  8.22it/s][A

Epoch 8/30 | Processing...:  59%|████████████████████▌              | 10/17 [00:01<00:00,  8.25it/s][A

Epoch 8/30 | Processing...:  65%|██████████████████████▋            | 11/17 [00:01<00:00,  8.12it/s][A

Epoch 8/30 | Processing...:  71%|████████████████████████▋          | 12/17 [00:01<00:00,  8.34it/s][A

Epoch 8/30 | Processing...:  76%|██████████████████████████▊        | 13/17 [00:01<00:00,  8.45it/s][A

Epoch 8/30 | Processing...:  82%|████████████████████████████▊      | 14/17 [00:01<00:00,  8.67it/s][A

Epoch 8/30 | Processing...:  88%|██████████████████████████████▉    | 15/17 [00:01<00:00,  8.91it/s][A

Epoch 8/30 | Processing...:  94%|████████████████████████████████▉  | 16/17 [00:01<00:00,  9.01it/s][A

Epoch 8/30 | Processing...: 100%|████████████████████| 17/17 [00:01<00:00,  9.01it/s, Loss=0.000289][A
Epoch 9/30 | Processing...:   0%|                                            | 0/17 [00:00<?, ?it/s]
Epoch 8/30 | Processing...: 100%|████████████████████| 17/17 [00:01<00:00,  9.00it/s, Loss=0.000289]

Epoch 9/30 | Processing...:   6%|██                                  | 1/17 [00:00<00:01,  8.73it/s]
Epoch 9/30 | Processing...:  12%|████▏                               | 2/17 [00:00<00:01,  8.60it/s]
Epoch 9/30 | Processing...:  18%|██████▎                             | 3/17 [00:00<00:01,  8.61it/s]
Epoch 9/30 | Processing...:  24%|████████▍                           | 4/17 [00:00<00:01,  8.50it/s]
Epoch 9/30 | Processing...:  29%|██████████▌                         | 5/17 [00:00<00:01,  8.53it/s]
Epoch 9/30 | Processing...:  35%|████████████▋                       | 6/17 [00:00<00:01,  8.56it/s]
Epoch 9/30 | Processing...:  41%|██████████████▊                     | 7/17 [00:00<00:01,  8.48it/s]
Epoch 9/30 | Processing...:  47%|████████████████▉                   | 8/17 [00:00<00:01,  8.31it/s]
Epoch 9/30 | Processing...:  53%|███████████████████                 | 9/17 [00:01<00:00,  8.12it/s]
Epoch 9/30 | Processing...:  59%|████████████████████▌              | 10/17 [00:01<00:00,  8.23it/s]
Epoch 9/30 | Processing...:  65%|██████████████████████▋            | 11/17 [00:01<00:00,  8.44it/s]
Epoch 9/30 | Processing...:  76%|██████████████████████████▊        | 13/17 [00:01<00:00,  8.97it/s]
Epoch 9/30 | Processing...:  82%|████████████████████████████▊      | 14/17 [00:01<00:00,  9.14it/s]
Epoch 9/30 | Processing...:  94%|████████████████████████████████▉  | 16/17 [00:01<00:00,  9.43it/s]
Epoch 9/30 | Processing...: 100%|████████████████████| 17/17 [00:01<00:00,  9.43it/s, Loss=0.000276]

Epoch 10/30 | Processing...:   0%|                                           | 0/17 [00:00<?, ?it/s][A
Epoch 9/30 | Processing...: 100%|████████████████████| 17/17 [00:01<00:00,  9.08it/s, Loss=0.000276]


Epoch 10/30 | Processing...:  12%|████                               | 2/17 [00:00<00:01, 10.02it/s][A

Epoch 10/30 | Processing...:  24%|████████▏                          | 4/17 [00:00<00:01,  9.16it/s][A

Epoch 10/30 | Processing...:  29%|██████████▎                        | 5/17 [00:00<00:01,  9.10it/s][A

Epoch 10/30 | Processing...:  35%|████████████▎                      | 6/17 [00:00<00:01,  9.05it/s][A

Epoch 10/30 | Processing...:  41%|██████████████▍                    | 7/17 [00:00<00:01,  8.72it/s][A

Epoch 10/30 | Processing...:  47%|████████████████▍                  | 8/17 [00:00<00:01,  8.63it/s][A

Epoch 10/30 | Processing...:  53%|██████████████████▌                | 9/17 [00:01<00:00,  8.40it/s][A

Epoch 10/30 | Processing...:  59%|████████████████████              | 10/17 [00:01<00:00,  8.44it/s][A

Epoch 10/30 | Processing...:  65%|██████████████████████            | 11/17 [00:01<00:00,  8.56it/s][A

Epoch 10/30 | Processing...:  76%|██████████████████████████        | 13/17 [00:01<00:00,  9.04it/s][A

Epoch 10/30 | Processing...:  82%|████████████████████████████      | 14/17 [00:01<00:00,  9.19it/s][A

Epoch 10/30 | Processing...:  88%|██████████████████████████████    | 15/17 [00:01<00:00,  9.38it/s][A

Epoch 10/30 | Processing...:  94%|████████████████████████████████  | 16/17 [00:01<00:00,  9.51it/s][A

Epoch 10/30 | Processing...: 100%|████████████████████| 17/17 [00:01<00:00,  9.51it/s, Loss=2.84e-5][A
Epoch 11/30 | Processing...:   0%|                                           | 0/17 [00:00<?, ?it/s]
Epoch 10/30 | Processing...: 100%|████████████████████| 17/17 [00:01<00:00,  9.36it/s, Loss=2.84e-5]

Epoch 11/30 | Processing...:  12%|████                               | 2/17 [00:00<00:01, 10.07it/s]
Epoch 11/30 | Processing...:  24%|████████▏                          | 4/17 [00:00<00:01,  9.46it/s]
Epoch 11/30 | Processing...:  29%|██████████▎                        | 5/17 [00:00<00:01,  9.29it/s]
Epoch 11/30 | Processing...:  35%|████████████▎                      | 6/17 [00:00<00:01,  9.20it/s]
Epoch 11/30 | Processing...:  41%|██████████████▍                    | 7/17 [00:00<00:01,  8.68it/s]
Epoch 11/30 | Processing...:  47%|████████████████▍                  | 8/17 [00:00<00:01,  8.53it/s]
Epoch 11/30 | Processing...:  53%|██████████████████▌                | 9/17 [00:01<00:00,  8.36it/s]
Epoch 11/30 | Processing...:  59%|████████████████████              | 10/17 [00:01<00:00,  8.43it/s]
Epoch 11/30 | Processing...:  65%|██████████████████████            | 11/17 [00:01<00:00,  8.68it/s]
Epoch 11/30 | Processing...:  71%|████████████████████████          | 12/17 [00:01<00:00,  8.89it/s]
Epoch 11/30 | Processing...:  76%|██████████████████████████        | 13/17 [00:01<00:00,  8.95it/s]
Epoch 11/30 | Processing...:  82%|████████████████████████████      | 14/17 [00:01<00:00,  9.21it/s]
Epoch 11/30 | Processing...:  94%|████████████████████████████████  | 16/17 [00:01<00:00,  9.64it/s]
Epoch 11/30 | Processing...: 100%|████████████████████| 17/17 [00:01<00:00,  9.64it/s, Loss=6.81e-5]

Epoch 12/30 | Processing...:   0%|                                           | 0/17 [00:00<?, ?it/s][A
Epoch 11/30 | Processing...: 100%|████████████████████| 17/17 [00:01<00:00,  9.38it/s, Loss=6.81e-5]


Epoch 12/30 | Processing...:  12%|████                               | 2/17 [00:00<00:01,  9.39it/s][A

Epoch 12/30 | Processing...:  18%|██████▏                            | 3/17 [00:00<00:01,  9.18it/s][A

Epoch 12/30 | Processing...:  24%|████████▏                          | 4/17 [00:00<00:01,  9.02it/s][A

Epoch 12/30 | Processing...:  29%|██████████▎                        | 5/17 [00:00<00:01,  8.94it/s][A

Epoch 12/30 | Processing...:  35%|████████████▎                      | 6/17 [00:00<00:01,  8.93it/s][A

Epoch 12/30 | Processing...:  41%|██████████████▍                    | 7/17 [00:00<00:01,  8.88it/s][A

Epoch 12/30 | Processing...:  47%|████████████████▍                  | 8/17 [00:00<00:01,  8.61it/s][A

Epoch 12/30 | Processing...:  53%|██████████████████▌                | 9/17 [00:01<00:00,  8.40it/s][A

Epoch 12/30 | Processing...:  59%|████████████████████              | 10/17 [00:01<00:00,  8.49it/s][A

Epoch 12/30 | Processing...:  71%|████████████████████████          | 12/17 [00:01<00:00,  9.10it/s][A

Epoch 12/30 | Processing...:  76%|██████████████████████████        | 13/17 [00:01<00:00,  9.07it/s][A

Epoch 12/30 | Processing...:  82%|████████████████████████████      | 14/17 [00:01<00:00,  9.20it/s][A

Epoch 12/30 | Processing...:  94%|████████████████████████████████  | 16/17 [00:01<00:00,  9.63it/s][A

Epoch 12/30 | Processing...: 100%|████████████████████| 17/17 [00:01<00:00,  9.63it/s, Loss=8.63e-5][A
Epoch 13/30 | Processing...:   0%|                                           | 0/17 [00:00<?, ?it/s]
Epoch 12/30 | Processing...: 100%|████████████████████| 17/17 [00:01<00:00,  9.39it/s, Loss=8.63e-5]

Epoch 13/30 | Processing...:  12%|████                               | 2/17 [00:00<00:01,  9.44it/s]
Epoch 13/30 | Processing...:  18%|██████▏                            | 3/17 [00:00<00:01,  9.20it/s]
Epoch 13/30 | Processing...:  24%|████████▏                          | 4/17 [00:00<00:01,  9.10it/s]
Epoch 13/30 | Processing...:  29%|██████████▎                        | 5/17 [00:00<00:01,  8.87it/s]
Epoch 13/30 | Processing...:  35%|████████████▎                      | 6/17 [00:00<00:01,  8.58it/s]
Epoch 13/30 | Processing...:  41%|██████████████▍                    | 7/17 [00:00<00:01,  8.64it/s]
Epoch 13/30 | Processing...:  47%|████████████████▍                  | 8/17 [00:00<00:01,  8.45it/s]
Epoch 13/30 | Processing...:  53%|██████████████████▌                | 9/17 [00:01<00:00,  8.31it/s]
Epoch 13/30 | Processing...:  59%|████████████████████              | 10/17 [00:01<00:00,  8.55it/s]
Epoch 13/30 | Processing...:  71%|████████████████████████          | 12/17 [00:01<00:00,  9.01it/s]
Epoch 13/30 | Processing...:  76%|██████████████████████████        | 13/17 [00:01<00:00,  9.02it/s]
Epoch 13/30 | Processing...:  82%|████████████████████████████      | 14/17 [00:01<00:00,  9.18it/s]
Epoch 13/30 | Processing...:  94%|████████████████████████████████  | 16/17 [00:01<00:00,  9.60it/s]
Epoch 13/30 | Processing...: 100%|█████████████████████| 17/17 [00:01<00:00,  9.60it/s, Loss=2.5e-5]

Epoch 14/30 | Processing...:   0%|                                           | 0/17 [00:00<?, ?it/s][A
Epoch 13/30 | Processing...: 100%|█████████████████████| 17/17 [00:01<00:00,  9.32it/s, Loss=2.5e-5]


Epoch 14/30 | Processing...:  12%|████                               | 2/17 [00:00<00:01,  9.75it/s][A

Epoch 14/30 | Processing...:  18%|██████▏                            | 3/17 [00:00<00:01,  9.17it/s][A

Epoch 14/30 | Processing...:  24%|████████▏                          | 4/17 [00:00<00:01,  9.07it/s][A

Epoch 14/30 | Processing...:  29%|██████████▎                        | 5/17 [00:00<00:01,  8.94it/s][A

Epoch 14/30 | Processing...:  35%|████████████▎                      | 6/17 [00:00<00:01,  8.92it/s][A

Epoch 14/30 | Processing...:  41%|██████████████▍                    | 7/17 [00:00<00:01,  8.78it/s][A

Epoch 14/30 | Processing...:  47%|████████████████▍                  | 8/17 [00:00<00:01,  8.55it/s][A

Epoch 14/30 | Processing...:  53%|██████████████████▌                | 9/17 [00:01<00:00,  8.35it/s][A

Epoch 14/30 | Processing...:  59%|████████████████████              | 10/17 [00:01<00:00,  8.77it/s][A

Epoch 14/30 | Processing...:  65%|██████████████████████            | 11/17 [00:01<00:00,  8.88it/s][A

Epoch 14/30 | Processing...:  71%|████████████████████████          | 12/17 [00:01<00:00,  8.91it/s][A

Epoch 14/30 | Processing...:  76%|██████████████████████████        | 13/17 [00:01<00:00,  8.90it/s][A

Epoch 14/30 | Processing...:  82%|████████████████████████████      | 14/17 [00:01<00:00,  9.12it/s][A

Epoch 14/30 | Processing...:  94%|████████████████████████████████  | 16/17 [00:01<00:00,  9.56it/s][A

Epoch 14/30 | Processing...: 100%|████████████████████| 17/17 [00:01<00:00,  9.56it/s, Loss=2.56e-6][A
Epoch 15/30 | Processing...:   0%|                                           | 0/17 [00:00<?, ?it/s]
Epoch 14/30 | Processing...: 100%|████████████████████| 17/17 [00:01<00:00,  9.34it/s, Loss=2.56e-6]

Epoch 15/30 | Processing...:  12%|████                               | 2/17 [00:00<00:01, 10.09it/s]
Epoch 15/30 | Processing...:  24%|████████▏                          | 4/17 [00:00<00:01,  9.35it/s]
Epoch 15/30 | Processing...:  29%|██████████▎                        | 5/17 [00:00<00:01,  9.02it/s]
Epoch 15/30 | Processing...:  35%|████████████▎                      | 6/17 [00:00<00:01,  8.58it/s]
Epoch 15/30 | Processing...:  41%|██████████████▍                    | 7/17 [00:00<00:01,  8.66it/s]
Epoch 15/30 | Processing...:  47%|████████████████▍                  | 8/17 [00:00<00:01,  8.49it/s]
Epoch 15/30 | Processing...:  53%|██████████████████▌                | 9/17 [00:01<00:00,  8.36it/s]
Epoch 15/30 | Processing...:  59%|████████████████████              | 10/17 [00:01<00:00,  8.62it/s]
Epoch 15/30 | Processing...:  65%|██████████████████████            | 11/17 [00:01<00:00,  8.81it/s]
Epoch 15/30 | Processing...:  71%|████████████████████████          | 12/17 [00:01<00:00,  8.91it/s]
Epoch 15/30 | Processing...:  76%|██████████████████████████        | 13/17 [00:01<00:00,  8.99it/s]
Epoch 15/30 | Processing...:  88%|██████████████████████████████    | 15/17 [00:01<00:00,  9.47it/s]
Epoch 15/30 | Processing...:  94%|████████████████████████████████  | 16/17 [00:01<00:00,  9.57it/s]
Epoch 15/30 | Processing...: 100%|████████████████████| 17/17 [00:01<00:00,  9.57it/s, Loss=7.39e-6]

Epoch 16/30 | Processing...:   0%|                                           | 0/17 [00:00<?, ?it/s][A
Epoch 15/30 | Processing...: 100%|████████████████████| 17/17 [00:01<00:00,  9.33it/s, Loss=7.39e-6]


Epoch 16/30 | Processing...:  12%|████                               | 2/17 [00:00<00:01,  9.21it/s][A

Epoch 16/30 | Processing...:  18%|██████▏                            | 3/17 [00:00<00:01,  9.15it/s][A

Epoch 16/30 | Processing...:  24%|████████▏                          | 4/17 [00:00<00:01,  9.04it/s][A

Epoch 16/30 | Processing...:  29%|██████████▎                        | 5/17 [00:00<00:01,  9.05it/s][A

Epoch 16/30 | Processing...:  35%|████████████▎                      | 6/17 [00:00<00:01,  8.90it/s][A

Epoch 16/30 | Processing...:  41%|██████████████▍                    | 7/17 [00:00<00:01,  8.79it/s][A

Epoch 16/30 | Processing...:  47%|████████████████▍                  | 8/17 [00:00<00:01,  8.64it/s][A

Epoch 16/30 | Processing...:  53%|██████████████████▌                | 9/17 [00:01<00:00,  8.62it/s][A

Epoch 16/30 | Processing...:  59%|████████████████████              | 10/17 [00:01<00:00,  8.70it/s][A

Epoch 16/30 | Processing...:  65%|██████████████████████            | 11/17 [00:01<00:00,  8.86it/s][A

Epoch 16/30 | Processing...:  71%|████████████████████████          | 12/17 [00:01<00:00,  8.95it/s][A

Epoch 16/30 | Processing...:  76%|██████████████████████████        | 13/17 [00:01<00:00,  8.97it/s][A

Epoch 16/30 | Processing...:  88%|██████████████████████████████    | 15/17 [00:01<00:00,  9.52it/s][A

Epoch 16/30 | Processing...:  94%|████████████████████████████████  | 16/17 [00:01<00:00,  9.63it/s][A

Epoch 16/30 | Processing...: 100%|████████████████████| 17/17 [00:01<00:00,  9.63it/s, Loss=4.76e-5][A
Epoch 17/30 | Processing...:   0%|                                           | 0/17 [00:00<?, ?it/s]
Epoch 16/30 | Processing...: 100%|████████████████████| 17/17 [00:01<00:00,  9.38it/s, Loss=4.76e-5]

Epoch 17/30 | Processing...:  12%|████                               | 2/17 [00:00<00:01,  9.98it/s]
Epoch 17/30 | Processing...:  18%|██████▏                            | 3/17 [00:00<00:01,  9.55it/s]
Epoch 17/30 | Processing...:  24%|████████▏                          | 4/17 [00:00<00:01,  9.28it/s]
Epoch 17/30 | Processing...:  29%|██████████▎                        | 5/17 [00:00<00:01,  8.71it/s]
Epoch 17/30 | Processing...:  35%|████████████▎                      | 6/17 [00:00<00:01,  8.75it/s]
Epoch 17/30 | Processing...:  41%|██████████████▍                    | 7/17 [00:00<00:01,  8.74it/s]
Epoch 17/30 | Processing...:  47%|████████████████▍                  | 8/17 [00:00<00:01,  8.52it/s]
Epoch 17/30 | Processing...:  53%|██████████████████▌                | 9/17 [00:01<00:00,  8.68it/s]
Epoch 17/30 | Processing...:  59%|████████████████████              | 10/17 [00:01<00:00,  8.68it/s]
Epoch 17/30 | Processing...:  65%|██████████████████████            | 11/17 [00:01<00:00,  8.84it/s]
Epoch 17/30 | Processing...:  71%|████████████████████████          | 12/17 [00:01<00:00,  8.91it/s]
Epoch 17/30 | Processing...:  76%|██████████████████████████        | 13/17 [00:01<00:00,  8.95it/s]
Epoch 17/30 | Processing...:  88%|██████████████████████████████    | 15/17 [00:01<00:00,  9.49it/s]
Epoch 17/30 | Processing...:  94%|████████████████████████████████  | 16/17 [00:01<00:00,  9.60it/s]
Epoch 17/30 | Processing...: 100%|███████████████████| 17/17 [00:01<00:00,  9.60it/s, Loss=0.000145]

Epoch 18/30 | Processing...:   0%|                                           | 0/17 [00:00<?, ?it/s][A
Epoch 17/30 | Processing...: 100%|███████████████████| 17/17 [00:01<00:00,  9.32it/s, Loss=0.000145]


Epoch 18/30 | Processing...:  12%|████                               | 2/17 [00:00<00:01,  9.28it/s][A

Epoch 18/30 | Processing...:  18%|██████▏                            | 3/17 [00:00<00:01,  9.10it/s][A

Epoch 18/30 | Processing...:  24%|████████▏                          | 4/17 [00:00<00:01,  8.85it/s][A

Epoch 18/30 | Processing...:  29%|██████████▎                        | 5/17 [00:00<00:01,  8.84it/s][A

Epoch 18/30 | Processing...:  35%|████████████▎                      | 6/17 [00:00<00:01,  8.79it/s][A

Epoch 18/30 | Processing...:  41%|██████████████▍                    | 7/17 [00:00<00:01,  8.63it/s][A

Epoch 18/30 | Processing...:  47%|████████████████▍                  | 8/17 [00:00<00:01,  8.71it/s][A

Epoch 18/30 | Processing...:  53%|██████████████████▌                | 9/17 [00:01<00:00,  8.81it/s][A

Epoch 18/30 | Processing...:  59%|████████████████████              | 10/17 [00:01<00:00,  8.76it/s][A

Epoch 18/30 | Processing...:  65%|██████████████████████            | 11/17 [00:01<00:00,  8.96it/s][A

Epoch 18/30 | Processing...:  71%|████████████████████████          | 12/17 [00:01<00:00,  9.02it/s][A

Epoch 18/30 | Processing...:  76%|██████████████████████████        | 13/17 [00:01<00:00,  9.12it/s][A

Epoch 18/30 | Processing...:  82%|████████████████████████████      | 14/17 [00:01<00:00,  9.34it/s][A

Epoch 18/30 | Processing...:  94%|████████████████████████████████  | 16/17 [00:01<00:00,  9.63it/s][A

Epoch 18/30 | Processing...: 100%|████████████████████| 17/17 [00:01<00:00,  9.63it/s, Loss=1.97e-5][A
Epoch 19/30 | Processing...:   0%|                                           | 0/17 [00:00<?, ?it/s]
Epoch 18/30 | Processing...: 100%|████████████████████| 17/17 [00:01<00:00,  9.37it/s, Loss=1.97e-5]

Epoch 19/30 | Processing...:  12%|████                               | 2/17 [00:00<00:01, 10.28it/s]
Epoch 19/30 | Processing...:  24%|████████▏                          | 4/17 [00:00<00:01,  9.41it/s]
Epoch 19/30 | Processing...:  29%|██████████▎                        | 5/17 [00:00<00:01,  9.22it/s]
Epoch 19/30 | Processing...:  35%|████████████▎                      | 6/17 [00:00<00:01,  9.13it/s]
Epoch 19/30 | Processing...:  41%|██████████████▍                    | 7/17 [00:00<00:01,  8.95it/s]
Epoch 19/30 | Processing...:  47%|████████████████▍                  | 8/17 [00:00<00:01,  8.73it/s]
Epoch 19/30 | Processing...:  53%|██████████████████▌                | 9/17 [00:01<00:00,  8.48it/s]
Epoch 19/30 | Processing...:  59%|████████████████████              | 10/17 [00:01<00:00,  8.54it/s]
Epoch 19/30 | Processing...:  65%|██████████████████████            | 11/17 [00:01<00:00,  8.72it/s]
Epoch 19/30 | Processing...:  71%|████████████████████████          | 12/17 [00:01<00:00,  8.75it/s]
Epoch 19/30 | Processing...:  76%|██████████████████████████        | 13/17 [00:01<00:00,  8.86it/s]
Epoch 19/30 | Processing...:  82%|████████████████████████████      | 14/17 [00:01<00:00,  9.11it/s]
Epoch 19/30 | Processing...:  94%|████████████████████████████████  | 16/17 [00:01<00:00,  9.37it/s]
Epoch 19/30 | Processing...: 100%|████████████████████| 17/17 [00:01<00:00,  9.37it/s, Loss=4.83e-6]

Epoch 20/30 | Processing...:   0%|                                           | 0/17 [00:00<?, ?it/s][A
Epoch 19/30 | Processing...: 100%|████████████████████| 17/17 [00:01<00:00,  9.33it/s, Loss=4.83e-6]


Epoch 20/30 | Processing...:  12%|████                               | 2/17 [00:00<00:01, 10.06it/s][A

Epoch 20/30 | Processing...:  24%|████████▏                          | 4/17 [00:00<00:01,  9.42it/s][A

Epoch 20/30 | Processing...:  29%|██████████▎                        | 5/17 [00:00<00:01,  9.25it/s][A

Epoch 20/30 | Processing...:  35%|████████████▎                      | 6/17 [00:00<00:01,  9.14it/s][A

Epoch 20/30 | Processing...:  41%|██████████████▍                    | 7/17 [00:00<00:01,  9.05it/s][A

Epoch 20/30 | Processing...:  47%|████████████████▍                  | 8/17 [00:00<00:01,  8.77it/s][A

Epoch 20/30 | Processing...:  53%|██████████████████▌                | 9/17 [00:01<00:00,  8.10it/s][A

Epoch 20/30 | Processing...:  59%|████████████████████              | 10/17 [00:01<00:00,  8.27it/s][A

Epoch 20/30 | Processing...:  65%|██████████████████████            | 11/17 [00:01<00:00,  8.53it/s][A

Epoch 20/30 | Processing...:  71%|████████████████████████          | 12/17 [00:01<00:00,  8.71it/s][A

Epoch 20/30 | Processing...:  76%|██████████████████████████        | 13/17 [00:01<00:00,  8.82it/s][A

Epoch 20/30 | Processing...:  82%|████████████████████████████      | 14/17 [00:01<00:00,  9.08it/s][A

Epoch 20/30 | Processing...:  94%|████████████████████████████████  | 16/17 [00:01<00:00,  9.44it/s][A

Epoch 20/30 | Processing...: 100%|███████████████████| 17/17 [00:01<00:00,  9.44it/s, Loss=0.000611][A
Epoch 21/30 | Processing...:   0%|                                           | 0/17 [00:00<?, ?it/s]
Epoch 20/30 | Processing...: 100%|███████████████████| 17/17 [00:01<00:00,  9.29it/s, Loss=0.000611]

Epoch 21/30 | Processing...:   6%|██                                 | 1/17 [00:00<00:01,  9.98it/s]
Epoch 21/30 | Processing...:  12%|████                               | 2/17 [00:00<00:01,  9.12it/s]
Epoch 21/30 | Processing...:  18%|██████▏                            | 3/17 [00:00<00:01,  8.97it/s]
Epoch 21/30 | Processing...:  24%|████████▏                          | 4/17 [00:00<00:01,  8.95it/s]
Epoch 21/30 | Processing...:  29%|██████████▎                        | 5/17 [00:00<00:01,  8.92it/s]
Epoch 21/30 | Processing...:  35%|████████████▎                      | 6/17 [00:00<00:01,  8.87it/s]
Epoch 21/30 | Processing...:  41%|██████████████▍                    | 7/17 [00:00<00:01,  8.83it/s]
Epoch 21/30 | Processing...:  47%|████████████████▍                  | 8/17 [00:00<00:01,  8.60it/s]
Epoch 21/30 | Processing...:  53%|██████████████████▌                | 9/17 [00:01<00:00,  8.37it/s]
Epoch 21/30 | Processing...:  59%|████████████████████              | 10/17 [00:01<00:00,  8.45it/s]
Epoch 21/30 | Processing...:  65%|██████████████████████            | 11/17 [00:01<00:00,  8.74it/s]
Epoch 21/30 | Processing...:  71%|████████████████████████          | 12/17 [00:01<00:00,  8.85it/s]
Epoch 21/30 | Processing...:  76%|██████████████████████████        | 13/17 [00:01<00:00,  8.97it/s]
Epoch 21/30 | Processing...:  82%|████████████████████████████      | 14/17 [00:01<00:00,  9.20it/s]
Epoch 21/30 | Processing...:  88%|██████████████████████████████    | 15/17 [00:01<00:00,  9.42it/s]
Epoch 21/30 | Processing...:  94%|████████████████████████████████  | 16/17 [00:01<00:00,  9.54it/s]
Epoch 21/30 | Processing...: 100%|████████████████████| 17/17 [00:01<00:00,  9.54it/s, Loss=4.29e-5]

Epoch 22/30 | Processing...:   0%|                                           | 0/17 [00:00<?, ?it/s][A
Epoch 21/30 | Processing...: 100%|████████████████████| 17/17 [00:01<00:00,  9.29it/s, Loss=4.29e-5]


Epoch 22/30 | Processing...:   6%|██                                 | 1/17 [00:00<00:01,  9.95it/s][A

Epoch 22/30 | Processing...:  12%|████                               | 2/17 [00:00<00:01,  9.03it/s][A

Epoch 22/30 | Processing...:  18%|██████▏                            | 3/17 [00:00<00:01,  9.08it/s][A

Epoch 22/30 | Processing...:  24%|████████▏                          | 4/17 [00:00<00:01,  8.94it/s][A

Epoch 22/30 | Processing...:  29%|██████████▎                        | 5/17 [00:00<00:01,  8.97it/s][A

Epoch 22/30 | Processing...:  35%|████████████▎                      | 6/17 [00:00<00:01,  8.95it/s][A

Epoch 22/30 | Processing...:  41%|██████████████▍                    | 7/17 [00:00<00:01,  8.88it/s][A

Epoch 22/30 | Processing...:  47%|████████████████▍                  | 8/17 [00:00<00:01,  8.66it/s][A

Epoch 22/30 | Processing...:  53%|██████████████████▌                | 9/17 [00:01<00:00,  8.41it/s][A

Epoch 22/30 | Processing...:  59%|████████████████████              | 10/17 [00:01<00:00,  8.48it/s][A

Epoch 22/30 | Processing...:  65%|██████████████████████            | 11/17 [00:01<00:00,  8.75it/s][A

Epoch 22/30 | Processing...:  71%|████████████████████████          | 12/17 [00:01<00:00,  8.82it/s][A

Epoch 22/30 | Processing...:  76%|██████████████████████████        | 13/17 [00:01<00:00,  8.97it/s][A

Epoch 22/30 | Processing...:  82%|████████████████████████████      | 14/17 [00:01<00:00,  9.19it/s][A

Epoch 22/30 | Processing...:  88%|██████████████████████████████    | 15/17 [00:01<00:00,  9.40it/s][A

Epoch 22/30 | Processing...:  94%|████████████████████████████████  | 16/17 [00:01<00:00,  9.56it/s][A

Epoch 22/30 | Processing...: 100%|███████████████████| 17/17 [00:01<00:00,  9.56it/s, Loss=0.000446][A
Epoch 23/30 | Processing...:   0%|                                           | 0/17 [00:00<?, ?it/s]
Epoch 22/30 | Processing...: 100%|███████████████████| 17/17 [00:01<00:00,  9.31it/s, Loss=0.000446]

Epoch 23/30 | Processing...:  12%|████                               | 2/17 [00:00<00:01,  9.37it/s]
Epoch 23/30 | Processing...:  18%|██████▏                            | 3/17 [00:00<00:01,  9.15it/s]
Epoch 23/30 | Processing...:  24%|████████▏                          | 4/17 [00:00<00:01,  9.09it/s]
Epoch 23/30 | Processing...:  29%|██████████▎                        | 5/17 [00:00<00:01,  9.02it/s]
Epoch 23/30 | Processing...:  35%|████████████▎                      | 6/17 [00:00<00:01,  9.06it/s]
Epoch 23/30 | Processing...:  41%|██████████████▍                    | 7/17 [00:00<00:01,  8.97it/s]
Epoch 23/30 | Processing...:  47%|████████████████▍                  | 8/17 [00:00<00:01,  8.69it/s]
Epoch 23/30 | Processing...:  53%|██████████████████▌                | 9/17 [00:01<00:00,  8.50it/s]
Epoch 23/30 | Processing...:  59%|████████████████████              | 10/17 [00:01<00:00,  8.51it/s]
Epoch 23/30 | Processing...:  65%|██████████████████████            | 11/17 [00:01<00:00,  8.77it/s]
Epoch 23/30 | Processing...:  71%|████████████████████████          | 12/17 [00:01<00:00,  8.83it/s]
Epoch 23/30 | Processing...:  76%|██████████████████████████        | 13/17 [00:01<00:00,  8.89it/s]
Epoch 23/30 | Processing...:  82%|████████████████████████████      | 14/17 [00:01<00:00,  9.11it/s]
Epoch 23/30 | Processing...:  94%|████████████████████████████████  | 16/17 [00:01<00:00,  9.55it/s]
Epoch 23/30 | Processing...: 100%|███████████████████| 17/17 [00:01<00:00,  9.55it/s, Loss=0.000455]

Epoch 24/30 | Processing...:   0%|                                           | 0/17 [00:00<?, ?it/s][A
Epoch 23/30 | Processing...: 100%|███████████████████| 17/17 [00:01<00:00,  9.34it/s, Loss=0.000455]


Epoch 24/30 | Processing...:  12%|████                               | 2/17 [00:00<00:01,  9.26it/s][A

Epoch 24/30 | Processing...:  18%|██████▏                            | 3/17 [00:00<00:01,  9.19it/s][A

Epoch 24/30 | Processing...:  24%|████████▏                          | 4/17 [00:00<00:01,  9.03it/s][A

Epoch 24/30 | Processing...:  29%|██████████▎                        | 5/17 [00:00<00:01,  8.98it/s][A

Epoch 24/30 | Processing...:  35%|████████████▎                      | 6/17 [00:00<00:01,  8.97it/s][A

Epoch 24/30 | Processing...:  41%|██████████████▍                    | 7/17 [00:00<00:01,  8.96it/s][A

Epoch 24/30 | Processing...:  47%|████████████████▍                  | 8/17 [00:00<00:01,  8.72it/s][A

Epoch 24/30 | Processing...:  53%|██████████████████▌                | 9/17 [00:01<00:00,  8.47it/s][A

Epoch 24/30 | Processing...:  59%|████████████████████              | 10/17 [00:01<00:00,  8.50it/s][A

Epoch 24/30 | Processing...:  65%|██████████████████████            | 11/17 [00:01<00:00,  8.66it/s][A

Epoch 24/30 | Processing...:  71%|████████████████████████          | 12/17 [00:01<00:00,  8.80it/s][A

Epoch 24/30 | Processing...:  76%|██████████████████████████        | 13/17 [00:01<00:00,  8.88it/s][A

Epoch 24/30 | Processing...:  82%|████████████████████████████      | 14/17 [00:01<00:00,  9.11it/s][A

Epoch 24/30 | Processing...:  94%|████████████████████████████████  | 16/17 [00:01<00:00,  9.56it/s][A

Epoch 24/30 | Processing...: 100%|███████████████████| 17/17 [00:01<00:00,  9.56it/s, Loss=0.000134][A
Epoch 25/30 | Processing...:   0%|                                           | 0/17 [00:00<?, ?it/s]
Epoch 24/30 | Processing...: 100%|███████████████████| 17/17 [00:01<00:00,  9.31it/s, Loss=0.000134]

Epoch 25/30 | Processing...:   6%|██                                 | 1/17 [00:00<00:01,  8.10it/s]
Epoch 25/30 | Processing...:  12%|████                               | 2/17 [00:00<00:01,  8.54it/s]
Epoch 25/30 | Processing...:  18%|██████▏                            | 3/17 [00:00<00:01,  8.71it/s]
Epoch 25/30 | Processing...:  24%|████████▏                          | 4/17 [00:00<00:01,  8.84it/s]
Epoch 25/30 | Processing...:  29%|██████████▎                        | 5/17 [00:00<00:01,  8.85it/s]
Epoch 25/30 | Processing...:  35%|████████████▎                      | 6/17 [00:00<00:01,  8.91it/s]
Epoch 25/30 | Processing...:  41%|██████████████▍                    | 7/17 [00:00<00:01,  8.85it/s]
Epoch 25/30 | Processing...:  47%|████████████████▍                  | 8/17 [00:00<00:01,  8.67it/s]
Epoch 25/30 | Processing...:  53%|██████████████████▌                | 9/17 [00:01<00:00,  8.48it/s]
Epoch 25/30 | Processing...:  59%|████████████████████              | 10/17 [00:01<00:00,  8.50it/s]
Epoch 25/30 | Processing...:  65%|██████████████████████            | 11/17 [00:01<00:00,  8.69it/s]
Epoch 25/30 | Processing...:  71%|████████████████████████          | 12/17 [00:01<00:00,  8.87it/s]
Epoch 25/30 | Processing...:  76%|██████████████████████████        | 13/17 [00:01<00:00,  8.94it/s]
Epoch 25/30 | Processing...:  82%|████████████████████████████      | 14/17 [00:01<00:00,  9.19it/s]
Epoch 25/30 | Processing...:  94%|████████████████████████████████  | 16/17 [00:01<00:00,  9.53it/s]
Epoch 25/30 | Processing...: 100%|███████████████████| 17/17 [00:01<00:00,  9.53it/s, Loss=0.000514]

Epoch 26/30 | Processing...:   0%|                                           | 0/17 [00:00<?, ?it/s][A
Epoch 25/30 | Processing...: 100%|███████████████████| 17/17 [00:01<00:00,  9.24it/s, Loss=0.000514]


Epoch 26/30 | Processing...:   6%|██                                 | 1/17 [00:00<00:01,  9.84it/s][A

Epoch 26/30 | Processing...:  12%|████                               | 2/17 [00:00<00:01,  9.14it/s][A

Epoch 26/30 | Processing...:  18%|██████▏                            | 3/17 [00:00<00:01,  9.10it/s][A

Epoch 26/30 | Processing...:  24%|████████▏                          | 4/17 [00:00<00:01,  9.00it/s][A

Epoch 26/30 | Processing...:  29%|██████████▎                        | 5/17 [00:00<00:01,  9.00it/s][A

Epoch 26/30 | Processing...:  35%|████████████▎                      | 6/17 [00:00<00:01,  8.88it/s][A

Epoch 26/30 | Processing...:  41%|██████████████▍                    | 7/17 [00:00<00:01,  8.83it/s][A

Epoch 26/30 | Processing...:  47%|████████████████▍                  | 8/17 [00:00<00:01,  8.63it/s][A

Epoch 26/30 | Processing...:  53%|██████████████████▌                | 9/17 [00:01<00:00,  8.41it/s][A

Epoch 26/30 | Processing...:  59%|████████████████████              | 10/17 [00:01<00:00,  8.48it/s][A

Epoch 26/30 | Processing...:  65%|██████████████████████            | 11/17 [00:01<00:00,  8.70it/s][A

Epoch 26/30 | Processing...:  71%|████████████████████████          | 12/17 [00:01<00:00,  8.78it/s][A

Epoch 26/30 | Processing...:  76%|██████████████████████████        | 13/17 [00:01<00:00,  8.90it/s][A

Epoch 26/30 | Processing...:  82%|████████████████████████████      | 14/17 [00:01<00:00,  9.12it/s][A

Epoch 26/30 | Processing...:  94%|████████████████████████████████  | 16/17 [00:01<00:00,  9.50it/s][A

Epoch 26/30 | Processing...: 100%|███████████████████| 17/17 [00:01<00:00,  9.50it/s, Loss=0.000117][A
Epoch 27/30 | Processing...:   0%|                                           | 0/17 [00:00<?, ?it/s]
Epoch 26/30 | Processing...: 100%|███████████████████| 17/17 [00:01<00:00,  9.28it/s, Loss=0.000117]

Epoch 27/30 | Processing...:   6%|██                                 | 1/17 [00:00<00:01,  9.86it/s]
Epoch 27/30 | Processing...:  12%|████                               | 2/17 [00:00<00:01,  9.16it/s]
Epoch 27/30 | Processing...:  18%|██████▏                            | 3/17 [00:00<00:01,  9.06it/s]
Epoch 27/30 | Processing...:  24%|████████▏                          | 4/17 [00:00<00:01,  8.90it/s]
Epoch 27/30 | Processing...:  29%|██████████▎                        | 5/17 [00:00<00:01,  8.93it/s]
Epoch 27/30 | Processing...:  35%|████████████▎                      | 6/17 [00:00<00:01,  8.99it/s]
Epoch 27/30 | Processing...:  41%|██████████████▍                    | 7/17 [00:00<00:01,  8.67it/s]
Epoch 27/30 | Processing...:  47%|████████████████▍                  | 8/17 [00:00<00:01,  8.29it/s]
Epoch 27/30 | Processing...:  53%|██████████████████▌                | 9/17 [00:01<00:00,  8.23it/s]
Epoch 27/30 | Processing...:  59%|████████████████████              | 10/17 [00:01<00:00,  8.33it/s]
Epoch 27/30 | Processing...:  65%|██████████████████████            | 11/17 [00:01<00:00,  8.54it/s]
Epoch 27/30 | Processing...:  71%|████████████████████████          | 12/17 [00:01<00:00,  8.67it/s]
Epoch 27/30 | Processing...:  76%|██████████████████████████        | 13/17 [00:01<00:00,  8.76it/s]
Epoch 27/30 | Processing...:  82%|████████████████████████████      | 14/17 [00:01<00:00,  9.01it/s]
Epoch 27/30 | Processing...:  94%|████████████████████████████████  | 16/17 [00:01<00:00,  9.54it/s]
Epoch 27/30 | Processing...: 100%|████████████████████| 17/17 [00:01<00:00,  9.54it/s, Loss=5.06e-5]

Epoch 28/30 | Processing...:   0%|                                           | 0/17 [00:00<?, ?it/s][A
Epoch 27/30 | Processing...: 100%|████████████████████| 17/17 [00:01<00:00,  9.22it/s, Loss=5.06e-5]


Epoch 28/30 | Processing...:  12%|████                               | 2/17 [00:00<00:01,  9.87it/s][A

Epoch 28/30 | Processing...:  18%|██████▏                            | 3/17 [00:00<00:01,  9.01it/s][A

Epoch 28/30 | Processing...:  24%|████████▏                          | 4/17 [00:00<00:01,  8.82it/s][A

Epoch 28/30 | Processing...:  29%|██████████▎                        | 5/17 [00:00<00:01,  8.94it/s][A

Epoch 28/30 | Processing...:  35%|████████████▎                      | 6/17 [00:00<00:01,  8.90it/s][A

Epoch 28/30 | Processing...:  41%|██████████████▍                    | 7/17 [00:00<00:01,  8.81it/s][A

Epoch 28/30 | Processing...:  47%|████████████████▍                  | 8/17 [00:00<00:01,  8.59it/s][A

Epoch 28/30 | Processing...:  53%|██████████████████▌                | 9/17 [00:01<00:00,  8.22it/s][A

Epoch 28/30 | Processing...:  59%|████████████████████              | 10/17 [00:01<00:00,  8.29it/s][A

Epoch 28/30 | Processing...:  65%|██████████████████████            | 11/17 [00:01<00:00,  8.28it/s][A

Epoch 28/30 | Processing...:  71%|████████████████████████          | 12/17 [00:01<00:00,  8.65it/s][A

Epoch 28/30 | Processing...:  76%|██████████████████████████        | 13/17 [00:01<00:00,  8.79it/s][A

Epoch 28/30 | Processing...:  82%|████████████████████████████      | 14/17 [00:01<00:00,  8.93it/s][A

Epoch 28/30 | Processing...:  88%|██████████████████████████████    | 15/17 [00:01<00:00,  9.22it/s][A

Epoch 28/30 | Processing...:  94%|████████████████████████████████  | 16/17 [00:01<00:00,  9.24it/s][A

Epoch 28/30 | Processing...: 100%|████████████████████| 17/17 [00:01<00:00,  9.24it/s, Loss=1.51e-5][A
Epoch 29/30 | Processing...:   0%|                                           | 0/17 [00:00<?, ?it/s]
Epoch 28/30 | Processing...: 100%|████████████████████| 17/17 [00:01<00:00,  9.15it/s, Loss=1.51e-5]

Epoch 29/30 | Processing...:   6%|██                                 | 1/17 [00:00<00:01,  9.75it/s]
Epoch 29/30 | Processing...:  12%|████                               | 2/17 [00:00<00:01,  8.93it/s]
Epoch 29/30 | Processing...:  18%|██████▏                            | 3/17 [00:00<00:01,  8.88it/s]
Epoch 29/30 | Processing...:  24%|████████▏                          | 4/17 [00:00<00:01,  8.85it/s]
Epoch 29/30 | Processing...:  29%|██████████▎                        | 5/17 [00:00<00:01,  8.84it/s]
Epoch 29/30 | Processing...:  35%|████████████▎                      | 6/17 [00:00<00:01,  8.73it/s]
Epoch 29/30 | Processing...:  41%|██████████████▍                    | 7/17 [00:00<00:01,  8.62it/s]
Epoch 29/30 | Processing...:  47%|████████████████▍                  | 8/17 [00:00<00:01,  8.47it/s]
Epoch 29/30 | Processing...:  53%|██████████████████▌                | 9/17 [00:01<00:00,  8.77it/s]
Epoch 29/30 | Processing...:  59%|████████████████████              | 10/17 [00:01<00:00,  8.53it/s]
Epoch 29/30 | Processing...:  65%|██████████████████████            | 11/17 [00:01<00:00,  8.65it/s]
Epoch 29/30 | Processing...:  71%|████████████████████████          | 12/17 [00:01<00:00,  8.65it/s]
Epoch 29/30 | Processing...:  76%|██████████████████████████        | 13/17 [00:01<00:00,  8.83it/s]
Epoch 29/30 | Processing...:  82%|████████████████████████████      | 14/17 [00:01<00:00,  9.06it/s]
Epoch 29/30 | Processing...:  94%|████████████████████████████████  | 16/17 [00:01<00:00,  9.49it/s]
Epoch 29/30 | Processing...: 100%|███████████████████| 17/17 [00:01<00:00,  9.49it/s, Loss=0.000539]

Epoch 30/30 | Processing...:   0%|                                           | 0/17 [00:00<?, ?it/s][A
Epoch 29/30 | Processing...: 100%|███████████████████| 17/17 [00:01<00:00,  9.23it/s, Loss=0.000539]


Epoch 30/30 | Processing...:   6%|██                                 | 1/17 [00:00<00:01,  9.93it/s][A

Epoch 30/30 | Processing...:  12%|████                               | 2/17 [00:00<00:01,  8.95it/s][A

Epoch 30/30 | Processing...:  18%|██████▏                            | 3/17 [00:00<00:01,  8.89it/s][A

Epoch 30/30 | Processing...:  24%|████████▏                          | 4/17 [00:00<00:01,  8.81it/s][A

Epoch 30/30 | Processing...:  29%|██████████▎                        | 5/17 [00:00<00:01,  8.80it/s][A

Epoch 30/30 | Processing...:  35%|████████████▎                      | 6/17 [00:00<00:01,  7.92it/s][A

Epoch 30/30 | Processing...:  41%|██████████████▍                    | 7/17 [00:00<00:01,  8.09it/s][A

Epoch 30/30 | Processing...:  47%|████████████████▍                  | 8/17 [00:00<00:01,  8.09it/s][A

Epoch 30/30 | Processing...:  53%|██████████████████▌                | 9/17 [00:01<00:01,  7.96it/s][A

Epoch 30/30 | Processing...:  59%|████████████████████              | 10/17 [00:01<00:00,  8.06it/s][A

Epoch 30/30 | Processing...:  65%|██████████████████████            | 11/17 [00:01<00:00,  8.35it/s][A

Epoch 30/30 | Processing...:  71%|████████████████████████          | 12/17 [00:01<00:00,  8.58it/s][A

Epoch 30/30 | Processing...:  76%|██████████████████████████        | 13/17 [00:01<00:00,  8.73it/s][A

Epoch 30/30 | Processing...:  82%|████████████████████████████      | 14/17 [00:01<00:00,  8.99it/s][A

Epoch 30/30 | Processing...:  94%|████████████████████████████████  | 16/17 [00:01<00:00,  9.40it/s][A

Epoch 30/30 | Processing...: 100%|████████████████████| 17/17 [00:01<00:00,  9.40it/s, Loss=9.36e-6][A训练完成
Accuracy: 0.8881
F1 Score: 0.8584
Recall: 0.8621
Precision: 0.8547
====================================================================================================
0 {'precision': 0.9101123595505618, 'recall': 0.9050279329608939, 'f1-score': 0.907563025210084, 'support': 179.0}
1 {'precision': 0.8547008547008547, 'recall': 0.8620689655172413, 'f1-score': 0.8583690987124464, 'support': 116.0}
accuracy 0.888135593220339
macro avg {'precision': 0.8824066071257082, 'recall': 0.8835484492390676, 'f1-score': 0.8829660619612651, 'support': 295.0}
weighted avg {'precision': 0.888323428829999, 'recall': 0.888135593220339, 'f1-score': 0.8882189727567756, 'support': 295.0}
result:0.8881
====================================================================================================

Epoch 30/30 | Processing...: 100%|████████████████████| 17/17 [00:02<00:00,  7.43it/s, Loss=9.36e-6]
======================================================================================================================================================
run at 2-th time
CombinedModel3(
  (linear_1): Linear(in_features=768, out_features=768, bias=True)
  (linear_2): Linear(in_features=768, out_features=768, bias=True)
  (gnn): HgtGNN(
    (post_linear): Linear(in_features=1536, out_features=768, bias=True)
    (conv1): HGTConv(-1, 768, heads=8)
    (conv2): HGTConv(-1, 768, heads=8)
  )
  (mlp): Sequential(
    (0): Linear(in_features=2304, out_features=768, bias=True)
    (1): ReLU()
    (2): Dropout(p=0.5, inplace=False)
    (3): Linear(in_features=768, out_features=2, bias=True)
  )
)

Epoch 1/30 | Processing...:   0%|                                            | 0/17 [00:00<?, ?it/s]
Epoch 1/30 | Processing...:   6%|██                                  | 1/17 [00:00<00:01,  9.40it/s]
Epoch 1/30 | Processing...:  12%|████▏                               | 2/17 [00:00<00:01,  8.97it/s]
Epoch 1/30 | Processing...:  18%|██████▎                             | 3/17 [00:00<00:01,  8.89it/s]
Epoch 1/30 | Processing...:  24%|████████▍                           | 4/17 [00:00<00:01,  8.89it/s]
Epoch 1/30 | Processing...:  29%|██████████▌                         | 5/17 [00:00<00:01,  8.89it/s]
Epoch 1/30 | Processing...:  35%|████████████▋                       | 6/17 [00:00<00:01,  8.87it/s]
Epoch 1/30 | Processing...:  41%|██████████████▊                     | 7/17 [00:00<00:01,  8.67it/s]
Epoch 1/30 | Processing...:  47%|████████████████▉                   | 8/17 [00:00<00:01,  8.50it/s]
Epoch 1/30 | Processing...:  53%|███████████████████                 | 9/17 [00:01<00:00,  8.33it/s]
Epoch 1/30 | Processing...:  59%|████████████████████▌              | 10/17 [00:01<00:00,  8.36it/s]
Epoch 1/30 | Processing...:  65%|██████████████████████▋            | 11/17 [00:01<00:00,  8.44it/s]
Epoch 1/30 | Processing...:  71%|████████████████████████▋          | 12/17 [00:01<00:00,  8.61it/s]
Epoch 1/30 | Processing...:  76%|██████████████████████████▊        | 13/17 [00:01<00:00,  8.70it/s]
Epoch 1/30 | Processing...:  82%|████████████████████████████▊      | 14/17 [00:01<00:00,  9.03it/s]
Epoch 1/30 | Processing...:  88%|██████████████████████████████▉    | 15/17 [00:01<00:00,  9.26it/s]
Epoch 1/30 | Processing...:  94%|████████████████████████████████▉  | 16/17 [00:01<00:00,  9.32it/s]
Epoch 1/30 | Processing...: 100%|███████████████████████| 17/17 [00:01<00:00,  9.32it/s, Loss=0.268]

Epoch 2/30 | Processing...:   0%|                                            | 0/17 [00:00<?, ?it/s][A
Epoch 1/30 | Processing...: 100%|███████████████████████| 17/17 [00:01<00:00,  9.14it/s, Loss=0.268]


Epoch 2/30 | Processing...:   6%|██                                  | 1/17 [00:00<00:01,  9.72it/s][A

Epoch 2/30 | Processing...:  12%|████▏                               | 2/17 [00:00<00:01,  9.19it/s][A

Epoch 2/30 | Processing...:  18%|██████▎                             | 3/17 [00:00<00:01,  8.96it/s][A

Epoch 2/30 | Processing...:  24%|████████▍                           | 4/17 [00:00<00:01,  8.92it/s][A

Epoch 2/30 | Processing...:  29%|██████████▌                         | 5/17 [00:00<00:01,  8.90it/s][A

Epoch 2/30 | Processing...:  35%|████████████▋                       | 6/17 [00:00<00:01,  8.90it/s][A

Epoch 2/30 | Processing...:  41%|██████████████▊                     | 7/17 [00:00<00:01,  8.19it/s][A

Epoch 2/30 | Processing...:  47%|████████████████▉                   | 8/17 [00:00<00:01,  7.45it/s][A

Epoch 2/30 | Processing...:  53%|███████████████████                 | 9/17 [00:01<00:01,  7.54it/s][A

Epoch 2/30 | Processing...:  59%|████████████████████▌              | 10/17 [00:01<00:00,  7.79it/s][A

Epoch 2/30 | Processing...:  65%|██████████████████████▋            | 11/17 [00:01<00:00,  8.05it/s][A

Epoch 2/30 | Processing...:  71%|████████████████████████▋          | 12/17 [00:01<00:00,  8.23it/s][A

Epoch 2/30 | Processing...:  76%|██████████████████████████▊        | 13/17 [00:01<00:00,  8.46it/s][A

Epoch 2/30 | Processing...:  82%|████████████████████████████▊      | 14/17 [00:01<00:00,  8.71it/s][A

Epoch 2/30 | Processing...:  88%|██████████████████████████████▉    | 15/17 [00:01<00:00,  8.95it/s][A

Epoch 2/30 | Processing...: 100%|███████████████████████████████████| 17/17 [00:01<00:00, 10.57it/s][A

Epoch 2/30 | Processing...: 100%|███████████████████████| 17/17 [00:01<00:00, 10.57it/s, Loss=0.146][A
Epoch 3/30 | Processing...:   0%|                                            | 0/17 [00:00<?, ?it/s]
Epoch 2/30 | Processing...: 100%|███████████████████████| 17/17 [00:01<00:00,  8.85it/s, Loss=0.146]

Epoch 3/30 | Processing...:   6%|██                                  | 1/17 [00:00<00:05,  3.15it/s]
Epoch 3/30 | Processing...:  12%|████▏                               | 2/17 [00:00<00:03,  4.35it/s]
Epoch 3/30 | Processing...:  18%|██████▎                             | 3/17 [00:00<00:02,  5.69it/s]
Epoch 3/30 | Processing...:  24%|████████▍                           | 4/17 [00:00<00:01,  6.51it/s]
Epoch 3/30 | Processing...:  29%|██████████▌                         | 5/17 [00:00<00:01,  7.15it/s]
Epoch 3/30 | Processing...:  35%|████████████▋                       | 6/17 [00:00<00:01,  7.53it/s]
Epoch 3/30 | Processing...:  41%|██████████████▊                     | 7/17 [00:01<00:01,  7.69it/s]
Epoch 3/30 | Processing...:  47%|████████████████▉                   | 8/17 [00:01<00:01,  7.54it/s]
Epoch 3/30 | Processing...:  53%|███████████████████                 | 9/17 [00:01<00:01,  7.91it/s]
Epoch 3/30 | Processing...:  59%|████████████████████▌              | 10/17 [00:01<00:00,  7.68it/s]
Epoch 3/30 | Processing...:  65%|██████████████████████▋            | 11/17 [00:01<00:00,  8.10it/s]
Epoch 3/30 | Processing...:  71%|████████████████████████▋          | 12/17 [00:01<00:00,  8.32it/s]
Epoch 3/30 | Processing...:  76%|██████████████████████████▊        | 13/17 [00:01<00:00,  8.45it/s]
Epoch 3/30 | Processing...:  82%|████████████████████████████▊      | 14/17 [00:01<00:00,  8.67it/s]
Epoch 3/30 | Processing...:  94%|████████████████████████████████▉  | 16/17 [00:02<00:00,  9.23it/s]
Epoch 3/30 | Processing...: 100%|███████████████████████| 17/17 [00:02<00:00,  9.23it/s, Loss=0.074]

Epoch 4/30 | Processing...:   0%|                                            | 0/17 [00:00<?, ?it/s][A
Epoch 3/30 | Processing...: 100%|███████████████████████| 17/17 [00:02<00:00,  7.85it/s, Loss=0.074]


Epoch 4/30 | Processing...:   6%|██                                  | 1/17 [00:00<00:01,  9.92it/s][A

Epoch 4/30 | Processing...:  12%|████▏                               | 2/17 [00:00<00:01,  9.07it/s][A

Epoch 4/30 | Processing...:  18%|██████▎                             | 3/17 [00:00<00:01,  8.64it/s][A

Epoch 4/30 | Processing...:  24%|████████▍                           | 4/17 [00:00<00:01,  8.68it/s][A

Epoch 4/30 | Processing...:  29%|██████████▌                         | 5/17 [00:00<00:01,  8.88it/s][A

Epoch 4/30 | Processing...:  35%|████████████▋                       | 6/17 [00:00<00:01,  8.86it/s][A

Epoch 4/30 | Processing...:  41%|██████████████▊                     | 7/17 [00:00<00:01,  8.77it/s][A

Epoch 4/30 | Processing...:  47%|████████████████▉                   | 8/17 [00:00<00:01,  8.54it/s][A

Epoch 4/30 | Processing...:  53%|███████████████████                 | 9/17 [00:01<00:00,  8.25it/s][A

Epoch 4/30 | Processing...:  59%|████████████████████▌              | 10/17 [00:01<00:00,  8.25it/s][A

Epoch 4/30 | Processing...:  65%|██████████████████████▋            | 11/17 [00:01<00:00,  8.67it/s][A

Epoch 4/30 | Processing...:  71%|████████████████████████▋          | 12/17 [00:01<00:00,  8.63it/s][A

Epoch 4/30 | Processing...:  76%|██████████████████████████▊        | 13/17 [00:01<00:00,  8.73it/s][A

Epoch 4/30 | Processing...:  88%|██████████████████████████████▉    | 15/17 [00:01<00:00,  9.62it/s][A

Epoch 4/30 | Processing...:  94%|████████████████████████████████▉  | 16/17 [00:01<00:00,  9.70it/s][A

Epoch 4/30 | Processing...: 100%|█████████████████████| 17/17 [00:01<00:00,  9.70it/s, Loss=0.00127][A
Epoch 5/30 | Processing...:   0%|                                            | 0/17 [00:00<?, ?it/s]
Epoch 4/30 | Processing...: 100%|█████████████████████| 17/17 [00:01<00:00,  9.25it/s, Loss=0.00127]

Epoch 5/30 | Processing...:  12%|████▏                               | 2/17 [00:00<00:01,  9.91it/s]
Epoch 5/30 | Processing...:  18%|██████▎                             | 3/17 [00:00<00:01,  9.46it/s]
Epoch 5/30 | Processing...:  24%|████████▍                           | 4/17 [00:00<00:01,  9.26it/s]
Epoch 5/30 | Processing...:  29%|██████████▌                         | 5/17 [00:00<00:01,  9.12it/s]
Epoch 5/30 | Processing...:  35%|████████████▋                       | 6/17 [00:00<00:01,  8.99it/s]
Epoch 5/30 | Processing...:  41%|██████████████▊                     | 7/17 [00:00<00:01,  8.85it/s]
Epoch 5/30 | Processing...:  47%|████████████████▉                   | 8/17 [00:00<00:01,  8.54it/s]
Epoch 5/30 | Processing...:  53%|███████████████████                 | 9/17 [00:01<00:00,  8.37it/s]
Epoch 5/30 | Processing...:  59%|████████████████████▌              | 10/17 [00:01<00:00,  8.44it/s]
Epoch 5/30 | Processing...:  65%|██████████████████████▋            | 11/17 [00:01<00:00,  8.50it/s]
Epoch 5/30 | Processing...:  71%|████████████████████████▋          | 12/17 [00:01<00:00,  8.64it/s]
Epoch 5/30 | Processing...:  76%|██████████████████████████▊        | 13/17 [00:01<00:00,  8.81it/s]
Epoch 5/30 | Processing...:  82%|████████████████████████████▊      | 14/17 [00:01<00:00,  9.07it/s]
Epoch 5/30 | Processing...:  88%|██████████████████████████████▉    | 15/17 [00:01<00:00,  9.31it/s]
Epoch 5/30 | Processing...:  94%|████████████████████████████████▉  | 16/17 [00:01<00:00,  9.40it/s]
Epoch 5/30 | Processing...: 100%|█████████████████████| 17/17 [00:01<00:00,  9.40it/s, Loss=0.00444]

Epoch 6/30 | Processing...:   0%|                                            | 0/17 [00:00<?, ?it/s][A
Epoch 5/30 | Processing...: 100%|█████████████████████| 17/17 [00:01<00:00,  9.26it/s, Loss=0.00444]


Epoch 6/30 | Processing...:  12%|████▏                               | 2/17 [00:00<00:01,  9.88it/s][A

Epoch 6/30 | Processing...:  18%|██████▎                             | 3/17 [00:00<00:01,  9.40it/s][A

Epoch 6/30 | Processing...:  24%|████████▍                           | 4/17 [00:00<00:01,  9.12it/s][A

Epoch 6/30 | Processing...:  29%|██████████▌                         | 5/17 [00:00<00:01,  9.02it/s][A

Epoch 6/30 | Processing...:  35%|████████████▋                       | 6/17 [00:00<00:01,  8.93it/s][A

Epoch 6/30 | Processing...:  41%|██████████████▊                     | 7/17 [00:00<00:01,  8.40it/s][A

Epoch 6/30 | Processing...:  47%|████████████████▉                   | 8/17 [00:00<00:01,  8.22it/s][A

Epoch 6/30 | Processing...:  53%|███████████████████                 | 9/17 [00:01<00:00,  8.06it/s][A

Epoch 6/30 | Processing...:  59%|████████████████████▌              | 10/17 [00:01<00:00,  8.02it/s][A

Epoch 6/30 | Processing...:  65%|██████████████████████▋            | 11/17 [00:01<00:00,  8.23it/s][A

Epoch 6/30 | Processing...:  71%|████████████████████████▋          | 12/17 [00:01<00:00,  8.36it/s][A

Epoch 6/30 | Processing...:  76%|██████████████████████████▊        | 13/17 [00:01<00:00,  8.48it/s][A

Epoch 6/30 | Processing...:  82%|████████████████████████████▊      | 14/17 [00:01<00:00,  8.77it/s][A

Epoch 6/30 | Processing...:  88%|██████████████████████████████▉    | 15/17 [00:01<00:00,  8.98it/s][A

Epoch 6/30 | Processing...:  94%|████████████████████████████████▉  | 16/17 [00:01<00:00,  9.12it/s][A

Epoch 6/30 | Processing...: 100%|█████████████████████| 17/17 [00:01<00:00,  9.12it/s, Loss=0.00119][A
Epoch 7/30 | Processing...:   0%|                                            | 0/17 [00:00<?, ?it/s]
Epoch 6/30 | Processing...: 100%|█████████████████████| 17/17 [00:01<00:00,  8.98it/s, Loss=0.00119]

Epoch 7/30 | Processing...:  12%|████▏                               | 2/17 [00:00<00:01,  9.38it/s]
Epoch 7/30 | Processing...:  18%|██████▎                             | 3/17 [00:00<00:01,  9.07it/s]
Epoch 7/30 | Processing...:  24%|████████▍                           | 4/17 [00:00<00:01,  8.88it/s]
Epoch 7/30 | Processing...:  29%|██████████▌                         | 5/17 [00:00<00:01,  9.03it/s]
Epoch 7/30 | Processing...:  35%|████████████▋                       | 6/17 [00:00<00:01,  8.89it/s]
Epoch 7/30 | Processing...:  41%|██████████████▊                     | 7/17 [00:00<00:01,  8.79it/s]
Epoch 7/30 | Processing...:  47%|████████████████▉                   | 8/17 [00:00<00:01,  8.59it/s]
Epoch 7/30 | Processing...:  53%|███████████████████                 | 9/17 [00:01<00:00,  8.43it/s]
Epoch 7/30 | Processing...:  59%|████████████████████▌              | 10/17 [00:01<00:00,  8.43it/s]
Epoch 7/30 | Processing...:  65%|██████████████████████▋            | 11/17 [00:01<00:00,  8.67it/s]
Epoch 7/30 | Processing...:  71%|████████████████████████▋          | 12/17 [00:01<00:00,  8.77it/s]
Epoch 7/30 | Processing...:  76%|██████████████████████████▊        | 13/17 [00:01<00:00,  8.85it/s]
Epoch 7/30 | Processing...:  82%|████████████████████████████▊      | 14/17 [00:01<00:00,  8.94it/s]
Epoch 7/30 | Processing...:  88%|██████████████████████████████▉    | 15/17 [00:01<00:00,  9.04it/s]
Epoch 7/30 | Processing...:  94%|████████████████████████████████▉  | 16/17 [00:01<00:00,  9.22it/s]
Epoch 7/30 | Processing...: 100%|██████████████████████| 17/17 [00:01<00:00,  9.22it/s, Loss=0.0145]

Epoch 8/30 | Processing...:   0%|                                            | 0/17 [00:00<?, ?it/s][A
Epoch 7/30 | Processing...: 100%|██████████████████████| 17/17 [00:01<00:00,  9.16it/s, Loss=0.0145]


Epoch 8/30 | Processing...:  12%|████▏                               | 2/17 [00:00<00:01,  9.27it/s][A

Epoch 8/30 | Processing...:  18%|██████▎                             | 3/17 [00:00<00:01,  9.10it/s][A

Epoch 8/30 | Processing...:  24%|████████▍                           | 4/17 [00:00<00:01,  8.96it/s][A

Epoch 8/30 | Processing...:  29%|██████████▌                         | 5/17 [00:00<00:01,  8.86it/s][A

Epoch 8/30 | Processing...:  35%|████████████▋                       | 6/17 [00:00<00:01,  8.70it/s][A

Epoch 8/30 | Processing...:  41%|██████████████▊                     | 7/17 [00:00<00:01,  8.67it/s][A

Epoch 8/30 | Processing...:  47%|████████████████▉                   | 8/17 [00:00<00:01,  8.29it/s][A

Epoch 8/30 | Processing...:  53%|███████████████████                 | 9/17 [00:01<00:00,  8.19it/s][A

Epoch 8/30 | Processing...:  59%|████████████████████▌              | 10/17 [00:01<00:00,  8.24it/s][A

Epoch 8/30 | Processing...:  65%|██████████████████████▋            | 11/17 [00:01<00:00,  8.51it/s][A

Epoch 8/30 | Processing...:  71%|████████████████████████▋          | 12/17 [00:01<00:00,  8.65it/s][A

Epoch 8/30 | Processing...:  76%|██████████████████████████▊        | 13/17 [00:01<00:00,  8.76it/s][A

Epoch 8/30 | Processing...:  82%|████████████████████████████▊      | 14/17 [00:01<00:00,  8.97it/s][A

Epoch 8/30 | Processing...:  88%|██████████████████████████████▉    | 15/17 [00:01<00:00,  9.22it/s][A

Epoch 8/30 | Processing...:  94%|████████████████████████████████▉  | 16/17 [00:01<00:00,  9.25it/s][A

Epoch 8/30 | Processing...: 100%|█████████████████████| 17/17 [00:01<00:00,  9.25it/s, Loss=0.00459][A
Epoch 9/30 | Processing...:   0%|                                            | 0/17 [00:00<?, ?it/s]
Epoch 8/30 | Processing...: 100%|█████████████████████| 17/17 [00:01<00:00,  9.09it/s, Loss=0.00459]

Epoch 9/30 | Processing...:   6%|██                                  | 1/17 [00:00<00:01,  9.59it/s]
Epoch 9/30 | Processing...:  12%|████▏                               | 2/17 [00:00<00:01,  9.00it/s]
Epoch 9/30 | Processing...:  18%|██████▎                             | 3/17 [00:00<00:01,  8.92it/s]
Epoch 9/30 | Processing...:  24%|████████▍                           | 4/17 [00:00<00:01,  8.82it/s]
Epoch 9/30 | Processing...:  29%|██████████▌                         | 5/17 [00:00<00:01,  8.81it/s]
Epoch 9/30 | Processing...:  35%|████████████▋                       | 6/17 [00:00<00:01,  8.83it/s]
Epoch 9/30 | Processing...:  41%|██████████████▊                     | 7/17 [00:00<00:01,  8.80it/s]
Epoch 9/30 | Processing...:  47%|████████████████▉                   | 8/17 [00:00<00:01,  8.64it/s]
Epoch 9/30 | Processing...:  53%|███████████████████                 | 9/17 [00:01<00:00,  8.40it/s]
Epoch 9/30 | Processing...:  59%|████████████████████▌              | 10/17 [00:01<00:00,  8.43it/s]
Epoch 9/30 | Processing...:  65%|██████████████████████▋            | 11/17 [00:01<00:00,  8.69it/s]
Epoch 9/30 | Processing...:  71%|████████████████████████▋          | 12/17 [00:01<00:00,  8.78it/s]
Epoch 9/30 | Processing...:  76%|██████████████████████████▊        | 13/17 [00:01<00:00,  8.86it/s]
Epoch 9/30 | Processing...:  82%|████████████████████████████▊      | 14/17 [00:01<00:00,  9.10it/s]
Epoch 9/30 | Processing...:  88%|██████████████████████████████▉    | 15/17 [00:01<00:00,  9.30it/s]
Epoch 9/30 | Processing...:  94%|████████████████████████████████▉  | 16/17 [00:01<00:00,  9.44it/s]
Epoch 9/30 | Processing...: 100%|████████████████████| 17/17 [00:01<00:00,  9.44it/s, Loss=0.000365]

Epoch 10/30 | Processing...:   0%|                                           | 0/17 [00:00<?, ?it/s][A
Epoch 9/30 | Processing...: 100%|████████████████████| 17/17 [00:01<00:00,  9.22it/s, Loss=0.000365]


Epoch 10/30 | Processing...:  12%|████                               | 2/17 [00:00<00:01,  9.25it/s][A

Epoch 10/30 | Processing...:  18%|██████▏                            | 3/17 [00:00<00:01,  8.77it/s][A

Epoch 10/30 | Processing...:  24%|████████▏                          | 4/17 [00:00<00:01,  8.79it/s][A

Epoch 10/30 | Processing...:  29%|██████████▎                        | 5/17 [00:00<00:01,  8.76it/s][A

Epoch 10/30 | Processing...:  35%|████████████▎                      | 6/17 [00:00<00:01,  8.71it/s][A

Epoch 10/30 | Processing...:  41%|██████████████▍                    | 7/17 [00:00<00:01,  8.78it/s][A

Epoch 10/30 | Processing...:  47%|████████████████▍                  | 8/17 [00:00<00:01,  8.63it/s][A

Epoch 10/30 | Processing...:  53%|██████████████████▌                | 9/17 [00:01<00:00,  8.43it/s][A

Epoch 10/30 | Processing...:  59%|████████████████████              | 10/17 [00:01<00:00,  8.41it/s][A

Epoch 10/30 | Processing...:  65%|██████████████████████            | 11/17 [00:01<00:00,  8.60it/s][A

Epoch 10/30 | Processing...:  71%|████████████████████████          | 12/17 [00:01<00:00,  8.74it/s][A

Epoch 10/30 | Processing...:  76%|██████████████████████████        | 13/17 [00:01<00:00,  8.82it/s][A

Epoch 10/30 | Processing...:  82%|████████████████████████████      | 14/17 [00:01<00:00,  9.05it/s][A

Epoch 10/30 | Processing...:  88%|██████████████████████████████    | 15/17 [00:01<00:00,  9.26it/s][A

Epoch 10/30 | Processing...:  94%|████████████████████████████████  | 16/17 [00:01<00:00,  9.36it/s][A

Epoch 10/30 | Processing...: 100%|███████████████████| 17/17 [00:01<00:00,  9.36it/s, Loss=0.000438][A
Epoch 11/30 | Processing...:   0%|                                           | 0/17 [00:00<?, ?it/s]
Epoch 10/30 | Processing...: 100%|███████████████████| 17/17 [00:01<00:00,  9.16it/s, Loss=0.000438]

Epoch 11/30 | Processing...:   6%|██                                 | 1/17 [00:00<00:01,  9.73it/s]
Epoch 11/30 | Processing...:  12%|████                               | 2/17 [00:00<00:01,  8.84it/s]
Epoch 11/30 | Processing...:  18%|██████▏                            | 3/17 [00:00<00:01,  9.04it/s]
Epoch 11/30 | Processing...:  24%|████████▏                          | 4/17 [00:00<00:01,  8.91it/s]
Epoch 11/30 | Processing...:  29%|██████████▎                        | 5/17 [00:00<00:01,  8.89it/s]
Epoch 11/30 | Processing...:  35%|████████████▎                      | 6/17 [00:00<00:01,  8.78it/s]
Epoch 11/30 | Processing...:  41%|██████████████▍                    | 7/17 [00:00<00:01,  8.76it/s]
Epoch 11/30 | Processing...:  47%|████████████████▍                  | 8/17 [00:00<00:01,  8.55it/s]
Epoch 11/30 | Processing...:  53%|██████████████████▌                | 9/17 [00:01<00:00,  8.36it/s]
Epoch 11/30 | Processing...:  59%|████████████████████              | 10/17 [00:01<00:00,  8.38it/s]
Epoch 11/30 | Processing...:  65%|██████████████████████            | 11/17 [00:01<00:00,  8.50it/s]
Epoch 11/30 | Processing...:  71%|████████████████████████          | 12/17 [00:01<00:00,  8.72it/s]
Epoch 11/30 | Processing...:  76%|██████████████████████████        | 13/17 [00:01<00:00,  8.80it/s]
Epoch 11/30 | Processing...:  82%|████████████████████████████      | 14/17 [00:01<00:00,  9.03it/s]
Epoch 11/30 | Processing...:  88%|██████████████████████████████    | 15/17 [00:01<00:00,  9.25it/s]
Epoch 11/30 | Processing...:  94%|████████████████████████████████  | 16/17 [00:01<00:00,  9.39it/s]
Epoch 11/30 | Processing...: 100%|████████████████████| 17/17 [00:01<00:00,  9.39it/s, Loss=0.00228]

Epoch 12/30 | Processing...:   0%|                                           | 0/17 [00:00<?, ?it/s][A
Epoch 11/30 | Processing...: 100%|████████████████████| 17/17 [00:01<00:00,  9.17it/s, Loss=0.00228]


Epoch 12/30 | Processing...:   6%|██                                 | 1/17 [00:00<00:01,  9.83it/s][A

Epoch 12/30 | Processing...:  12%|████                               | 2/17 [00:00<00:01,  9.17it/s][A

Epoch 12/30 | Processing...:  18%|██████▏                            | 3/17 [00:00<00:01,  8.97it/s][A

Epoch 12/30 | Processing...:  24%|████████▏                          | 4/17 [00:00<00:01,  8.92it/s][A

Epoch 12/30 | Processing...:  29%|██████████▎                        | 5/17 [00:00<00:01,  8.84it/s][A

Epoch 12/30 | Processing...:  35%|████████████▎                      | 6/17 [00:00<00:01,  8.82it/s][A

Epoch 12/30 | Processing...:  41%|██████████████▍                    | 7/17 [00:00<00:01,  8.79it/s][A

Epoch 12/30 | Processing...:  47%|████████████████▍                  | 8/17 [00:00<00:01,  8.56it/s][A

Epoch 12/30 | Processing...:  53%|██████████████████▌                | 9/17 [00:01<00:00,  8.28it/s][A

Epoch 12/30 | Processing...:  59%|████████████████████              | 10/17 [00:01<00:00,  8.33it/s][A

Epoch 12/30 | Processing...:  65%|██████████████████████            | 11/17 [00:01<00:00,  8.60it/s][A

Epoch 12/30 | Processing...:  71%|████████████████████████          | 12/17 [00:01<00:00,  8.68it/s][A

Epoch 12/30 | Processing...:  76%|██████████████████████████        | 13/17 [00:01<00:00,  8.79it/s][A

Epoch 12/30 | Processing...:  82%|████████████████████████████      | 14/17 [00:01<00:00,  9.02it/s][A

Epoch 12/30 | Processing...:  94%|████████████████████████████████  | 16/17 [00:01<00:00,  9.38it/s][A

Epoch 12/30 | Processing...: 100%|████████████████████| 17/17 [00:01<00:00,  9.38it/s, Loss=6.72e-5][A
Epoch 13/30 | Processing...:   0%|                                           | 0/17 [00:00<?, ?it/s]
Epoch 12/30 | Processing...: 100%|████████████████████| 17/17 [00:01<00:00,  9.18it/s, Loss=6.72e-5]

Epoch 13/30 | Processing...:   6%|██                                 | 1/17 [00:00<00:01,  9.64it/s]
Epoch 13/30 | Processing...:  12%|████                               | 2/17 [00:00<00:01,  8.80it/s]
Epoch 13/30 | Processing...:  18%|██████▏                            | 3/17 [00:00<00:01,  8.89it/s]
Epoch 13/30 | Processing...:  24%|████████▏                          | 4/17 [00:00<00:01,  8.91it/s]
Epoch 13/30 | Processing...:  29%|██████████▎                        | 5/17 [00:00<00:01,  8.92it/s]
Epoch 13/30 | Processing...:  35%|████████████▎                      | 6/17 [00:00<00:01,  8.83it/s]
Epoch 13/30 | Processing...:  41%|██████████████▍                    | 7/17 [00:00<00:01,  8.74it/s]
Epoch 13/30 | Processing...:  47%|████████████████▍                  | 8/17 [00:00<00:01,  8.48it/s]
Epoch 13/30 | Processing...:  53%|██████████████████▌                | 9/17 [00:01<00:00,  8.26it/s]
Epoch 13/30 | Processing...:  59%|████████████████████              | 10/17 [00:01<00:00,  8.25it/s]
Epoch 13/30 | Processing...:  65%|██████████████████████            | 11/17 [00:01<00:00,  8.54it/s]
Epoch 13/30 | Processing...:  71%|████████████████████████          | 12/17 [00:01<00:00,  8.60it/s]
Epoch 13/30 | Processing...:  76%|██████████████████████████        | 13/17 [00:01<00:00,  8.71it/s]
Epoch 13/30 | Processing...:  82%|████████████████████████████      | 14/17 [00:01<00:00,  8.90it/s]
Epoch 13/30 | Processing...:  88%|██████████████████████████████    | 15/17 [00:01<00:00,  9.07it/s]
Epoch 13/30 | Processing...:  94%|████████████████████████████████  | 16/17 [00:01<00:00,  9.21it/s]
Epoch 13/30 | Processing...: 100%|████████████████████| 17/17 [00:01<00:00,  9.21it/s, Loss=2.98e-6]

Epoch 14/30 | Processing...:   0%|                                           | 0/17 [00:00<?, ?it/s][A
Epoch 13/30 | Processing...: 100%|████████████████████| 17/17 [00:01<00:00,  9.09it/s, Loss=2.98e-6]


Epoch 14/30 | Processing...:   6%|██                                 | 1/17 [00:00<00:01,  9.49it/s][A

Epoch 14/30 | Processing...:  12%|████                               | 2/17 [00:00<00:01,  8.82it/s][A

Epoch 14/30 | Processing...:  18%|██████▏                            | 3/17 [00:00<00:01,  8.66it/s][A

Epoch 14/30 | Processing...:  24%|████████▏                          | 4/17 [00:00<00:01,  8.70it/s][A

Epoch 14/30 | Processing...:  29%|██████████▎                        | 5/17 [00:00<00:01,  8.75it/s][A

Epoch 14/30 | Processing...:  35%|████████████▎                      | 6/17 [00:00<00:01,  8.82it/s][A

Epoch 14/30 | Processing...:  41%|██████████████▍                    | 7/17 [00:00<00:01,  8.79it/s][A

Epoch 14/30 | Processing...:  47%|████████████████▍                  | 8/17 [00:00<00:01,  8.56it/s][A

Epoch 14/30 | Processing...:  53%|██████████████████▌                | 9/17 [00:01<00:00,  8.35it/s][A

Epoch 14/30 | Processing...:  59%|████████████████████              | 10/17 [00:01<00:00,  8.37it/s][A

Epoch 14/30 | Processing...:  65%|██████████████████████            | 11/17 [00:01<00:00,  8.49it/s][A

Epoch 14/30 | Processing...:  71%|████████████████████████          | 12/17 [00:01<00:00,  8.58it/s][A

Epoch 14/30 | Processing...:  76%|██████████████████████████        | 13/17 [00:01<00:00,  8.73it/s][A

Epoch 14/30 | Processing...:  82%|████████████████████████████      | 14/17 [00:01<00:00,  9.06it/s][A

Epoch 14/30 | Processing...:  88%|██████████████████████████████    | 15/17 [00:01<00:00,  9.12it/s][A

Epoch 14/30 | Processing...:  94%|████████████████████████████████  | 16/17 [00:01<00:00,  9.33it/s][A

Epoch 14/30 | Processing...: 100%|████████████████████| 17/17 [00:01<00:00,  9.33it/s, Loss=1.37e-6][A
Epoch 15/30 | Processing...:   0%|                                           | 0/17 [00:00<?, ?it/s]
Epoch 14/30 | Processing...: 100%|████████████████████| 17/17 [00:01<00:00,  9.09it/s, Loss=1.37e-6]

Epoch 15/30 | Processing...:   6%|██                                 | 1/17 [00:00<00:01,  9.82it/s]
Epoch 15/30 | Processing...:  12%|████                               | 2/17 [00:00<00:01,  9.12it/s]
Epoch 15/30 | Processing...:  18%|██████▏                            | 3/17 [00:00<00:01,  8.98it/s]
Epoch 15/30 | Processing...:  24%|████████▏                          | 4/17 [00:00<00:01,  8.90it/s]
Epoch 15/30 | Processing...:  29%|██████████▎                        | 5/17 [00:00<00:01,  8.87it/s]
Epoch 15/30 | Processing...:  35%|████████████▎                      | 6/17 [00:00<00:01,  8.89it/s]
Epoch 15/30 | Processing...:  41%|██████████████▍                    | 7/17 [00:00<00:01,  8.80it/s]
Epoch 15/30 | Processing...:  47%|████████████████▍                  | 8/17 [00:00<00:01,  8.62it/s]
Epoch 15/30 | Processing...:  53%|██████████████████▌                | 9/17 [00:01<00:00,  8.37it/s]
Epoch 15/30 | Processing...:  59%|████████████████████              | 10/17 [00:01<00:00,  8.45it/s]
Epoch 15/30 | Processing...:  65%|██████████████████████            | 11/17 [00:01<00:00,  8.66it/s]
Epoch 15/30 | Processing...:  71%|████████████████████████          | 12/17 [00:01<00:00,  8.68it/s]
Epoch 15/30 | Processing...:  76%|██████████████████████████        | 13/17 [00:01<00:00,  8.75it/s]
Epoch 15/30 | Processing...:  82%|████████████████████████████      | 14/17 [00:01<00:00,  8.88it/s]
Epoch 15/30 | Processing...:  94%|████████████████████████████████  | 16/17 [00:01<00:00,  9.35it/s]
Epoch 15/30 | Processing...: 100%|████████████████████| 17/17 [00:01<00:00,  9.35it/s, Loss=7.15e-7]

Epoch 16/30 | Processing...:   0%|                                           | 0/17 [00:00<?, ?it/s][A
Epoch 15/30 | Processing...: 100%|████████████████████| 17/17 [00:01<00:00,  9.20it/s, Loss=7.15e-7]


Epoch 16/30 | Processing...:   6%|██                                 | 1/17 [00:00<00:01,  9.84it/s][A

Epoch 16/30 | Processing...:  12%|████                               | 2/17 [00:00<00:01,  8.18it/s][A

Epoch 16/30 | Processing...:  18%|██████▏                            | 3/17 [00:00<00:01,  8.50it/s][A

Epoch 16/30 | Processing...:  24%|████████▏                          | 4/17 [00:00<00:01,  8.61it/s][A

Epoch 16/30 | Processing...:  29%|██████████▎                        | 5/17 [00:00<00:01,  8.75it/s][A

Epoch 16/30 | Processing...:  35%|████████████▎                      | 6/17 [00:00<00:01,  8.76it/s][A

Epoch 16/30 | Processing...:  41%|██████████████▍                    | 7/17 [00:00<00:01,  8.72it/s][A

Epoch 16/30 | Processing...:  47%|████████████████▍                  | 8/17 [00:00<00:01,  8.56it/s][A

Epoch 16/30 | Processing...:  53%|██████████████████▌                | 9/17 [00:01<00:00,  8.33it/s][A

Epoch 16/30 | Processing...:  59%|████████████████████              | 10/17 [00:01<00:00,  8.32it/s][A

Epoch 16/30 | Processing...:  65%|██████████████████████            | 11/17 [00:01<00:00,  8.60it/s][A

Epoch 16/30 | Processing...:  71%|████████████████████████          | 12/17 [00:01<00:00,  8.87it/s][A

Epoch 16/30 | Processing...:  76%|██████████████████████████        | 13/17 [00:01<00:00,  8.85it/s][A

Epoch 16/30 | Processing...:  82%|████████████████████████████      | 14/17 [00:01<00:00,  9.04it/s][A

Epoch 16/30 | Processing...:  88%|██████████████████████████████    | 15/17 [00:01<00:00,  9.28it/s][A

Epoch 16/30 | Processing...:  94%|████████████████████████████████  | 16/17 [00:01<00:00,  9.42it/s][A

Epoch 16/30 | Processing...: 100%|████████████████████| 17/17 [00:01<00:00,  9.42it/s, Loss=4.08e-5][A
Epoch 17/30 | Processing...:   0%|                                           | 0/17 [00:00<?, ?it/s]
Epoch 16/30 | Processing...: 100%|████████████████████| 17/17 [00:01<00:00,  9.12it/s, Loss=4.08e-5]

Epoch 17/30 | Processing...:   6%|██                                 | 1/17 [00:00<00:01,  9.49it/s]
Epoch 17/30 | Processing...:  12%|████                               | 2/17 [00:00<00:01,  8.87it/s]
Epoch 17/30 | Processing...:  18%|██████▏                            | 3/17 [00:00<00:01,  8.93it/s]
Epoch 17/30 | Processing...:  24%|████████▏                          | 4/17 [00:00<00:01,  8.89it/s]
Epoch 17/30 | Processing...:  29%|██████████▎                        | 5/17 [00:00<00:01,  8.92it/s]
Epoch 17/30 | Processing...:  35%|████████████▎                      | 6/17 [00:00<00:01,  8.86it/s]
Epoch 17/30 | Processing...:  41%|██████████████▍                    | 7/17 [00:00<00:01,  8.86it/s]
Epoch 17/30 | Processing...:  47%|████████████████▍                  | 8/17 [00:00<00:01,  8.63it/s]
Epoch 17/30 | Processing...:  53%|██████████████████▌                | 9/17 [00:01<00:00,  8.43it/s]
Epoch 17/30 | Processing...:  59%|████████████████████              | 10/17 [00:01<00:00,  8.47it/s]
Epoch 17/30 | Processing...:  65%|██████████████████████            | 11/17 [00:01<00:00,  8.66it/s]
Epoch 17/30 | Processing...:  71%|████████████████████████          | 12/17 [00:01<00:00,  8.71it/s]
Epoch 17/30 | Processing...:  76%|██████████████████████████        | 13/17 [00:01<00:00,  8.68it/s]
Epoch 17/30 | Processing...:  82%|████████████████████████████      | 14/17 [00:01<00:00,  8.94it/s]
Epoch 17/30 | Processing...:  94%|████████████████████████████████  | 16/17 [00:01<00:00,  9.53it/s]
Epoch 17/30 | Processing...: 100%|████████████████████| 17/17 [00:01<00:00,  9.53it/s, Loss=1.19e-6]

Epoch 18/30 | Processing...:   0%|                                           | 0/17 [00:00<?, ?it/s][A
Epoch 17/30 | Processing...: 100%|████████████████████| 17/17 [00:01<00:00,  9.22it/s, Loss=1.19e-6]


Epoch 18/30 | Processing...:  12%|████                               | 2/17 [00:00<00:01,  9.54it/s][A

Epoch 18/30 | Processing...:  18%|██████▏                            | 3/17 [00:00<00:01,  9.25it/s][A

Epoch 18/30 | Processing...:  24%|████████▏                          | 4/17 [00:00<00:01,  9.15it/s][A

Epoch 18/30 | Processing...:  29%|██████████▎                        | 5/17 [00:00<00:01,  9.04it/s][A

Epoch 18/30 | Processing...:  35%|████████████▎                      | 6/17 [00:00<00:01,  9.00it/s][A

Epoch 18/30 | Processing...:  41%|██████████████▍                    | 7/17 [00:00<00:01,  8.84it/s][A

Epoch 18/30 | Processing...:  47%|████████████████▍                  | 8/17 [00:00<00:01,  8.64it/s][A

Epoch 18/30 | Processing...:  53%|██████████████████▌                | 9/17 [00:01<00:00,  8.38it/s][A

Epoch 18/30 | Processing...:  59%|████████████████████              | 10/17 [00:01<00:00,  8.43it/s][A

Epoch 18/30 | Processing...:  65%|██████████████████████            | 11/17 [00:01<00:00,  8.60it/s][A

Epoch 18/30 | Processing...:  71%|████████████████████████          | 12/17 [00:01<00:00,  8.50it/s][A

Epoch 18/30 | Processing...:  76%|██████████████████████████        | 13/17 [00:01<00:00,  8.45it/s][A

Epoch 18/30 | Processing...:  82%|████████████████████████████      | 14/17 [00:01<00:00,  8.77it/s][A

Epoch 18/30 | Processing...:  88%|██████████████████████████████    | 15/17 [00:01<00:00,  8.99it/s][A

Epoch 18/30 | Processing...:  94%|████████████████████████████████  | 16/17 [00:01<00:00,  9.16it/s][A

Epoch 18/30 | Processing...: 100%|████████████████████| 17/17 [00:01<00:00,  9.16it/s, Loss=1.01e-6][A
Epoch 19/30 | Processing...:   0%|                                           | 0/17 [00:00<?, ?it/s]
Epoch 18/30 | Processing...: 100%|████████████████████| 17/17 [00:01<00:00,  9.13it/s, Loss=1.01e-6]

Epoch 19/30 | Processing...:   6%|██                                 | 1/17 [00:00<00:01,  9.81it/s]
Epoch 19/30 | Processing...:  12%|████                               | 2/17 [00:00<00:01,  8.91it/s]
Epoch 19/30 | Processing...:  18%|██████▏                            | 3/17 [00:00<00:01,  8.86it/s]
Epoch 19/30 | Processing...:  24%|████████▏                          | 4/17 [00:00<00:01,  8.86it/s]
Epoch 19/30 | Processing...:  29%|██████████▎                        | 5/17 [00:00<00:01,  8.83it/s]
Epoch 19/30 | Processing...:  35%|████████████▎                      | 6/17 [00:00<00:01,  8.86it/s]
Epoch 19/30 | Processing...:  41%|██████████████▍                    | 7/17 [00:00<00:01,  8.76it/s]
Epoch 19/30 | Processing...:  47%|████████████████▍                  | 8/17 [00:00<00:01,  8.55it/s]
Epoch 19/30 | Processing...:  53%|██████████████████▌                | 9/17 [00:01<00:00,  8.35it/s]
Epoch 19/30 | Processing...:  59%|████████████████████              | 10/17 [00:01<00:00,  8.41it/s]
Epoch 19/30 | Processing...:  65%|██████████████████████            | 11/17 [00:01<00:00,  8.66it/s]
Epoch 19/30 | Processing...:  71%|████████████████████████          | 12/17 [00:01<00:00,  8.69it/s]
Epoch 19/30 | Processing...:  76%|██████████████████████████        | 13/17 [00:01<00:00,  8.84it/s]
Epoch 19/30 | Processing...:  82%|████████████████████████████      | 14/17 [00:01<00:00,  9.04it/s]
Epoch 19/30 | Processing...:  88%|██████████████████████████████    | 15/17 [00:01<00:00,  9.28it/s]
Epoch 19/30 | Processing...:  94%|████████████████████████████████  | 16/17 [00:01<00:00,  9.42it/s]
Epoch 19/30 | Processing...: 100%|████████████████████| 17/17 [00:01<00:00,  9.42it/s, Loss=5.96e-7]

Epoch 20/30 | Processing...:   0%|                                           | 0/17 [00:00<?, ?it/s][A
Epoch 19/30 | Processing...: 100%|████████████████████| 17/17 [00:01<00:00,  9.19it/s, Loss=5.96e-7]


Epoch 20/30 | Processing...:  12%|████                               | 2/17 [00:00<00:01,  9.24it/s][A

Epoch 20/30 | Processing...:  18%|██████▏                            | 3/17 [00:00<00:01,  9.13it/s][A

Epoch 20/30 | Processing...:  24%|████████▏                          | 4/17 [00:00<00:01,  9.07it/s][A

Epoch 20/30 | Processing...:  29%|██████████▎                        | 5/17 [00:00<00:01,  8.93it/s][A

Epoch 20/30 | Processing...:  35%|████████████▎                      | 6/17 [00:00<00:01,  8.91it/s][A

Epoch 20/30 | Processing...:  41%|██████████████▍                    | 7/17 [00:00<00:01,  8.84it/s][A

Epoch 20/30 | Processing...:  47%|████████████████▍                  | 8/17 [00:00<00:01,  8.64it/s][A

Epoch 20/30 | Processing...:  53%|██████████████████▌                | 9/17 [00:01<00:00,  8.43it/s][A

Epoch 20/30 | Processing...:  59%|████████████████████              | 10/17 [00:01<00:00,  8.68it/s][A

Epoch 20/30 | Processing...:  65%|██████████████████████            | 11/17 [00:01<00:00,  8.35it/s][A

Epoch 20/30 | Processing...:  71%|████████████████████████          | 12/17 [00:01<00:00,  8.70it/s][A

Epoch 20/30 | Processing...:  76%|██████████████████████████        | 13/17 [00:01<00:00,  8.80it/s][A

Epoch 20/30 | Processing...:  82%|████████████████████████████      | 14/17 [00:01<00:00,  9.04it/s][A

Epoch 20/30 | Processing...:  88%|██████████████████████████████    | 15/17 [00:01<00:00,  9.30it/s][A

Epoch 20/30 | Processing...:  94%|████████████████████████████████  | 16/17 [00:01<00:00,  9.38it/s][A

Epoch 20/30 | Processing...: 100%|████████████████████| 17/17 [00:01<00:00,  9.38it/s, Loss=5.96e-7][A
Epoch 21/30 | Processing...:   0%|                                           | 0/17 [00:00<?, ?it/s]
Epoch 20/30 | Processing...: 100%|████████████████████| 17/17 [00:01<00:00,  9.22it/s, Loss=5.96e-7]

Epoch 21/30 | Processing...:   6%|██                                 | 1/17 [00:00<00:01,  9.84it/s]
Epoch 21/30 | Processing...:  12%|████                               | 2/17 [00:00<00:01,  9.08it/s]
Epoch 21/30 | Processing...:  18%|██████▏                            | 3/17 [00:00<00:01,  8.98it/s]
Epoch 21/30 | Processing...:  24%|████████▏                          | 4/17 [00:00<00:01,  8.91it/s]
Epoch 21/30 | Processing...:  29%|██████████▎                        | 5/17 [00:00<00:01,  8.85it/s]
Epoch 21/30 | Processing...:  35%|████████████▎                      | 6/17 [00:00<00:01,  8.88it/s]
Epoch 21/30 | Processing...:  41%|██████████████▍                    | 7/17 [00:00<00:01,  8.83it/s]
Epoch 21/30 | Processing...:  47%|████████████████▍                  | 8/17 [00:00<00:01,  8.58it/s]
Epoch 21/30 | Processing...:  53%|██████████████████▌                | 9/17 [00:01<00:00,  8.36it/s]
Epoch 21/30 | Processing...:  59%|████████████████████              | 10/17 [00:01<00:00,  8.35it/s]
Epoch 21/30 | Processing...:  65%|██████████████████████            | 11/17 [00:01<00:00,  8.72it/s]
Epoch 21/30 | Processing...:  71%|████████████████████████          | 12/17 [00:01<00:00,  8.73it/s]
Epoch 21/30 | Processing...:  76%|██████████████████████████        | 13/17 [00:01<00:00,  8.83it/s]
Epoch 21/30 | Processing...:  82%|████████████████████████████      | 14/17 [00:01<00:00,  9.04it/s]
Epoch 21/30 | Processing...:  88%|██████████████████████████████    | 15/17 [00:01<00:00,  9.30it/s]
Epoch 21/30 | Processing...:  94%|████████████████████████████████  | 16/17 [00:01<00:00,  9.39it/s]
Epoch 21/30 | Processing...: 100%|████████████████████| 17/17 [00:01<00:00,  9.39it/s, Loss=3.16e-6]

Epoch 22/30 | Processing...:   0%|                                           | 0/17 [00:00<?, ?it/s][A
Epoch 21/30 | Processing...: 100%|████████████████████| 17/17 [00:01<00:00,  9.21it/s, Loss=3.16e-6]


Epoch 22/30 | Processing...:  12%|████                               | 2/17 [00:00<00:01,  9.42it/s][A

Epoch 22/30 | Processing...:  18%|██████▏                            | 3/17 [00:00<00:01,  9.11it/s][A

Epoch 22/30 | Processing...:  24%|████████▏                          | 4/17 [00:00<00:01,  9.07it/s][A

Epoch 22/30 | Processing...:  29%|██████████▎                        | 5/17 [00:00<00:01,  9.06it/s][A

Epoch 22/30 | Processing...:  35%|████████████▎                      | 6/17 [00:00<00:01,  8.94it/s][A

Epoch 22/30 | Processing...:  41%|██████████████▍                    | 7/17 [00:00<00:01,  8.87it/s][A

Epoch 22/30 | Processing...:  47%|████████████████▍                  | 8/17 [00:00<00:01,  8.69it/s][A

Epoch 22/30 | Processing...:  53%|██████████████████▌                | 9/17 [00:01<00:00,  8.46it/s][A

Epoch 22/30 | Processing...:  59%|████████████████████              | 10/17 [00:01<00:00,  8.42it/s][A

Epoch 22/30 | Processing...:  65%|██████████████████████            | 11/17 [00:01<00:00,  8.66it/s][A

Epoch 22/30 | Processing...:  71%|████████████████████████          | 12/17 [00:01<00:00,  8.70it/s][A

Epoch 22/30 | Processing...:  76%|██████████████████████████        | 13/17 [00:01<00:00,  8.80it/s][A

Epoch 22/30 | Processing...:  82%|████████████████████████████      | 14/17 [00:01<00:00,  9.02it/s][A

Epoch 22/30 | Processing...:  88%|██████████████████████████████    | 15/17 [00:01<00:00,  9.26it/s][A

Epoch 22/30 | Processing...:  94%|████████████████████████████████  | 16/17 [00:01<00:00,  9.38it/s][A

Epoch 22/30 | Processing...: 100%|████████████████████| 17/17 [00:01<00:00,  9.38it/s, Loss=3.76e-6][A
Epoch 23/30 | Processing...:   0%|                                           | 0/17 [00:00<?, ?it/s]
Epoch 22/30 | Processing...: 100%|████████████████████| 17/17 [00:01<00:00,  9.24it/s, Loss=3.76e-6]

Epoch 23/30 | Processing...:  12%|████                               | 2/17 [00:00<00:01,  9.39it/s]
Epoch 23/30 | Processing...:  18%|██████▏                            | 3/17 [00:00<00:01,  9.23it/s]
Epoch 23/30 | Processing...:  24%|████████▏                          | 4/17 [00:00<00:01,  9.13it/s]
Epoch 23/30 | Processing...:  29%|██████████▎                        | 5/17 [00:00<00:01,  8.92it/s]
Epoch 23/30 | Processing...:  35%|████████████▎                      | 6/17 [00:00<00:01,  8.92it/s]
Epoch 23/30 | Processing...:  41%|██████████████▍                    | 7/17 [00:00<00:01,  8.81it/s]
Epoch 23/30 | Processing...:  47%|████████████████▍                  | 8/17 [00:00<00:01,  8.65it/s]
Epoch 23/30 | Processing...:  53%|██████████████████▌                | 9/17 [00:01<00:00,  8.31it/s]
Epoch 23/30 | Processing...:  59%|████████████████████              | 10/17 [00:01<00:00,  8.53it/s]
Epoch 23/30 | Processing...:  65%|██████████████████████            | 11/17 [00:01<00:00,  8.63it/s]
Epoch 23/30 | Processing...:  71%|████████████████████████          | 12/17 [00:01<00:00,  8.66it/s]
Epoch 23/30 | Processing...:  76%|██████████████████████████        | 13/17 [00:01<00:00,  8.84it/s]
Epoch 23/30 | Processing...:  82%|████████████████████████████      | 14/17 [00:01<00:00,  9.03it/s]
Epoch 23/30 | Processing...:  94%|████████████████████████████████  | 16/17 [00:01<00:00,  9.40it/s]
Epoch 23/30 | Processing...: 100%|████████████████████| 17/17 [00:01<00:00,  9.40it/s, Loss=7.75e-7]

Epoch 24/30 | Processing...:   0%|                                           | 0/17 [00:00<?, ?it/s][A
Epoch 23/30 | Processing...: 100%|████████████████████| 17/17 [00:01<00:00,  9.24it/s, Loss=7.75e-7]


Epoch 24/30 | Processing...:  12%|████                               | 2/17 [00:00<00:01,  9.27it/s][A

Epoch 24/30 | Processing...:  18%|██████▏                            | 3/17 [00:00<00:01,  9.17it/s][A

Epoch 24/30 | Processing...:  24%|████████▏                          | 4/17 [00:00<00:01,  9.12it/s][A

Epoch 24/30 | Processing...:  29%|██████████▎                        | 5/17 [00:00<00:01,  8.98it/s][A

Epoch 24/30 | Processing...:  35%|████████████▎                      | 6/17 [00:00<00:01,  9.00it/s][A

Epoch 24/30 | Processing...:  41%|██████████████▍                    | 7/17 [00:00<00:01,  8.90it/s][A

Epoch 24/30 | Processing...:  47%|████████████████▍                  | 8/17 [00:00<00:01,  8.71it/s][A

Epoch 24/30 | Processing...:  53%|██████████████████▌                | 9/17 [00:01<00:00,  8.42it/s][A

Epoch 24/30 | Processing...:  59%|████████████████████              | 10/17 [00:01<00:00,  8.47it/s][A

Epoch 24/30 | Processing...:  65%|██████████████████████            | 11/17 [00:01<00:00,  8.71it/s][A

Epoch 24/30 | Processing...:  71%|████████████████████████          | 12/17 [00:01<00:00,  8.78it/s][A

Epoch 24/30 | Processing...:  76%|██████████████████████████        | 13/17 [00:01<00:00,  8.87it/s][A

Epoch 24/30 | Processing...:  82%|████████████████████████████      | 14/17 [00:01<00:00,  9.09it/s][A

Epoch 24/30 | Processing...:  88%|██████████████████████████████    | 15/17 [00:01<00:00,  9.33it/s][A

Epoch 24/30 | Processing...:  94%|████████████████████████████████  | 16/17 [00:01<00:00,  9.40it/s][A

Epoch 24/30 | Processing...: 100%|████████████████████| 17/17 [00:01<00:00,  9.40it/s, Loss=5.96e-8][A
Epoch 25/30 | Processing...:   0%|                                           | 0/17 [00:00<?, ?it/s]
Epoch 24/30 | Processing...: 100%|████████████████████| 17/17 [00:01<00:00,  9.27it/s, Loss=5.96e-8]

Epoch 25/30 | Processing...:   6%|██                                 | 1/17 [00:00<00:01,  9.78it/s]
Epoch 25/30 | Processing...:  12%|████                               | 2/17 [00:00<00:01,  9.09it/s]
Epoch 25/30 | Processing...:  18%|██████▏                            | 3/17 [00:00<00:01,  9.07it/s]
Epoch 25/30 | Processing...:  24%|████████▏                          | 4/17 [00:00<00:01,  8.94it/s]
Epoch 25/30 | Processing...:  29%|██████████▎                        | 5/17 [00:00<00:01,  8.87it/s]
Epoch 25/30 | Processing...:  35%|████████████▎                      | 6/17 [00:00<00:01,  8.87it/s]
Epoch 25/30 | Processing...:  41%|██████████████▍                    | 7/17 [00:00<00:01,  8.78it/s]
Epoch 25/30 | Processing...:  47%|████████████████▍                  | 8/17 [00:00<00:01,  8.46it/s]
Epoch 25/30 | Processing...:  53%|██████████████████▌                | 9/17 [00:01<00:00,  8.42it/s]
Epoch 25/30 | Processing...:  59%|████████████████████              | 10/17 [00:01<00:00,  8.24it/s]
Epoch 25/30 | Processing...:  65%|██████████████████████            | 11/17 [00:01<00:00,  8.28it/s]
Epoch 25/30 | Processing...:  71%|████████████████████████          | 12/17 [00:01<00:00,  8.37it/s]
Epoch 25/30 | Processing...:  76%|██████████████████████████        | 13/17 [00:01<00:00,  8.54it/s]
Epoch 25/30 | Processing...:  82%|████████████████████████████      | 14/17 [00:01<00:00,  8.80it/s]
Epoch 25/30 | Processing...:  94%|████████████████████████████████  | 16/17 [00:01<00:00,  9.33it/s]
Epoch 25/30 | Processing...: 100%|████████████████████| 17/17 [00:01<00:00,  9.33it/s, Loss=4.77e-7]

Epoch 26/30 | Processing...:   0%|                                           | 0/17 [00:00<?, ?it/s][A
Epoch 25/30 | Processing...: 100%|████████████████████| 17/17 [00:01<00:00,  9.10it/s, Loss=4.77e-7]


Epoch 26/30 | Processing...:  12%|████                               | 2/17 [00:00<00:01,  9.31it/s][A

Epoch 26/30 | Processing...:  18%|██████▏                            | 3/17 [00:00<00:01,  9.01it/s][A

Epoch 26/30 | Processing...:  24%|████████▏                          | 4/17 [00:00<00:01,  9.11it/s][A

Epoch 26/30 | Processing...:  29%|██████████▎                        | 5/17 [00:00<00:01,  9.04it/s][A

Epoch 26/30 | Processing...:  35%|████████████▎                      | 6/17 [00:00<00:01,  8.97it/s][A

Epoch 26/30 | Processing...:  41%|██████████████▍                    | 7/17 [00:00<00:01,  8.87it/s][A

Epoch 26/30 | Processing...:  47%|████████████████▍                  | 8/17 [00:00<00:01,  8.50it/s][A

Epoch 26/30 | Processing...:  53%|██████████████████▌                | 9/17 [00:01<00:00,  8.39it/s][A

Epoch 26/30 | Processing...:  59%|████████████████████              | 10/17 [00:01<00:00,  8.11it/s][A

Epoch 26/30 | Processing...:  65%|██████████████████████            | 11/17 [00:01<00:00,  8.42it/s][A

Epoch 26/30 | Processing...:  71%|████████████████████████          | 12/17 [00:01<00:00,  8.55it/s][A

Epoch 26/30 | Processing...:  76%|██████████████████████████        | 13/17 [00:01<00:00,  8.66it/s][A

Epoch 26/30 | Processing...:  82%|████████████████████████████      | 14/17 [00:01<00:00,  8.87it/s][A

Epoch 26/30 | Processing...:  88%|██████████████████████████████    | 15/17 [00:01<00:00,  9.14it/s][A

Epoch 26/30 | Processing...: 100%|██████████████████████████████████| 17/17 [00:01<00:00, 10.54it/s][A

Epoch 26/30 | Processing...: 100%|████████████████████| 17/17 [00:01<00:00, 10.54it/s, Loss=2.15e-6][A
Epoch 27/30 | Processing...:   0%|                                           | 0/17 [00:00<?, ?it/s]
Epoch 26/30 | Processing...: 100%|████████████████████| 17/17 [00:01<00:00,  9.13it/s, Loss=2.15e-6]

Epoch 27/30 | Processing...:  12%|████                               | 2/17 [00:00<00:01,  9.19it/s]
Epoch 27/30 | Processing...:  18%|██████▏                            | 3/17 [00:00<00:01,  9.06it/s]
Epoch 27/30 | Processing...:  24%|████████▏                          | 4/17 [00:00<00:01,  8.89it/s]
Epoch 27/30 | Processing...:  29%|██████████▎                        | 5/17 [00:00<00:01,  8.78it/s]
Epoch 27/30 | Processing...:  35%|████████████▎                      | 6/17 [00:00<00:01,  8.87it/s]
Epoch 27/30 | Processing...:  41%|██████████████▍                    | 7/17 [00:00<00:01,  8.78it/s]
Epoch 27/30 | Processing...:  47%|████████████████▍                  | 8/17 [00:00<00:01,  8.67it/s]
Epoch 27/30 | Processing...:  53%|██████████████████▌                | 9/17 [00:01<00:00,  8.47it/s]
Epoch 27/30 | Processing...:  59%|████████████████████              | 10/17 [00:01<00:00,  8.45it/s]
Epoch 27/30 | Processing...:  65%|██████████████████████            | 11/17 [00:01<00:00,  8.66it/s]
Epoch 27/30 | Processing...:  71%|████████████████████████          | 12/17 [00:01<00:00,  8.77it/s]
Epoch 27/30 | Processing...:  76%|██████████████████████████        | 13/17 [00:01<00:00,  8.81it/s]
Epoch 27/30 | Processing...:  82%|████████████████████████████      | 14/17 [00:01<00:00,  9.13it/s]
Epoch 27/30 | Processing...:  88%|██████████████████████████████    | 15/17 [00:01<00:00,  9.37it/s]
Epoch 27/30 | Processing...:  94%|████████████████████████████████  | 16/17 [00:01<00:00,  9.43it/s]
Epoch 27/30 | Processing...: 100%|████████████████████| 17/17 [00:01<00:00,  9.43it/s, Loss=1.31e-6]

Epoch 28/30 | Processing...:   0%|                                           | 0/17 [00:00<?, ?it/s][A
Epoch 27/30 | Processing...: 100%|████████████████████| 17/17 [00:01<00:00,  9.22it/s, Loss=1.31e-6]


Epoch 28/30 | Processing...:   6%|██                                 | 1/17 [00:00<00:01,  9.38it/s][A

Epoch 28/30 | Processing...:  12%|████                               | 2/17 [00:00<00:01,  8.95it/s][A

Epoch 28/30 | Processing...:  18%|██████▏                            | 3/17 [00:00<00:01,  8.98it/s][A

Epoch 28/30 | Processing...:  24%|████████▏                          | 4/17 [00:00<00:01,  8.88it/s][A

Epoch 28/30 | Processing...:  29%|██████████▎                        | 5/17 [00:00<00:01,  8.87it/s][A

Epoch 28/30 | Processing...:  35%|████████████▎                      | 6/17 [00:00<00:01,  8.83it/s][A

Epoch 28/30 | Processing...:  41%|██████████████▍                    | 7/17 [00:00<00:01,  8.78it/s][A

Epoch 28/30 | Processing...:  47%|████████████████▍                  | 8/17 [00:00<00:01,  8.56it/s][A

Epoch 28/30 | Processing...:  53%|██████████████████▌                | 9/17 [00:01<00:00,  8.27it/s][A

Epoch 28/30 | Processing...:  59%|████████████████████              | 10/17 [00:01<00:00,  8.74it/s][A

Epoch 28/30 | Processing...:  65%|██████████████████████            | 11/17 [00:01<00:00,  8.75it/s][A

Epoch 28/30 | Processing...:  71%|████████████████████████          | 12/17 [00:01<00:00,  8.72it/s][A

Epoch 28/30 | Processing...:  76%|██████████████████████████        | 13/17 [00:01<00:00,  8.37it/s][A

Epoch 28/30 | Processing...:  82%|████████████████████████████      | 14/17 [00:01<00:00,  8.61it/s][A

Epoch 28/30 | Processing...:  88%|██████████████████████████████    | 15/17 [00:01<00:00,  8.87it/s][A

Epoch 28/30 | Processing...:  94%|████████████████████████████████  | 16/17 [00:01<00:00,  8.99it/s][A

Epoch 28/30 | Processing...: 100%|████████████████████| 17/17 [00:01<00:00,  8.99it/s, Loss=1.79e-7][A
Epoch 29/30 | Processing...:   0%|                                           | 0/17 [00:00<?, ?it/s]
Epoch 28/30 | Processing...: 100%|████████████████████| 17/17 [00:01<00:00,  9.05it/s, Loss=1.79e-7]

Epoch 29/30 | Processing...:   6%|██                                 | 1/17 [00:00<00:01,  9.87it/s]
Epoch 29/30 | Processing...:  12%|████                               | 2/17 [00:00<00:01,  9.09it/s]
Epoch 29/30 | Processing...:  18%|██████▏                            | 3/17 [00:00<00:01,  8.93it/s]
Epoch 29/30 | Processing...:  24%|████████▏                          | 4/17 [00:00<00:01,  8.83it/s]
Epoch 29/30 | Processing...:  29%|██████████▎                        | 5/17 [00:00<00:01,  8.87it/s]
Epoch 29/30 | Processing...:  35%|████████████▎                      | 6/17 [00:00<00:01,  8.80it/s]
Epoch 29/30 | Processing...:  41%|██████████████▍                    | 7/17 [00:00<00:01,  8.71it/s]
Epoch 29/30 | Processing...:  47%|████████████████▍                  | 8/17 [00:00<00:01,  8.52it/s]
Epoch 29/30 | Processing...:  53%|██████████████████▌                | 9/17 [00:01<00:00,  8.36it/s]
Epoch 29/30 | Processing...:  59%|████████████████████              | 10/17 [00:01<00:00,  8.32it/s]
Epoch 29/30 | Processing...:  65%|██████████████████████            | 11/17 [00:01<00:00,  8.43it/s]
Epoch 29/30 | Processing...:  71%|████████████████████████          | 12/17 [00:01<00:00,  8.64it/s]
Epoch 29/30 | Processing...:  76%|██████████████████████████        | 13/17 [00:01<00:00,  8.73it/s]
Epoch 29/30 | Processing...:  82%|████████████████████████████      | 14/17 [00:01<00:00,  8.94it/s]
Epoch 29/30 | Processing...:  88%|██████████████████████████████    | 15/17 [00:01<00:00,  9.05it/s]
Epoch 29/30 | Processing...:  94%|████████████████████████████████  | 16/17 [00:01<00:00,  9.20it/s]
Epoch 29/30 | Processing...: 100%|████████████████████| 17/17 [00:01<00:00,  9.20it/s, Loss=1.19e-7]

Epoch 30/30 | Processing...:   0%|                                           | 0/17 [00:00<?, ?it/s][A
Epoch 29/30 | Processing...: 100%|████████████████████| 17/17 [00:01<00:00,  9.09it/s, Loss=1.19e-7]


Epoch 30/30 | Processing...:   6%|██                                 | 1/17 [00:00<00:01,  9.57it/s][A

Epoch 30/30 | Processing...:  12%|████                               | 2/17 [00:00<00:01,  8.95it/s][A

Epoch 30/30 | Processing...:  18%|██████▏                            | 3/17 [00:00<00:01,  8.72it/s][A

Epoch 30/30 | Processing...:  24%|████████▏                          | 4/17 [00:00<00:01,  8.67it/s][A

Epoch 30/30 | Processing...:  29%|██████████▎                        | 5/17 [00:00<00:01,  8.64it/s][A

Epoch 30/30 | Processing...:  35%|████████████▎                      | 6/17 [00:00<00:01,  9.03it/s][A

Epoch 30/30 | Processing...:  41%|██████████████▍                    | 7/17 [00:00<00:01,  8.79it/s][A

Epoch 30/30 | Processing...:  47%|████████████████▍                  | 8/17 [00:00<00:01,  8.59it/s][A

Epoch 30/30 | Processing...:  53%|██████████████████▌                | 9/17 [00:01<00:00,  8.36it/s][A

Epoch 30/30 | Processing...:  59%|████████████████████              | 10/17 [00:01<00:00,  8.04it/s][A

Epoch 30/30 | Processing...:  65%|██████████████████████            | 11/17 [00:01<00:00,  8.35it/s][A

Epoch 30/30 | Processing...:  71%|████████████████████████          | 12/17 [00:01<00:00,  8.42it/s][A

Epoch 30/30 | Processing...:  76%|██████████████████████████        | 13/17 [00:01<00:00,  8.50it/s][A

Epoch 30/30 | Processing...:  82%|████████████████████████████      | 14/17 [00:01<00:00,  8.66it/s][A

Epoch 30/30 | Processing...:  88%|██████████████████████████████    | 15/17 [00:01<00:00,  8.92it/s][A

Epoch 30/30 | Processing...:  94%|████████████████████████████████  | 16/17 [00:01<00:00,  9.09it/s][A

Epoch 30/30 | Processing...: 100%|████████████████████| 17/17 [00:01<00:00,  9.09it/s, Loss=6.08e-6][A训练完成
Accuracy: 0.9186
F1 Score: 0.9000
Recall: 0.9310
Precision: 0.8710
====================================================================================================
0 {'precision': 0.9532163742690059, 'recall': 0.9106145251396648, 'f1-score': 0.9314285714285714, 'support': 179.0}
1 {'precision': 0.8709677419354839, 'recall': 0.9310344827586207, 'f1-score': 0.9, 'support': 116.0}
accuracy 0.9186440677966101
macro avg {'precision': 0.9120920581022449, 'recall': 0.9208245039491427, 'f1-score': 0.9157142857142857, 'support': 295.0}
weighted avg {'precision': 0.9208745391819259, 'recall': 0.9186440677966101, 'f1-score': 0.9190702179176754, 'support': 295.0}
result:0.9186
====================================================================================================

Epoch 30/30 | Processing...: 100%|████████████████████| 17/17 [00:02<00:00,  7.62it/s, Loss=6.08e-6]
======================================================================================================================================================
run at 3-th time
CombinedModel3(
  (linear_1): Linear(in_features=768, out_features=768, bias=True)
  (linear_2): Linear(in_features=768, out_features=768, bias=True)
  (gnn): HgtGNN(
    (post_linear): Linear(in_features=1536, out_features=768, bias=True)
    (conv1): HGTConv(-1, 768, heads=8)
    (conv2): HGTConv(-1, 768, heads=8)
  )
  (mlp): Sequential(
    (0): Linear(in_features=2304, out_features=768, bias=True)
    (1): ReLU()
    (2): Dropout(p=0.5, inplace=False)
    (3): Linear(in_features=768, out_features=2, bias=True)
  )
)

Epoch 1/30 | Processing...:   0%|                                            | 0/17 [00:00<?, ?it/s]
Epoch 1/30 | Processing...:   6%|██                                  | 1/17 [00:00<00:01,  9.69it/s]
Epoch 1/30 | Processing...:  12%|████▏                               | 2/17 [00:00<00:01,  8.96it/s]
Epoch 1/30 | Processing...:  18%|██████▎                             | 3/17 [00:00<00:01,  8.91it/s]
Epoch 1/30 | Processing...:  24%|████████▍                           | 4/17 [00:00<00:01,  8.89it/s]
Epoch 1/30 | Processing...:  29%|██████████▌                         | 5/17 [00:00<00:01,  8.86it/s]
Epoch 1/30 | Processing...:  35%|████████████▋                       | 6/17 [00:00<00:01,  8.78it/s]
Epoch 1/30 | Processing...:  41%|██████████████▊                     | 7/17 [00:00<00:01,  8.63it/s]
Epoch 1/30 | Processing...:  47%|████████████████▉                   | 8/17 [00:00<00:01,  8.33it/s]
Epoch 1/30 | Processing...:  53%|███████████████████                 | 9/17 [00:01<00:00,  8.13it/s]
Epoch 1/30 | Processing...:  59%|████████████████████▌              | 10/17 [00:01<00:00,  8.27it/s]
Epoch 1/30 | Processing...:  65%|██████████████████████▋            | 11/17 [00:01<00:00,  8.54it/s]
Epoch 1/30 | Processing...:  71%|████████████████████████▋          | 12/17 [00:01<00:00,  8.70it/s]
Epoch 1/30 | Processing...:  76%|██████████████████████████▊        | 13/17 [00:01<00:00,  8.74it/s]
Epoch 1/30 | Processing...:  82%|████████████████████████████▊      | 14/17 [00:01<00:00,  8.98it/s]
Epoch 1/30 | Processing...:  88%|██████████████████████████████▉    | 15/17 [00:01<00:00,  9.17it/s]
Epoch 1/30 | Processing...:  94%|████████████████████████████████▉  | 16/17 [00:01<00:00,  9.26it/s]
Epoch 1/30 | Processing...: 100%|████████████████████████| 17/17 [00:01<00:00,  9.26it/s, Loss=0.77]

Epoch 2/30 | Processing...:   0%|                                            | 0/17 [00:00<?, ?it/s][A
Epoch 1/30 | Processing...: 100%|████████████████████████| 17/17 [00:01<00:00,  9.08it/s, Loss=0.77]


Epoch 2/30 | Processing...:   6%|██                                  | 1/17 [00:00<00:01,  9.65it/s][A

Epoch 2/30 | Processing...:  12%|████▏                               | 2/17 [00:00<00:01,  8.89it/s][A

Epoch 2/30 | Processing...:  18%|██████▎                             | 3/17 [00:00<00:01,  8.83it/s][A

Epoch 2/30 | Processing...:  24%|████████▍                           | 4/17 [00:00<00:01,  8.80it/s][A

Epoch 2/30 | Processing...:  29%|██████████▌                         | 5/17 [00:00<00:01,  8.83it/s][A

Epoch 2/30 | Processing...:  35%|████████████▋                       | 6/17 [00:00<00:01,  8.73it/s][A

Epoch 2/30 | Processing...:  41%|██████████████▊                     | 7/17 [00:00<00:01,  8.66it/s][A

Epoch 2/30 | Processing...:  47%|████████████████▉                   | 8/17 [00:00<00:01,  8.45it/s][A

Epoch 2/30 | Processing...:  53%|███████████████████                 | 9/17 [00:01<00:00,  8.47it/s][A

Epoch 2/30 | Processing...:  59%|████████████████████▌              | 10/17 [00:01<00:00,  7.41it/s][A

Epoch 2/30 | Processing...:  65%|██████████████████████▋            | 11/17 [00:01<00:00,  7.66it/s][A

Epoch 2/30 | Processing...:  71%|████████████████████████▋          | 12/17 [00:01<00:00,  7.73it/s][A

Epoch 2/30 | Processing...:  76%|██████████████████████████▊        | 13/17 [00:01<00:00,  7.85it/s][A

Epoch 2/30 | Processing...:  82%|████████████████████████████▊      | 14/17 [00:01<00:00,  8.38it/s][A

Epoch 2/30 | Processing...:  88%|██████████████████████████████▉    | 15/17 [00:01<00:00,  8.59it/s][A

Epoch 2/30 | Processing...:  94%|████████████████████████████████▉  | 16/17 [00:01<00:00,  8.64it/s][A

Epoch 2/30 | Processing...: 100%|████████████████████████| 17/17 [00:01<00:00,  8.64it/s, Loss=0.15][A
Epoch 3/30 | Processing...:   0%|                                            | 0/17 [00:00<?, ?it/s]
Epoch 2/30 | Processing...: 100%|████████████████████████| 17/17 [00:01<00:00,  8.66it/s, Loss=0.15]

Epoch 3/30 | Processing...:  12%|████▏                               | 2/17 [00:00<00:01,  9.15it/s]
Epoch 3/30 | Processing...:  18%|██████▎                             | 3/17 [00:00<00:01,  8.87it/s]
Epoch 3/30 | Processing...:  24%|████████▍                           | 4/17 [00:00<00:01,  8.91it/s]
Epoch 3/30 | Processing...:  29%|██████████▌                         | 5/17 [00:00<00:01,  8.85it/s]
Epoch 3/30 | Processing...:  35%|████████████▋                       | 6/17 [00:00<00:01,  8.80it/s]
Epoch 3/30 | Processing...:  41%|██████████████▊                     | 7/17 [00:00<00:01,  8.47it/s]
Epoch 3/30 | Processing...:  47%|████████████████▉                   | 8/17 [00:00<00:01,  8.10it/s]
Epoch 3/30 | Processing...:  53%|███████████████████                 | 9/17 [00:01<00:00,  8.29it/s]
Epoch 3/30 | Processing...:  59%|████████████████████▌              | 10/17 [00:01<00:00,  8.08it/s]
Epoch 3/30 | Processing...:  65%|██████████████████████▋            | 11/17 [00:01<00:00,  8.33it/s]
Epoch 3/30 | Processing...:  76%|██████████████████████████▊        | 13/17 [00:01<00:00,  8.53it/s]
Epoch 3/30 | Processing...:  82%|████████████████████████████▊      | 14/17 [00:01<00:00,  8.76it/s]
Epoch 3/30 | Processing...:  94%|████████████████████████████████▉  | 16/17 [00:01<00:00,  9.15it/s]
Epoch 3/30 | Processing...: 100%|███████████████████████| 17/17 [00:01<00:00,  9.15it/s, Loss=0.135]

Epoch 4/30 | Processing...:   0%|                                            | 0/17 [00:00<?, ?it/s][A
Epoch 3/30 | Processing...: 100%|███████████████████████| 17/17 [00:01<00:00,  9.00it/s, Loss=0.135]


Epoch 4/30 | Processing...:   6%|██                                  | 1/17 [00:00<00:01,  9.79it/s][A

Epoch 4/30 | Processing...:  12%|████▏                               | 2/17 [00:00<00:01,  8.94it/s][A

Epoch 4/30 | Processing...:  18%|██████▎                             | 3/17 [00:00<00:01,  8.65it/s][A

Epoch 4/30 | Processing...:  24%|████████▍                           | 4/17 [00:00<00:01,  8.79it/s][A

Epoch 4/30 | Processing...:  29%|██████████▌                         | 5/17 [00:00<00:01,  8.71it/s][A

Epoch 4/30 | Processing...:  35%|████████████▋                       | 6/17 [00:00<00:01,  8.71it/s][A

Epoch 4/30 | Processing...:  41%|██████████████▊                     | 7/17 [00:00<00:01,  8.61it/s][A

Epoch 4/30 | Processing...:  47%|████████████████▉                   | 8/17 [00:00<00:01,  8.10it/s][A

Epoch 4/30 | Processing...:  53%|███████████████████                 | 9/17 [00:01<00:01,  6.90it/s][A

Epoch 4/30 | Processing...:  59%|████████████████████▌              | 10/17 [00:01<00:01,  6.69it/s][A

Epoch 4/30 | Processing...:  65%|██████████████████████▋            | 11/17 [00:01<00:00,  7.31it/s][A

Epoch 4/30 | Processing...:  71%|████████████████████████▋          | 12/17 [00:01<00:00,  7.71it/s][A

Epoch 4/30 | Processing...:  76%|██████████████████████████▊        | 13/17 [00:01<00:00,  7.99it/s][A

Epoch 4/30 | Processing...:  88%|██████████████████████████████▉    | 15/17 [00:01<00:00,  8.74it/s][A

Epoch 4/30 | Processing...:  94%|████████████████████████████████▉  | 16/17 [00:01<00:00,  8.83it/s][A

Epoch 4/30 | Processing...: 100%|█████████████████████| 17/17 [00:01<00:00,  8.83it/s, Loss=0.00921][A
Epoch 5/30 | Processing...:   0%|                                            | 0/17 [00:00<?, ?it/s]
Epoch 4/30 | Processing...: 100%|█████████████████████| 17/17 [00:01<00:00,  8.51it/s, Loss=0.00921]

Epoch 5/30 | Processing...:   6%|██                                  | 1/17 [00:00<00:01,  9.40it/s]
Epoch 5/30 | Processing...:  12%|████▏                               | 2/17 [00:00<00:01,  8.89it/s]
Epoch 5/30 | Processing...:  18%|██████▎                             | 3/17 [00:00<00:01,  8.77it/s]
Epoch 5/30 | Processing...:  24%|████████▍                           | 4/17 [00:00<00:01,  8.81it/s]
Epoch 5/30 | Processing...:  29%|██████████▌                         | 5/17 [00:00<00:01,  8.73it/s]
Epoch 5/30 | Processing...:  35%|████████████▋                       | 6/17 [00:00<00:01,  8.75it/s]
Epoch 5/30 | Processing...:  41%|██████████████▊                     | 7/17 [00:00<00:01,  8.56it/s]
Epoch 5/30 | Processing...:  47%|████████████████▉                   | 8/17 [00:00<00:01,  8.47it/s]
Epoch 5/30 | Processing...:  53%|███████████████████                 | 9/17 [00:01<00:00,  8.19it/s]
Epoch 5/30 | Processing...:  59%|████████████████████▌              | 10/17 [00:01<00:00,  8.23it/s]
Epoch 5/30 | Processing...:  65%|██████████████████████▋            | 11/17 [00:01<00:00,  8.44it/s]
Epoch 5/30 | Processing...:  71%|████████████████████████▋          | 12/17 [00:01<00:00,  8.55it/s]
Epoch 5/30 | Processing...:  76%|██████████████████████████▊        | 13/17 [00:01<00:00,  8.65it/s]
Epoch 5/30 | Processing...:  82%|████████████████████████████▊      | 14/17 [00:01<00:00,  8.82it/s]
Epoch 5/30 | Processing...:  88%|██████████████████████████████▉    | 15/17 [00:01<00:00,  8.98it/s]
Epoch 5/30 | Processing...:  94%|████████████████████████████████▉  | 16/17 [00:01<00:00,  9.14it/s]
Epoch 5/30 | Processing...: 100%|█████████████████████| 17/17 [00:01<00:00,  9.14it/s, Loss=0.00468]

Epoch 6/30 | Processing...:   0%|                                            | 0/17 [00:00<?, ?it/s][A
Epoch 5/30 | Processing...: 100%|█████████████████████| 17/17 [00:01<00:00,  9.00it/s, Loss=0.00468]


Epoch 6/30 | Processing...:   6%|██                                  | 1/17 [00:00<00:01,  9.55it/s][A

Epoch 6/30 | Processing...:  12%|████▏                               | 2/17 [00:00<00:01,  9.00it/s][A

Epoch 6/30 | Processing...:  18%|██████▎                             | 3/17 [00:00<00:01,  8.80it/s][A

Epoch 6/30 | Processing...:  24%|████████▍                           | 4/17 [00:00<00:01,  8.74it/s][A

Epoch 6/30 | Processing...:  29%|██████████▌                         | 5/17 [00:00<00:01,  8.78it/s][A

Epoch 6/30 | Processing...:  35%|████████████▋                       | 6/17 [00:00<00:01,  8.77it/s][A

Epoch 6/30 | Processing...:  41%|██████████████▊                     | 7/17 [00:00<00:01,  8.59it/s][A

Epoch 6/30 | Processing...:  47%|████████████████▉                   | 8/17 [00:00<00:01,  8.45it/s][A

Epoch 6/30 | Processing...:  53%|███████████████████                 | 9/17 [00:01<00:00,  8.28it/s][A

Epoch 6/30 | Processing...:  59%|████████████████████▌              | 10/17 [00:01<00:00,  8.38it/s][A

Epoch 6/30 | Processing...:  65%|██████████████████████▋            | 11/17 [00:01<00:00,  8.60it/s][A

Epoch 6/30 | Processing...:  71%|████████████████████████▋          | 12/17 [00:01<00:00,  8.67it/s][A

Epoch 6/30 | Processing...:  76%|██████████████████████████▊        | 13/17 [00:01<00:00,  8.82it/s][A

Epoch 6/30 | Processing...:  82%|████████████████████████████▊      | 14/17 [00:01<00:00,  8.92it/s][A

Epoch 6/30 | Processing...:  94%|████████████████████████████████▉  | 16/17 [00:01<00:00,  9.39it/s][A

Epoch 6/30 | Processing...: 100%|██████████████████████| 17/17 [00:01<00:00,  9.39it/s, Loss=0.0125][A
Epoch 7/30 | Processing...:   0%|                                            | 0/17 [00:00<?, ?it/s]
Epoch 6/30 | Processing...: 100%|██████████████████████| 17/17 [00:01<00:00,  9.13it/s, Loss=0.0125]

Epoch 7/30 | Processing...:   6%|██                                  | 1/17 [00:00<00:01,  9.98it/s]
Epoch 7/30 | Processing...:  12%|████▏                               | 2/17 [00:00<00:01,  9.20it/s]
Epoch 7/30 | Processing...:  18%|██████▎                             | 3/17 [00:00<00:01,  8.68it/s]
Epoch 7/30 | Processing...:  24%|████████▍                           | 4/17 [00:00<00:01,  8.80it/s]
Epoch 7/30 | Processing...:  29%|██████████▌                         | 5/17 [00:00<00:01,  8.78it/s]
Epoch 7/30 | Processing...:  35%|████████████▋                       | 6/17 [00:00<00:01,  8.71it/s]
Epoch 7/30 | Processing...:  41%|██████████████▊                     | 7/17 [00:00<00:01,  8.68it/s]
Epoch 7/30 | Processing...:  47%|████████████████▉                   | 8/17 [00:00<00:01,  8.51it/s]
Epoch 7/30 | Processing...:  53%|███████████████████                 | 9/17 [00:01<00:00,  8.36it/s]
Epoch 7/30 | Processing...:  59%|████████████████████▌              | 10/17 [00:01<00:00,  8.42it/s]
Epoch 7/30 | Processing...:  65%|██████████████████████▋            | 11/17 [00:01<00:00,  8.61it/s]
Epoch 7/30 | Processing...:  71%|████████████████████████▋          | 12/17 [00:01<00:00,  8.71it/s]
Epoch 7/30 | Processing...:  76%|██████████████████████████▊        | 13/17 [00:01<00:00,  8.85it/s]
Epoch 7/30 | Processing...:  82%|████████████████████████████▊      | 14/17 [00:01<00:00,  9.08it/s]
Epoch 7/30 | Processing...:  88%|██████████████████████████████▉    | 15/17 [00:01<00:00,  9.28it/s]
Epoch 7/30 | Processing...: 100%|███████████████████████████████████| 17/17 [00:01<00:00, 10.69it/s]
Epoch 7/30 | Processing...: 100%|█████████████████████| 17/17 [00:01<00:00, 10.69it/s, Loss=0.00261]

Epoch 8/30 | Processing...:   0%|                                            | 0/17 [00:00<?, ?it/s][A
Epoch 7/30 | Processing...: 100%|█████████████████████| 17/17 [00:01<00:00,  9.18it/s, Loss=0.00261]


Epoch 8/30 | Processing...:   6%|██                                  | 1/17 [00:00<00:01,  9.79it/s][A

Epoch 8/30 | Processing...:  12%|████▏                               | 2/17 [00:00<00:01,  9.17it/s][A

Epoch 8/30 | Processing...:  18%|██████▎                             | 3/17 [00:00<00:01,  9.05it/s][A

Epoch 8/30 | Processing...:  24%|████████▍                           | 4/17 [00:00<00:01,  8.57it/s][A

Epoch 8/30 | Processing...:  29%|██████████▌                         | 5/17 [00:00<00:01,  8.69it/s][A

Epoch 8/30 | Processing...:  35%|████████████▋                       | 6/17 [00:00<00:01,  8.74it/s][A

Epoch 8/30 | Processing...:  41%|██████████████▊                     | 7/17 [00:00<00:01,  8.73it/s][A

Epoch 8/30 | Processing...:  47%|████████████████▉                   | 8/17 [00:00<00:01,  8.54it/s][A

Epoch 8/30 | Processing...:  53%|███████████████████                 | 9/17 [00:01<00:00,  8.31it/s][A

Epoch 8/30 | Processing...:  59%|████████████████████▌              | 10/17 [00:01<00:00,  8.39it/s][A

Epoch 8/30 | Processing...:  65%|██████████████████████▋            | 11/17 [00:01<00:00,  8.61it/s][A

Epoch 8/30 | Processing...:  71%|████████████████████████▋          | 12/17 [00:01<00:00,  8.72it/s][A

Epoch 8/30 | Processing...:  76%|██████████████████████████▊        | 13/17 [00:01<00:00,  8.79it/s][A

Epoch 8/30 | Processing...:  82%|████████████████████████████▊      | 14/17 [00:01<00:00,  8.96it/s][A

Epoch 8/30 | Processing...:  88%|██████████████████████████████▉    | 15/17 [00:01<00:00,  9.18it/s][A

Epoch 8/30 | Processing...:  94%|████████████████████████████████▉  | 16/17 [00:01<00:00,  9.33it/s][A

Epoch 8/30 | Processing...: 100%|█████████████████████| 17/17 [00:01<00:00,  9.33it/s, Loss=0.00304][A
Epoch 9/30 | Processing...:   0%|                                            | 0/17 [00:00<?, ?it/s]
Epoch 8/30 | Processing...: 100%|█████████████████████| 17/17 [00:01<00:00,  9.14it/s, Loss=0.00304]

Epoch 9/30 | Processing...:   6%|██                                  | 1/17 [00:00<00:01,  9.77it/s]
Epoch 9/30 | Processing...:  12%|████▏                               | 2/17 [00:00<00:01,  9.21it/s]
Epoch 9/30 | Processing...:  18%|██████▎                             | 3/17 [00:00<00:01,  8.98it/s]
Epoch 9/30 | Processing...:  24%|████████▍                           | 4/17 [00:00<00:01,  8.97it/s]
Epoch 9/30 | Processing...:  29%|██████████▌                         | 5/17 [00:00<00:01,  8.99it/s]
Epoch 9/30 | Processing...:  35%|████████████▋                       | 6/17 [00:00<00:01,  8.91it/s]
Epoch 9/30 | Processing...:  41%|██████████████▊                     | 7/17 [00:00<00:01,  8.79it/s]
Epoch 9/30 | Processing...:  47%|████████████████▉                   | 8/17 [00:00<00:01,  8.54it/s]
Epoch 9/30 | Processing...:  53%|███████████████████                 | 9/17 [00:01<00:00,  8.28it/s]
Epoch 9/30 | Processing...:  59%|████████████████████▌              | 10/17 [00:01<00:00,  8.38it/s]
Epoch 9/30 | Processing...:  65%|██████████████████████▋            | 11/17 [00:01<00:00,  8.62it/s]
Epoch 9/30 | Processing...:  71%|████████████████████████▋          | 12/17 [00:01<00:00,  8.76it/s]
Epoch 9/30 | Processing...:  76%|██████████████████████████▊        | 13/17 [00:01<00:00,  8.88it/s]
Epoch 9/30 | Processing...:  82%|████████████████████████████▊      | 14/17 [00:01<00:00,  9.10it/s]
Epoch 9/30 | Processing...:  88%|██████████████████████████████▉    | 15/17 [00:01<00:00,  9.23it/s]
Epoch 9/30 | Processing...:  94%|████████████████████████████████▉  | 16/17 [00:01<00:00,  9.34it/s]
Epoch 9/30 | Processing...: 100%|█████████████████████| 17/17 [00:01<00:00,  9.34it/s, Loss=0.00925]

Epoch 10/30 | Processing...:   0%|                                           | 0/17 [00:00<?, ?it/s][A
Epoch 9/30 | Processing...: 100%|█████████████████████| 17/17 [00:01<00:00,  9.21it/s, Loss=0.00925]


Epoch 10/30 | Processing...:   6%|██                                 | 1/17 [00:00<00:01,  9.75it/s][A

Epoch 10/30 | Processing...:  12%|████                               | 2/17 [00:00<00:01,  9.12it/s][A

Epoch 10/30 | Processing...:  18%|██████▏                            | 3/17 [00:00<00:01,  9.03it/s][A

Epoch 10/30 | Processing...:  24%|████████▏                          | 4/17 [00:00<00:01,  8.97it/s][A

Epoch 10/30 | Processing...:  29%|██████████▎                        | 5/17 [00:00<00:01,  8.98it/s][A

Epoch 10/30 | Processing...:  35%|████████████▎                      | 6/17 [00:00<00:01,  8.94it/s][A

Epoch 10/30 | Processing...:  41%|██████████████▍                    | 7/17 [00:00<00:01,  8.86it/s][A

Epoch 10/30 | Processing...:  47%|████████████████▍                  | 8/17 [00:00<00:01,  8.63it/s][A

Epoch 10/30 | Processing...:  53%|██████████████████▌                | 9/17 [00:01<00:00,  8.33it/s][A

Epoch 10/30 | Processing...:  59%|████████████████████              | 10/17 [00:01<00:00,  8.40it/s][A

Epoch 10/30 | Processing...:  65%|██████████████████████            | 11/17 [00:01<00:00,  8.63it/s][A

Epoch 10/30 | Processing...:  71%|████████████████████████          | 12/17 [00:01<00:00,  8.73it/s][A

Epoch 10/30 | Processing...:  76%|██████████████████████████        | 13/17 [00:01<00:00,  8.85it/s][A

Epoch 10/30 | Processing...:  82%|████████████████████████████      | 14/17 [00:01<00:00,  9.04it/s][A

Epoch 10/30 | Processing...:  88%|██████████████████████████████    | 15/17 [00:01<00:00,  9.27it/s][A

Epoch 10/30 | Processing...:  94%|████████████████████████████████  | 16/17 [00:01<00:00,  9.38it/s][A

Epoch 10/30 | Processing...: 100%|████████████████████| 17/17 [00:01<00:00,  9.38it/s, Loss=0.00979][A
Epoch 11/30 | Processing...:   0%|                                           | 0/17 [00:00<?, ?it/s]
Epoch 10/30 | Processing...: 100%|████████████████████| 17/17 [00:01<00:00,  9.23it/s, Loss=0.00979]

Epoch 11/30 | Processing...:   6%|██                                 | 1/17 [00:00<00:01,  9.51it/s]
Epoch 11/30 | Processing...:  12%|████                               | 2/17 [00:00<00:01,  9.01it/s]
Epoch 11/30 | Processing...:  18%|██████▏                            | 3/17 [00:00<00:01,  9.01it/s]
Epoch 11/30 | Processing...:  24%|████████▏                          | 4/17 [00:00<00:01,  9.37it/s]
Epoch 11/30 | Processing...:  29%|██████████▎                        | 5/17 [00:00<00:01,  9.18it/s]
Epoch 11/30 | Processing...:  35%|████████████▎                      | 6/17 [00:00<00:01,  9.09it/s]
Epoch 11/30 | Processing...:  41%|██████████████▍                    | 7/17 [00:00<00:01,  8.97it/s]
Epoch 11/30 | Processing...:  47%|████████████████▍                  | 8/17 [00:00<00:01,  8.73it/s]
Epoch 11/30 | Processing...:  53%|██████████████████▌                | 9/17 [00:01<00:00,  8.53it/s]
Epoch 11/30 | Processing...:  59%|████████████████████              | 10/17 [00:01<00:00,  8.21it/s]
Epoch 11/30 | Processing...:  71%|████████████████████████          | 12/17 [00:01<00:00,  8.82it/s]
Epoch 11/30 | Processing...:  76%|██████████████████████████        | 13/17 [00:01<00:00,  8.88it/s]
Epoch 11/30 | Processing...:  82%|████████████████████████████      | 14/17 [00:01<00:00,  9.07it/s]
Epoch 11/30 | Processing...:  88%|██████████████████████████████    | 15/17 [00:01<00:00,  9.28it/s]
Epoch 11/30 | Processing...:  94%|████████████████████████████████  | 16/17 [00:01<00:00,  9.40it/s]
Epoch 11/30 | Processing...: 100%|████████████████████| 17/17 [00:01<00:00,  9.40it/s, Loss=5.92e-5]

Epoch 12/30 | Processing...:   0%|                                           | 0/17 [00:00<?, ?it/s][A
Epoch 11/30 | Processing...: 100%|████████████████████| 17/17 [00:01<00:00,  9.29it/s, Loss=5.92e-5]


Epoch 12/30 | Processing...:  12%|████                               | 2/17 [00:00<00:01,  9.67it/s][A

Epoch 12/30 | Processing...:  18%|██████▏                            | 3/17 [00:00<00:01,  9.13it/s][A

Epoch 12/30 | Processing...:  24%|████████▏                          | 4/17 [00:00<00:01,  8.90it/s][A

Epoch 12/30 | Processing...:  29%|██████████▎                        | 5/17 [00:00<00:01,  8.97it/s][A

Epoch 12/30 | Processing...:  35%|████████████▎                      | 6/17 [00:00<00:01,  8.51it/s][A

Epoch 12/30 | Processing...:  41%|██████████████▍                    | 7/17 [00:00<00:01,  8.33it/s][A

Epoch 12/30 | Processing...:  47%|████████████████▍                  | 8/17 [00:00<00:01,  8.13it/s][A

Epoch 12/30 | Processing...:  53%|██████████████████▌                | 9/17 [00:01<00:01,  7.07it/s][A

Epoch 12/30 | Processing...:  59%|████████████████████              | 10/17 [00:01<00:00,  7.26it/s][A

Epoch 12/30 | Processing...:  65%|██████████████████████            | 11/17 [00:01<00:00,  7.41it/s][A

Epoch 12/30 | Processing...:  71%|████████████████████████          | 12/17 [00:01<00:00,  7.73it/s][A

Epoch 12/30 | Processing...:  76%|██████████████████████████        | 13/17 [00:01<00:00,  7.92it/s][A

Epoch 12/30 | Processing...:  82%|████████████████████████████      | 14/17 [00:01<00:00,  8.21it/s][A

Epoch 12/30 | Processing...:  94%|████████████████████████████████  | 16/17 [00:01<00:00,  8.81it/s][A

Epoch 12/30 | Processing...: 100%|████████████████████| 17/17 [00:01<00:00,  8.81it/s, Loss=1.56e-5][A
Epoch 13/30 | Processing...:   0%|                                           | 0/17 [00:00<?, ?it/s]
Epoch 12/30 | Processing...: 100%|████████████████████| 17/17 [00:01<00:00,  8.54it/s, Loss=1.56e-5]

Epoch 13/30 | Processing...:   6%|██                                 | 1/17 [00:00<00:01,  9.64it/s]
Epoch 13/30 | Processing...:  12%|████                               | 2/17 [00:00<00:02,  7.18it/s]
Epoch 13/30 | Processing...:  18%|██████▏                            | 3/17 [00:00<00:01,  7.64it/s]
Epoch 13/30 | Processing...:  24%|████████▏                          | 4/17 [00:00<00:01,  8.06it/s]
Epoch 13/30 | Processing...:  29%|██████████▎                        | 5/17 [00:00<00:01,  8.32it/s]
Epoch 13/30 | Processing...:  35%|████████████▎                      | 6/17 [00:00<00:01,  8.49it/s]
Epoch 13/30 | Processing...:  41%|██████████████▍                    | 7/17 [00:00<00:01,  8.54it/s]
Epoch 13/30 | Processing...:  47%|████████████████▍                  | 8/17 [00:00<00:01,  8.44it/s]
Epoch 13/30 | Processing...:  53%|██████████████████▌                | 9/17 [00:01<00:00,  8.27it/s]
Epoch 13/30 | Processing...:  59%|████████████████████              | 10/17 [00:01<00:00,  8.32it/s]
Epoch 13/30 | Processing...:  65%|██████████████████████            | 11/17 [00:01<00:00,  8.59it/s]
Epoch 13/30 | Processing...:  71%|████████████████████████          | 12/17 [00:01<00:00,  8.73it/s]
Epoch 13/30 | Processing...:  76%|██████████████████████████        | 13/17 [00:01<00:00,  8.82it/s]
Epoch 13/30 | Processing...:  82%|████████████████████████████      | 14/17 [00:01<00:00,  8.94it/s]
Epoch 13/30 | Processing...:  88%|██████████████████████████████    | 15/17 [00:01<00:00,  9.20it/s]
Epoch 13/30 | Processing...:  94%|████████████████████████████████  | 16/17 [00:01<00:00,  9.33it/s]
Epoch 13/30 | Processing...: 100%|███████████████████| 17/17 [00:01<00:00,  9.33it/s, Loss=0.000313]

Epoch 14/30 | Processing...:   0%|                                           | 0/17 [00:00<?, ?it/s][A
Epoch 13/30 | Processing...: 100%|███████████████████| 17/17 [00:01<00:00,  8.91it/s, Loss=0.000313]


Epoch 14/30 | Processing...:   6%|██                                 | 1/17 [00:00<00:01,  9.74it/s][A

Epoch 14/30 | Processing...:  12%|████                               | 2/17 [00:00<00:01,  9.00it/s][A

Epoch 14/30 | Processing...:  18%|██████▏                            | 3/17 [00:00<00:01,  8.92it/s][A

Epoch 14/30 | Processing...:  24%|████████▏                          | 4/17 [00:00<00:01,  8.85it/s][A

Epoch 14/30 | Processing...:  29%|██████████▎                        | 5/17 [00:00<00:01,  8.77it/s][A

Epoch 14/30 | Processing...:  35%|████████████▎                      | 6/17 [00:00<00:01,  8.76it/s][A

Epoch 14/30 | Processing...:  41%|██████████████▍                    | 7/17 [00:00<00:01,  8.67it/s][A

Epoch 14/30 | Processing...:  47%|████████████████▍                  | 8/17 [00:00<00:01,  8.52it/s][A

Epoch 14/30 | Processing...:  53%|██████████████████▌                | 9/17 [00:01<00:00,  8.28it/s][A

Epoch 14/30 | Processing...:  59%|████████████████████              | 10/17 [00:01<00:00,  8.34it/s][A

Epoch 14/30 | Processing...:  65%|██████████████████████            | 11/17 [00:01<00:00,  8.44it/s][A

Epoch 14/30 | Processing...:  71%|████████████████████████          | 12/17 [00:01<00:00,  8.63it/s][A

Epoch 14/30 | Processing...:  76%|██████████████████████████        | 13/17 [00:01<00:00,  8.63it/s][A

Epoch 14/30 | Processing...:  82%|████████████████████████████      | 14/17 [00:01<00:00,  8.88it/s][A

Epoch 14/30 | Processing...:  88%|██████████████████████████████    | 15/17 [00:01<00:00,  9.12it/s][A

Epoch 14/30 | Processing...:  94%|████████████████████████████████  | 16/17 [00:01<00:00,  9.29it/s][A

Epoch 14/30 | Processing...: 100%|████████████████████| 17/17 [00:01<00:00,  9.29it/s, Loss=1.84e-5][A
Epoch 15/30 | Processing...:   0%|                                           | 0/17 [00:00<?, ?it/s]
Epoch 14/30 | Processing...: 100%|████████████████████| 17/17 [00:01<00:00,  9.09it/s, Loss=1.84e-5]

Epoch 15/30 | Processing...:   6%|██                                 | 1/17 [00:00<00:01,  9.70it/s]
Epoch 15/30 | Processing...:  12%|████                               | 2/17 [00:00<00:01,  9.19it/s]
Epoch 15/30 | Processing...:  18%|██████▏                            | 3/17 [00:00<00:01,  9.00it/s]
Epoch 15/30 | Processing...:  24%|████████▏                          | 4/17 [00:00<00:01,  8.79it/s]
Epoch 15/30 | Processing...:  29%|██████████▎                        | 5/17 [00:00<00:01,  8.79it/s]
Epoch 15/30 | Processing...:  35%|████████████▎                      | 6/17 [00:00<00:01,  8.84it/s]
Epoch 15/30 | Processing...:  41%|██████████████▍                    | 7/17 [00:00<00:01,  8.78it/s]
Epoch 15/30 | Processing...:  47%|████████████████▍                  | 8/17 [00:00<00:01,  8.58it/s]
Epoch 15/30 | Processing...:  53%|██████████████████▌                | 9/17 [00:01<00:00,  8.40it/s]
Epoch 15/30 | Processing...:  59%|████████████████████              | 10/17 [00:01<00:00,  8.42it/s]
Epoch 15/30 | Processing...:  65%|██████████████████████            | 11/17 [00:01<00:00,  8.67it/s]
Epoch 15/30 | Processing...:  71%|████████████████████████          | 12/17 [00:01<00:00,  8.79it/s]
Epoch 15/30 | Processing...:  76%|██████████████████████████        | 13/17 [00:01<00:00,  8.87it/s]
Epoch 15/30 | Processing...:  82%|████████████████████████████      | 14/17 [00:01<00:00,  9.12it/s]
Epoch 15/30 | Processing...:  94%|████████████████████████████████  | 16/17 [00:01<00:00,  9.44it/s]
Epoch 15/30 | Processing...: 100%|████████████████████| 17/17 [00:01<00:00,  9.44it/s, Loss=8.82e-6]

Epoch 16/30 | Processing...:   0%|                                           | 0/17 [00:00<?, ?it/s][A
Epoch 15/30 | Processing...: 100%|████████████████████| 17/17 [00:01<00:00,  9.23it/s, Loss=8.82e-6]


Epoch 16/30 | Processing...:   6%|██                                 | 1/17 [00:00<00:01,  9.89it/s][A

Epoch 16/30 | Processing...:  12%|████                               | 2/17 [00:00<00:01,  9.21it/s][A

Epoch 16/30 | Processing...:  18%|██████▏                            | 3/17 [00:00<00:01,  9.10it/s][A

Epoch 16/30 | Processing...:  24%|████████▏                          | 4/17 [00:00<00:01,  8.91it/s][A

Epoch 16/30 | Processing...:  29%|██████████▎                        | 5/17 [00:00<00:01,  8.93it/s][A

Epoch 16/30 | Processing...:  35%|████████████▎                      | 6/17 [00:00<00:01,  8.84it/s][A

Epoch 16/30 | Processing...:  41%|██████████████▍                    | 7/17 [00:00<00:01,  8.75it/s][A

Epoch 16/30 | Processing...:  47%|████████████████▍                  | 8/17 [00:00<00:01,  8.56it/s][A

Epoch 16/30 | Processing...:  53%|██████████████████▌                | 9/17 [00:01<00:00,  8.37it/s][A

Epoch 16/30 | Processing...:  59%|████████████████████              | 10/17 [00:01<00:00,  8.23it/s][A

Epoch 16/30 | Processing...:  65%|██████████████████████            | 11/17 [00:01<00:00,  8.51it/s][A

Epoch 16/30 | Processing...:  71%|████████████████████████          | 12/17 [00:01<00:00,  8.61it/s][A

Epoch 16/30 | Processing...:  76%|██████████████████████████        | 13/17 [00:01<00:00,  8.71it/s][A

Epoch 16/30 | Processing...:  82%|████████████████████████████      | 14/17 [00:01<00:00,  8.97it/s][A

Epoch 16/30 | Processing...:  88%|██████████████████████████████    | 15/17 [00:01<00:00,  9.25it/s][A

Epoch 16/30 | Processing...:  94%|████████████████████████████████  | 16/17 [00:01<00:00,  9.29it/s][A

Epoch 16/30 | Processing...: 100%|████████████████████| 17/17 [00:01<00:00,  9.29it/s, Loss=5.96e-7][A
Epoch 17/30 | Processing...:   0%|                                           | 0/17 [00:00<?, ?it/s]
Epoch 16/30 | Processing...: 100%|████████████████████| 17/17 [00:01<00:00,  9.16it/s, Loss=5.96e-7]

Epoch 17/30 | Processing...:   6%|██                                 | 1/17 [00:00<00:01,  9.67it/s]
Epoch 17/30 | Processing...:  12%|████                               | 2/17 [00:00<00:01,  9.03it/s]
Epoch 17/30 | Processing...:  18%|██████▏                            | 3/17 [00:00<00:01,  9.02it/s]
Epoch 17/30 | Processing...:  24%|████████▏                          | 4/17 [00:00<00:01,  8.96it/s]
Epoch 17/30 | Processing...:  29%|██████████▎                        | 5/17 [00:00<00:01,  8.98it/s]
Epoch 17/30 | Processing...:  35%|████████████▎                      | 6/17 [00:00<00:01,  8.91it/s]
Epoch 17/30 | Processing...:  41%|██████████████▍                    | 7/17 [00:00<00:01,  8.78it/s]
Epoch 17/30 | Processing...:  47%|████████████████▍                  | 8/17 [00:00<00:01,  8.59it/s]
Epoch 17/30 | Processing...:  53%|██████████████████▌                | 9/17 [00:01<00:00,  8.40it/s]
Epoch 17/30 | Processing...:  59%|████████████████████              | 10/17 [00:01<00:00,  8.32it/s]
Epoch 17/30 | Processing...:  65%|██████████████████████            | 11/17 [00:01<00:00,  8.63it/s]
Epoch 17/30 | Processing...:  71%|████████████████████████          | 12/17 [00:01<00:00,  8.78it/s]
Epoch 17/30 | Processing...:  76%|██████████████████████████        | 13/17 [00:01<00:00,  8.81it/s]
Epoch 17/30 | Processing...:  82%|████████████████████████████      | 14/17 [00:01<00:00,  9.08it/s]
Epoch 17/30 | Processing...:  88%|██████████████████████████████    | 15/17 [00:01<00:00,  9.29it/s]
Epoch 17/30 | Processing...:  94%|████████████████████████████████  | 16/17 [00:01<00:00,  9.38it/s]
Epoch 17/30 | Processing...: 100%|████████████████████| 17/17 [00:01<00:00,  9.38it/s, Loss=1.16e-5]

Epoch 18/30 | Processing...:   0%|                                           | 0/17 [00:00<?, ?it/s][A
Epoch 17/30 | Processing...: 100%|████████████████████| 17/17 [00:01<00:00,  9.21it/s, Loss=1.16e-5]


Epoch 18/30 | Processing...:   6%|██                                 | 1/17 [00:00<00:01,  9.84it/s][A

Epoch 18/30 | Processing...:  12%|████                               | 2/17 [00:00<00:01,  9.19it/s][A

Epoch 18/30 | Processing...:  18%|██████▏                            | 3/17 [00:00<00:01,  8.97it/s][A

Epoch 18/30 | Processing...:  24%|████████▏                          | 4/17 [00:00<00:01,  8.96it/s][A

Epoch 18/30 | Processing...:  29%|██████████▎                        | 5/17 [00:00<00:01,  8.95it/s][A

Epoch 18/30 | Processing...:  35%|████████████▎                      | 6/17 [00:00<00:01,  8.92it/s][A

Epoch 18/30 | Processing...:  41%|██████████████▍                    | 7/17 [00:00<00:01,  8.87it/s][A

Epoch 18/30 | Processing...:  47%|████████████████▍                  | 8/17 [00:00<00:01,  8.60it/s][A

Epoch 18/30 | Processing...:  53%|██████████████████▌                | 9/17 [00:01<00:00,  8.33it/s][A

Epoch 18/30 | Processing...:  59%|████████████████████              | 10/17 [00:01<00:00,  8.42it/s][A

Epoch 18/30 | Processing...:  65%|██████████████████████            | 11/17 [00:01<00:00,  8.58it/s][A

Epoch 18/30 | Processing...:  71%|████████████████████████          | 12/17 [00:01<00:00,  8.75it/s][A

Epoch 18/30 | Processing...:  76%|██████████████████████████        | 13/17 [00:01<00:00,  8.86it/s][A

Epoch 18/30 | Processing...:  82%|████████████████████████████      | 14/17 [00:01<00:00,  8.88it/s][A

Epoch 18/30 | Processing...:  88%|██████████████████████████████    | 15/17 [00:01<00:00,  9.15it/s][A

Epoch 18/30 | Processing...:  94%|████████████████████████████████  | 16/17 [00:01<00:00,  9.20it/s][A

Epoch 18/30 | Processing...: 100%|████████████████████| 17/17 [00:01<00:00,  9.20it/s, Loss=7.93e-5][A
Epoch 19/30 | Processing...:   0%|                                           | 0/17 [00:00<?, ?it/s]
Epoch 18/30 | Processing...: 100%|████████████████████| 17/17 [00:01<00:00,  9.15it/s, Loss=7.93e-5]

Epoch 19/30 | Processing...:   6%|██                                 | 1/17 [00:00<00:01,  9.68it/s]
Epoch 19/30 | Processing...:  12%|████                               | 2/17 [00:00<00:01,  8.98it/s]
Epoch 19/30 | Processing...:  18%|██████▏                            | 3/17 [00:00<00:01,  8.97it/s]
Epoch 19/30 | Processing...:  24%|████████▏                          | 4/17 [00:00<00:01,  8.95it/s]
Epoch 19/30 | Processing...:  29%|██████████▎                        | 5/17 [00:00<00:01,  8.89it/s]
Epoch 19/30 | Processing...:  35%|████████████▎                      | 6/17 [00:00<00:01,  8.81it/s]
Epoch 19/30 | Processing...:  41%|██████████████▍                    | 7/17 [00:00<00:01,  8.77it/s]
Epoch 19/30 | Processing...:  47%|████████████████▍                  | 8/17 [00:00<00:01,  8.60it/s]
Epoch 19/30 | Processing...:  53%|██████████████████▌                | 9/17 [00:01<00:00,  8.40it/s]
Epoch 19/30 | Processing...:  59%|████████████████████              | 10/17 [00:01<00:00,  8.39it/s]
Epoch 19/30 | Processing...:  65%|██████████████████████            | 11/17 [00:01<00:00,  8.58it/s]
Epoch 19/30 | Processing...:  71%|████████████████████████          | 12/17 [00:01<00:00,  8.72it/s]
Epoch 19/30 | Processing...:  82%|████████████████████████████      | 14/17 [00:01<00:00,  9.40it/s]
Epoch 19/30 | Processing...:  88%|██████████████████████████████    | 15/17 [00:01<00:00,  9.53it/s]
Epoch 19/30 | Processing...:  94%|████████████████████████████████  | 16/17 [00:01<00:00,  9.63it/s]
Epoch 19/30 | Processing...: 100%|█████████████████████| 17/17 [00:01<00:00,  9.63it/s, Loss=6.2e-6]

Epoch 20/30 | Processing...:   0%|                                           | 0/17 [00:00<?, ?it/s][A
Epoch 19/30 | Processing...: 100%|█████████████████████| 17/17 [00:01<00:00,  9.31it/s, Loss=6.2e-6]


Epoch 20/30 | Processing...:  12%|████                               | 2/17 [00:00<00:01, 10.04it/s][A

Epoch 20/30 | Processing...:  24%|████████▏                          | 4/17 [00:00<00:01,  9.29it/s][A

Epoch 20/30 | Processing...:  29%|██████████▎                        | 5/17 [00:00<00:01,  9.20it/s][A

Epoch 20/30 | Processing...:  35%|████████████▎                      | 6/17 [00:00<00:01,  9.13it/s][A

Epoch 20/30 | Processing...:  41%|██████████████▍                    | 7/17 [00:00<00:01,  8.96it/s][A

Epoch 20/30 | Processing...:  47%|████████████████▍                  | 8/17 [00:00<00:01,  8.67it/s][A

Epoch 20/30 | Processing...:  53%|██████████████████▌                | 9/17 [00:01<00:00,  8.36it/s][A

Epoch 20/30 | Processing...:  59%|████████████████████              | 10/17 [00:01<00:00,  8.44it/s][A

Epoch 20/30 | Processing...:  65%|██████████████████████            | 11/17 [00:01<00:00,  8.70it/s][A

Epoch 20/30 | Processing...:  71%|████████████████████████          | 12/17 [00:01<00:00,  8.78it/s][A

Epoch 20/30 | Processing...:  76%|██████████████████████████        | 13/17 [00:01<00:00,  8.83it/s][A

Epoch 20/30 | Processing...:  82%|████████████████████████████      | 14/17 [00:01<00:00,  9.05it/s][A

Epoch 20/30 | Processing...:  94%|████████████████████████████████  | 16/17 [00:01<00:00,  9.45it/s][A

Epoch 20/30 | Processing...: 100%|█████████████████████| 17/17 [00:01<00:00,  9.45it/s, Loss=8.7e-6][A
Epoch 21/30 | Processing...:   0%|                                           | 0/17 [00:00<?, ?it/s]
Epoch 20/30 | Processing...: 100%|█████████████████████| 17/17 [00:01<00:00,  9.31it/s, Loss=8.7e-6]

Epoch 21/30 | Processing...:  12%|████                               | 2/17 [00:00<00:01,  9.96it/s]
Epoch 21/30 | Processing...:  18%|██████▏                            | 3/17 [00:00<00:01,  9.52it/s]
Epoch 21/30 | Processing...:  24%|████████▏                          | 4/17 [00:00<00:01,  9.25it/s]
Epoch 21/30 | Processing...:  29%|██████████▎                        | 5/17 [00:00<00:01,  9.11it/s]
Epoch 21/30 | Processing...:  35%|████████████▎                      | 6/17 [00:00<00:01,  9.04it/s]
Epoch 21/30 | Processing...:  41%|██████████████▍                    | 7/17 [00:00<00:01,  8.86it/s]
Epoch 21/30 | Processing...:  47%|████████████████▍                  | 8/17 [00:00<00:01,  8.60it/s]
Epoch 21/30 | Processing...:  53%|██████████████████▌                | 9/17 [00:01<00:00,  8.32it/s]
Epoch 21/30 | Processing...:  59%|████████████████████              | 10/17 [00:01<00:00,  8.33it/s]
Epoch 21/30 | Processing...:  65%|██████████████████████            | 11/17 [00:01<00:00,  8.56it/s]
Epoch 21/30 | Processing...:  71%|████████████████████████          | 12/17 [00:01<00:00,  8.09it/s]
Epoch 21/30 | Processing...:  76%|██████████████████████████        | 13/17 [00:01<00:00,  8.49it/s]
Epoch 21/30 | Processing...:  82%|████████████████████████████      | 14/17 [00:01<00:00,  8.62it/s]
Epoch 21/30 | Processing...:  94%|████████████████████████████████  | 16/17 [00:01<00:00,  9.33it/s]
Epoch 21/30 | Processing...: 100%|███████████████████| 17/17 [00:01<00:00,  9.33it/s, Loss=0.000123]

Epoch 22/30 | Processing...:   0%|                                           | 0/17 [00:00<?, ?it/s][A
Epoch 21/30 | Processing...: 100%|███████████████████| 17/17 [00:01<00:00,  9.17it/s, Loss=0.000123]


Epoch 22/30 | Processing...:   6%|██                                 | 1/17 [00:00<00:01,  9.89it/s][A

Epoch 22/30 | Processing...:  12%|████                               | 2/17 [00:00<00:01,  9.20it/s][A

Epoch 22/30 | Processing...:  18%|██████▏                            | 3/17 [00:00<00:01,  8.88it/s][A

Epoch 22/30 | Processing...:  24%|████████▏                          | 4/17 [00:00<00:01,  8.78it/s][A

Epoch 22/30 | Processing...:  29%|██████████▎                        | 5/17 [00:00<00:01,  8.83it/s][A

Epoch 22/30 | Processing...:  35%|████████████▎                      | 6/17 [00:00<00:01,  8.75it/s][A

Epoch 22/30 | Processing...:  41%|██████████████▍                    | 7/17 [00:00<00:01,  8.68it/s][A

Epoch 22/30 | Processing...:  47%|████████████████▍                  | 8/17 [00:00<00:01,  8.55it/s][A

Epoch 22/30 | Processing...:  53%|██████████████████▌                | 9/17 [00:01<00:00,  8.29it/s][A

Epoch 22/30 | Processing...:  59%|████████████████████              | 10/17 [00:01<00:00,  8.38it/s][A

Epoch 22/30 | Processing...:  65%|██████████████████████            | 11/17 [00:01<00:00,  8.41it/s][A

Epoch 22/30 | Processing...:  71%|████████████████████████          | 12/17 [00:01<00:00,  8.59it/s][A

Epoch 22/30 | Processing...:  76%|██████████████████████████        | 13/17 [00:01<00:00,  8.76it/s][A

Epoch 22/30 | Processing...:  82%|████████████████████████████      | 14/17 [00:01<00:00,  9.00it/s][A

Epoch 22/30 | Processing...:  88%|██████████████████████████████    | 15/17 [00:01<00:00,  9.26it/s][A

Epoch 22/30 | Processing...:  94%|████████████████████████████████  | 16/17 [00:01<00:00,  9.45it/s][A

Epoch 22/30 | Processing...: 100%|████████████████████| 17/17 [00:01<00:00,  9.45it/s, Loss=2.38e-5][A
Epoch 23/30 | Processing...:   0%|                                           | 0/17 [00:00<?, ?it/s]
Epoch 22/30 | Processing...: 100%|████████████████████| 17/17 [00:01<00:00,  9.14it/s, Loss=2.38e-5]

Epoch 23/30 | Processing...:   6%|██                                 | 1/17 [00:00<00:01,  9.98it/s]
Epoch 23/30 | Processing...:  12%|████                               | 2/17 [00:00<00:01,  9.14it/s]
Epoch 23/30 | Processing...:  18%|██████▏                            | 3/17 [00:00<00:01,  9.07it/s]
Epoch 23/30 | Processing...:  24%|████████▏                          | 4/17 [00:00<00:01,  9.02it/s]
Epoch 23/30 | Processing...:  29%|██████████▎                        | 5/17 [00:00<00:01,  8.82it/s]
Epoch 23/30 | Processing...:  35%|████████████▎                      | 6/17 [00:00<00:01,  8.83it/s]
Epoch 23/30 | Processing...:  41%|██████████████▍                    | 7/17 [00:00<00:01,  8.76it/s]
Epoch 23/30 | Processing...:  47%|████████████████▍                  | 8/17 [00:00<00:01,  8.61it/s]
Epoch 23/30 | Processing...:  53%|██████████████████▌                | 9/17 [00:01<00:00,  8.66it/s]
Epoch 23/30 | Processing...:  59%|████████████████████              | 10/17 [00:01<00:00,  8.29it/s]
Epoch 23/30 | Processing...:  65%|██████████████████████            | 11/17 [00:01<00:00,  8.47it/s]
Epoch 23/30 | Processing...:  71%|████████████████████████          | 12/17 [00:01<00:00,  8.63it/s]
Epoch 23/30 | Processing...:  76%|██████████████████████████        | 13/17 [00:01<00:00,  8.79it/s]
Epoch 23/30 | Processing...:  82%|████████████████████████████      | 14/17 [00:01<00:00,  9.03it/s]
Epoch 23/30 | Processing...:  88%|██████████████████████████████    | 15/17 [00:01<00:00,  9.28it/s]
Epoch 23/30 | Processing...:  94%|████████████████████████████████  | 16/17 [00:01<00:00,  9.43it/s]
Epoch 23/30 | Processing...: 100%|████████████████████| 17/17 [00:01<00:00,  9.43it/s, Loss=4.29e-6]

Epoch 24/30 | Processing...:   0%|                                           | 0/17 [00:00<?, ?it/s][A
Epoch 23/30 | Processing...: 100%|████████████████████| 17/17 [00:01<00:00,  9.21it/s, Loss=4.29e-6]


Epoch 24/30 | Processing...:   6%|██                                 | 1/17 [00:00<00:01,  9.75it/s][A

Epoch 24/30 | Processing...:  12%|████                               | 2/17 [00:00<00:01,  8.99it/s][A

Epoch 24/30 | Processing...:  18%|██████▏                            | 3/17 [00:00<00:01,  8.85it/s][A

Epoch 24/30 | Processing...:  24%|████████▏                          | 4/17 [00:00<00:01,  8.73it/s][A

Epoch 24/30 | Processing...:  29%|██████████▎                        | 5/17 [00:00<00:01,  8.66it/s][A

Epoch 24/30 | Processing...:  35%|████████████▎                      | 6/17 [00:00<00:01,  8.66it/s][A

Epoch 24/30 | Processing...:  41%|██████████████▍                    | 7/17 [00:00<00:01,  8.59it/s][A

Epoch 24/30 | Processing...:  47%|████████████████▍                  | 8/17 [00:00<00:01,  8.39it/s][A

Epoch 24/30 | Processing...:  53%|██████████████████▌                | 9/17 [00:01<00:00,  8.21it/s][A

Epoch 24/30 | Processing...:  59%|████████████████████              | 10/17 [00:01<00:00,  8.65it/s][A

Epoch 24/30 | Processing...:  65%|██████████████████████            | 11/17 [00:01<00:00,  8.48it/s][A

Epoch 24/30 | Processing...:  71%|████████████████████████          | 12/17 [00:01<00:00,  8.50it/s][A

Epoch 24/30 | Processing...:  76%|██████████████████████████        | 13/17 [00:01<00:00,  8.53it/s][A

Epoch 24/30 | Processing...:  88%|██████████████████████████████    | 15/17 [00:01<00:00,  9.05it/s][A

Epoch 24/30 | Processing...:  94%|████████████████████████████████  | 16/17 [00:01<00:00,  9.16it/s][A

Epoch 24/30 | Processing...: 100%|███████████████████| 17/17 [00:01<00:00,  9.16it/s, Loss=0.000128][A
Epoch 25/30 | Processing...:   0%|                                           | 0/17 [00:00<?, ?it/s]
Epoch 24/30 | Processing...: 100%|███████████████████| 17/17 [00:01<00:00,  9.06it/s, Loss=0.000128]

Epoch 25/30 | Processing...:   6%|██                                 | 1/17 [00:00<00:01,  9.75it/s]
Epoch 25/30 | Processing...:  12%|████                               | 2/17 [00:00<00:01,  9.04it/s]
Epoch 25/30 | Processing...:  18%|██████▏                            | 3/17 [00:00<00:01,  9.00it/s]
Epoch 25/30 | Processing...:  24%|████████▏                          | 4/17 [00:00<00:01,  8.95it/s]
Epoch 25/30 | Processing...:  29%|██████████▎                        | 5/17 [00:00<00:01,  8.87it/s]
Epoch 25/30 | Processing...:  35%|████████████▎                      | 6/17 [00:00<00:01,  8.84it/s]
Epoch 25/30 | Processing...:  41%|██████████████▍                    | 7/17 [00:00<00:01,  8.72it/s]
Epoch 25/30 | Processing...:  47%|████████████████▍                  | 8/17 [00:00<00:01,  8.49it/s]
Epoch 25/30 | Processing...:  53%|██████████████████▌                | 9/17 [00:01<00:00,  8.24it/s]
Epoch 25/30 | Processing...:  59%|████████████████████              | 10/17 [00:01<00:00,  8.29it/s]
Epoch 25/30 | Processing...:  65%|██████████████████████            | 11/17 [00:01<00:00,  8.42it/s]
Epoch 25/30 | Processing...:  71%|████████████████████████          | 12/17 [00:01<00:00,  8.72it/s]
Epoch 25/30 | Processing...:  76%|██████████████████████████        | 13/17 [00:01<00:00,  8.79it/s]
Epoch 25/30 | Processing...:  82%|████████████████████████████      | 14/17 [00:01<00:00,  9.03it/s]
Epoch 25/30 | Processing...:  88%|██████████████████████████████    | 15/17 [00:01<00:00,  9.25it/s]
Epoch 25/30 | Processing...:  94%|████████████████████████████████  | 16/17 [00:01<00:00,  9.27it/s]
Epoch 25/30 | Processing...: 100%|████████████████████| 17/17 [00:01<00:00,  9.27it/s, Loss=8.34e-7]

Epoch 26/30 | Processing...:   0%|                                           | 0/17 [00:00<?, ?it/s][A
Epoch 25/30 | Processing...: 100%|████████████████████| 17/17 [00:01<00:00,  9.15it/s, Loss=8.34e-7]


Epoch 26/30 | Processing...:   6%|██                                 | 1/17 [00:00<00:01,  9.86it/s][A

Epoch 26/30 | Processing...:  12%|████                               | 2/17 [00:00<00:01,  8.94it/s][A

Epoch 26/30 | Processing...:  18%|██████▏                            | 3/17 [00:00<00:01,  8.98it/s][A

Epoch 26/30 | Processing...:  24%|████████▏                          | 4/17 [00:00<00:01,  8.85it/s][A

Epoch 26/30 | Processing...:  29%|██████████▎                        | 5/17 [00:00<00:01,  8.82it/s][A

Epoch 26/30 | Processing...:  35%|████████████▎                      | 6/17 [00:00<00:01,  8.79it/s][A

Epoch 26/30 | Processing...:  41%|██████████████▍                    | 7/17 [00:00<00:01,  8.40it/s][A

Epoch 26/30 | Processing...:  47%|████████████████▍                  | 8/17 [00:00<00:01,  8.25it/s][A

Epoch 26/30 | Processing...:  53%|██████████████████▌                | 9/17 [00:01<00:00,  8.03it/s][A

Epoch 26/30 | Processing...:  59%|████████████████████              | 10/17 [00:01<00:00,  8.24it/s][A

Epoch 26/30 | Processing...:  65%|██████████████████████            | 11/17 [00:01<00:00,  8.43it/s][A

Epoch 26/30 | Processing...:  71%|████████████████████████          | 12/17 [00:01<00:00,  8.37it/s][A

Epoch 26/30 | Processing...:  76%|██████████████████████████        | 13/17 [00:01<00:00,  8.61it/s][A

Epoch 26/30 | Processing...:  82%|████████████████████████████      | 14/17 [00:01<00:00,  8.80it/s][A

Epoch 26/30 | Processing...:  88%|██████████████████████████████    | 15/17 [00:01<00:00,  8.78it/s][A

Epoch 26/30 | Processing...:  94%|████████████████████████████████  | 16/17 [00:01<00:00,  8.98it/s][A

Epoch 26/30 | Processing...: 100%|████████████████████| 17/17 [00:01<00:00,  8.98it/s, Loss=7.27e-6][A
Epoch 27/30 | Processing...:   0%|                                           | 0/17 [00:00<?, ?it/s]
Epoch 26/30 | Processing...: 100%|████████████████████| 17/17 [00:01<00:00,  8.92it/s, Loss=7.27e-6]

Epoch 27/30 | Processing...:   6%|██                                 | 1/17 [00:00<00:01,  9.19it/s]
Epoch 27/30 | Processing...:  12%|████                               | 2/17 [00:00<00:01,  8.71it/s]
Epoch 27/30 | Processing...:  18%|██████▏                            | 3/17 [00:00<00:01,  8.60it/s]
Epoch 27/30 | Processing...:  24%|████████▏                          | 4/17 [00:00<00:01,  8.61it/s]
Epoch 27/30 | Processing...:  29%|██████████▎                        | 5/17 [00:00<00:01,  8.47it/s]
Epoch 27/30 | Processing...:  35%|████████████▎                      | 6/17 [00:00<00:01,  8.57it/s]
Epoch 27/30 | Processing...:  41%|██████████████▍                    | 7/17 [00:00<00:01,  8.32it/s]
Epoch 27/30 | Processing...:  47%|████████████████▍                  | 8/17 [00:00<00:01,  8.27it/s]
Epoch 27/30 | Processing...:  53%|██████████████████▌                | 9/17 [00:01<00:00,  8.21it/s]
Epoch 27/30 | Processing...:  59%|████████████████████              | 10/17 [00:01<00:00,  8.16it/s]
Epoch 27/30 | Processing...:  65%|██████████████████████            | 11/17 [00:01<00:00,  8.46it/s]
Epoch 27/30 | Processing...:  71%|████████████████████████          | 12/17 [00:01<00:00,  8.57it/s]
Epoch 27/30 | Processing...:  76%|██████████████████████████        | 13/17 [00:01<00:00,  8.72it/s]
Epoch 27/30 | Processing...:  82%|████████████████████████████      | 14/17 [00:01<00:00,  8.94it/s]
Epoch 27/30 | Processing...:  88%|██████████████████████████████    | 15/17 [00:01<00:00,  9.13it/s]
Epoch 27/30 | Processing...:  94%|████████████████████████████████  | 16/17 [00:01<00:00,  9.28it/s]
Epoch 27/30 | Processing...: 100%|████████████████████| 17/17 [00:01<00:00,  9.28it/s, Loss=2.34e-5]

Epoch 28/30 | Processing...:   0%|                                           | 0/17 [00:00<?, ?it/s][A
Epoch 27/30 | Processing...: 100%|████████████████████| 17/17 [00:01<00:00,  8.96it/s, Loss=2.34e-5]


Epoch 28/30 | Processing...:   6%|██                                 | 1/17 [00:00<00:01,  9.65it/s][A

Epoch 28/30 | Processing...:  12%|████                               | 2/17 [00:00<00:01,  8.93it/s][A

Epoch 28/30 | Processing...:  18%|██████▏                            | 3/17 [00:00<00:01,  8.84it/s][A

Epoch 28/30 | Processing...:  24%|████████▏                          | 4/17 [00:00<00:01,  8.62it/s][A

Epoch 28/30 | Processing...:  29%|██████████▎                        | 5/17 [00:00<00:01,  8.61it/s][A

Epoch 28/30 | Processing...:  35%|████████████▎                      | 6/17 [00:00<00:01,  8.17it/s][A

Epoch 28/30 | Processing...:  41%|██████████████▍                    | 7/17 [00:00<00:01,  8.24it/s][A

Epoch 28/30 | Processing...:  47%|████████████████▍                  | 8/17 [00:00<00:01,  8.12it/s][A

Epoch 28/30 | Processing...:  53%|██████████████████▌                | 9/17 [00:01<00:00,  8.03it/s][A

Epoch 28/30 | Processing...:  59%|████████████████████              | 10/17 [00:01<00:00,  8.20it/s][A

Epoch 28/30 | Processing...:  65%|██████████████████████            | 11/17 [00:01<00:00,  8.41it/s][A

Epoch 28/30 | Processing...:  71%|████████████████████████          | 12/17 [00:01<00:00,  8.56it/s][A

Epoch 28/30 | Processing...:  76%|██████████████████████████        | 13/17 [00:01<00:00,  8.69it/s][A

Epoch 28/30 | Processing...:  82%|████████████████████████████      | 14/17 [00:01<00:00,  8.95it/s][A

Epoch 28/30 | Processing...:  88%|██████████████████████████████    | 15/17 [00:01<00:00,  9.12it/s][A

Epoch 28/30 | Processing...:  94%|████████████████████████████████  | 16/17 [00:01<00:00,  9.30it/s][A

Epoch 28/30 | Processing...: 100%|████████████████████| 17/17 [00:01<00:00,  9.30it/s, Loss=1.04e-5][A
Epoch 29/30 | Processing...:   0%|                                           | 0/17 [00:00<?, ?it/s]
Epoch 28/30 | Processing...: 100%|████████████████████| 17/17 [00:01<00:00,  8.95it/s, Loss=1.04e-5]

Epoch 29/30 | Processing...:   6%|██                                 | 1/17 [00:00<00:01,  9.50it/s]
Epoch 29/30 | Processing...:  12%|████                               | 2/17 [00:00<00:01,  8.89it/s]
Epoch 29/30 | Processing...:  18%|██████▏                            | 3/17 [00:00<00:01,  8.77it/s]
Epoch 29/30 | Processing...:  24%|████████▏                          | 4/17 [00:00<00:01,  8.73it/s]
Epoch 29/30 | Processing...:  29%|██████████▎                        | 5/17 [00:00<00:01,  8.29it/s]
Epoch 29/30 | Processing...:  35%|████████████▎                      | 6/17 [00:00<00:01,  8.39it/s]
Epoch 29/30 | Processing...:  41%|██████████████▍                    | 7/17 [00:00<00:01,  8.38it/s]
Epoch 29/30 | Processing...:  47%|████████████████▍                  | 8/17 [00:00<00:01,  8.27it/s]
Epoch 29/30 | Processing...:  53%|██████████████████▌                | 9/17 [00:01<00:00,  8.13it/s]
Epoch 29/30 | Processing...:  59%|████████████████████              | 10/17 [00:01<00:00,  8.23it/s]
Epoch 29/30 | Processing...:  65%|██████████████████████            | 11/17 [00:01<00:00,  8.47it/s]
Epoch 29/30 | Processing...:  71%|████████████████████████          | 12/17 [00:01<00:00,  8.55it/s]
Epoch 29/30 | Processing...:  76%|██████████████████████████        | 13/17 [00:01<00:00,  8.65it/s]
Epoch 29/30 | Processing...:  82%|████████████████████████████      | 14/17 [00:01<00:00,  8.82it/s]
Epoch 29/30 | Processing...:  88%|██████████████████████████████    | 15/17 [00:01<00:00,  9.01it/s]
Epoch 29/30 | Processing...:  94%|████████████████████████████████  | 16/17 [00:01<00:00,  9.20it/s]
Epoch 29/30 | Processing...: 100%|████████████████████| 17/17 [00:01<00:00,  9.20it/s, Loss=8.34e-7]

Epoch 30/30 | Processing...:   0%|                                           | 0/17 [00:00<?, ?it/s][A
Epoch 29/30 | Processing...: 100%|████████████████████| 17/17 [00:01<00:00,  8.95it/s, Loss=8.34e-7]


Epoch 30/30 | Processing...:   6%|██                                 | 1/17 [00:00<00:01,  9.71it/s][A

Epoch 30/30 | Processing...:  12%|████                               | 2/17 [00:00<00:01,  9.14it/s][A

Epoch 30/30 | Processing...:  18%|██████▏                            | 3/17 [00:00<00:01,  8.95it/s][A

Epoch 30/30 | Processing...:  24%|████████▏                          | 4/17 [00:00<00:01,  8.53it/s][A

Epoch 30/30 | Processing...:  29%|██████████▎                        | 5/17 [00:00<00:01,  8.66it/s][A

Epoch 30/30 | Processing...:  35%|████████████▎                      | 6/17 [00:00<00:01,  8.60it/s][A

Epoch 30/30 | Processing...:  41%|██████████████▍                    | 7/17 [00:00<00:01,  8.54it/s][A

Epoch 30/30 | Processing...:  47%|████████████████▍                  | 8/17 [00:00<00:01,  8.48it/s][A

Epoch 30/30 | Processing...:  53%|██████████████████▌                | 9/17 [00:01<00:00,  8.28it/s][A

Epoch 30/30 | Processing...:  59%|████████████████████              | 10/17 [00:01<00:00,  8.30it/s][A

Epoch 30/30 | Processing...:  65%|██████████████████████            | 11/17 [00:01<00:00,  8.56it/s][A

Epoch 30/30 | Processing...:  71%|████████████████████████          | 12/17 [00:01<00:00,  8.65it/s][A

Epoch 30/30 | Processing...:  76%|██████████████████████████        | 13/17 [00:01<00:00,  8.72it/s][A

Epoch 30/30 | Processing...:  82%|████████████████████████████      | 14/17 [00:01<00:00,  8.94it/s][A

Epoch 30/30 | Processing...:  94%|████████████████████████████████  | 16/17 [00:01<00:00,  9.40it/s][A

Epoch 30/30 | Processing...: 100%|████████████████████| 17/17 [00:01<00:00,  9.40it/s, Loss=4.77e-7][A训练完成
Accuracy: 0.8983
F1 Score: 0.8707
Recall: 0.8707
Precision: 0.8707
====================================================================================================
0 {'precision': 0.9162011173184358, 'recall': 0.9162011173184358, 'f1-score': 0.9162011173184358, 'support': 179.0}
1 {'precision': 0.8706896551724138, 'recall': 0.8706896551724138, 'f1-score': 0.8706896551724138, 'support': 116.0}
accuracy 0.8983050847457628
macro avg {'precision': 0.8934453862454248, 'recall': 0.8934453862454248, 'f1-score': 0.8934453862454248, 'support': 295.0}
weighted avg {'precision': 0.8983050847457628, 'recall': 0.8983050847457628, 'f1-score': 0.8983050847457628, 'support': 295.0}
result:0.8983
====================================================================================================

Epoch 30/30 | Processing...: 100%|████████████████████| 17/17 [00:02<00:00,  7.60it/s, Loss=4.77e-7]
======================================================================================================================================================
run at 4-th time
CombinedModel3(
  (linear_1): Linear(in_features=768, out_features=768, bias=True)
  (linear_2): Linear(in_features=768, out_features=768, bias=True)
  (gnn): HgtGNN(
    (post_linear): Linear(in_features=1536, out_features=768, bias=True)
    (conv1): HGTConv(-1, 768, heads=8)
    (conv2): HGTConv(-1, 768, heads=8)
  )
  (mlp): Sequential(
    (0): Linear(in_features=2304, out_features=768, bias=True)
    (1): ReLU()
    (2): Dropout(p=0.5, inplace=False)
    (3): Linear(in_features=768, out_features=2, bias=True)
  )
)

Epoch 1/30 | Processing...:   0%|                                            | 0/17 [00:00<?, ?it/s]
Epoch 1/30 | Processing...:   6%|██                                  | 1/17 [00:00<00:01,  9.08it/s]
Epoch 1/30 | Processing...:  12%|████▏                               | 2/17 [00:00<00:01,  9.38it/s]
Epoch 1/30 | Processing...:  18%|██████▎                             | 3/17 [00:00<00:01,  8.35it/s]
Epoch 1/30 | Processing...:  24%|████████▍                           | 4/17 [00:00<00:01,  8.38it/s]
Epoch 1/30 | Processing...:  29%|██████████▌                         | 5/17 [00:00<00:01,  8.50it/s]
Epoch 1/30 | Processing...:  35%|████████████▋                       | 6/17 [00:00<00:01,  8.61it/s]
Epoch 1/30 | Processing...:  41%|██████████████▊                     | 7/17 [00:00<00:01,  8.60it/s]
Epoch 1/30 | Processing...:  47%|████████████████▉                   | 8/17 [00:00<00:01,  8.41it/s]
Epoch 1/30 | Processing...:  53%|███████████████████                 | 9/17 [00:01<00:00,  8.22it/s]
Epoch 1/30 | Processing...:  59%|████████████████████▌              | 10/17 [00:01<00:00,  8.26it/s]
Epoch 1/30 | Processing...:  65%|██████████████████████▋            | 11/17 [00:01<00:00,  8.47it/s]
Epoch 1/30 | Processing...:  71%|████████████████████████▋          | 12/17 [00:01<00:00,  8.75it/s]
Epoch 1/30 | Processing...:  76%|██████████████████████████▊        | 13/17 [00:01<00:00,  8.65it/s]
Epoch 1/30 | Processing...:  82%|████████████████████████████▊      | 14/17 [00:01<00:00,  8.92it/s]
Epoch 1/30 | Processing...:  88%|██████████████████████████████▉    | 15/17 [00:01<00:00,  9.15it/s]
Epoch 1/30 | Processing...:  94%|████████████████████████████████▉  | 16/17 [00:01<00:00,  9.26it/s]
Epoch 1/30 | Processing...: 100%|███████████████████████| 17/17 [00:01<00:00,  9.26it/s, Loss=0.515]

Epoch 2/30 | Processing...:   0%|                                            | 0/17 [00:00<?, ?it/s][A
Epoch 1/30 | Processing...: 100%|███████████████████████| 17/17 [00:01<00:00,  9.00it/s, Loss=0.515]


Epoch 2/30 | Processing...:  12%|████▏                               | 2/17 [00:00<00:01,  9.30it/s][A

Epoch 2/30 | Processing...:  18%|██████▎                             | 3/17 [00:00<00:01,  9.11it/s][A

Epoch 2/30 | Processing...:  24%|████████▍                           | 4/17 [00:00<00:01,  9.00it/s][A

Epoch 2/30 | Processing...:  29%|██████████▌                         | 5/17 [00:00<00:01,  8.87it/s][A

Epoch 2/30 | Processing...:  35%|████████████▋                       | 6/17 [00:00<00:01,  8.82it/s][A

Epoch 2/30 | Processing...:  41%|██████████████▊                     | 7/17 [00:00<00:01,  8.77it/s][A

Epoch 2/30 | Processing...:  47%|████████████████▉                   | 8/17 [00:00<00:01,  8.62it/s][A

Epoch 2/30 | Processing...:  53%|███████████████████                 | 9/17 [00:01<00:00,  8.36it/s][A

Epoch 2/30 | Processing...:  59%|████████████████████▌              | 10/17 [00:01<00:00,  8.38it/s][A

Epoch 2/30 | Processing...:  65%|██████████████████████▋            | 11/17 [00:01<00:00,  8.65it/s][A

Epoch 2/30 | Processing...:  71%|████████████████████████▋          | 12/17 [00:01<00:00,  8.71it/s][A

Epoch 2/30 | Processing...:  76%|██████████████████████████▊        | 13/17 [00:01<00:00,  8.79it/s][A

Epoch 2/30 | Processing...:  82%|████████████████████████████▊      | 14/17 [00:01<00:00,  8.99it/s][A

Epoch 2/30 | Processing...:  88%|██████████████████████████████▉    | 15/17 [00:01<00:00,  9.19it/s][A

Epoch 2/30 | Processing...: 100%|███████████████████████████████████| 17/17 [00:01<00:00, 10.61it/s][A

Epoch 2/30 | Processing...: 100%|███████████████████████| 17/17 [00:01<00:00, 10.61it/s, Loss=0.223][A
Epoch 3/30 | Processing...:   0%|                                            | 0/17 [00:00<?, ?it/s]
Epoch 2/30 | Processing...: 100%|███████████████████████| 17/17 [00:01<00:00,  9.19it/s, Loss=0.223]

Epoch 3/30 | Processing...:   6%|██                                  | 1/17 [00:00<00:01,  9.81it/s]
Epoch 3/30 | Processing...:  12%|████▏                               | 2/17 [00:00<00:01,  9.04it/s]
Epoch 3/30 | Processing...:  18%|██████▎                             | 3/17 [00:00<00:01,  8.92it/s]
Epoch 3/30 | Processing...:  24%|████████▍                           | 4/17 [00:00<00:01,  8.88it/s]
Epoch 3/30 | Processing...:  29%|██████████▌                         | 5/17 [00:00<00:01,  8.89it/s]
Epoch 3/30 | Processing...:  35%|████████████▋                       | 6/17 [00:00<00:01,  8.74it/s]
Epoch 3/30 | Processing...:  41%|██████████████▊                     | 7/17 [00:00<00:01,  5.95it/s]
Epoch 3/30 | Processing...:  47%|████████████████▉                   | 8/17 [00:01<00:01,  6.45it/s]
Epoch 3/30 | Processing...:  53%|███████████████████                 | 9/17 [00:01<00:01,  6.79it/s]
Epoch 3/30 | Processing...:  59%|████████████████████▌              | 10/17 [00:01<00:00,  7.24it/s]
Epoch 3/30 | Processing...:  65%|██████████████████████▋            | 11/17 [00:01<00:00,  7.70it/s]
Epoch 3/30 | Processing...:  71%|████████████████████████▋          | 12/17 [00:01<00:00,  8.04it/s]
Epoch 3/30 | Processing...:  76%|██████████████████████████▊        | 13/17 [00:01<00:00,  8.24it/s]
Epoch 3/30 | Processing...:  82%|████████████████████████████▊      | 14/17 [00:01<00:00,  8.64it/s]
Epoch 3/30 | Processing...:  88%|██████████████████████████████▉    | 15/17 [00:01<00:00,  8.87it/s]
Epoch 3/30 | Processing...:  94%|████████████████████████████████▉  | 16/17 [00:01<00:00,  9.11it/s]
Epoch 3/30 | Processing...: 100%|███████████████████████| 17/17 [00:02<00:00,  9.11it/s, Loss=0.132]

Epoch 4/30 | Processing...:   0%|                                            | 0/17 [00:00<?, ?it/s][A
Epoch 3/30 | Processing...: 100%|███████████████████████| 17/17 [00:02<00:00,  8.37it/s, Loss=0.132]


Epoch 4/30 | Processing...:   6%|██                                  | 1/17 [00:00<00:01,  9.69it/s][A

Epoch 4/30 | Processing...:  12%|████▏                               | 2/17 [00:00<00:01,  8.91it/s][A

Epoch 4/30 | Processing...:  18%|██████▎                             | 3/17 [00:00<00:01,  8.87it/s][A

Epoch 4/30 | Processing...:  24%|████████▍                           | 4/17 [00:00<00:01,  8.87it/s][A

Epoch 4/30 | Processing...:  29%|██████████▌                         | 5/17 [00:00<00:01,  8.90it/s][A

Epoch 4/30 | Processing...:  35%|████████████▋                       | 6/17 [00:00<00:01,  8.90it/s][A

Epoch 4/30 | Processing...:  41%|██████████████▊                     | 7/17 [00:00<00:01,  8.83it/s][A

Epoch 4/30 | Processing...:  47%|████████████████▉                   | 8/17 [00:00<00:01,  8.62it/s][A

Epoch 4/30 | Processing...:  53%|███████████████████                 | 9/17 [00:01<00:00,  8.36it/s][A

Epoch 4/30 | Processing...:  59%|████████████████████▌              | 10/17 [00:01<00:00,  8.30it/s][A

Epoch 4/30 | Processing...:  65%|██████████████████████▋            | 11/17 [00:01<00:00,  8.50it/s][A

Epoch 4/30 | Processing...:  71%|████████████████████████▋          | 12/17 [00:01<00:00,  8.49it/s][A

Epoch 4/30 | Processing...:  76%|██████████████████████████▊        | 13/17 [00:01<00:00,  8.67it/s][A

Epoch 4/30 | Processing...:  82%|████████████████████████████▊      | 14/17 [00:01<00:00,  8.80it/s][A

Epoch 4/30 | Processing...:  88%|██████████████████████████████▉    | 15/17 [00:01<00:00,  9.05it/s][A

Epoch 4/30 | Processing...:  94%|████████████████████████████████▉  | 16/17 [00:01<00:00,  9.19it/s][A

Epoch 4/30 | Processing...: 100%|█████████████████████| 17/17 [00:01<00:00,  9.19it/s, Loss=0.00316][A
Epoch 5/30 | Processing...:   0%|                                            | 0/17 [00:00<?, ?it/s]
Epoch 4/30 | Processing...: 100%|█████████████████████| 17/17 [00:01<00:00,  9.09it/s, Loss=0.00316]

Epoch 5/30 | Processing...:   6%|██                                  | 1/17 [00:00<00:01,  9.72it/s]
Epoch 5/30 | Processing...:  12%|████▏                               | 2/17 [00:00<00:01,  8.96it/s]
Epoch 5/30 | Processing...:  18%|██████▎                             | 3/17 [00:00<00:01,  8.90it/s]
Epoch 5/30 | Processing...:  24%|████████▍                           | 4/17 [00:00<00:01,  8.79it/s]
Epoch 5/30 | Processing...:  29%|██████████▌                         | 5/17 [00:00<00:01,  8.80it/s]
Epoch 5/30 | Processing...:  35%|████████████▋                       | 6/17 [00:00<00:01,  8.75it/s]
Epoch 5/30 | Processing...:  41%|██████████████▊                     | 7/17 [00:00<00:01,  8.60it/s]
Epoch 5/30 | Processing...:  47%|████████████████▉                   | 8/17 [00:00<00:01,  8.46it/s]
Epoch 5/30 | Processing...:  53%|███████████████████                 | 9/17 [00:01<00:00,  8.27it/s]
Epoch 5/30 | Processing...:  59%|████████████████████▌              | 10/17 [00:01<00:00,  8.30it/s]
Epoch 5/30 | Processing...:  65%|██████████████████████▋            | 11/17 [00:01<00:00,  8.49it/s]
Epoch 5/30 | Processing...:  71%|████████████████████████▋          | 12/17 [00:01<00:00,  8.62it/s]
Epoch 5/30 | Processing...:  76%|██████████████████████████▊        | 13/17 [00:01<00:00,  8.60it/s]
Epoch 5/30 | Processing...:  82%|████████████████████████████▊      | 14/17 [00:01<00:00,  8.89it/s]
Epoch 5/30 | Processing...:  88%|██████████████████████████████▉    | 15/17 [00:01<00:00,  9.11it/s]
Epoch 5/30 | Processing...:  94%|████████████████████████████████▉  | 16/17 [00:01<00:00,  9.20it/s]
Epoch 5/30 | Processing...: 100%|█████████████████████| 17/17 [00:01<00:00,  9.20it/s, Loss=0.00218]

Epoch 6/30 | Processing...:   0%|                                            | 0/17 [00:00<?, ?it/s][A
Epoch 5/30 | Processing...: 100%|█████████████████████| 17/17 [00:01<00:00,  9.07it/s, Loss=0.00218]


Epoch 6/30 | Processing...:   6%|██                                  | 1/17 [00:00<00:01,  9.68it/s][A

Epoch 6/30 | Processing...:  12%|████▏                               | 2/17 [00:00<00:01,  9.10it/s][A

Epoch 6/30 | Processing...:  18%|██████▎                             | 3/17 [00:00<00:01,  8.84it/s][A

Epoch 6/30 | Processing...:  24%|████████▍                           | 4/17 [00:00<00:01,  8.82it/s][A

Epoch 6/30 | Processing...:  29%|██████████▌                         | 5/17 [00:00<00:01,  8.85it/s][A

Epoch 6/30 | Processing...:  35%|████████████▋                       | 6/17 [00:00<00:01,  8.80it/s][A

Epoch 6/30 | Processing...:  41%|██████████████▊                     | 7/17 [00:00<00:01,  8.76it/s][A

Epoch 6/30 | Processing...:  47%|████████████████▉                   | 8/17 [00:00<00:01,  8.52it/s][A

Epoch 6/30 | Processing...:  53%|███████████████████                 | 9/17 [00:01<00:00,  8.20it/s][A

Epoch 6/30 | Processing...:  59%|████████████████████▌              | 10/17 [00:01<00:00,  8.23it/s][A

Epoch 6/30 | Processing...:  65%|██████████████████████▋            | 11/17 [00:01<00:00,  8.38it/s][A

Epoch 6/30 | Processing...:  71%|████████████████████████▋          | 12/17 [00:01<00:00,  8.41it/s][A

Epoch 6/30 | Processing...:  76%|██████████████████████████▊        | 13/17 [00:01<00:00,  8.54it/s][A

Epoch 6/30 | Processing...:  82%|████████████████████████████▊      | 14/17 [00:01<00:00,  8.78it/s][A

Epoch 6/30 | Processing...:  88%|██████████████████████████████▉    | 15/17 [00:01<00:00,  8.94it/s][A

Epoch 6/30 | Processing...:  94%|████████████████████████████████▉  | 16/17 [00:01<00:00,  9.03it/s][A

Epoch 6/30 | Processing...: 100%|█████████████████████| 17/17 [00:01<00:00,  9.03it/s, Loss=0.00501][A
Epoch 7/30 | Processing...:   0%|                                            | 0/17 [00:00<?, ?it/s]
Epoch 6/30 | Processing...: 100%|█████████████████████| 17/17 [00:01<00:00,  9.00it/s, Loss=0.00501]

Epoch 7/30 | Processing...:   6%|██                                  | 1/17 [00:00<00:01,  9.41it/s]
Epoch 7/30 | Processing...:  12%|████▏                               | 2/17 [00:00<00:01,  8.89it/s]
Epoch 7/30 | Processing...:  18%|██████▎                             | 3/17 [00:00<00:01,  8.72it/s]
Epoch 7/30 | Processing...:  24%|████████▍                           | 4/17 [00:00<00:01,  8.71it/s]
Epoch 7/30 | Processing...:  29%|██████████▌                         | 5/17 [00:00<00:01,  9.10it/s]
Epoch 7/30 | Processing...:  35%|████████████▋                       | 6/17 [00:00<00:01,  8.81it/s]
Epoch 7/30 | Processing...:  41%|██████████████▊                     | 7/17 [00:00<00:01,  8.15it/s]
Epoch 7/30 | Processing...:  47%|████████████████▉                   | 8/17 [00:00<00:01,  7.98it/s]
Epoch 7/30 | Processing...:  53%|███████████████████                 | 9/17 [00:01<00:01,  7.81it/s]
Epoch 7/30 | Processing...:  59%|████████████████████▌              | 10/17 [00:01<00:00,  7.97it/s]
Epoch 7/30 | Processing...:  65%|██████████████████████▋            | 11/17 [00:01<00:00,  8.17it/s]
Epoch 7/30 | Processing...:  71%|████████████████████████▋          | 12/17 [00:01<00:00,  8.18it/s]
Epoch 7/30 | Processing...:  76%|██████████████████████████▊        | 13/17 [00:01<00:00,  8.36it/s]
Epoch 7/30 | Processing...:  82%|████████████████████████████▊      | 14/17 [00:01<00:00,  8.60it/s]
Epoch 7/30 | Processing...:  94%|████████████████████████████████▉  | 16/17 [00:01<00:00,  9.08it/s]
Epoch 7/30 | Processing...: 100%|█████████████████████| 17/17 [00:01<00:00,  9.08it/s, Loss=0.00722]

Epoch 8/30 | Processing...:   0%|                                            | 0/17 [00:00<?, ?it/s][A
Epoch 7/30 | Processing...: 100%|█████████████████████| 17/17 [00:01<00:00,  8.82it/s, Loss=0.00722]


Epoch 8/30 | Processing...:   6%|██                                  | 1/17 [00:00<00:01,  9.71it/s][A

Epoch 8/30 | Processing...:  12%|████▏                               | 2/17 [00:00<00:01,  9.11it/s][A

Epoch 8/30 | Processing...:  18%|██████▎                             | 3/17 [00:00<00:01,  8.85it/s][A

Epoch 8/30 | Processing...:  24%|████████▍                           | 4/17 [00:00<00:01,  8.69it/s][A

Epoch 8/30 | Processing...:  29%|██████████▌                         | 5/17 [00:00<00:01,  8.90it/s][A

Epoch 8/30 | Processing...:  35%|████████████▋                       | 6/17 [00:00<00:01,  8.78it/s][A

Epoch 8/30 | Processing...:  41%|██████████████▊                     | 7/17 [00:00<00:01,  8.62it/s][A

Epoch 8/30 | Processing...:  47%|████████████████▉                   | 8/17 [00:00<00:01,  8.40it/s][A

Epoch 8/30 | Processing...:  53%|███████████████████                 | 9/17 [00:01<00:00,  8.18it/s][A

Epoch 8/30 | Processing...:  59%|████████████████████▌              | 10/17 [00:01<00:00,  8.21it/s][A

Epoch 8/30 | Processing...:  65%|██████████████████████▋            | 11/17 [00:01<00:00,  8.38it/s][A

Epoch 8/30 | Processing...:  71%|████████████████████████▋          | 12/17 [00:01<00:00,  8.62it/s][A

Epoch 8/30 | Processing...:  76%|██████████████████████████▊        | 13/17 [00:01<00:00,  8.69it/s][A

Epoch 8/30 | Processing...:  82%|████████████████████████████▊      | 14/17 [00:01<00:00,  8.89it/s][A

Epoch 8/30 | Processing...:  88%|██████████████████████████████▉    | 15/17 [00:01<00:00,  9.17it/s][A

Epoch 8/30 | Processing...:  94%|████████████████████████████████▉  | 16/17 [00:01<00:00,  9.30it/s][A

Epoch 8/30 | Processing...: 100%|█████████████████████| 17/17 [00:01<00:00,  9.30it/s, Loss=0.00268][A
Epoch 9/30 | Processing...:   0%|                                            | 0/17 [00:00<?, ?it/s]
Epoch 8/30 | Processing...: 100%|█████████████████████| 17/17 [00:01<00:00,  9.07it/s, Loss=0.00268]

Epoch 9/30 | Processing...:   6%|██                                  | 1/17 [00:00<00:01,  9.57it/s]
Epoch 9/30 | Processing...:  12%|████▏                               | 2/17 [00:00<00:01,  9.10it/s]
Epoch 9/30 | Processing...:  18%|██████▎                             | 3/17 [00:00<00:01,  8.84it/s]
Epoch 9/30 | Processing...:  24%|████████▍                           | 4/17 [00:00<00:01,  8.89it/s]
Epoch 9/30 | Processing...:  29%|██████████▌                         | 5/17 [00:00<00:01,  8.64it/s]
Epoch 9/30 | Processing...:  35%|████████████▋                       | 6/17 [00:00<00:01,  8.74it/s]
Epoch 9/30 | Processing...:  41%|██████████████▊                     | 7/17 [00:00<00:01,  8.66it/s]
Epoch 9/30 | Processing...:  47%|████████████████▉                   | 8/17 [00:00<00:01,  8.40it/s]
Epoch 9/30 | Processing...:  53%|███████████████████                 | 9/17 [00:01<00:00,  8.22it/s]
Epoch 9/30 | Processing...:  59%|████████████████████▌              | 10/17 [00:01<00:00,  8.24it/s]
Epoch 9/30 | Processing...:  65%|██████████████████████▋            | 11/17 [00:01<00:00,  8.67it/s]
Epoch 9/30 | Processing...:  71%|████████████████████████▋          | 12/17 [00:01<00:00,  8.51it/s]
Epoch 9/30 | Processing...:  76%|██████████████████████████▊        | 13/17 [00:01<00:00,  8.60it/s]
Epoch 9/30 | Processing...:  82%|████████████████████████████▊      | 14/17 [00:01<00:00,  8.84it/s]
Epoch 9/30 | Processing...:  88%|██████████████████████████████▉    | 15/17 [00:01<00:00,  9.09it/s]
Epoch 9/30 | Processing...: 100%|███████████████████████████████████| 17/17 [00:01<00:00, 10.66it/s]
Epoch 9/30 | Processing...: 100%|████████████████████| 17/17 [00:01<00:00, 10.66it/s, Loss=0.000751]

Epoch 10/30 | Processing...:   0%|                                           | 0/17 [00:00<?, ?it/s][A
Epoch 9/30 | Processing...: 100%|████████████████████| 17/17 [00:01<00:00,  9.09it/s, Loss=0.000751]


Epoch 10/30 | Processing...:  12%|████                               | 2/17 [00:00<00:01,  9.22it/s][A

Epoch 10/30 | Processing...:  18%|██████▏                            | 3/17 [00:00<00:01,  8.98it/s][A

Epoch 10/30 | Processing...:  24%|████████▏                          | 4/17 [00:00<00:01,  8.81it/s][A

Epoch 10/30 | Processing...:  29%|██████████▎                        | 5/17 [00:00<00:01,  8.66it/s][A

Epoch 10/30 | Processing...:  35%|████████████▎                      | 6/17 [00:00<00:01,  8.65it/s][A

Epoch 10/30 | Processing...:  41%|██████████████▍                    | 7/17 [00:00<00:01,  8.60it/s][A

Epoch 10/30 | Processing...:  47%|████████████████▍                  | 8/17 [00:00<00:01,  8.33it/s][A

Epoch 10/30 | Processing...:  53%|██████████████████▌                | 9/17 [00:01<00:00,  8.19it/s][A

Epoch 10/30 | Processing...:  59%|████████████████████              | 10/17 [00:01<00:00,  8.10it/s][A

Epoch 10/30 | Processing...:  65%|██████████████████████            | 11/17 [00:01<00:00,  8.35it/s][A

Epoch 10/30 | Processing...:  71%|████████████████████████          | 12/17 [00:01<00:00,  8.44it/s][A

Epoch 10/30 | Processing...:  76%|██████████████████████████        | 13/17 [00:01<00:00,  8.53it/s][A

Epoch 10/30 | Processing...:  82%|████████████████████████████      | 14/17 [00:01<00:00,  8.75it/s][A

Epoch 10/30 | Processing...:  88%|██████████████████████████████    | 15/17 [00:01<00:00,  8.97it/s][A

Epoch 10/30 | Processing...:  94%|████████████████████████████████  | 16/17 [00:01<00:00,  9.12it/s][A

Epoch 10/30 | Processing...: 100%|██████████████████████| 17/17 [00:01<00:00,  9.12it/s, Loss=0.001][A
Epoch 11/30 | Processing...:   0%|                                           | 0/17 [00:00<?, ?it/s]
Epoch 10/30 | Processing...: 100%|██████████████████████| 17/17 [00:01<00:00,  8.95it/s, Loss=0.001]

Epoch 11/30 | Processing...:   6%|██                                 | 1/17 [00:00<00:01,  9.65it/s]
Epoch 11/30 | Processing...:  12%|████                               | 2/17 [00:00<00:01,  8.88it/s]
Epoch 11/30 | Processing...:  18%|██████▏                            | 3/17 [00:00<00:01,  8.77it/s]
Epoch 11/30 | Processing...:  24%|████████▏                          | 4/17 [00:00<00:01,  8.78it/s]
Epoch 11/30 | Processing...:  29%|██████████▎                        | 5/17 [00:00<00:01,  8.70it/s]
Epoch 11/30 | Processing...:  35%|████████████▎                      | 6/17 [00:00<00:01,  8.69it/s]
Epoch 11/30 | Processing...:  41%|██████████████▍                    | 7/17 [00:00<00:01,  8.71it/s]
Epoch 11/30 | Processing...:  47%|████████████████▍                  | 8/17 [00:00<00:01,  8.47it/s]
Epoch 11/30 | Processing...:  53%|██████████████████▌                | 9/17 [00:01<00:00,  8.27it/s]
Epoch 11/30 | Processing...:  59%|████████████████████              | 10/17 [00:01<00:00,  8.31it/s]
Epoch 11/30 | Processing...:  65%|██████████████████████            | 11/17 [00:01<00:00,  8.58it/s]
Epoch 11/30 | Processing...:  71%|████████████████████████          | 12/17 [00:01<00:00,  8.66it/s]
Epoch 11/30 | Processing...:  76%|██████████████████████████        | 13/17 [00:01<00:00,  8.71it/s]
Epoch 11/30 | Processing...:  82%|████████████████████████████      | 14/17 [00:01<00:00,  8.92it/s]
Epoch 11/30 | Processing...:  88%|██████████████████████████████    | 15/17 [00:01<00:00,  9.20it/s]
Epoch 11/30 | Processing...:  94%|████████████████████████████████  | 16/17 [00:01<00:00,  9.28it/s]
Epoch 11/30 | Processing...: 100%|████████████████████| 17/17 [00:01<00:00,  9.28it/s, Loss=0.00278]

Epoch 12/30 | Processing...:   0%|                                           | 0/17 [00:00<?, ?it/s][A
Epoch 11/30 | Processing...: 100%|████████████████████| 17/17 [00:01<00:00,  9.08it/s, Loss=0.00278]


Epoch 12/30 | Processing...:   6%|██                                 | 1/17 [00:00<00:01,  9.67it/s][A

Epoch 12/30 | Processing...:  12%|████                               | 2/17 [00:00<00:01,  8.87it/s][A

Epoch 12/30 | Processing...:  18%|██████▏                            | 3/17 [00:00<00:01,  8.92it/s][A

Epoch 12/30 | Processing...:  24%|████████▏                          | 4/17 [00:00<00:01,  8.90it/s][A

Epoch 12/30 | Processing...:  29%|██████████▎                        | 5/17 [00:00<00:01,  8.85it/s][A

Epoch 12/30 | Processing...:  35%|████████████▎                      | 6/17 [00:00<00:01,  8.72it/s][A

Epoch 12/30 | Processing...:  41%|██████████████▍                    | 7/17 [00:00<00:01,  8.71it/s][A

Epoch 12/30 | Processing...:  47%|████████████████▍                  | 8/17 [00:00<00:01,  8.48it/s][A

Epoch 12/30 | Processing...:  53%|██████████████████▌                | 9/17 [00:01<00:00,  8.30it/s][A

Epoch 12/30 | Processing...:  59%|████████████████████              | 10/17 [00:01<00:00,  8.35it/s][A

Epoch 12/30 | Processing...:  65%|██████████████████████            | 11/17 [00:01<00:00,  8.57it/s][A

Epoch 12/30 | Processing...:  71%|████████████████████████          | 12/17 [00:01<00:00,  8.65it/s][A

Epoch 12/30 | Processing...:  76%|██████████████████████████        | 13/17 [00:01<00:00,  8.73it/s][A

Epoch 12/30 | Processing...:  82%|████████████████████████████      | 14/17 [00:01<00:00,  8.95it/s][A

Epoch 12/30 | Processing...:  88%|██████████████████████████████    | 15/17 [00:01<00:00,  9.18it/s][A

Epoch 12/30 | Processing...:  94%|████████████████████████████████  | 16/17 [00:01<00:00,  9.27it/s][A

Epoch 12/30 | Processing...: 100%|███████████████████| 17/17 [00:01<00:00,  9.27it/s, Loss=0.000346][A
Epoch 13/30 | Processing...:   0%|                                           | 0/17 [00:00<?, ?it/s]
Epoch 12/30 | Processing...: 100%|███████████████████| 17/17 [00:01<00:00,  9.11it/s, Loss=0.000346]

Epoch 13/30 | Processing...:   6%|██                                 | 1/17 [00:00<00:01,  9.75it/s]
Epoch 13/30 | Processing...:  12%|████                               | 2/17 [00:00<00:01,  9.00it/s]
Epoch 13/30 | Processing...:  18%|██████▏                            | 3/17 [00:00<00:01,  8.84it/s]
Epoch 13/30 | Processing...:  24%|████████▏                          | 4/17 [00:00<00:01,  8.83it/s]
Epoch 13/30 | Processing...:  29%|██████████▎                        | 5/17 [00:00<00:01,  8.82it/s]
Epoch 13/30 | Processing...:  35%|████████████▎                      | 6/17 [00:00<00:01,  8.71it/s]
Epoch 13/30 | Processing...:  41%|██████████████▍                    | 7/17 [00:00<00:01,  8.67it/s]
Epoch 13/30 | Processing...:  47%|████████████████▍                  | 8/17 [00:00<00:01,  8.50it/s]
Epoch 13/30 | Processing...:  53%|██████████████████▌                | 9/17 [00:01<00:00,  8.29it/s]
Epoch 13/30 | Processing...:  59%|████████████████████              | 10/17 [00:01<00:00,  8.30it/s]
Epoch 13/30 | Processing...:  65%|██████████████████████            | 11/17 [00:01<00:00,  8.57it/s]
Epoch 13/30 | Processing...:  71%|████████████████████████          | 12/17 [00:01<00:00,  8.63it/s]
Epoch 13/30 | Processing...:  76%|██████████████████████████        | 13/17 [00:01<00:00,  8.77it/s]
Epoch 13/30 | Processing...:  82%|████████████████████████████      | 14/17 [00:01<00:00,  8.97it/s]
Epoch 13/30 | Processing...:  88%|██████████████████████████████    | 15/17 [00:01<00:00,  9.14it/s]
Epoch 13/30 | Processing...:  94%|████████████████████████████████  | 16/17 [00:01<00:00,  9.29it/s]
Epoch 13/30 | Processing...: 100%|████████████████████| 17/17 [00:01<00:00,  9.29it/s, Loss=4.39e-5]

Epoch 14/30 | Processing...:   0%|                                           | 0/17 [00:00<?, ?it/s][A
Epoch 13/30 | Processing...: 100%|████████████████████| 17/17 [00:01<00:00,  9.11it/s, Loss=4.39e-5]


Epoch 14/30 | Processing...:   6%|██                                 | 1/17 [00:00<00:01,  9.90it/s][A

Epoch 14/30 | Processing...:  12%|████                               | 2/17 [00:00<00:01,  8.98it/s][A

Epoch 14/30 | Processing...:  18%|██████▏                            | 3/17 [00:00<00:01,  8.85it/s][A

Epoch 14/30 | Processing...:  24%|████████▏                          | 4/17 [00:00<00:01,  8.84it/s][A

Epoch 14/30 | Processing...:  29%|██████████▎                        | 5/17 [00:00<00:01,  8.83it/s][A

Epoch 14/30 | Processing...:  35%|████████████▎                      | 6/17 [00:00<00:01,  8.75it/s][A

Epoch 14/30 | Processing...:  41%|██████████████▍                    | 7/17 [00:00<00:01,  8.66it/s][A

Epoch 14/30 | Processing...:  47%|████████████████▍                  | 8/17 [00:00<00:01,  8.49it/s][A

Epoch 14/30 | Processing...:  53%|██████████████████▌                | 9/17 [00:01<00:00,  8.30it/s][A

Epoch 14/30 | Processing...:  59%|████████████████████              | 10/17 [00:01<00:00,  8.32it/s][A

Epoch 14/30 | Processing...:  65%|██████████████████████            | 11/17 [00:01<00:00,  8.54it/s][A

Epoch 14/30 | Processing...:  71%|████████████████████████          | 12/17 [00:01<00:00,  8.57it/s][A

Epoch 14/30 | Processing...:  76%|██████████████████████████        | 13/17 [00:01<00:00,  8.71it/s][A

Epoch 14/30 | Processing...:  82%|████████████████████████████      | 14/17 [00:01<00:00,  8.93it/s][A

Epoch 14/30 | Processing...:  88%|██████████████████████████████    | 15/17 [00:01<00:00,  9.15it/s][A

Epoch 14/30 | Processing...:  94%|████████████████████████████████  | 16/17 [00:01<00:00,  9.28it/s][A

Epoch 14/30 | Processing...: 100%|████████████████████| 17/17 [00:01<00:00,  9.28it/s, Loss=0.00136][A
Epoch 15/30 | Processing...:   0%|                                           | 0/17 [00:00<?, ?it/s]
Epoch 14/30 | Processing...: 100%|████████████████████| 17/17 [00:01<00:00,  9.10it/s, Loss=0.00136]

Epoch 15/30 | Processing...:   6%|██                                 | 1/17 [00:00<00:01,  8.74it/s]
Epoch 15/30 | Processing...:  12%|████                               | 2/17 [00:00<00:01,  8.68it/s]
Epoch 15/30 | Processing...:  18%|██████▏                            | 3/17 [00:00<00:01,  8.57it/s]
Epoch 15/30 | Processing...:  24%|████████▏                          | 4/17 [00:00<00:01,  8.60it/s]
Epoch 15/30 | Processing...:  29%|██████████▎                        | 5/17 [00:00<00:01,  8.72it/s]
Epoch 15/30 | Processing...:  35%|████████████▎                      | 6/17 [00:00<00:01,  8.74it/s]
Epoch 15/30 | Processing...:  41%|██████████████▍                    | 7/17 [00:00<00:01,  8.64it/s]
Epoch 15/30 | Processing...:  47%|████████████████▍                  | 8/17 [00:00<00:01,  8.45it/s]
Epoch 15/30 | Processing...:  53%|██████████████████▌                | 9/17 [00:01<00:00,  8.31it/s]
Epoch 15/30 | Processing...:  59%|████████████████████              | 10/17 [00:01<00:00,  8.36it/s]
Epoch 15/30 | Processing...:  65%|██████████████████████            | 11/17 [00:01<00:00,  8.57it/s]
Epoch 15/30 | Processing...:  71%|████████████████████████          | 12/17 [00:01<00:00,  8.64it/s]
Epoch 15/30 | Processing...:  76%|██████████████████████████        | 13/17 [00:01<00:00,  8.74it/s]
Epoch 15/30 | Processing...:  82%|████████████████████████████      | 14/17 [00:01<00:00,  8.95it/s]
Epoch 15/30 | Processing...:  88%|██████████████████████████████    | 15/17 [00:01<00:00,  9.18it/s]
Epoch 15/30 | Processing...:  94%|████████████████████████████████  | 16/17 [00:01<00:00,  9.38it/s]
Epoch 15/30 | Processing...: 100%|█████████████████████| 17/17 [00:01<00:00,  9.38it/s, Loss=0.0015]

Epoch 16/30 | Processing...:   0%|                                           | 0/17 [00:00<?, ?it/s][A
Epoch 15/30 | Processing...: 100%|█████████████████████| 17/17 [00:01<00:00,  9.06it/s, Loss=0.0015]


Epoch 16/30 | Processing...:   6%|██                                 | 1/17 [00:00<00:01,  9.70it/s][A

Epoch 16/30 | Processing...:  12%|████                               | 2/17 [00:00<00:01,  9.03it/s][A

Epoch 16/30 | Processing...:  18%|██████▏                            | 3/17 [00:00<00:01,  8.85it/s][A

Epoch 16/30 | Processing...:  24%|████████▏                          | 4/17 [00:00<00:01,  8.83it/s][A

Epoch 16/30 | Processing...:  29%|██████████▎                        | 5/17 [00:00<00:01,  8.84it/s][A

Epoch 16/30 | Processing...:  35%|████████████▎                      | 6/17 [00:00<00:01,  8.76it/s][A

Epoch 16/30 | Processing...:  41%|██████████████▍                    | 7/17 [00:00<00:01,  8.68it/s][A

Epoch 16/30 | Processing...:  47%|████████████████▍                  | 8/17 [00:00<00:01,  8.51it/s][A

Epoch 16/30 | Processing...:  53%|██████████████████▌                | 9/17 [00:01<00:00,  8.18it/s][A

Epoch 16/30 | Processing...:  59%|████████████████████              | 10/17 [00:01<00:00,  8.27it/s][A

Epoch 16/30 | Processing...:  65%|██████████████████████            | 11/17 [00:01<00:00,  8.51it/s][A

Epoch 16/30 | Processing...:  71%|████████████████████████          | 12/17 [00:01<00:00,  8.54it/s][A

Epoch 16/30 | Processing...:  76%|██████████████████████████        | 13/17 [00:01<00:00,  8.62it/s][A

Epoch 16/30 | Processing...:  82%|████████████████████████████      | 14/17 [00:01<00:00,  8.85it/s][A

Epoch 16/30 | Processing...:  88%|██████████████████████████████    | 15/17 [00:01<00:00,  9.00it/s][A

Epoch 16/30 | Processing...:  94%|████████████████████████████████  | 16/17 [00:01<00:00,  9.06it/s][A

Epoch 16/30 | Processing...: 100%|███████████████████| 17/17 [00:01<00:00,  9.06it/s, Loss=0.000136][A
Epoch 17/30 | Processing...:   0%|                                           | 0/17 [00:00<?, ?it/s]
Epoch 16/30 | Processing...: 100%|███████████████████| 17/17 [00:01<00:00,  9.02it/s, Loss=0.000136]

Epoch 17/30 | Processing...:   6%|██                                 | 1/17 [00:00<00:01,  9.62it/s]
Epoch 17/30 | Processing...:  12%|████                               | 2/17 [00:00<00:01,  8.92it/s]
Epoch 17/30 | Processing...:  18%|██████▏                            | 3/17 [00:00<00:02,  6.56it/s]
Epoch 17/30 | Processing...:  24%|████████▏                          | 4/17 [00:00<00:01,  7.40it/s]
Epoch 17/30 | Processing...:  29%|██████████▎                        | 5/17 [00:00<00:01,  7.73it/s]
Epoch 17/30 | Processing...:  35%|████████████▎                      | 6/17 [00:00<00:01,  7.92it/s]
Epoch 17/30 | Processing...:  41%|██████████████▍                    | 7/17 [00:00<00:01,  8.08it/s]
Epoch 17/30 | Processing...:  47%|████████████████▍                  | 8/17 [00:01<00:01,  7.99it/s]
Epoch 17/30 | Processing...:  53%|██████████████████▌                | 9/17 [00:01<00:01,  7.88it/s]
Epoch 17/30 | Processing...:  59%|████████████████████              | 10/17 [00:01<00:00,  7.95it/s]
Epoch 17/30 | Processing...:  65%|██████████████████████            | 11/17 [00:01<00:00,  8.22it/s]
Epoch 17/30 | Processing...:  71%|████████████████████████          | 12/17 [00:01<00:00,  8.28it/s]
Epoch 17/30 | Processing...:  76%|██████████████████████████        | 13/17 [00:01<00:00,  8.44it/s]
Epoch 17/30 | Processing...:  82%|████████████████████████████      | 14/17 [00:01<00:00,  8.71it/s]
Epoch 17/30 | Processing...:  88%|██████████████████████████████    | 15/17 [00:01<00:00,  8.82it/s]
Epoch 17/30 | Processing...:  94%|████████████████████████████████  | 16/17 [00:01<00:00,  8.91it/s]
Epoch 17/30 | Processing...: 100%|████████████████████| 17/17 [00:01<00:00,  8.91it/s, Loss=1.05e-5]

Epoch 18/30 | Processing...:   0%|                                           | 0/17 [00:00<?, ?it/s][A
Epoch 17/30 | Processing...: 100%|████████████████████| 17/17 [00:01<00:00,  8.51it/s, Loss=1.05e-5]


Epoch 18/30 | Processing...:  12%|████                               | 2/17 [00:00<00:01,  9.64it/s][A

Epoch 18/30 | Processing...:  18%|██████▏                            | 3/17 [00:00<00:01,  9.32it/s][A

Epoch 18/30 | Processing...:  24%|████████▏                          | 4/17 [00:00<00:01,  9.14it/s][A

Epoch 18/30 | Processing...:  29%|██████████▎                        | 5/17 [00:00<00:01,  9.01it/s][A

Epoch 18/30 | Processing...:  35%|████████████▎                      | 6/17 [00:00<00:01,  8.93it/s][A

Epoch 18/30 | Processing...:  41%|██████████████▍                    | 7/17 [00:00<00:01,  8.77it/s][A

Epoch 18/30 | Processing...:  47%|████████████████▍                  | 8/17 [00:00<00:01,  8.50it/s][A

Epoch 18/30 | Processing...:  53%|██████████████████▌                | 9/17 [00:01<00:00,  8.32it/s][A

Epoch 18/30 | Processing...:  59%|████████████████████              | 10/17 [00:01<00:00,  8.38it/s][A

Epoch 18/30 | Processing...:  65%|██████████████████████            | 11/17 [00:01<00:00,  8.62it/s][A

Epoch 18/30 | Processing...:  71%|████████████████████████          | 12/17 [00:01<00:00,  8.66it/s][A

Epoch 18/30 | Processing...:  76%|██████████████████████████        | 13/17 [00:01<00:00,  8.77it/s][A

Epoch 18/30 | Processing...:  82%|████████████████████████████      | 14/17 [00:01<00:00,  9.00it/s][A

Epoch 18/30 | Processing...:  88%|██████████████████████████████    | 15/17 [00:01<00:00,  9.25it/s][A

Epoch 18/30 | Processing...:  94%|████████████████████████████████  | 16/17 [00:01<00:00,  9.42it/s][A

Epoch 18/30 | Processing...: 100%|███████████████████| 17/17 [00:01<00:00,  9.42it/s, Loss=0.000236][A
Epoch 19/30 | Processing...:   0%|                                           | 0/17 [00:00<?, ?it/s]
Epoch 18/30 | Processing...: 100%|███████████████████| 17/17 [00:01<00:00,  9.21it/s, Loss=0.000236]

Epoch 19/30 | Processing...:  12%|████                               | 2/17 [00:00<00:01,  9.97it/s]
Epoch 19/30 | Processing...:  18%|██████▏                            | 3/17 [00:00<00:01,  9.42it/s]
Epoch 19/30 | Processing...:  24%|████████▏                          | 4/17 [00:00<00:01,  9.13it/s]
Epoch 19/30 | Processing...:  29%|██████████▎                        | 5/17 [00:00<00:01,  9.07it/s]
Epoch 19/30 | Processing...:  35%|████████████▎                      | 6/17 [00:00<00:01,  8.95it/s]
Epoch 19/30 | Processing...:  41%|██████████████▍                    | 7/17 [00:00<00:01,  8.79it/s]
Epoch 19/30 | Processing...:  47%|████████████████▍                  | 8/17 [00:00<00:01,  8.63it/s]
Epoch 19/30 | Processing...:  53%|██████████████████▌                | 9/17 [00:01<00:00,  8.35it/s]
Epoch 19/30 | Processing...:  59%|████████████████████              | 10/17 [00:01<00:00,  8.37it/s]
Epoch 19/30 | Processing...:  65%|██████████████████████            | 11/17 [00:01<00:00,  8.61it/s]
Epoch 19/30 | Processing...:  71%|████████████████████████          | 12/17 [00:01<00:00,  8.68it/s]
Epoch 19/30 | Processing...:  76%|██████████████████████████        | 13/17 [00:01<00:00,  8.81it/s]
Epoch 19/30 | Processing...:  82%|████████████████████████████      | 14/17 [00:01<00:00,  8.99it/s]
Epoch 19/30 | Processing...:  88%|██████████████████████████████    | 15/17 [00:01<00:00,  9.26it/s]
Epoch 19/30 | Processing...:  94%|████████████████████████████████  | 16/17 [00:01<00:00,  9.40it/s]
Epoch 19/30 | Processing...: 100%|███████████████████| 17/17 [00:01<00:00,  9.40it/s, Loss=0.000175]

Epoch 20/30 | Processing...:   0%|                                           | 0/17 [00:00<?, ?it/s][A
Epoch 19/30 | Processing...: 100%|███████████████████| 17/17 [00:01<00:00,  9.24it/s, Loss=0.000175]


Epoch 20/30 | Processing...:  12%|████                               | 2/17 [00:00<00:01,  9.91it/s][A

Epoch 20/30 | Processing...:  18%|██████▏                            | 3/17 [00:00<00:01,  9.37it/s][A

Epoch 20/30 | Processing...:  24%|████████▏                          | 4/17 [00:00<00:01,  9.11it/s][A

Epoch 20/30 | Processing...:  29%|██████████▎                        | 5/17 [00:00<00:01,  8.98it/s][A

Epoch 20/30 | Processing...:  35%|████████████▎                      | 6/17 [00:00<00:01,  8.91it/s][A

Epoch 20/30 | Processing...:  41%|██████████████▍                    | 7/17 [00:00<00:01,  8.81it/s][A

Epoch 20/30 | Processing...:  47%|████████████████▍                  | 8/17 [00:00<00:01,  8.56it/s][A

Epoch 20/30 | Processing...:  53%|██████████████████▌                | 9/17 [00:01<00:00,  8.36it/s][A

Epoch 20/30 | Processing...:  59%|████████████████████              | 10/17 [00:01<00:00,  8.38it/s][A

Epoch 20/30 | Processing...:  65%|██████████████████████            | 11/17 [00:01<00:00,  8.59it/s][A

Epoch 20/30 | Processing...:  71%|████████████████████████          | 12/17 [00:01<00:00,  8.66it/s][A

Epoch 20/30 | Processing...:  76%|██████████████████████████        | 13/17 [00:01<00:00,  8.21it/s][A

Epoch 20/30 | Processing...:  82%|████████████████████████████      | 14/17 [00:01<00:00,  8.56it/s][A

Epoch 20/30 | Processing...:  88%|██████████████████████████████    | 15/17 [00:01<00:00,  8.87it/s][A

Epoch 20/30 | Processing...:  94%|████████████████████████████████  | 16/17 [00:01<00:00,  8.99it/s][A

Epoch 20/30 | Processing...: 100%|███████████████████| 17/17 [00:01<00:00,  8.99it/s, Loss=0.000108][A
Epoch 21/30 | Processing...:   0%|                                           | 0/17 [00:00<?, ?it/s]
Epoch 20/30 | Processing...: 100%|███████████████████| 17/17 [00:01<00:00,  9.07it/s, Loss=0.000108]

Epoch 21/30 | Processing...:   6%|██                                 | 1/17 [00:00<00:01,  9.77it/s]
Epoch 21/30 | Processing...:  12%|████                               | 2/17 [00:00<00:01,  9.15it/s]
Epoch 21/30 | Processing...:  18%|██████▏                            | 3/17 [00:00<00:01,  8.88it/s]
Epoch 21/30 | Processing...:  24%|████████▏                          | 4/17 [00:00<00:01,  8.88it/s]
Epoch 21/30 | Processing...:  29%|██████████▎                        | 5/17 [00:00<00:01,  8.83it/s]
Epoch 21/30 | Processing...:  35%|████████████▎                      | 6/17 [00:00<00:01,  8.82it/s]
Epoch 21/30 | Processing...:  41%|██████████████▍                    | 7/17 [00:00<00:01,  8.78it/s]
Epoch 21/30 | Processing...:  47%|████████████████▍                  | 8/17 [00:00<00:01,  8.58it/s]
Epoch 21/30 | Processing...:  53%|██████████████████▌                | 9/17 [00:01<00:00,  8.30it/s]
Epoch 21/30 | Processing...:  59%|████████████████████              | 10/17 [00:01<00:00,  8.30it/s]
Epoch 21/30 | Processing...:  65%|██████████████████████            | 11/17 [00:01<00:00,  8.50it/s]
Epoch 21/30 | Processing...:  76%|██████████████████████████        | 13/17 [00:01<00:00,  8.90it/s]
Epoch 21/30 | Processing...:  82%|████████████████████████████      | 14/17 [00:01<00:00,  8.95it/s]
Epoch 21/30 | Processing...:  88%|██████████████████████████████    | 15/17 [00:01<00:00,  9.16it/s]
Epoch 21/30 | Processing...:  94%|████████████████████████████████  | 16/17 [00:01<00:00,  9.23it/s]
Epoch 21/30 | Processing...: 100%|███████████████████| 17/17 [00:01<00:00,  9.23it/s, Loss=0.000361]

Epoch 22/30 | Processing...:   0%|                                           | 0/17 [00:00<?, ?it/s][A
Epoch 21/30 | Processing...: 100%|███████████████████| 17/17 [00:01<00:00,  9.15it/s, Loss=0.000361]


Epoch 22/30 | Processing...:   6%|██                                 | 1/17 [00:00<00:01,  9.61it/s][A

Epoch 22/30 | Processing...:  12%|████                               | 2/17 [00:00<00:01,  9.14it/s][A

Epoch 22/30 | Processing...:  18%|██████▏                            | 3/17 [00:00<00:01,  8.84it/s][A

Epoch 22/30 | Processing...:  24%|████████▏                          | 4/17 [00:00<00:01,  8.86it/s][A

Epoch 22/30 | Processing...:  29%|██████████▎                        | 5/17 [00:00<00:01,  8.87it/s][A

Epoch 22/30 | Processing...:  35%|████████████▎                      | 6/17 [00:00<00:01,  8.89it/s][A

Epoch 22/30 | Processing...:  41%|██████████████▍                    | 7/17 [00:00<00:01,  8.73it/s][A

Epoch 22/30 | Processing...:  47%|████████████████▍                  | 8/17 [00:00<00:01,  8.51it/s][A

Epoch 22/30 | Processing...:  53%|██████████████████▌                | 9/17 [00:01<00:00,  8.29it/s][A

Epoch 22/30 | Processing...:  59%|████████████████████              | 10/17 [00:01<00:00,  8.30it/s][A

Epoch 22/30 | Processing...:  65%|██████████████████████            | 11/17 [00:01<00:00,  8.57it/s][A

Epoch 22/30 | Processing...:  71%|████████████████████████          | 12/17 [00:01<00:00,  8.63it/s][A

Epoch 22/30 | Processing...:  76%|██████████████████████████        | 13/17 [00:01<00:00,  8.74it/s][A

Epoch 22/30 | Processing...:  82%|████████████████████████████      | 14/17 [00:01<00:00,  8.95it/s][A

Epoch 22/30 | Processing...:  88%|██████████████████████████████    | 15/17 [00:01<00:00,  9.12it/s][A

Epoch 22/30 | Processing...:  94%|████████████████████████████████  | 16/17 [00:01<00:00,  9.20it/s][A

Epoch 22/30 | Processing...: 100%|████████████████████| 17/17 [00:01<00:00,  9.20it/s, Loss=3.16e-6][A
Epoch 23/30 | Processing...:   0%|                                           | 0/17 [00:00<?, ?it/s]
Epoch 22/30 | Processing...: 100%|████████████████████| 17/17 [00:01<00:00,  9.11it/s, Loss=3.16e-6]

Epoch 23/30 | Processing...:   6%|██                                 | 1/17 [00:00<00:01,  9.29it/s]
Epoch 23/30 | Processing...:  12%|████                               | 2/17 [00:00<00:01,  8.93it/s]
Epoch 23/30 | Processing...:  18%|██████▏                            | 3/17 [00:00<00:01,  8.74it/s]
Epoch 23/30 | Processing...:  24%|████████▏                          | 4/17 [00:00<00:01,  8.73it/s]
Epoch 23/30 | Processing...:  29%|██████████▎                        | 5/17 [00:00<00:01,  8.68it/s]
Epoch 23/30 | Processing...:  35%|████████████▎                      | 6/17 [00:00<00:01,  8.62it/s]
Epoch 23/30 | Processing...:  41%|██████████████▍                    | 7/17 [00:00<00:01,  8.61it/s]
Epoch 23/30 | Processing...:  47%|████████████████▍                  | 8/17 [00:00<00:01,  8.49it/s]
Epoch 23/30 | Processing...:  53%|██████████████████▌                | 9/17 [00:01<00:00,  8.25it/s]
Epoch 23/30 | Processing...:  59%|████████████████████              | 10/17 [00:01<00:00,  8.32it/s]
Epoch 23/30 | Processing...:  65%|██████████████████████            | 11/17 [00:01<00:00,  8.45it/s]
Epoch 23/30 | Processing...:  71%|████████████████████████          | 12/17 [00:01<00:00,  8.59it/s]
Epoch 23/30 | Processing...:  76%|██████████████████████████        | 13/17 [00:01<00:00,  8.68it/s]
Epoch 23/30 | Processing...:  82%|████████████████████████████      | 14/17 [00:01<00:00,  8.87it/s]
Epoch 23/30 | Processing...:  88%|██████████████████████████████    | 15/17 [00:01<00:00,  9.10it/s]
Epoch 23/30 | Processing...:  94%|████████████████████████████████  | 16/17 [00:01<00:00,  9.19it/s]
Epoch 23/30 | Processing...: 100%|███████████████████| 17/17 [00:01<00:00,  9.19it/s, Loss=0.000129]

Epoch 24/30 | Processing...:   0%|                                           | 0/17 [00:00<?, ?it/s][A
Epoch 23/30 | Processing...: 100%|███████████████████| 17/17 [00:01<00:00,  9.03it/s, Loss=0.000129]


Epoch 24/30 | Processing...:   6%|██                                 | 1/17 [00:00<00:01,  9.74it/s][A

Epoch 24/30 | Processing...:  12%|████                               | 2/17 [00:00<00:01,  9.06it/s][A

Epoch 24/30 | Processing...:  18%|██████▏                            | 3/17 [00:00<00:01,  8.97it/s][A

Epoch 24/30 | Processing...:  24%|████████▏                          | 4/17 [00:00<00:01,  8.83it/s][A

Epoch 24/30 | Processing...:  29%|██████████▎                        | 5/17 [00:00<00:01,  8.87it/s][A

Epoch 24/30 | Processing...:  35%|████████████▎                      | 6/17 [00:00<00:01,  8.83it/s][A

Epoch 24/30 | Processing...:  41%|██████████████▍                    | 7/17 [00:00<00:01,  8.75it/s][A

Epoch 24/30 | Processing...:  47%|████████████████▍                  | 8/17 [00:00<00:01,  8.50it/s][A

Epoch 24/30 | Processing...:  53%|██████████████████▌                | 9/17 [00:01<00:00,  8.31it/s][A

Epoch 24/30 | Processing...:  59%|████████████████████              | 10/17 [00:01<00:00,  8.32it/s][A

Epoch 24/30 | Processing...:  65%|██████████████████████            | 11/17 [00:01<00:00,  8.54it/s][A

Epoch 24/30 | Processing...:  71%|████████████████████████          | 12/17 [00:01<00:00,  8.61it/s][A

Epoch 24/30 | Processing...:  76%|██████████████████████████        | 13/17 [00:01<00:00,  8.65it/s][A

Epoch 24/30 | Processing...:  82%|████████████████████████████      | 14/17 [00:01<00:00,  8.97it/s][A

Epoch 24/30 | Processing...:  88%|██████████████████████████████    | 15/17 [00:01<00:00,  9.20it/s][A

Epoch 24/30 | Processing...:  94%|████████████████████████████████  | 16/17 [00:01<00:00,  9.24it/s][A

Epoch 24/30 | Processing...: 100%|███████████████████| 17/17 [00:01<00:00,  9.24it/s, Loss=0.000216][A
Epoch 25/30 | Processing...:   0%|                                           | 0/17 [00:00<?, ?it/s]
Epoch 24/30 | Processing...: 100%|███████████████████| 17/17 [00:01<00:00,  9.12it/s, Loss=0.000216]

Epoch 25/30 | Processing...:   6%|██                                 | 1/17 [00:00<00:01,  9.59it/s]
Epoch 25/30 | Processing...:  12%|████                               | 2/17 [00:00<00:01,  9.10it/s]
Epoch 25/30 | Processing...:  18%|██████▏                            | 3/17 [00:00<00:01,  8.86it/s]
Epoch 25/30 | Processing...:  24%|████████▏                          | 4/17 [00:00<00:01,  8.85it/s]
Epoch 25/30 | Processing...:  29%|██████████▎                        | 5/17 [00:00<00:01,  8.85it/s]
Epoch 25/30 | Processing...:  35%|████████████▎                      | 6/17 [00:00<00:01,  8.79it/s]
Epoch 25/30 | Processing...:  41%|██████████████▍                    | 7/17 [00:00<00:01,  8.69it/s]
Epoch 25/30 | Processing...:  47%|████████████████▍                  | 8/17 [00:00<00:01,  8.52it/s]
Epoch 25/30 | Processing...:  53%|██████████████████▌                | 9/17 [00:01<00:00,  8.24it/s]
Epoch 25/30 | Processing...:  59%|████████████████████              | 10/17 [00:01<00:00,  8.34it/s]
Epoch 25/30 | Processing...:  65%|██████████████████████            | 11/17 [00:01<00:00,  8.49it/s]
Epoch 25/30 | Processing...:  71%|████████████████████████          | 12/17 [00:01<00:00,  8.63it/s]
Epoch 25/30 | Processing...:  76%|██████████████████████████        | 13/17 [00:01<00:00,  8.74it/s]
Epoch 25/30 | Processing...:  82%|████████████████████████████      | 14/17 [00:01<00:00,  8.91it/s]
Epoch 25/30 | Processing...:  88%|██████████████████████████████    | 15/17 [00:01<00:00,  9.12it/s]
Epoch 25/30 | Processing...:  94%|████████████████████████████████  | 16/17 [00:01<00:00,  9.21it/s]
Epoch 25/30 | Processing...: 100%|████████████████████| 17/17 [00:01<00:00,  9.21it/s, Loss=0.00156]

Epoch 26/30 | Processing...:   0%|                                           | 0/17 [00:00<?, ?it/s][A
Epoch 25/30 | Processing...: 100%|████████████████████| 17/17 [00:01<00:00,  9.10it/s, Loss=0.00156]


Epoch 26/30 | Processing...:   6%|██                                 | 1/17 [00:00<00:01,  9.62it/s][A

Epoch 26/30 | Processing...:  12%|████                               | 2/17 [00:00<00:01,  9.02it/s][A

Epoch 26/30 | Processing...:  18%|██████▏                            | 3/17 [00:00<00:01,  8.85it/s][A

Epoch 26/30 | Processing...:  24%|████████▏                          | 4/17 [00:00<00:01,  8.85it/s][A

Epoch 26/30 | Processing...:  29%|██████████▎                        | 5/17 [00:00<00:01,  8.89it/s][A

Epoch 26/30 | Processing...:  35%|████████████▎                      | 6/17 [00:00<00:01,  8.89it/s][A

Epoch 26/30 | Processing...:  41%|██████████████▍                    | 7/17 [00:00<00:01,  8.73it/s][A

Epoch 26/30 | Processing...:  47%|████████████████▍                  | 8/17 [00:00<00:01,  8.51it/s][A

Epoch 26/30 | Processing...:  53%|██████████████████▌                | 9/17 [00:01<00:00,  8.28it/s][A

Epoch 26/30 | Processing...:  59%|████████████████████              | 10/17 [00:01<00:00,  8.32it/s][A

Epoch 26/30 | Processing...:  65%|██████████████████████            | 11/17 [00:01<00:00,  8.47it/s][A

Epoch 26/30 | Processing...:  76%|██████████████████████████        | 13/17 [00:01<00:00,  9.01it/s][A

Epoch 26/30 | Processing...:  82%|████████████████████████████      | 14/17 [00:01<00:00,  9.14it/s][A

Epoch 26/30 | Processing...:  88%|██████████████████████████████    | 15/17 [00:01<00:00,  9.32it/s][A

Epoch 26/30 | Processing...:  94%|████████████████████████████████  | 16/17 [00:01<00:00,  9.41it/s][A

Epoch 26/30 | Processing...: 100%|████████████████████| 17/17 [00:01<00:00,  9.41it/s, Loss=1.94e-5][A
Epoch 27/30 | Processing...:   0%|                                           | 0/17 [00:00<?, ?it/s]
Epoch 26/30 | Processing...: 100%|████████████████████| 17/17 [00:01<00:00,  9.21it/s, Loss=1.94e-5]

Epoch 27/30 | Processing...:   6%|██                                 | 1/17 [00:00<00:01,  9.95it/s]
Epoch 27/30 | Processing...:  12%|████                               | 2/17 [00:00<00:01,  9.23it/s]
Epoch 27/30 | Processing...:  18%|██████▏                            | 3/17 [00:00<00:01,  9.07it/s]
Epoch 27/30 | Processing...:  24%|████████▏                          | 4/17 [00:00<00:01,  8.94it/s]
Epoch 27/30 | Processing...:  29%|██████████▎                        | 5/17 [00:00<00:01,  8.87it/s]
Epoch 27/30 | Processing...:  35%|████████████▎                      | 6/17 [00:00<00:01,  8.85it/s]
Epoch 27/30 | Processing...:  41%|██████████████▍                    | 7/17 [00:00<00:01,  8.69it/s]
Epoch 27/30 | Processing...:  47%|████████████████▍                  | 8/17 [00:00<00:01,  8.49it/s]
Epoch 27/30 | Processing...:  53%|██████████████████▌                | 9/17 [00:01<00:00,  8.27it/s]
Epoch 27/30 | Processing...:  59%|████████████████████              | 10/17 [00:01<00:00,  8.11it/s]
Epoch 27/30 | Processing...:  65%|██████████████████████            | 11/17 [00:01<00:00,  8.48it/s]
Epoch 27/30 | Processing...:  71%|████████████████████████          | 12/17 [00:01<00:00,  8.63it/s]
Epoch 27/30 | Processing...:  76%|██████████████████████████        | 13/17 [00:01<00:00,  8.71it/s]
Epoch 27/30 | Processing...:  82%|████████████████████████████      | 14/17 [00:01<00:00,  8.88it/s]
Epoch 27/30 | Processing...:  88%|██████████████████████████████    | 15/17 [00:01<00:00,  9.19it/s]
Epoch 27/30 | Processing...:  94%|████████████████████████████████  | 16/17 [00:01<00:00,  9.38it/s]
Epoch 27/30 | Processing...: 100%|████████████████████| 17/17 [00:01<00:00,  9.38it/s, Loss=7.59e-5]

Epoch 28/30 | Processing...:   0%|                                           | 0/17 [00:00<?, ?it/s][A
Epoch 27/30 | Processing...: 100%|████████████████████| 17/17 [00:01<00:00,  9.13it/s, Loss=7.59e-5]


Epoch 28/30 | Processing...:   6%|██                                 | 1/17 [00:00<00:01,  9.62it/s][A

Epoch 28/30 | Processing...:  12%|████                               | 2/17 [00:00<00:01,  9.06it/s][A

Epoch 28/30 | Processing...:  18%|██████▏                            | 3/17 [00:00<00:01,  8.94it/s][A

Epoch 28/30 | Processing...:  24%|████████▏                          | 4/17 [00:00<00:01,  8.90it/s][A

Epoch 28/30 | Processing...:  29%|██████████▎                        | 5/17 [00:00<00:01,  8.73it/s][A

Epoch 28/30 | Processing...:  35%|████████████▎                      | 6/17 [00:00<00:01,  8.76it/s][A

Epoch 28/30 | Processing...:  41%|██████████████▍                    | 7/17 [00:00<00:01,  8.74it/s][A

Epoch 28/30 | Processing...:  47%|████████████████▍                  | 8/17 [00:00<00:01,  8.52it/s][A

Epoch 28/30 | Processing...:  53%|██████████████████▌                | 9/17 [00:01<00:00,  8.25it/s][A

Epoch 28/30 | Processing...:  59%|████████████████████              | 10/17 [00:01<00:00,  8.28it/s][A

Epoch 28/30 | Processing...:  71%|████████████████████████          | 12/17 [00:01<00:00,  8.56it/s][A

Epoch 28/30 | Processing...:  76%|██████████████████████████        | 13/17 [00:01<00:00,  8.65it/s][A

Epoch 28/30 | Processing...:  82%|████████████████████████████      | 14/17 [00:01<00:00,  8.88it/s][A

Epoch 28/30 | Processing...:  94%|████████████████████████████████  | 16/17 [00:01<00:00,  9.52it/s][A

Epoch 28/30 | Processing...: 100%|█████████████████████| 17/17 [00:01<00:00,  9.52it/s, Loss=0.0118][A
Epoch 29/30 | Processing...:   0%|                                           | 0/17 [00:00<?, ?it/s]
Epoch 28/30 | Processing...: 100%|█████████████████████| 17/17 [00:01<00:00,  9.18it/s, Loss=0.0118]

Epoch 29/30 | Processing...:  12%|████                               | 2/17 [00:00<00:01,  9.62it/s]
Epoch 29/30 | Processing...:  18%|██████▏                            | 3/17 [00:00<00:03,  4.05it/s]
Epoch 29/30 | Processing...:  24%|████████▏                          | 4/17 [00:00<00:02,  5.02it/s]
Epoch 29/30 | Processing...:  29%|██████████▎                        | 5/17 [00:00<00:02,  5.90it/s]
Epoch 29/30 | Processing...:  35%|████████████▎                      | 6/17 [00:01<00:01,  6.37it/s]
Epoch 29/30 | Processing...:  41%|██████████████▍                    | 7/17 [00:01<00:01,  6.91it/s]
Epoch 29/30 | Processing...:  47%|████████████████▍                  | 8/17 [00:01<00:01,  7.26it/s]
Epoch 29/30 | Processing...:  53%|██████████████████▌                | 9/17 [00:01<00:01,  7.38it/s]
Epoch 29/30 | Processing...:  59%|████████████████████              | 10/17 [00:01<00:00,  7.65it/s]
Epoch 29/30 | Processing...:  65%|██████████████████████            | 11/17 [00:01<00:00,  8.03it/s]
Epoch 29/30 | Processing...:  71%|████████████████████████          | 12/17 [00:01<00:00,  8.23it/s]
Epoch 29/30 | Processing...:  82%|████████████████████████████      | 14/17 [00:01<00:00,  8.77it/s]
Epoch 29/30 | Processing...:  88%|██████████████████████████████    | 15/17 [00:02<00:00,  8.99it/s]
Epoch 29/30 | Processing...:  94%|████████████████████████████████  | 16/17 [00:02<00:00,  9.13it/s]
Epoch 29/30 | Processing...: 100%|██████████████████████████| 17/17 [00:02<00:00,  9.13it/s, Loss=0]

Epoch 30/30 | Processing...:   0%|                                           | 0/17 [00:00<?, ?it/s][A
Epoch 29/30 | Processing...: 100%|██████████████████████████| 17/17 [00:02<00:00,  7.69it/s, Loss=0]


Epoch 30/30 | Processing...:   6%|██                                 | 1/17 [00:00<00:01,  9.78it/s][A

Epoch 30/30 | Processing...:  12%|████                               | 2/17 [00:00<00:01,  8.90it/s][A

Epoch 30/30 | Processing...:  18%|██████▏                            | 3/17 [00:00<00:01,  8.81it/s][A

Epoch 30/30 | Processing...:  24%|████████▏                          | 4/17 [00:00<00:01,  8.67it/s][A

Epoch 30/30 | Processing...:  29%|██████████▎                        | 5/17 [00:00<00:01,  8.77it/s][A

Epoch 30/30 | Processing...:  35%|████████████▎                      | 6/17 [00:00<00:01,  8.73it/s][A

Epoch 30/30 | Processing...:  41%|██████████████▍                    | 7/17 [00:00<00:01,  8.65it/s][A

Epoch 30/30 | Processing...:  47%|████████████████▍                  | 8/17 [00:00<00:01,  8.42it/s][A

Epoch 30/30 | Processing...:  53%|██████████████████▌                | 9/17 [00:01<00:00,  8.23it/s][A

Epoch 30/30 | Processing...:  59%|████████████████████              | 10/17 [00:01<00:00,  8.26it/s][A

Epoch 30/30 | Processing...:  65%|██████████████████████            | 11/17 [00:01<00:00,  8.47it/s][A

Epoch 30/30 | Processing...:  71%|████████████████████████          | 12/17 [00:01<00:00,  8.58it/s][A

Epoch 30/30 | Processing...:  76%|██████████████████████████        | 13/17 [00:01<00:00,  8.74it/s][A

Epoch 30/30 | Processing...:  82%|████████████████████████████      | 14/17 [00:01<00:00,  8.95it/s][A

Epoch 30/30 | Processing...:  88%|██████████████████████████████    | 15/17 [00:01<00:00,  9.17it/s][A

Epoch 30/30 | Processing...:  94%|████████████████████████████████  | 16/17 [00:01<00:00,  9.16it/s][A

Epoch 30/30 | Processing...: 100%|██████████████████████████| 17/17 [00:01<00:00,  9.16it/s, Loss=0][A训练完成
Accuracy: 0.8949
F1 Score: 0.8646
Recall: 0.8534
Precision: 0.8761
====================================================================================================
0 {'precision': 0.9065934065934066, 'recall': 0.9217877094972067, 'f1-score': 0.9141274238227147, 'support': 179.0}
1 {'precision': 0.8761061946902655, 'recall': 0.853448275862069, 'f1-score': 0.8646288209606987, 'support': 116.0}
accuracy 0.8949152542372881
macro avg {'precision': 0.8913498006418361, 'recall': 0.8876179926796378, 'f1-score': 0.8893781223917068, 'support': 295.0}
weighted avg {'precision': 0.8946052147942053, 'recall': 0.8949152542372881, 'f1-score': 0.8946635664261255, 'support': 295.0}
result:0.8949
====================================================================================================

Epoch 30/30 | Processing...: 100%|██████████████████████████| 17/17 [00:02<00:00,  7.61it/s, Loss=0]
======================================================================================================================================================
run at 5-th time
CombinedModel3(
  (linear_1): Linear(in_features=768, out_features=768, bias=True)
  (linear_2): Linear(in_features=768, out_features=768, bias=True)
  (gnn): HgtGNN(
    (post_linear): Linear(in_features=1536, out_features=768, bias=True)
    (conv1): HGTConv(-1, 768, heads=8)
    (conv2): HGTConv(-1, 768, heads=8)
  )
  (mlp): Sequential(
    (0): Linear(in_features=2304, out_features=768, bias=True)
    (1): ReLU()
    (2): Dropout(p=0.5, inplace=False)
    (3): Linear(in_features=768, out_features=2, bias=True)
  )
)

Epoch 1/30 | Processing...:   0%|                                            | 0/17 [00:00<?, ?it/s]
Epoch 1/30 | Processing...:   6%|██                                  | 1/17 [00:00<00:01,  9.79it/s]
Epoch 1/30 | Processing...:  12%|████▏                               | 2/17 [00:00<00:01,  8.69it/s]
Epoch 1/30 | Processing...:  18%|██████▎                             | 3/17 [00:00<00:01,  8.45it/s]
Epoch 1/30 | Processing...:  24%|████████▍                           | 4/17 [00:00<00:01,  8.50it/s]
Epoch 1/30 | Processing...:  29%|██████████▌                         | 5/17 [00:00<00:01,  8.78it/s]
Epoch 1/30 | Processing...:  35%|████████████▋                       | 6/17 [00:00<00:01,  8.57it/s]
Epoch 1/30 | Processing...:  41%|██████████████▊                     | 7/17 [00:00<00:01,  8.43it/s]
Epoch 1/30 | Processing...:  47%|████████████████▉                   | 8/17 [00:00<00:01,  8.15it/s]
Epoch 1/30 | Processing...:  53%|███████████████████                 | 9/17 [00:01<00:00,  8.04it/s]
Epoch 1/30 | Processing...:  59%|████████████████████▌              | 10/17 [00:01<00:00,  8.04it/s]
Epoch 1/30 | Processing...:  65%|██████████████████████▋            | 11/17 [00:01<00:00,  8.23it/s]
Epoch 1/30 | Processing...:  71%|████████████████████████▋          | 12/17 [00:01<00:00,  8.44it/s]
Epoch 1/30 | Processing...:  76%|██████████████████████████▊        | 13/17 [00:01<00:00,  8.50it/s]
Epoch 1/30 | Processing...:  82%|████████████████████████████▊      | 14/17 [00:01<00:00,  8.63it/s]
Epoch 1/30 | Processing...:  88%|██████████████████████████████▉    | 15/17 [00:01<00:00,  8.86it/s]
Epoch 1/30 | Processing...: 100%|███████████████████████████████████| 17/17 [00:01<00:00, 10.56it/s]
Epoch 1/30 | Processing...: 100%|███████████████████████| 17/17 [00:01<00:00, 10.56it/s, Loss=0.642]

Epoch 2/30 | Processing...:   0%|                                            | 0/17 [00:00<?, ?it/s][A
Epoch 1/30 | Processing...: 100%|███████████████████████| 17/17 [00:01<00:00,  8.91it/s, Loss=0.642]


Epoch 2/30 | Processing...:  12%|████▏                               | 2/17 [00:00<00:01,  9.55it/s][A

Epoch 2/30 | Processing...:  18%|██████▎                             | 3/17 [00:00<00:01,  9.21it/s][A

Epoch 2/30 | Processing...:  24%|████████▍                           | 4/17 [00:00<00:01,  8.97it/s][A

Epoch 2/30 | Processing...:  29%|██████████▌                         | 5/17 [00:00<00:01,  8.98it/s][A

Epoch 2/30 | Processing...:  35%|████████████▋                       | 6/17 [00:00<00:01,  8.49it/s][A

Epoch 2/30 | Processing...:  41%|██████████████▊                     | 7/17 [00:00<00:01,  8.56it/s][A

Epoch 2/30 | Processing...:  47%|████████████████▉                   | 8/17 [00:00<00:01,  8.43it/s][A

Epoch 2/30 | Processing...:  53%|███████████████████                 | 9/17 [00:01<00:00,  8.20it/s][A

Epoch 2/30 | Processing...:  59%|████████████████████▌              | 10/17 [00:01<00:00,  8.33it/s][A

Epoch 2/30 | Processing...:  65%|██████████████████████▋            | 11/17 [00:01<00:00,  8.54it/s][A

Epoch 2/30 | Processing...:  71%|████████████████████████▋          | 12/17 [00:01<00:00,  8.61it/s][A

Epoch 2/30 | Processing...:  76%|██████████████████████████▊        | 13/17 [00:01<00:00,  8.75it/s][A

Epoch 2/30 | Processing...:  82%|████████████████████████████▊      | 14/17 [00:01<00:00,  8.97it/s][A

Epoch 2/30 | Processing...:  88%|██████████████████████████████▉    | 15/17 [00:01<00:00,  9.18it/s][A

Epoch 2/30 | Processing...:  94%|████████████████████████████████▉  | 16/17 [00:01<00:00,  9.30it/s][A

Epoch 2/30 | Processing...: 100%|███████████████████████| 17/17 [00:01<00:00,  9.30it/s, Loss=0.187][A
Epoch 3/30 | Processing...:   0%|                                            | 0/17 [00:00<?, ?it/s]
Epoch 2/30 | Processing...: 100%|███████████████████████| 17/17 [00:01<00:00,  9.11it/s, Loss=0.187]

Epoch 3/30 | Processing...:   6%|██                                  | 1/17 [00:00<00:01,  9.92it/s]
Epoch 3/30 | Processing...:  12%|████▏                               | 2/17 [00:00<00:01,  9.19it/s]
Epoch 3/30 | Processing...:  18%|██████▎                             | 3/17 [00:00<00:01,  9.02it/s]
Epoch 3/30 | Processing...:  24%|████████▍                           | 4/17 [00:00<00:01,  8.94it/s]
Epoch 3/30 | Processing...:  29%|██████████▌                         | 5/17 [00:00<00:01,  9.11it/s]
Epoch 3/30 | Processing...:  35%|████████████▋                       | 6/17 [00:00<00:01,  9.19it/s]
Epoch 3/30 | Processing...:  41%|██████████████▊                     | 7/17 [00:00<00:01,  9.00it/s]
Epoch 3/30 | Processing...:  47%|████████████████▉                   | 8/17 [00:00<00:01,  8.29it/s]
Epoch 3/30 | Processing...:  53%|███████████████████                 | 9/17 [00:01<00:00,  8.19it/s]
Epoch 3/30 | Processing...:  59%|████████████████████▌              | 10/17 [00:01<00:00,  8.26it/s]
Epoch 3/30 | Processing...:  65%|██████████████████████▋            | 11/17 [00:01<00:00,  8.54it/s]
Epoch 3/30 | Processing...:  71%|████████████████████████▋          | 12/17 [00:01<00:00,  8.62it/s]
Epoch 3/30 | Processing...:  76%|██████████████████████████▊        | 13/17 [00:01<00:00,  8.73it/s]
Epoch 3/30 | Processing...:  82%|████████████████████████████▊      | 14/17 [00:01<00:00,  8.84it/s]
Epoch 3/30 | Processing...:  94%|████████████████████████████████▉  | 16/17 [00:01<00:00,  9.28it/s]
Epoch 3/30 | Processing...: 100%|███████████████████████| 17/17 [00:01<00:00,  9.28it/s, Loss=0.131]

Epoch 4/30 | Processing...:   0%|                                            | 0/17 [00:00<?, ?it/s][A
Epoch 3/30 | Processing...: 100%|███████████████████████| 17/17 [00:01<00:00,  9.16it/s, Loss=0.131]


Epoch 4/30 | Processing...:   6%|██                                  | 1/17 [00:00<00:01,  9.50it/s][A

Epoch 4/30 | Processing...:  12%|████▏                               | 2/17 [00:00<00:01,  8.79it/s][A

Epoch 4/30 | Processing...:  18%|██████▎                             | 3/17 [00:00<00:01,  8.77it/s][A

Epoch 4/30 | Processing...:  24%|████████▍                           | 4/17 [00:00<00:01,  8.69it/s][A

Epoch 4/30 | Processing...:  29%|██████████▌                         | 5/17 [00:00<00:01,  8.75it/s][A

Epoch 4/30 | Processing...:  35%|████████████▋                       | 6/17 [00:00<00:01,  8.81it/s][A

Epoch 4/30 | Processing...:  41%|██████████████▊                     | 7/17 [00:00<00:01,  8.75it/s][A

Epoch 4/30 | Processing...:  47%|████████████████▉                   | 8/17 [00:00<00:01,  8.52it/s][A

Epoch 4/30 | Processing...:  53%|███████████████████                 | 9/17 [00:01<00:00,  8.11it/s][A

Epoch 4/30 | Processing...:  59%|████████████████████▌              | 10/17 [00:01<00:00,  8.33it/s][A

Epoch 4/30 | Processing...:  65%|██████████████████████▋            | 11/17 [00:01<00:00,  8.63it/s][A

Epoch 4/30 | Processing...:  71%|████████████████████████▋          | 12/17 [00:01<00:00,  8.74it/s][A

Epoch 4/30 | Processing...:  76%|██████████████████████████▊        | 13/17 [00:01<00:00,  8.60it/s][A

Epoch 4/30 | Processing...:  82%|████████████████████████████▊      | 14/17 [00:01<00:00,  8.61it/s][A

Epoch 4/30 | Processing...:  88%|██████████████████████████████▉    | 15/17 [00:01<00:00,  8.88it/s][A

Epoch 4/30 | Processing...:  94%|████████████████████████████████▉  | 16/17 [00:01<00:00,  9.03it/s][A

Epoch 4/30 | Processing...: 100%|█████████████████████| 17/17 [00:01<00:00,  9.03it/s, Loss=0.00568][A
Epoch 5/30 | Processing...:   0%|                                            | 0/17 [00:00<?, ?it/s]
Epoch 4/30 | Processing...: 100%|█████████████████████| 17/17 [00:01<00:00,  8.99it/s, Loss=0.00568]

Epoch 5/30 | Processing...:   6%|██                                  | 1/17 [00:00<00:01,  9.56it/s]
Epoch 5/30 | Processing...:  12%|████▏                               | 2/17 [00:00<00:01,  8.94it/s]
Epoch 5/30 | Processing...:  18%|██████▎                             | 3/17 [00:00<00:01,  8.85it/s]
Epoch 5/30 | Processing...:  24%|████████▍                           | 4/17 [00:00<00:01,  8.65it/s]
Epoch 5/30 | Processing...:  29%|██████████▌                         | 5/17 [00:00<00:01,  8.71it/s]
Epoch 5/30 | Processing...:  35%|████████████▋                       | 6/17 [00:00<00:01,  8.73it/s]
Epoch 5/30 | Processing...:  47%|████████████████▉                   | 8/17 [00:00<00:01,  8.52it/s]
Epoch 5/30 | Processing...:  53%|███████████████████                 | 9/17 [00:01<00:00,  8.32it/s]
Epoch 5/30 | Processing...:  59%|████████████████████▌              | 10/17 [00:01<00:00,  8.31it/s]
Epoch 5/30 | Processing...:  65%|██████████████████████▋            | 11/17 [00:01<00:00,  8.47it/s]
Epoch 5/30 | Processing...:  71%|████████████████████████▋          | 12/17 [00:01<00:00,  8.55it/s]
Epoch 5/30 | Processing...:  76%|██████████████████████████▊        | 13/17 [00:01<00:00,  8.64it/s]
Epoch 5/30 | Processing...:  82%|████████████████████████████▊      | 14/17 [00:01<00:00,  8.86it/s]
Epoch 5/30 | Processing...:  88%|██████████████████████████████▉    | 15/17 [00:01<00:00,  9.07it/s]
Epoch 5/30 | Processing...:  94%|████████████████████████████████▉  | 16/17 [00:01<00:00,  9.08it/s]
Epoch 5/30 | Processing...: 100%|██████████████████████| 17/17 [00:01<00:00,  9.08it/s, Loss=0.0088]

Epoch 6/30 | Processing...:   0%|                                            | 0/17 [00:00<?, ?it/s][A
Epoch 5/30 | Processing...: 100%|██████████████████████| 17/17 [00:01<00:00,  9.02it/s, Loss=0.0088]


Epoch 6/30 | Processing...:   6%|██                                  | 1/17 [00:00<00:01,  8.95it/s][A

Epoch 6/30 | Processing...:  12%|████▏                               | 2/17 [00:00<00:01,  8.52it/s][A

Epoch 6/30 | Processing...:  18%|██████▎                             | 3/17 [00:00<00:01,  8.64it/s][A

Epoch 6/30 | Processing...:  24%|████████▍                           | 4/17 [00:00<00:01,  8.76it/s][A

Epoch 6/30 | Processing...:  29%|██████████▌                         | 5/17 [00:00<00:01,  8.78it/s][A

Epoch 6/30 | Processing...:  35%|████████████▋                       | 6/17 [00:00<00:01,  8.78it/s][A

Epoch 6/30 | Processing...:  41%|██████████████▊                     | 7/17 [00:00<00:01,  8.67it/s][A

Epoch 6/30 | Processing...:  47%|████████████████▉                   | 8/17 [00:00<00:01,  8.55it/s][A

Epoch 6/30 | Processing...:  53%|███████████████████                 | 9/17 [00:01<00:00,  8.30it/s][A

Epoch 6/30 | Processing...:  59%|████████████████████▌              | 10/17 [00:01<00:00,  8.35it/s][A

Epoch 6/30 | Processing...:  65%|██████████████████████▋            | 11/17 [00:01<00:00,  8.56it/s][A

Epoch 6/30 | Processing...:  71%|████████████████████████▋          | 12/17 [00:01<00:00,  8.59it/s][A

Epoch 6/30 | Processing...:  76%|██████████████████████████▊        | 13/17 [00:01<00:00,  8.75it/s][A

Epoch 6/30 | Processing...:  82%|████████████████████████████▊      | 14/17 [00:01<00:00,  8.82it/s][A

Epoch 6/30 | Processing...:  88%|██████████████████████████████▉    | 15/17 [00:01<00:00,  9.11it/s][A

Epoch 6/30 | Processing...:  94%|████████████████████████████████▉  | 16/17 [00:01<00:00,  9.32it/s][A

Epoch 6/30 | Processing...: 100%|█████████████████████| 17/17 [00:01<00:00,  9.32it/s, Loss=0.00425][A
Epoch 7/30 | Processing...:   0%|                                            | 0/17 [00:00<?, ?it/s]
Epoch 6/30 | Processing...: 100%|█████████████████████| 17/17 [00:01<00:00,  9.07it/s, Loss=0.00425]

Epoch 7/30 | Processing...:   6%|██                                  | 1/17 [00:00<00:01,  9.62it/s]
Epoch 7/30 | Processing...:  12%|████▏                               | 2/17 [00:00<00:01,  9.16it/s]
Epoch 7/30 | Processing...:  18%|██████▎                             | 3/17 [00:00<00:01,  8.86it/s]
Epoch 7/30 | Processing...:  24%|████████▍                           | 4/17 [00:00<00:01,  8.83it/s]
Epoch 7/30 | Processing...:  29%|██████████▌                         | 5/17 [00:00<00:01,  8.86it/s]
Epoch 7/30 | Processing...:  35%|████████████▋                       | 6/17 [00:00<00:01,  8.81it/s]
Epoch 7/30 | Processing...:  41%|██████████████▊                     | 7/17 [00:00<00:01,  8.72it/s]
Epoch 7/30 | Processing...:  47%|████████████████▉                   | 8/17 [00:00<00:01,  8.57it/s]
Epoch 7/30 | Processing...:  53%|███████████████████                 | 9/17 [00:01<00:00,  8.30it/s]
Epoch 7/30 | Processing...:  59%|████████████████████▌              | 10/17 [00:01<00:00,  8.36it/s]
Epoch 7/30 | Processing...:  65%|██████████████████████▋            | 11/17 [00:01<00:00,  8.54it/s]
Epoch 7/30 | Processing...:  71%|████████████████████████▋          | 12/17 [00:01<00:00,  8.64it/s]
Epoch 7/30 | Processing...:  76%|██████████████████████████▊        | 13/17 [00:01<00:00,  8.69it/s]
Epoch 7/30 | Processing...:  82%|████████████████████████████▊      | 14/17 [00:01<00:00,  8.88it/s]
Epoch 7/30 | Processing...:  88%|██████████████████████████████▉    | 15/17 [00:01<00:00,  9.13it/s]
Epoch 7/30 | Processing...:  94%|████████████████████████████████▉  | 16/17 [00:01<00:00,  9.20it/s]
Epoch 7/30 | Processing...: 100%|█████████████████████| 17/17 [00:01<00:00,  9.20it/s, Loss=0.00473]

Epoch 8/30 | Processing...:   0%|                                            | 0/17 [00:00<?, ?it/s][A
Epoch 7/30 | Processing...: 100%|█████████████████████| 17/17 [00:01<00:00,  9.11it/s, Loss=0.00473]


Epoch 8/30 | Processing...:   6%|██                                  | 1/17 [00:00<00:01,  9.53it/s][A

Epoch 8/30 | Processing...:  12%|████▏                               | 2/17 [00:00<00:01,  9.13it/s][A

Epoch 8/30 | Processing...:  18%|██████▎                             | 3/17 [00:00<00:01,  8.92it/s][A

Epoch 8/30 | Processing...:  24%|████████▍                           | 4/17 [00:00<00:01,  8.94it/s][A

Epoch 8/30 | Processing...:  29%|██████████▌                         | 5/17 [00:00<00:01,  8.95it/s][A

Epoch 8/30 | Processing...:  35%|████████████▋                       | 6/17 [00:00<00:01,  8.93it/s][A

Epoch 8/30 | Processing...:  41%|██████████████▊                     | 7/17 [00:00<00:01,  8.79it/s][A

Epoch 8/30 | Processing...:  47%|████████████████▉                   | 8/17 [00:00<00:01,  8.59it/s][A

Epoch 8/30 | Processing...:  53%|███████████████████                 | 9/17 [00:01<00:00,  8.39it/s][A

Epoch 8/30 | Processing...:  59%|████████████████████▌              | 10/17 [00:01<00:00,  8.39it/s][A

Epoch 8/30 | Processing...:  65%|██████████████████████▋            | 11/17 [00:01<00:00,  8.58it/s][A

Epoch 8/30 | Processing...:  71%|████████████████████████▋          | 12/17 [00:01<00:00,  8.75it/s][A

Epoch 8/30 | Processing...:  76%|██████████████████████████▊        | 13/17 [00:01<00:00,  8.84it/s][A

Epoch 8/30 | Processing...:  82%|████████████████████████████▊      | 14/17 [00:01<00:00,  9.02it/s][A

Epoch 8/30 | Processing...:  88%|██████████████████████████████▉    | 15/17 [00:01<00:00,  9.24it/s][A

Epoch 8/30 | Processing...:  94%|████████████████████████████████▉  | 16/17 [00:01<00:00,  9.35it/s][A

Epoch 8/30 | Processing...: 100%|██████████████████████| 17/17 [00:01<00:00,  9.35it/s, Loss=0.0173][A
Epoch 9/30 | Processing...:   0%|                                            | 0/17 [00:00<?, ?it/s]
Epoch 8/30 | Processing...: 100%|██████████████████████| 17/17 [00:01<00:00,  9.20it/s, Loss=0.0173]

Epoch 9/30 | Processing...:   6%|██                                  | 1/17 [00:00<00:01,  9.38it/s]
Epoch 9/30 | Processing...:  12%|████▏                               | 2/17 [00:00<00:01,  8.98it/s]
Epoch 9/30 | Processing...:  18%|██████▎                             | 3/17 [00:00<00:01,  8.87it/s]
Epoch 9/30 | Processing...:  24%|████████▍                           | 4/17 [00:00<00:01,  8.84it/s]
Epoch 9/30 | Processing...:  29%|██████████▌                         | 5/17 [00:00<00:01,  8.84it/s]
Epoch 9/30 | Processing...:  35%|████████████▋                       | 6/17 [00:00<00:01,  8.83it/s]
Epoch 9/30 | Processing...:  41%|██████████████▊                     | 7/17 [00:00<00:01,  8.76it/s]
Epoch 9/30 | Processing...:  47%|████████████████▉                   | 8/17 [00:00<00:01,  8.49it/s]
Epoch 9/30 | Processing...:  53%|███████████████████                 | 9/17 [00:01<00:00,  8.31it/s]
Epoch 9/30 | Processing...:  59%|████████████████████▌              | 10/17 [00:01<00:00,  8.27it/s]
Epoch 9/30 | Processing...:  65%|██████████████████████▋            | 11/17 [00:01<00:00,  8.45it/s]
Epoch 9/30 | Processing...:  71%|████████████████████████▋          | 12/17 [00:01<00:00,  8.58it/s]
Epoch 9/30 | Processing...:  76%|██████████████████████████▊        | 13/17 [00:01<00:00,  8.62it/s]
Epoch 9/30 | Processing...:  82%|████████████████████████████▊      | 14/17 [00:01<00:00,  8.92it/s]
Epoch 9/30 | Processing...:  88%|██████████████████████████████▉    | 15/17 [00:01<00:00,  9.14it/s]
Epoch 9/30 | Processing...:  94%|████████████████████████████████▉  | 16/17 [00:01<00:00,  9.26it/s]
Epoch 9/30 | Processing...: 100%|████████████████████| 17/17 [00:01<00:00,  9.26it/s, Loss=0.000325]

Epoch 10/30 | Processing...:   0%|                                           | 0/17 [00:00<?, ?it/s][A
Epoch 9/30 | Processing...: 100%|████████████████████| 17/17 [00:01<00:00,  9.09it/s, Loss=0.000325]


Epoch 10/30 | Processing...:   6%|██                                 | 1/17 [00:00<00:01,  9.59it/s][A

Epoch 10/30 | Processing...:  12%|████                               | 2/17 [00:00<00:01,  9.14it/s][A

Epoch 10/30 | Processing...:  18%|██████▏                            | 3/17 [00:00<00:01,  8.95it/s][A

Epoch 10/30 | Processing...:  24%|████████▏                          | 4/17 [00:00<00:01,  8.81it/s][A

Epoch 10/30 | Processing...:  29%|██████████▎                        | 5/17 [00:00<00:01,  8.87it/s][A

Epoch 10/30 | Processing...:  35%|████████████▎                      | 6/17 [00:00<00:01,  8.89it/s][A

Epoch 10/30 | Processing...:  41%|██████████████▍                    | 7/17 [00:00<00:01,  8.86it/s][A

Epoch 10/30 | Processing...:  47%|████████████████▍                  | 8/17 [00:00<00:01,  8.64it/s][A

Epoch 10/30 | Processing...:  53%|██████████████████▌                | 9/17 [00:01<00:00,  8.32it/s][A

Epoch 10/30 | Processing...:  59%|████████████████████              | 10/17 [00:01<00:00,  8.40it/s][A

Epoch 10/30 | Processing...:  65%|██████████████████████            | 11/17 [00:01<00:00,  8.59it/s][A

Epoch 10/30 | Processing...:  71%|████████████████████████          | 12/17 [00:01<00:00,  8.72it/s][A

Epoch 10/30 | Processing...:  76%|██████████████████████████        | 13/17 [00:01<00:00,  8.71it/s][A

Epoch 10/30 | Processing...:  82%|████████████████████████████      | 14/17 [00:01<00:00,  9.00it/s][A

Epoch 10/30 | Processing...:  88%|██████████████████████████████    | 15/17 [00:01<00:00,  9.21it/s][A

Epoch 10/30 | Processing...:  94%|████████████████████████████████  | 16/17 [00:01<00:00,  9.34it/s][A

Epoch 10/30 | Processing...: 100%|█████████████████████| 17/17 [00:01<00:00,  9.34it/s, Loss=0.0119][A
Epoch 11/30 | Processing...:   0%|                                           | 0/17 [00:00<?, ?it/s]
Epoch 10/30 | Processing...: 100%|█████████████████████| 17/17 [00:01<00:00,  9.18it/s, Loss=0.0119]

Epoch 11/30 | Processing...:   6%|██                                 | 1/17 [00:00<00:01,  9.91it/s]
Epoch 11/30 | Processing...:  12%|████                               | 2/17 [00:00<00:01,  9.16it/s]
Epoch 11/30 | Processing...:  18%|██████▏                            | 3/17 [00:00<00:01,  8.98it/s]
Epoch 11/30 | Processing...:  24%|████████▏                          | 4/17 [00:00<00:01,  8.88it/s]
Epoch 11/30 | Processing...:  29%|██████████▎                        | 5/17 [00:00<00:01,  8.84it/s]
Epoch 11/30 | Processing...:  35%|████████████▎                      | 6/17 [00:00<00:01,  8.82it/s]
Epoch 11/30 | Processing...:  41%|██████████████▍                    | 7/17 [00:00<00:01,  8.72it/s]
Epoch 11/30 | Processing...:  47%|████████████████▍                  | 8/17 [00:00<00:01,  8.56it/s]
Epoch 11/30 | Processing...:  53%|██████████████████▌                | 9/17 [00:01<00:00,  8.35it/s]
Epoch 11/30 | Processing...:  59%|████████████████████              | 10/17 [00:01<00:00,  8.38it/s]
Epoch 11/30 | Processing...:  71%|████████████████████████          | 12/17 [00:01<00:00,  9.02it/s]
Epoch 11/30 | Processing...:  76%|██████████████████████████        | 13/17 [00:01<00:00,  9.09it/s]
Epoch 11/30 | Processing...:  82%|████████████████████████████      | 14/17 [00:01<00:00,  9.24it/s]
Epoch 11/30 | Processing...:  88%|██████████████████████████████    | 15/17 [00:01<00:00,  9.41it/s]
Epoch 11/30 | Processing...:  94%|████████████████████████████████  | 16/17 [00:01<00:00,  9.50it/s]
Epoch 11/30 | Processing...: 100%|███████████████████| 17/17 [00:01<00:00,  9.50it/s, Loss=0.000798]

Epoch 12/30 | Processing...:   0%|                                           | 0/17 [00:00<?, ?it/s][A
Epoch 11/30 | Processing...: 100%|███████████████████| 17/17 [00:01<00:00,  9.30it/s, Loss=0.000798]


Epoch 12/30 | Processing...:  12%|████                               | 2/17 [00:00<00:01, 10.11it/s][A

Epoch 12/30 | Processing...:  24%|████████▏                          | 4/17 [00:00<00:01,  9.41it/s][A

Epoch 12/30 | Processing...:  29%|██████████▎                        | 5/17 [00:00<00:01,  9.24it/s][A

Epoch 12/30 | Processing...:  35%|████████████▎                      | 6/17 [00:00<00:01,  9.12it/s][A

Epoch 12/30 | Processing...:  41%|██████████████▍                    | 7/17 [00:00<00:01,  9.01it/s][A

Epoch 12/30 | Processing...:  47%|████████████████▍                  | 8/17 [00:00<00:01,  8.79it/s][A

Epoch 12/30 | Processing...:  53%|██████████████████▌                | 9/17 [00:01<00:00,  8.54it/s][A

Epoch 12/30 | Processing...:  59%|████████████████████              | 10/17 [00:01<00:00,  8.51it/s][A

Epoch 12/30 | Processing...:  65%|██████████████████████            | 11/17 [00:01<00:00,  8.74it/s][A

Epoch 12/30 | Processing...:  71%|████████████████████████          | 12/17 [00:01<00:00,  8.82it/s][A

Epoch 12/30 | Processing...:  76%|██████████████████████████        | 13/17 [00:01<00:00,  8.93it/s][A

Epoch 12/30 | Processing...:  82%|████████████████████████████      | 14/17 [00:01<00:00,  9.11it/s][A

Epoch 12/30 | Processing...:  94%|████████████████████████████████  | 16/17 [00:01<00:00,  9.42it/s][A

Epoch 12/30 | Processing...: 100%|████████████████████| 17/17 [00:01<00:00,  9.42it/s, Loss=0.00184][A
Epoch 13/30 | Processing...:   0%|                                           | 0/17 [00:00<?, ?it/s]
Epoch 12/30 | Processing...: 100%|████████████████████| 17/17 [00:01<00:00,  9.36it/s, Loss=0.00184]

Epoch 13/30 | Processing...:  12%|████                               | 2/17 [00:00<00:01, 10.00it/s]
Epoch 13/30 | Processing...:  18%|██████▏                            | 3/17 [00:00<00:01,  9.59it/s]
Epoch 13/30 | Processing...:  24%|████████▏                          | 4/17 [00:00<00:01,  9.28it/s]
Epoch 13/30 | Processing...:  29%|██████████▎                        | 5/17 [00:00<00:01,  9.15it/s]
Epoch 13/30 | Processing...:  35%|████████████▎                      | 6/17 [00:00<00:01,  9.00it/s]
Epoch 13/30 | Processing...:  41%|██████████████▍                    | 7/17 [00:00<00:01,  8.89it/s]
Epoch 13/30 | Processing...:  47%|████████████████▍                  | 8/17 [00:00<00:01,  8.69it/s]
Epoch 13/30 | Processing...:  53%|██████████████████▌                | 9/17 [00:01<00:00,  8.42it/s]
Epoch 13/30 | Processing...:  59%|████████████████████              | 10/17 [00:01<00:00,  8.46it/s]
Epoch 13/30 | Processing...:  65%|██████████████████████            | 11/17 [00:01<00:00,  8.58it/s]
Epoch 13/30 | Processing...:  71%|████████████████████████          | 12/17 [00:01<00:00,  8.72it/s]
Epoch 13/30 | Processing...:  76%|██████████████████████████        | 13/17 [00:01<00:00,  8.85it/s]
Epoch 13/30 | Processing...:  82%|████████████████████████████      | 14/17 [00:01<00:00,  9.09it/s]
Epoch 13/30 | Processing...:  88%|██████████████████████████████    | 15/17 [00:01<00:00,  9.35it/s]
Epoch 13/30 | Processing...:  94%|████████████████████████████████  | 16/17 [00:01<00:00,  9.48it/s]
Epoch 13/30 | Processing...: 100%|████████████████████| 17/17 [00:01<00:00,  9.48it/s, Loss=4.35e-5]

Epoch 14/30 | Processing...:   0%|                                           | 0/17 [00:00<?, ?it/s][A
Epoch 13/30 | Processing...: 100%|████████████████████| 17/17 [00:01<00:00,  9.32it/s, Loss=4.35e-5]


Epoch 14/30 | Processing...:  12%|████                               | 2/17 [00:00<00:01,  9.93it/s][A

Epoch 14/30 | Processing...:  18%|██████▏                            | 3/17 [00:00<00:01,  9.47it/s][A

Epoch 14/30 | Processing...:  24%|████████▏                          | 4/17 [00:00<00:01,  9.22it/s][A

Epoch 14/30 | Processing...:  29%|██████████▎                        | 5/17 [00:00<00:01,  9.12it/s][A

Epoch 14/30 | Processing...:  35%|████████████▎                      | 6/17 [00:00<00:01,  9.02it/s][A

Epoch 14/30 | Processing...:  41%|██████████████▍                    | 7/17 [00:00<00:01,  8.93it/s][A

Epoch 14/30 | Processing...:  47%|████████████████▍                  | 8/17 [00:00<00:01,  8.68it/s][A

Epoch 14/30 | Processing...:  53%|██████████████████▌                | 9/17 [00:01<00:00,  8.47it/s][A

Epoch 14/30 | Processing...:  59%|████████████████████              | 10/17 [00:01<00:00,  8.51it/s][A

Epoch 14/30 | Processing...:  65%|██████████████████████            | 11/17 [00:01<00:00,  8.74it/s][A

Epoch 14/30 | Processing...:  71%|████████████████████████          | 12/17 [00:01<00:00,  8.74it/s][A

Epoch 14/30 | Processing...:  76%|██████████████████████████        | 13/17 [00:01<00:00,  8.86it/s][A

Epoch 14/30 | Processing...:  82%|████████████████████████████      | 14/17 [00:01<00:00,  9.06it/s][A

Epoch 14/30 | Processing...:  88%|██████████████████████████████    | 15/17 [00:01<00:00,  9.31it/s][A

Epoch 14/30 | Processing...:  94%|████████████████████████████████  | 16/17 [00:01<00:00,  9.44it/s][A

Epoch 14/30 | Processing...: 100%|██████████████████████| 17/17 [00:01<00:00,  9.44it/s, Loss=0.215][A
Epoch 15/30 | Processing...:   0%|                                           | 0/17 [00:00<?, ?it/s]
Epoch 14/30 | Processing...: 100%|██████████████████████| 17/17 [00:01<00:00,  9.32it/s, Loss=0.215]

Epoch 15/30 | Processing...:  12%|████                               | 2/17 [00:00<00:01, 10.16it/s]
Epoch 15/30 | Processing...:  24%|████████▏                          | 4/17 [00:00<00:01,  9.30it/s]
Epoch 15/30 | Processing...:  29%|██████████▎                        | 5/17 [00:00<00:01,  9.15it/s]
Epoch 15/30 | Processing...:  35%|████████████▎                      | 6/17 [00:00<00:01,  8.98it/s]
Epoch 15/30 | Processing...:  41%|██████████████▍                    | 7/17 [00:00<00:01,  8.88it/s]
Epoch 15/30 | Processing...:  47%|████████████████▍                  | 8/17 [00:00<00:01,  8.65it/s]
Epoch 15/30 | Processing...:  53%|██████████████████▌                | 9/17 [00:01<00:00,  8.42it/s]
Epoch 15/30 | Processing...:  59%|████████████████████              | 10/17 [00:01<00:00,  8.47it/s]
Epoch 15/30 | Processing...:  65%|██████████████████████            | 11/17 [00:01<00:00,  8.66it/s]
Epoch 15/30 | Processing...:  71%|████████████████████████          | 12/17 [00:01<00:00,  8.74it/s]
Epoch 15/30 | Processing...:  76%|██████████████████████████        | 13/17 [00:01<00:00,  8.86it/s]
Epoch 15/30 | Processing...:  82%|████████████████████████████      | 14/17 [00:01<00:00,  7.53it/s]
Epoch 15/30 | Processing...:  88%|██████████████████████████████    | 15/17 [00:01<00:00,  7.95it/s]
Epoch 15/30 | Processing...:  94%|████████████████████████████████  | 16/17 [00:01<00:00,  8.03it/s]
Epoch 15/30 | Processing...: 100%|███████████████████| 17/17 [00:01<00:00,  8.03it/s, Loss=0.000192]

Epoch 16/30 | Processing...:   0%|                                           | 0/17 [00:00<?, ?it/s][A
Epoch 15/30 | Processing...: 100%|███████████████████| 17/17 [00:01<00:00,  8.78it/s, Loss=0.000192]


Epoch 16/30 | Processing...:   6%|██                                 | 1/17 [00:00<00:01,  9.68it/s][A

Epoch 16/30 | Processing...:  12%|████                               | 2/17 [00:00<00:01,  8.98it/s][A

Epoch 16/30 | Processing...:  18%|██████▏                            | 3/17 [00:00<00:01,  8.92it/s][A

Epoch 16/30 | Processing...:  24%|████████▏                          | 4/17 [00:00<00:01,  8.58it/s][A

Epoch 16/30 | Processing...:  29%|██████████▎                        | 5/17 [00:00<00:01,  8.61it/s][A

Epoch 16/30 | Processing...:  35%|████████████▎                      | 6/17 [00:00<00:01,  8.67it/s][A

Epoch 16/30 | Processing...:  41%|██████████████▍                    | 7/17 [00:00<00:01,  8.68it/s][A

Epoch 16/30 | Processing...:  47%|████████████████▍                  | 8/17 [00:00<00:01,  8.41it/s][A

Epoch 16/30 | Processing...:  53%|██████████████████▌                | 9/17 [00:01<00:00,  8.15it/s][A

Epoch 16/30 | Processing...:  59%|████████████████████              | 10/17 [00:01<00:00,  8.17it/s][A

Epoch 16/30 | Processing...:  65%|██████████████████████            | 11/17 [00:01<00:00,  8.42it/s][A

Epoch 16/30 | Processing...:  71%|████████████████████████          | 12/17 [00:01<00:00,  8.69it/s][A

Epoch 16/30 | Processing...:  76%|██████████████████████████        | 13/17 [00:01<00:00,  8.73it/s][A

Epoch 16/30 | Processing...:  82%|████████████████████████████      | 14/17 [00:01<00:00,  8.83it/s][A

Epoch 16/30 | Processing...:  88%|██████████████████████████████    | 15/17 [00:01<00:00,  9.05it/s][A

Epoch 16/30 | Processing...: 100%|██████████████████████████████████| 17/17 [00:01<00:00, 10.53it/s][A

Epoch 16/30 | Processing...: 100%|████████████████████| 17/17 [00:01<00:00, 10.53it/s, Loss=1.37e-6][A
Epoch 17/30 | Processing...:   0%|                                           | 0/17 [00:00<?, ?it/s]
Epoch 16/30 | Processing...: 100%|████████████████████| 17/17 [00:01<00:00,  9.04it/s, Loss=1.37e-6]

Epoch 17/30 | Processing...:   6%|██                                 | 1/17 [00:00<00:01,  9.82it/s]
Epoch 17/30 | Processing...:  12%|████                               | 2/17 [00:00<00:01,  9.18it/s]
Epoch 17/30 | Processing...:  18%|██████▏                            | 3/17 [00:00<00:01,  8.88it/s]
Epoch 17/30 | Processing...:  24%|████████▏                          | 4/17 [00:00<00:01,  8.86it/s]
Epoch 17/30 | Processing...:  29%|██████████▎                        | 5/17 [00:00<00:01,  9.17it/s]
Epoch 17/30 | Processing...:  35%|████████████▎                      | 6/17 [00:00<00:01,  8.61it/s]
Epoch 17/30 | Processing...:  41%|██████████████▍                    | 7/17 [00:00<00:01,  8.60it/s]
Epoch 17/30 | Processing...:  47%|████████████████▍                  | 8/17 [00:00<00:01,  8.36it/s]
Epoch 17/30 | Processing...:  53%|██████████████████▌                | 9/17 [00:01<00:00,  8.19it/s]
Epoch 17/30 | Processing...:  59%|████████████████████              | 10/17 [00:01<00:00,  8.31it/s]
Epoch 17/30 | Processing...:  65%|██████████████████████            | 11/17 [00:01<00:00,  8.47it/s]
Epoch 17/30 | Processing...:  71%|████████████████████████          | 12/17 [00:01<00:00,  8.59it/s]
Epoch 17/30 | Processing...:  76%|██████████████████████████        | 13/17 [00:01<00:00,  8.72it/s]
Epoch 17/30 | Processing...:  82%|████████████████████████████      | 14/17 [00:01<00:00,  8.92it/s]
Epoch 17/30 | Processing...:  94%|████████████████████████████████  | 16/17 [00:01<00:00,  9.59it/s]
Epoch 17/30 | Processing...: 100%|████████████████████| 17/17 [00:01<00:00,  9.59it/s, Loss=6.04e-5]

Epoch 18/30 | Processing...:   0%|                                           | 0/17 [00:00<?, ?it/s][A
Epoch 17/30 | Processing...: 100%|████████████████████| 17/17 [00:01<00:00,  9.12it/s, Loss=6.04e-5]


Epoch 18/30 | Processing...:  12%|████                               | 2/17 [00:00<00:01,  9.77it/s][A

Epoch 18/30 | Processing...:  18%|██████▏                            | 3/17 [00:00<00:01,  9.35it/s][A

Epoch 18/30 | Processing...:  24%|████████▏                          | 4/17 [00:00<00:01,  8.99it/s][A

Epoch 18/30 | Processing...:  29%|██████████▎                        | 5/17 [00:00<00:01,  8.77it/s][A

Epoch 18/30 | Processing...:  35%|████████████▎                      | 6/17 [00:00<00:01,  8.77it/s][A

Epoch 18/30 | Processing...:  41%|██████████████▍                    | 7/17 [00:00<00:01,  8.70it/s][A

Epoch 18/30 | Processing...:  47%|████████████████▍                  | 8/17 [00:00<00:01,  8.38it/s][A

Epoch 18/30 | Processing...:  53%|██████████████████▌                | 9/17 [00:01<00:00,  8.40it/s][A

Epoch 18/30 | Processing...:  59%|████████████████████              | 10/17 [00:01<00:00,  7.96it/s][A

Epoch 18/30 | Processing...:  65%|██████████████████████            | 11/17 [00:01<00:00,  8.31it/s][A

Epoch 18/30 | Processing...:  71%|████████████████████████          | 12/17 [00:01<00:00,  8.47it/s][A

Epoch 18/30 | Processing...:  76%|██████████████████████████        | 13/17 [00:01<00:00,  8.54it/s][A

Epoch 18/30 | Processing...:  82%|████████████████████████████      | 14/17 [00:01<00:00,  8.83it/s][A

Epoch 18/30 | Processing...:  88%|██████████████████████████████    | 15/17 [00:01<00:00,  9.12it/s][A

Epoch 18/30 | Processing...:  94%|████████████████████████████████  | 16/17 [00:01<00:00,  9.23it/s][A

Epoch 18/30 | Processing...: 100%|████████████████████| 17/17 [00:01<00:00,  9.23it/s, Loss=4.69e-5][A
Epoch 19/30 | Processing...:   0%|                                           | 0/17 [00:00<?, ?it/s]
Epoch 18/30 | Processing...: 100%|████████████████████| 17/17 [00:01<00:00,  9.06it/s, Loss=4.69e-5]

Epoch 19/30 | Processing...:  12%|████                               | 2/17 [00:00<00:01,  9.84it/s]
Epoch 19/30 | Processing...:  18%|██████▏                            | 3/17 [00:00<00:01,  9.28it/s]
Epoch 19/30 | Processing...:  24%|████████▏                          | 4/17 [00:00<00:01,  9.08it/s]
Epoch 19/30 | Processing...:  29%|██████████▎                        | 5/17 [00:00<00:01,  8.21it/s]
Epoch 19/30 | Processing...:  35%|████████████▎                      | 6/17 [00:00<00:01,  8.16it/s]
Epoch 19/30 | Processing...:  41%|██████████████▍                    | 7/17 [00:00<00:01,  8.16it/s]
Epoch 19/30 | Processing...:  47%|████████████████▍                  | 8/17 [00:00<00:01,  7.99it/s]
Epoch 19/30 | Processing...:  53%|██████████████████▌                | 9/17 [00:01<00:01,  7.90it/s]
Epoch 19/30 | Processing...:  59%|████████████████████              | 10/17 [00:01<00:00,  7.57it/s]
Epoch 19/30 | Processing...:  65%|██████████████████████            | 11/17 [00:01<00:00,  7.84it/s]
Epoch 19/30 | Processing...:  71%|████████████████████████          | 12/17 [00:01<00:00,  7.92it/s]
Epoch 19/30 | Processing...:  76%|██████████████████████████        | 13/17 [00:01<00:00,  8.09it/s]
Epoch 19/30 | Processing...:  82%|████████████████████████████      | 14/17 [00:01<00:00,  8.30it/s]
Epoch 19/30 | Processing...:  88%|██████████████████████████████    | 15/17 [00:01<00:00,  8.55it/s]
Epoch 19/30 | Processing...:  94%|████████████████████████████████  | 16/17 [00:01<00:00,  8.69it/s]
Epoch 19/30 | Processing...: 100%|████████████████████| 17/17 [00:01<00:00,  8.69it/s, Loss=5.96e-8]

Epoch 20/30 | Processing...:   0%|                                           | 0/17 [00:00<?, ?it/s][A
Epoch 19/30 | Processing...: 100%|████████████████████| 17/17 [00:01<00:00,  8.59it/s, Loss=5.96e-8]


Epoch 20/30 | Processing...:   6%|██                                 | 1/17 [00:00<00:02,  7.08it/s][A

Epoch 20/30 | Processing...:  12%|████                               | 2/17 [00:00<00:01,  7.95it/s][A

Epoch 20/30 | Processing...:  18%|██████▏                            | 3/17 [00:00<00:01,  8.34it/s][A

Epoch 20/30 | Processing...:  24%|████████▏                          | 4/17 [00:00<00:01,  8.54it/s][A

Epoch 20/30 | Processing...:  29%|██████████▎                        | 5/17 [00:00<00:01,  8.56it/s][A

Epoch 20/30 | Processing...:  35%|████████████▎                      | 6/17 [00:00<00:01,  8.68it/s][A

Epoch 20/30 | Processing...:  41%|██████████████▍                    | 7/17 [00:00<00:01,  8.70it/s][A

Epoch 20/30 | Processing...:  47%|████████████████▍                  | 8/17 [00:00<00:01,  8.18it/s][A

Epoch 20/30 | Processing...:  53%|██████████████████▌                | 9/17 [00:01<00:00,  8.14it/s][A

Epoch 20/30 | Processing...:  59%|████████████████████              | 10/17 [00:01<00:00,  8.21it/s][A

Epoch 20/30 | Processing...:  65%|██████████████████████            | 11/17 [00:01<00:00,  8.48it/s][A

Epoch 20/30 | Processing...:  71%|████████████████████████          | 12/17 [00:01<00:00,  8.58it/s][A

Epoch 20/30 | Processing...:  76%|██████████████████████████        | 13/17 [00:01<00:00,  8.76it/s][A

Epoch 20/30 | Processing...:  82%|████████████████████████████      | 14/17 [00:01<00:00,  8.98it/s][A

Epoch 20/30 | Processing...:  88%|██████████████████████████████    | 15/17 [00:01<00:00,  9.26it/s][A

Epoch 20/30 | Processing...:  94%|████████████████████████████████  | 16/17 [00:01<00:00,  9.43it/s][A

Epoch 20/30 | Processing...: 100%|████████████████████| 17/17 [00:01<00:00,  9.43it/s, Loss=6.56e-7][A
Epoch 21/30 | Processing...:   0%|                                           | 0/17 [00:00<?, ?it/s]
Epoch 20/30 | Processing...: 100%|████████████████████| 17/17 [00:01<00:00,  8.93it/s, Loss=6.56e-7]

Epoch 21/30 | Processing...:  12%|████                               | 2/17 [00:00<00:01,  9.32it/s]
Epoch 21/30 | Processing...:  18%|██████▏                            | 3/17 [00:00<00:01,  9.02it/s]
Epoch 21/30 | Processing...:  24%|████████▏                          | 4/17 [00:00<00:01,  8.91it/s]
Epoch 21/30 | Processing...:  29%|██████████▎                        | 5/17 [00:00<00:01,  8.97it/s]
Epoch 21/30 | Processing...:  35%|████████████▎                      | 6/17 [00:00<00:01,  8.89it/s]
Epoch 21/30 | Processing...:  41%|██████████████▍                    | 7/17 [00:00<00:01,  8.86it/s]
Epoch 21/30 | Processing...:  47%|████████████████▍                  | 8/17 [00:00<00:01,  8.63it/s]
Epoch 21/30 | Processing...:  53%|██████████████████▌                | 9/17 [00:01<00:00,  8.35it/s]
Epoch 21/30 | Processing...:  59%|████████████████████              | 10/17 [00:01<00:00,  8.39it/s]
Epoch 21/30 | Processing...:  65%|██████████████████████            | 11/17 [00:01<00:00,  8.58it/s]
Epoch 21/30 | Processing...:  71%|████████████████████████          | 12/17 [00:01<00:00,  8.71it/s]
Epoch 21/30 | Processing...:  76%|██████████████████████████        | 13/17 [00:01<00:00,  8.85it/s]
Epoch 21/30 | Processing...:  82%|████████████████████████████      | 14/17 [00:01<00:00,  9.02it/s]
Epoch 21/30 | Processing...:  88%|██████████████████████████████    | 15/17 [00:01<00:00,  9.28it/s]
Epoch 21/30 | Processing...:  94%|████████████████████████████████  | 16/17 [00:01<00:00,  9.41it/s]
Epoch 21/30 | Processing...: 100%|████████████████████| 17/17 [00:01<00:00,  9.41it/s, Loss=7.75e-7]

Epoch 22/30 | Processing...:   0%|                                           | 0/17 [00:00<?, ?it/s][A
Epoch 21/30 | Processing...: 100%|████████████████████| 17/17 [00:01<00:00,  9.21it/s, Loss=7.75e-7]


Epoch 22/30 | Processing...:   6%|██                                 | 1/17 [00:00<00:01,  9.53it/s][A

Epoch 22/30 | Processing...:  12%|████                               | 2/17 [00:00<00:01,  8.96it/s][A

Epoch 22/30 | Processing...:  18%|██████▏                            | 3/17 [00:00<00:01,  8.88it/s][A

Epoch 22/30 | Processing...:  24%|████████▏                          | 4/17 [00:00<00:01,  8.90it/s][A

Epoch 22/30 | Processing...:  29%|██████████▎                        | 5/17 [00:00<00:01,  8.86it/s][A

Epoch 22/30 | Processing...:  35%|████████████▎                      | 6/17 [00:00<00:01,  8.86it/s][A

Epoch 22/30 | Processing...:  41%|██████████████▍                    | 7/17 [00:00<00:01,  8.85it/s][A

Epoch 22/30 | Processing...:  47%|████████████████▍                  | 8/17 [00:00<00:01,  8.61it/s][A

Epoch 22/30 | Processing...:  53%|██████████████████▌                | 9/17 [00:01<00:00,  8.34it/s][A

Epoch 22/30 | Processing...:  59%|████████████████████              | 10/17 [00:01<00:00,  8.43it/s][A

Epoch 22/30 | Processing...:  65%|██████████████████████            | 11/17 [00:01<00:00,  8.68it/s][A

Epoch 22/30 | Processing...:  71%|████████████████████████          | 12/17 [00:01<00:00,  8.80it/s][A

Epoch 22/30 | Processing...:  76%|██████████████████████████        | 13/17 [00:01<00:00,  8.81it/s][A

Epoch 22/30 | Processing...:  82%|████████████████████████████      | 14/17 [00:01<00:00,  9.04it/s][A

Epoch 22/30 | Processing...:  88%|██████████████████████████████    | 15/17 [00:01<00:00,  9.24it/s][A

Epoch 22/30 | Processing...:  94%|████████████████████████████████  | 16/17 [00:01<00:00,  9.35it/s][A

Epoch 22/30 | Processing...: 100%|████████████████████| 17/17 [00:01<00:00,  9.35it/s, Loss=5.96e-8][A
Epoch 23/30 | Processing...:   0%|                                           | 0/17 [00:00<?, ?it/s]
Epoch 22/30 | Processing...: 100%|████████████████████| 17/17 [00:01<00:00,  9.19it/s, Loss=5.96e-8]

Epoch 23/30 | Processing...:   6%|██                                 | 1/17 [00:00<00:01,  9.77it/s]
Epoch 23/30 | Processing...:  12%|████                               | 2/17 [00:00<00:01,  8.99it/s]
Epoch 23/30 | Processing...:  18%|██████▏                            | 3/17 [00:00<00:01,  8.88it/s]
Epoch 23/30 | Processing...:  24%|████████▏                          | 4/17 [00:00<00:01,  8.88it/s]
Epoch 23/30 | Processing...:  29%|██████████▎                        | 5/17 [00:00<00:01,  8.87it/s]
Epoch 23/30 | Processing...:  35%|████████████▎                      | 6/17 [00:00<00:01,  8.80it/s]
Epoch 23/30 | Processing...:  41%|██████████████▍                    | 7/17 [00:00<00:01,  8.81it/s]
Epoch 23/30 | Processing...:  47%|████████████████▍                  | 8/17 [00:00<00:01,  8.55it/s]
Epoch 23/30 | Processing...:  53%|██████████████████▌                | 9/17 [00:01<00:00,  8.36it/s]
Epoch 23/30 | Processing...:  59%|████████████████████              | 10/17 [00:01<00:00,  8.34it/s]
Epoch 23/30 | Processing...:  65%|██████████████████████            | 11/17 [00:01<00:00,  8.54it/s]
Epoch 23/30 | Processing...:  71%|████████████████████████          | 12/17 [00:01<00:00,  8.65it/s]
Epoch 23/30 | Processing...:  76%|██████████████████████████        | 13/17 [00:01<00:00,  8.75it/s]
Epoch 23/30 | Processing...:  82%|████████████████████████████      | 14/17 [00:01<00:00,  8.98it/s]
Epoch 23/30 | Processing...:  88%|██████████████████████████████    | 15/17 [00:01<00:00,  9.24it/s]
Epoch 23/30 | Processing...:  94%|████████████████████████████████  | 16/17 [00:01<00:00,  9.37it/s]
Epoch 23/30 | Processing...: 100%|████████████████████| 17/17 [00:01<00:00,  9.37it/s, Loss=2.38e-7]

Epoch 24/30 | Processing...:   0%|                                           | 0/17 [00:00<?, ?it/s][A
Epoch 23/30 | Processing...: 100%|████████████████████| 17/17 [00:01<00:00,  9.16it/s, Loss=2.38e-7]


Epoch 24/30 | Processing...:  12%|████                               | 2/17 [00:00<00:01,  9.22it/s][A

Epoch 24/30 | Processing...:  18%|██████▏                            | 3/17 [00:00<00:01,  9.09it/s][A

Epoch 24/30 | Processing...:  24%|████████▏                          | 4/17 [00:00<00:01,  8.90it/s][A

Epoch 24/30 | Processing...:  29%|██████████▎                        | 5/17 [00:00<00:01,  8.83it/s][A

Epoch 24/30 | Processing...:  35%|████████████▎                      | 6/17 [00:00<00:01,  8.81it/s][A

Epoch 24/30 | Processing...:  41%|██████████████▍                    | 7/17 [00:00<00:01,  8.71it/s][A

Epoch 24/30 | Processing...:  47%|████████████████▍                  | 8/17 [00:00<00:01,  8.48it/s][A

Epoch 24/30 | Processing...:  53%|██████████████████▌                | 9/17 [00:01<00:00,  8.22it/s][A

Epoch 24/30 | Processing...:  59%|████████████████████              | 10/17 [00:01<00:00,  8.46it/s][A

Epoch 24/30 | Processing...:  65%|██████████████████████            | 11/17 [00:01<00:00,  8.66it/s][A

Epoch 24/30 | Processing...:  71%|████████████████████████          | 12/17 [00:01<00:00,  8.70it/s][A

Epoch 24/30 | Processing...:  76%|██████████████████████████        | 13/17 [00:01<00:00,  8.51it/s][A

Epoch 24/30 | Processing...:  82%|████████████████████████████      | 14/17 [00:01<00:00,  8.81it/s][A

Epoch 24/30 | Processing...:  88%|██████████████████████████████    | 15/17 [00:01<00:00,  9.11it/s][A

Epoch 24/30 | Processing...:  94%|████████████████████████████████  | 16/17 [00:01<00:00,  9.25it/s][A

Epoch 24/30 | Processing...: 100%|████████████████████| 17/17 [00:01<00:00,  9.25it/s, Loss=4.59e-6][A
Epoch 25/30 | Processing...:   0%|                                           | 0/17 [00:00<?, ?it/s]
Epoch 24/30 | Processing...: 100%|████████████████████| 17/17 [00:01<00:00,  9.10it/s, Loss=4.59e-6]

Epoch 25/30 | Processing...:   6%|██                                 | 1/17 [00:00<00:01,  9.66it/s]
Epoch 25/30 | Processing...:  12%|████                               | 2/17 [00:00<00:01,  8.99it/s]
Epoch 25/30 | Processing...:  18%|██████▏                            | 3/17 [00:00<00:01,  8.95it/s]
Epoch 25/30 | Processing...:  24%|████████▏                          | 4/17 [00:00<00:01,  8.96it/s]
Epoch 25/30 | Processing...:  29%|██████████▎                        | 5/17 [00:00<00:01,  8.96it/s]
Epoch 25/30 | Processing...:  35%|████████████▎                      | 6/17 [00:00<00:01,  8.80it/s]
Epoch 25/30 | Processing...:  41%|██████████████▍                    | 7/17 [00:00<00:01,  8.76it/s]
Epoch 25/30 | Processing...:  47%|████████████████▍                  | 8/17 [00:00<00:01,  8.52it/s]
Epoch 25/30 | Processing...:  53%|██████████████████▌                | 9/17 [00:01<00:00,  8.27it/s]
Epoch 25/30 | Processing...:  59%|████████████████████              | 10/17 [00:01<00:00,  8.37it/s]
Epoch 25/30 | Processing...:  65%|██████████████████████            | 11/17 [00:01<00:00,  8.64it/s]
Epoch 25/30 | Processing...:  71%|████████████████████████          | 12/17 [00:01<00:00,  8.66it/s]
Epoch 25/30 | Processing...:  76%|██████████████████████████        | 13/17 [00:01<00:00,  8.78it/s]
Epoch 25/30 | Processing...:  82%|████████████████████████████      | 14/17 [00:01<00:00,  9.04it/s]
Epoch 25/30 | Processing...:  88%|██████████████████████████████    | 15/17 [00:01<00:00,  9.21it/s]
Epoch 25/30 | Processing...:  94%|████████████████████████████████  | 16/17 [00:01<00:00,  9.31it/s]
Epoch 25/30 | Processing...: 100%|████████████████████| 17/17 [00:01<00:00,  9.31it/s, Loss=2.44e-6]

Epoch 26/30 | Processing...:   0%|                                           | 0/17 [00:00<?, ?it/s][A
Epoch 25/30 | Processing...: 100%|████████████████████| 17/17 [00:01<00:00,  9.16it/s, Loss=2.44e-6]


Epoch 26/30 | Processing...:   6%|██                                 | 1/17 [00:00<00:01,  9.88it/s][A

Epoch 26/30 | Processing...:  12%|████                               | 2/17 [00:00<00:01,  8.90it/s][A

Epoch 26/30 | Processing...:  18%|██████▏                            | 3/17 [00:00<00:01,  8.79it/s][A

Epoch 26/30 | Processing...:  24%|████████▏                          | 4/17 [00:00<00:01,  8.87it/s][A

Epoch 26/30 | Processing...:  29%|██████████▎                        | 5/17 [00:00<00:01,  8.83it/s][A

Epoch 26/30 | Processing...:  35%|████████████▎                      | 6/17 [00:00<00:01,  8.82it/s][A

Epoch 26/30 | Processing...:  41%|██████████████▍                    | 7/17 [00:00<00:01,  8.74it/s][A

Epoch 26/30 | Processing...:  47%|████████████████▍                  | 8/17 [00:00<00:01,  8.57it/s][A

Epoch 26/30 | Processing...:  53%|██████████████████▌                | 9/17 [00:01<00:00,  8.38it/s][A

Epoch 26/30 | Processing...:  59%|████████████████████              | 10/17 [00:01<00:00,  8.41it/s][A

Epoch 26/30 | Processing...:  65%|██████████████████████            | 11/17 [00:01<00:00,  8.62it/s][A

Epoch 26/30 | Processing...:  71%|████████████████████████          | 12/17 [00:01<00:00,  8.63it/s][A

Epoch 26/30 | Processing...:  76%|██████████████████████████        | 13/17 [00:01<00:00,  8.72it/s][A

Epoch 26/30 | Processing...:  82%|████████████████████████████      | 14/17 [00:01<00:00,  8.96it/s][A

Epoch 26/30 | Processing...:  88%|██████████████████████████████    | 15/17 [00:01<00:00,  9.19it/s][A

Epoch 26/30 | Processing...:  94%|████████████████████████████████  | 16/17 [00:01<00:00,  9.12it/s][A

Epoch 26/30 | Processing...: 100%|████████████████████| 17/17 [00:01<00:00,  9.12it/s, Loss=5.96e-8][A
Epoch 27/30 | Processing...:   0%|                                           | 0/17 [00:00<?, ?it/s]
Epoch 26/30 | Processing...: 100%|████████████████████| 17/17 [00:01<00:00,  9.10it/s, Loss=5.96e-8]

Epoch 27/30 | Processing...:   6%|██                                 | 1/17 [00:00<00:01,  9.85it/s]
Epoch 27/30 | Processing...:  12%|████                               | 2/17 [00:00<00:01,  8.99it/s]
Epoch 27/30 | Processing...:  18%|██████▏                            | 3/17 [00:00<00:01,  8.91it/s]
Epoch 27/30 | Processing...:  24%|████████▏                          | 4/17 [00:00<00:01,  8.85it/s]
Epoch 27/30 | Processing...:  29%|██████████▎                        | 5/17 [00:00<00:01,  8.80it/s]
Epoch 27/30 | Processing...:  35%|████████████▎                      | 6/17 [00:00<00:01,  8.79it/s]
Epoch 27/30 | Processing...:  41%|██████████████▍                    | 7/17 [00:00<00:01,  8.78it/s]
Epoch 27/30 | Processing...:  47%|████████████████▍                  | 8/17 [00:00<00:01,  8.55it/s]
Epoch 27/30 | Processing...:  53%|██████████████████▌                | 9/17 [00:01<00:00,  8.34it/s]
Epoch 27/30 | Processing...:  59%|████████████████████              | 10/17 [00:01<00:00,  8.42it/s]
Epoch 27/30 | Processing...:  65%|██████████████████████            | 11/17 [00:01<00:00,  8.57it/s]
Epoch 27/30 | Processing...:  71%|████████████████████████          | 12/17 [00:01<00:00,  8.61it/s]
Epoch 27/30 | Processing...:  82%|████████████████████████████      | 14/17 [00:01<00:00,  9.15it/s]
Epoch 27/30 | Processing...:  88%|██████████████████████████████    | 15/17 [00:01<00:00,  9.26it/s]
Epoch 27/30 | Processing...:  94%|████████████████████████████████  | 16/17 [00:01<00:00,  9.26it/s]
Epoch 27/30 | Processing...: 100%|██████████████████████████| 17/17 [00:01<00:00,  9.26it/s, Loss=0]

Epoch 28/30 | Processing...:   0%|                                           | 0/17 [00:00<?, ?it/s][A
Epoch 27/30 | Processing...: 100%|██████████████████████████| 17/17 [00:01<00:00,  9.16it/s, Loss=0]


Epoch 28/30 | Processing...:  12%|████                               | 2/17 [00:00<00:01,  9.36it/s][A

Epoch 28/30 | Processing...:  18%|██████▏                            | 3/17 [00:00<00:01,  9.03it/s][A

Epoch 28/30 | Processing...:  24%|████████▏                          | 4/17 [00:00<00:01,  8.60it/s][A

Epoch 28/30 | Processing...:  29%|██████████▎                        | 5/17 [00:00<00:01,  8.62it/s][A

Epoch 28/30 | Processing...:  35%|████████████▎                      | 6/17 [00:00<00:01,  8.61it/s][A

Epoch 28/30 | Processing...:  41%|██████████████▍                    | 7/17 [00:00<00:01,  8.60it/s][A

Epoch 28/30 | Processing...:  47%|████████████████▍                  | 8/17 [00:00<00:01,  8.34it/s][A

Epoch 28/30 | Processing...:  53%|██████████████████▌                | 9/17 [00:01<00:00,  8.22it/s][A

Epoch 28/30 | Processing...:  59%|████████████████████              | 10/17 [00:01<00:00,  8.12it/s][A

Epoch 28/30 | Processing...:  65%|██████████████████████            | 11/17 [00:01<00:00,  8.14it/s][A

Epoch 28/30 | Processing...:  71%|████████████████████████          | 12/17 [00:01<00:00,  8.28it/s][A

Epoch 28/30 | Processing...:  76%|██████████████████████████        | 13/17 [00:01<00:00,  8.59it/s][A

Epoch 28/30 | Processing...:  82%|████████████████████████████      | 14/17 [00:01<00:00,  8.85it/s][A

Epoch 28/30 | Processing...:  88%|██████████████████████████████    | 15/17 [00:01<00:00,  8.97it/s][A

Epoch 28/30 | Processing...:  94%|████████████████████████████████  | 16/17 [00:01<00:00,  9.11it/s][A

Epoch 28/30 | Processing...: 100%|██████████████████████████| 17/17 [00:01<00:00,  9.11it/s, Loss=0][A
Epoch 29/30 | Processing...:   0%|                                           | 0/17 [00:00<?, ?it/s]
Epoch 28/30 | Processing...: 100%|██████████████████████████| 17/17 [00:01<00:00,  8.94it/s, Loss=0]

Epoch 29/30 | Processing...:   6%|██                                 | 1/17 [00:00<00:01,  9.43it/s]
Epoch 29/30 | Processing...:  12%|████                               | 2/17 [00:00<00:01,  9.04it/s]
Epoch 29/30 | Processing...:  18%|██████▏                            | 3/17 [00:00<00:01,  8.93it/s]
Epoch 29/30 | Processing...:  24%|████████▏                          | 4/17 [00:00<00:01,  9.01it/s]
Epoch 29/30 | Processing...:  29%|██████████▎                        | 5/17 [00:00<00:01,  9.01it/s]
Epoch 29/30 | Processing...:  35%|████████████▎                      | 6/17 [00:00<00:01,  8.82it/s]
Epoch 29/30 | Processing...:  41%|██████████████▍                    | 7/17 [00:00<00:01,  8.73it/s]
Epoch 29/30 | Processing...:  47%|████████████████▍                  | 8/17 [00:00<00:01,  8.38it/s]
Epoch 29/30 | Processing...:  53%|██████████████████▌                | 9/17 [00:01<00:01,  7.96it/s]
Epoch 29/30 | Processing...:  59%|████████████████████              | 10/17 [00:01<00:00,  8.03it/s]
Epoch 29/30 | Processing...:  65%|██████████████████████            | 11/17 [00:01<00:00,  8.31it/s]
Epoch 29/30 | Processing...:  71%|████████████████████████          | 12/17 [00:01<00:00,  8.73it/s]
Epoch 29/30 | Processing...:  76%|██████████████████████████        | 13/17 [00:01<00:00,  8.74it/s]
Epoch 29/30 | Processing...:  82%|████████████████████████████      | 14/17 [00:01<00:00,  8.92it/s]
Epoch 29/30 | Processing...:  88%|██████████████████████████████    | 15/17 [00:01<00:00,  9.05it/s]
Epoch 29/30 | Processing...: 100%|██████████████████████████████████| 17/17 [00:01<00:00, 10.55it/s]
Epoch 29/30 | Processing...: 100%|████████████████████| 17/17 [00:01<00:00, 10.55it/s, Loss=5.96e-8]

Epoch 30/30 | Processing...:   0%|                                           | 0/17 [00:00<?, ?it/s][A
Epoch 29/30 | Processing...: 100%|████████████████████| 17/17 [00:01<00:00,  9.07it/s, Loss=5.96e-8]


Epoch 30/30 | Processing...:   6%|██                                 | 1/17 [00:00<00:01,  9.59it/s][A

Epoch 30/30 | Processing...:  12%|████                               | 2/17 [00:00<00:01,  9.17it/s][A

Epoch 30/30 | Processing...:  18%|██████▏                            | 3/17 [00:00<00:01,  9.03it/s][A

Epoch 30/30 | Processing...:  29%|██████████▎                        | 5/17 [00:00<00:01,  9.23it/s][A

Epoch 30/30 | Processing...:  35%|████████████▎                      | 6/17 [00:00<00:01,  8.71it/s][A

Epoch 30/30 | Processing...:  41%|██████████████▍                    | 7/17 [00:00<00:01,  8.69it/s][A

Epoch 30/30 | Processing...:  47%|████████████████▍                  | 8/17 [00:00<00:01,  8.44it/s][A

Epoch 30/30 | Processing...:  53%|██████████████████▌                | 9/17 [00:01<00:00,  8.54it/s][A

Epoch 30/30 | Processing...:  59%|████████████████████              | 10/17 [00:01<00:00,  8.53it/s][A

Epoch 30/30 | Processing...:  65%|██████████████████████            | 11/17 [00:01<00:00,  8.68it/s][A

Epoch 30/30 | Processing...:  71%|████████████████████████          | 12/17 [00:01<00:00,  8.72it/s][A

Epoch 30/30 | Processing...:  76%|██████████████████████████        | 13/17 [00:01<00:00,  8.80it/s][A

Epoch 30/30 | Processing...:  82%|████████████████████████████      | 14/17 [00:01<00:00,  8.96it/s][A

Epoch 30/30 | Processing...:  88%|██████████████████████████████    | 15/17 [00:01<00:00,  9.14it/s][A

Epoch 30/30 | Processing...:  94%|████████████████████████████████  | 16/17 [00:01<00:00,  9.25it/s][A

Epoch 30/30 | Processing...: 100%|████████████████████| 17/17 [00:01<00:00,  9.25it/s, Loss=5.96e-8][A训练完成
Accuracy: 0.8881
F1 Score: 0.8608
Recall: 0.8793
Precision: 0.8430
====================================================================================================
0 {'precision': 0.9195402298850575, 'recall': 0.8938547486033519, 'f1-score': 0.9065155807365439, 'support': 179.0}
1 {'precision': 0.8429752066115702, 'recall': 0.8793103448275862, 'f1-score': 0.8607594936708861, 'support': 116.0}
accuracy 0.888135593220339
macro avg {'precision': 0.8812577182483139, 'recall': 0.8865825467154691, 'f1-score': 0.8836375372037151, 'support': 295.0}
weighted avg {'precision': 0.8894333054792116, 'recall': 0.888135593220339, 'f1-score': 0.888523356670048, 'support': 295.0}
result:0.8881
====================================================================================================

Epoch 30/30 | Processing...: 100%|████████████████████| 17/17 [00:02<00:00,  7.74it/s, Loss=5.96e-8]
======================================================================================================================================================
run at 6-th time
CombinedModel3(
  (linear_1): Linear(in_features=768, out_features=768, bias=True)
  (linear_2): Linear(in_features=768, out_features=768, bias=True)
  (gnn): HgtGNN(
    (post_linear): Linear(in_features=1536, out_features=768, bias=True)
    (conv1): HGTConv(-1, 768, heads=8)
    (conv2): HGTConv(-1, 768, heads=8)
  )
  (mlp): Sequential(
    (0): Linear(in_features=2304, out_features=768, bias=True)
    (1): ReLU()
    (2): Dropout(p=0.5, inplace=False)
    (3): Linear(in_features=768, out_features=2, bias=True)
  )
)

Epoch 1/30 | Processing...:   0%|                                            | 0/17 [00:00<?, ?it/s]
Epoch 1/30 | Processing...:   6%|██                                  | 1/17 [00:00<00:01,  9.53it/s]
Epoch 1/30 | Processing...:  12%|████▏                               | 2/17 [00:00<00:01,  8.85it/s]
Epoch 1/30 | Processing...:  18%|██████▎                             | 3/17 [00:00<00:01,  8.64it/s]
Epoch 1/30 | Processing...:  24%|████████▍                           | 4/17 [00:00<00:01,  8.71it/s]
Epoch 1/30 | Processing...:  29%|██████████▌                         | 5/17 [00:00<00:01,  8.65it/s]
Epoch 1/30 | Processing...:  35%|████████████▋                       | 6/17 [00:00<00:01,  8.60it/s]
Epoch 1/30 | Processing...:  41%|██████████████▊                     | 7/17 [00:00<00:01,  8.40it/s]
Epoch 1/30 | Processing...:  47%|████████████████▉                   | 8/17 [00:00<00:01,  8.32it/s]
Epoch 1/30 | Processing...:  53%|███████████████████                 | 9/17 [00:01<00:00,  8.13it/s]
Epoch 1/30 | Processing...:  59%|████████████████████▌              | 10/17 [00:01<00:00,  8.21it/s]
Epoch 1/30 | Processing...:  65%|██████████████████████▋            | 11/17 [00:01<00:00,  8.45it/s]
Epoch 1/30 | Processing...:  71%|████████████████████████▋          | 12/17 [00:01<00:00,  8.54it/s]
Epoch 1/30 | Processing...:  76%|██████████████████████████▊        | 13/17 [00:01<00:00,  8.54it/s]
Epoch 1/30 | Processing...:  82%|████████████████████████████▊      | 14/17 [00:01<00:00,  8.76it/s]
Epoch 1/30 | Processing...:  88%|██████████████████████████████▉    | 15/17 [00:01<00:00,  8.95it/s]
Epoch 1/30 | Processing...:  94%|████████████████████████████████▉  | 16/17 [00:01<00:00,  9.13it/s]
Epoch 1/30 | Processing...: 100%|███████████████████████| 17/17 [00:01<00:00,  9.13it/s, Loss=0.644]

Epoch 2/30 | Processing...:   0%|                                            | 0/17 [00:00<?, ?it/s][A
Epoch 1/30 | Processing...: 100%|███████████████████████| 17/17 [00:01<00:00,  8.95it/s, Loss=0.644]


Epoch 2/30 | Processing...:   6%|██                                  | 1/17 [00:00<00:01,  9.71it/s][A

Epoch 2/30 | Processing...:  12%|████▏                               | 2/17 [00:00<00:01,  9.07it/s][A

Epoch 2/30 | Processing...:  18%|██████▎                             | 3/17 [00:00<00:01,  8.94it/s][A

Epoch 2/30 | Processing...:  24%|████████▍                           | 4/17 [00:00<00:01,  8.96it/s][A

Epoch 2/30 | Processing...:  29%|██████████▌                         | 5/17 [00:00<00:01,  8.96it/s][A

Epoch 2/30 | Processing...:  35%|████████████▋                       | 6/17 [00:00<00:01,  8.93it/s][A

Epoch 2/30 | Processing...:  41%|██████████████▊                     | 7/17 [00:00<00:01,  8.82it/s][A

Epoch 2/30 | Processing...:  47%|████████████████▉                   | 8/17 [00:00<00:01,  8.56it/s][A

Epoch 2/30 | Processing...:  53%|███████████████████                 | 9/17 [00:01<00:00,  8.29it/s][A

Epoch 2/30 | Processing...:  59%|████████████████████▌              | 10/17 [00:01<00:00,  8.35it/s][A

Epoch 2/30 | Processing...:  65%|██████████████████████▋            | 11/17 [00:01<00:00,  8.56it/s][A

Epoch 2/30 | Processing...:  71%|████████████████████████▋          | 12/17 [00:01<00:00,  8.71it/s][A

Epoch 2/30 | Processing...:  76%|██████████████████████████▊        | 13/17 [00:01<00:00,  9.01it/s][A

Epoch 2/30 | Processing...:  82%|████████████████████████████▊      | 14/17 [00:01<00:00,  8.94it/s][A

Epoch 2/30 | Processing...:  88%|██████████████████████████████▉    | 15/17 [00:01<00:00,  9.08it/s][A

Epoch 2/30 | Processing...:  94%|████████████████████████████████▉  | 16/17 [00:01<00:00,  9.24it/s][A

Epoch 2/30 | Processing...: 100%|███████████████████████| 17/17 [00:01<00:00,  9.24it/s, Loss=0.116][A
Epoch 3/30 | Processing...:   0%|                                            | 0/17 [00:00<?, ?it/s]
Epoch 2/30 | Processing...: 100%|███████████████████████| 17/17 [00:01<00:00,  9.14it/s, Loss=0.116]

Epoch 3/30 | Processing...:   6%|██                                  | 1/17 [00:00<00:01,  9.62it/s]
Epoch 3/30 | Processing...:  12%|████▏                               | 2/17 [00:00<00:01,  9.06it/s]
Epoch 3/30 | Processing...:  18%|██████▎                             | 3/17 [00:00<00:01,  8.56it/s]
Epoch 3/30 | Processing...:  24%|████████▍                           | 4/17 [00:00<00:01,  8.69it/s]
Epoch 3/30 | Processing...:  29%|██████████▌                         | 5/17 [00:00<00:01,  8.78it/s]
Epoch 3/30 | Processing...:  35%|████████████▋                       | 6/17 [00:00<00:01,  8.53it/s]
Epoch 3/30 | Processing...:  41%|██████████████▊                     | 7/17 [00:00<00:01,  8.68it/s]
Epoch 3/30 | Processing...:  47%|████████████████▉                   | 8/17 [00:00<00:01,  8.49it/s]
Epoch 3/30 | Processing...:  53%|███████████████████                 | 9/17 [00:01<00:00,  8.17it/s]
Epoch 3/30 | Processing...:  59%|████████████████████▌              | 10/17 [00:01<00:00,  8.29it/s]
Epoch 3/30 | Processing...:  65%|██████████████████████▋            | 11/17 [00:01<00:00,  8.58it/s]
Epoch 3/30 | Processing...:  71%|████████████████████████▋          | 12/17 [00:01<00:00,  8.91it/s]
Epoch 3/30 | Processing...:  76%|██████████████████████████▊        | 13/17 [00:01<00:00,  7.98it/s]
Epoch 3/30 | Processing...:  82%|████████████████████████████▊      | 14/17 [00:01<00:00,  8.40it/s]
Epoch 3/30 | Processing...:  88%|██████████████████████████████▉    | 15/17 [00:01<00:00,  8.77it/s]
Epoch 3/30 | Processing...:  94%|████████████████████████████████▉  | 16/17 [00:01<00:00,  9.02it/s]
Epoch 3/30 | Processing...: 100%|█████████████████████| 17/17 [00:01<00:00,  9.02it/s, Loss=0.00943]

Epoch 4/30 | Processing...:   0%|                                            | 0/17 [00:00<?, ?it/s][A
Epoch 3/30 | Processing...: 100%|█████████████████████| 17/17 [00:01<00:00,  8.92it/s, Loss=0.00943]


Epoch 4/30 | Processing...:  12%|████▏                               | 2/17 [00:00<00:01,  9.16it/s][A

Epoch 4/30 | Processing...:  18%|██████▎                             | 3/17 [00:00<00:01,  9.08it/s][A

Epoch 4/30 | Processing...:  24%|████████▍                           | 4/17 [00:00<00:01,  9.02it/s][A

Epoch 4/30 | Processing...:  29%|██████████▌                         | 5/17 [00:00<00:01,  8.91it/s][A

Epoch 4/30 | Processing...:  35%|████████████▋                       | 6/17 [00:00<00:01,  8.88it/s][A

Epoch 4/30 | Processing...:  41%|██████████████▊                     | 7/17 [00:00<00:01,  8.80it/s][A

Epoch 4/30 | Processing...:  47%|████████████████▉                   | 8/17 [00:00<00:01,  8.59it/s][A

Epoch 4/30 | Processing...:  53%|███████████████████                 | 9/17 [00:01<00:00,  8.40it/s][A

Epoch 4/30 | Processing...:  59%|████████████████████▌              | 10/17 [00:01<00:00,  8.42it/s][A

Epoch 4/30 | Processing...:  65%|██████████████████████▋            | 11/17 [00:01<00:00,  8.61it/s][A

Epoch 4/30 | Processing...:  71%|████████████████████████▋          | 12/17 [00:01<00:00,  8.72it/s][A

Epoch 4/30 | Processing...:  76%|██████████████████████████▊        | 13/17 [00:01<00:00,  8.82it/s][A

Epoch 4/30 | Processing...:  82%|████████████████████████████▊      | 14/17 [00:01<00:00,  9.04it/s][A

Epoch 4/30 | Processing...:  88%|██████████████████████████████▉    | 15/17 [00:01<00:00,  9.31it/s][A

Epoch 4/30 | Processing...:  94%|████████████████████████████████▉  | 16/17 [00:01<00:00,  9.39it/s][A

Epoch 4/30 | Processing...: 100%|██████████████████████| 17/17 [00:01<00:00,  9.39it/s, Loss=0.0701][A
Epoch 5/30 | Processing...:   0%|                                            | 0/17 [00:00<?, ?it/s]
Epoch 4/30 | Processing...: 100%|██████████████████████| 17/17 [00:01<00:00,  9.21it/s, Loss=0.0701]

Epoch 5/30 | Processing...:   6%|██                                  | 1/17 [00:00<00:01,  9.53it/s]
Epoch 5/30 | Processing...:  12%|████▏                               | 2/17 [00:00<00:01,  9.02it/s]
Epoch 5/30 | Processing...:  18%|██████▎                             | 3/17 [00:00<00:01,  8.90it/s]
Epoch 5/30 | Processing...:  24%|████████▍                           | 4/17 [00:00<00:01,  8.84it/s]
Epoch 5/30 | Processing...:  29%|██████████▌                         | 5/17 [00:00<00:01,  8.90it/s]
Epoch 5/30 | Processing...:  35%|████████████▋                       | 6/17 [00:00<00:01,  8.83it/s]
Epoch 5/30 | Processing...:  41%|██████████████▊                     | 7/17 [00:00<00:01,  8.78it/s]
Epoch 5/30 | Processing...:  47%|████████████████▉                   | 8/17 [00:00<00:01,  8.54it/s]
Epoch 5/30 | Processing...:  53%|███████████████████                 | 9/17 [00:01<00:00,  8.37it/s]
Epoch 5/30 | Processing...:  59%|████████████████████▌              | 10/17 [00:01<00:00,  8.42it/s]
Epoch 5/30 | Processing...:  65%|██████████████████████▋            | 11/17 [00:01<00:00,  8.72it/s]
Epoch 5/30 | Processing...:  71%|████████████████████████▋          | 12/17 [00:01<00:00,  8.69it/s]
Epoch 5/30 | Processing...:  76%|██████████████████████████▊        | 13/17 [00:01<00:00,  8.77it/s]
Epoch 5/30 | Processing...:  82%|████████████████████████████▊      | 14/17 [00:01<00:00,  8.98it/s]
Epoch 5/30 | Processing...:  88%|██████████████████████████████▉    | 15/17 [00:01<00:00,  9.21it/s]
Epoch 5/30 | Processing...:  94%|████████████████████████████████▉  | 16/17 [00:01<00:00,  9.33it/s]
Epoch 5/30 | Processing...: 100%|███████████████████████| 17/17 [00:01<00:00,  9.33it/s, Loss=0.019]

Epoch 6/30 | Processing...:   0%|                                            | 0/17 [00:00<?, ?it/s][A
Epoch 5/30 | Processing...: 100%|███████████████████████| 17/17 [00:01<00:00,  9.17it/s, Loss=0.019]


Epoch 6/30 | Processing...:   6%|██                                  | 1/17 [00:00<00:01,  9.76it/s][A

Epoch 6/30 | Processing...:  12%|████▏                               | 2/17 [00:00<00:01,  9.07it/s][A

Epoch 6/30 | Processing...:  18%|██████▎                             | 3/17 [00:00<00:01,  9.03it/s][A

Epoch 6/30 | Processing...:  24%|████████▍                           | 4/17 [00:00<00:01,  8.96it/s][A

Epoch 6/30 | Processing...:  29%|██████████▌                         | 5/17 [00:00<00:01,  8.93it/s][A

Epoch 6/30 | Processing...:  35%|████████████▋                       | 6/17 [00:00<00:01,  8.80it/s][A

Epoch 6/30 | Processing...:  41%|██████████████▊                     | 7/17 [00:00<00:01,  8.81it/s][A

Epoch 6/30 | Processing...:  47%|████████████████▉                   | 8/17 [00:00<00:01,  8.58it/s][A

Epoch 6/30 | Processing...:  53%|███████████████████                 | 9/17 [00:01<00:00,  8.28it/s][A

Epoch 6/30 | Processing...:  59%|████████████████████▌              | 10/17 [00:01<00:00,  8.23it/s][A

Epoch 6/30 | Processing...:  65%|██████████████████████▋            | 11/17 [00:01<00:00,  8.68it/s][A

Epoch 6/30 | Processing...:  71%|████████████████████████▋          | 12/17 [00:01<00:00,  8.79it/s][A

Epoch 6/30 | Processing...:  76%|██████████████████████████▊        | 13/17 [00:01<00:00,  8.90it/s][A

Epoch 6/30 | Processing...:  82%|████████████████████████████▊      | 14/17 [00:01<00:00,  9.15it/s][A

Epoch 6/30 | Processing...:  88%|██████████████████████████████▉    | 15/17 [00:01<00:00,  9.37it/s][A

Epoch 6/30 | Processing...:  94%|████████████████████████████████▉  | 16/17 [00:01<00:00,  9.48it/s][A

Epoch 6/30 | Processing...: 100%|█████████████████████| 17/17 [00:01<00:00,  9.48it/s, Loss=0.00528][A
Epoch 7/30 | Processing...:   0%|                                            | 0/17 [00:00<?, ?it/s]
Epoch 6/30 | Processing...: 100%|█████████████████████| 17/17 [00:01<00:00,  9.22it/s, Loss=0.00528]

Epoch 7/30 | Processing...:  12%|████▏                               | 2/17 [00:00<00:01,  9.45it/s]
Epoch 7/30 | Processing...:  18%|██████▎                             | 3/17 [00:00<00:01,  7.98it/s]
Epoch 7/30 | Processing...:  24%|████████▍                           | 4/17 [00:00<00:01,  8.01it/s]
Epoch 7/30 | Processing...:  29%|██████████▌                         | 5/17 [00:00<00:01,  8.28it/s]
Epoch 7/30 | Processing...:  35%|████████████▋                       | 6/17 [00:00<00:01,  8.34it/s]
Epoch 7/30 | Processing...:  41%|██████████████▊                     | 7/17 [00:00<00:01,  8.36it/s]
Epoch 7/30 | Processing...:  47%|████████████████▉                   | 8/17 [00:00<00:01,  8.21it/s]
Epoch 7/30 | Processing...:  53%|███████████████████                 | 9/17 [00:01<00:00,  8.07it/s]
Epoch 7/30 | Processing...:  59%|████████████████████▌              | 10/17 [00:01<00:00,  8.22it/s]
Epoch 7/30 | Processing...:  65%|██████████████████████▋            | 11/17 [00:01<00:00,  8.47it/s]
Epoch 7/30 | Processing...:  71%|████████████████████████▋          | 12/17 [00:01<00:00,  8.76it/s]
Epoch 7/30 | Processing...:  76%|██████████████████████████▊        | 13/17 [00:01<00:00,  8.84it/s]
Epoch 7/30 | Processing...:  82%|████████████████████████████▊      | 14/17 [00:01<00:00,  9.02it/s]
Epoch 7/30 | Processing...:  94%|████████████████████████████████▉  | 16/17 [00:01<00:00,  9.42it/s]
Epoch 7/30 | Processing...: 100%|██████████████████████| 17/17 [00:01<00:00,  9.42it/s, Loss=0.0179]

Epoch 8/30 | Processing...:   0%|                                            | 0/17 [00:00<?, ?it/s][A
Epoch 7/30 | Processing...: 100%|██████████████████████| 17/17 [00:01<00:00,  8.95it/s, Loss=0.0179]


Epoch 8/30 | Processing...:  12%|████▏                               | 2/17 [00:00<00:01,  9.61it/s][A

Epoch 8/30 | Processing...:  18%|██████▎                             | 3/17 [00:00<00:01,  9.30it/s][A

Epoch 8/30 | Processing...:  24%|████████▍                           | 4/17 [00:00<00:01,  9.10it/s][A

Epoch 8/30 | Processing...:  29%|██████████▌                         | 5/17 [00:00<00:01,  9.15it/s][A

Epoch 8/30 | Processing...:  35%|████████████▋                       | 6/17 [00:00<00:01,  9.09it/s][A

Epoch 8/30 | Processing...:  41%|██████████████▊                     | 7/17 [00:00<00:01,  8.55it/s][A

Epoch 8/30 | Processing...:  47%|████████████████▉                   | 8/17 [00:00<00:01,  8.30it/s][A

Epoch 8/30 | Processing...:  53%|███████████████████                 | 9/17 [00:01<00:00,  8.16it/s][A

Epoch 8/30 | Processing...:  59%|████████████████████▌              | 10/17 [00:01<00:00,  7.99it/s][A

Epoch 8/30 | Processing...:  65%|██████████████████████▋            | 11/17 [00:01<00:00,  8.12it/s][A

Epoch 8/30 | Processing...:  71%|████████████████████████▋          | 12/17 [00:01<00:00,  8.30it/s][A

Epoch 8/30 | Processing...:  76%|██████████████████████████▊        | 13/17 [00:01<00:00,  8.47it/s][A

Epoch 8/30 | Processing...:  82%|████████████████████████████▊      | 14/17 [00:01<00:00,  8.70it/s][A

Epoch 8/30 | Processing...:  88%|██████████████████████████████▉    | 15/17 [00:01<00:00,  9.01it/s][A

Epoch 8/30 | Processing...:  94%|████████████████████████████████▉  | 16/17 [00:01<00:00,  9.22it/s][A

Epoch 8/30 | Processing...: 100%|██████████████████████| 17/17 [00:01<00:00,  9.22it/s, Loss=0.0591][A
Epoch 9/30 | Processing...:   0%|                                            | 0/17 [00:00<?, ?it/s]
Epoch 8/30 | Processing...: 100%|██████████████████████| 17/17 [00:01<00:00,  9.02it/s, Loss=0.0591]

Epoch 9/30 | Processing...:  12%|████▏                               | 2/17 [00:00<00:01, 10.16it/s]
Epoch 9/30 | Processing...:  24%|████████▍                           | 4/17 [00:00<00:01,  9.34it/s]
Epoch 9/30 | Processing...:  29%|██████████▌                         | 5/17 [00:00<00:01,  9.27it/s]
Epoch 9/30 | Processing...:  35%|████████████▋                       | 6/17 [00:00<00:01,  8.94it/s]
Epoch 9/30 | Processing...:  41%|██████████████▊                     | 7/17 [00:00<00:01,  8.81it/s]
Epoch 9/30 | Processing...:  47%|████████████████▉                   | 8/17 [00:00<00:01,  8.64it/s]
Epoch 9/30 | Processing...:  53%|███████████████████                 | 9/17 [00:01<00:00,  8.40it/s]
Epoch 9/30 | Processing...:  59%|████████████████████▌              | 10/17 [00:01<00:00,  8.22it/s]
Epoch 9/30 | Processing...:  65%|██████████████████████▋            | 11/17 [00:01<00:00,  8.50it/s]
Epoch 9/30 | Processing...:  71%|████████████████████████▋          | 12/17 [00:01<00:00,  8.55it/s]
Epoch 9/30 | Processing...:  76%|██████████████████████████▊        | 13/17 [00:01<00:00,  8.73it/s]
Epoch 9/30 | Processing...:  82%|████████████████████████████▊      | 14/17 [00:01<00:00,  9.01it/s]
Epoch 9/30 | Processing...:  88%|██████████████████████████████▉    | 15/17 [00:01<00:00,  9.27it/s]
Epoch 9/30 | Processing...:  94%|████████████████████████████████▉  | 16/17 [00:01<00:00,  9.35it/s]
Epoch 9/30 | Processing...: 100%|████████████████████| 17/17 [00:01<00:00,  9.35it/s, Loss=0.000628]

Epoch 10/30 | Processing...:   0%|                                           | 0/17 [00:00<?, ?it/s][A
Epoch 9/30 | Processing...: 100%|████████████████████| 17/17 [00:01<00:00,  9.22it/s, Loss=0.000628]


Epoch 10/30 | Processing...:   6%|██                                 | 1/17 [00:00<00:01,  9.91it/s][A

Epoch 10/30 | Processing...:  12%|████                               | 2/17 [00:00<00:01,  9.26it/s][A

Epoch 10/30 | Processing...:  18%|██████▏                            | 3/17 [00:00<00:01,  8.87it/s][A

Epoch 10/30 | Processing...:  24%|████████▏                          | 4/17 [00:00<00:01,  9.01it/s][A

Epoch 10/30 | Processing...:  29%|██████████▎                        | 5/17 [00:00<00:01,  8.99it/s][A

Epoch 10/30 | Processing...:  35%|████████████▎                      | 6/17 [00:00<00:01,  8.93it/s][A

Epoch 10/30 | Processing...:  41%|██████████████▍                    | 7/17 [00:00<00:01,  8.76it/s][A

Epoch 10/30 | Processing...:  47%|████████████████▍                  | 8/17 [00:00<00:01,  8.59it/s][A

Epoch 10/30 | Processing...:  53%|██████████████████▌                | 9/17 [00:01<00:00,  8.38it/s][A

Epoch 10/30 | Processing...:  59%|████████████████████              | 10/17 [00:01<00:00,  8.46it/s][A

Epoch 10/30 | Processing...:  65%|██████████████████████            | 11/17 [00:01<00:00,  8.62it/s][A

Epoch 10/30 | Processing...:  71%|████████████████████████          | 12/17 [00:01<00:00,  8.87it/s][A

Epoch 10/30 | Processing...:  76%|██████████████████████████        | 13/17 [00:01<00:00,  8.93it/s][A

Epoch 10/30 | Processing...:  82%|████████████████████████████      | 14/17 [00:01<00:00,  9.17it/s][A

Epoch 10/30 | Processing...:  88%|██████████████████████████████    | 15/17 [00:01<00:00,  9.30it/s][A

Epoch 10/30 | Processing...:  94%|████████████████████████████████  | 16/17 [00:01<00:00,  9.47it/s][A

Epoch 10/30 | Processing...: 100%|████████████████████| 17/17 [00:01<00:00,  9.47it/s, Loss=0.00294][A
Epoch 11/30 | Processing...:   0%|                                           | 0/17 [00:00<?, ?it/s]
Epoch 10/30 | Processing...: 100%|████████████████████| 17/17 [00:01<00:00,  9.25it/s, Loss=0.00294]

Epoch 11/30 | Processing...:   6%|██                                 | 1/17 [00:00<00:01,  9.74it/s]
Epoch 11/30 | Processing...:  12%|████                               | 2/17 [00:00<00:01,  9.22it/s]
Epoch 11/30 | Processing...:  18%|██████▏                            | 3/17 [00:00<00:01,  8.96it/s]
Epoch 11/30 | Processing...:  24%|████████▏                          | 4/17 [00:00<00:01,  8.85it/s]
Epoch 11/30 | Processing...:  29%|██████████▎                        | 5/17 [00:00<00:01,  8.87it/s]
Epoch 11/30 | Processing...:  35%|████████████▎                      | 6/17 [00:00<00:01,  8.76it/s]
Epoch 11/30 | Processing...:  41%|██████████████▍                    | 7/17 [00:00<00:01,  8.73it/s]
Epoch 11/30 | Processing...:  47%|████████████████▍                  | 8/17 [00:00<00:01,  8.58it/s]
Epoch 11/30 | Processing...:  53%|██████████████████▌                | 9/17 [00:01<00:00,  8.37it/s]
Epoch 11/30 | Processing...:  59%|████████████████████              | 10/17 [00:01<00:00,  8.36it/s]
Epoch 11/30 | Processing...:  65%|██████████████████████            | 11/17 [00:01<00:00,  8.67it/s]
Epoch 11/30 | Processing...:  71%|████████████████████████          | 12/17 [00:01<00:00,  8.70it/s]
Epoch 11/30 | Processing...:  76%|██████████████████████████        | 13/17 [00:01<00:00,  8.79it/s]
Epoch 11/30 | Processing...:  88%|██████████████████████████████    | 15/17 [00:01<00:00,  9.37it/s]
Epoch 11/30 | Processing...:  94%|████████████████████████████████  | 16/17 [00:01<00:00,  9.49it/s]
Epoch 11/30 | Processing...: 100%|███████████████████| 17/17 [00:01<00:00,  9.49it/s, Loss=0.000278]

Epoch 12/30 | Processing...:   0%|                                           | 0/17 [00:00<?, ?it/s][A
Epoch 11/30 | Processing...: 100%|███████████████████| 17/17 [00:01<00:00,  9.22it/s, Loss=0.000278]


Epoch 12/30 | Processing...:   6%|██                                 | 1/17 [00:00<00:01,  9.74it/s][A

Epoch 12/30 | Processing...:  12%|████                               | 2/17 [00:00<00:01,  9.34it/s][A

Epoch 12/30 | Processing...:  18%|██████▏                            | 3/17 [00:00<00:01,  9.03it/s][A

Epoch 12/30 | Processing...:  24%|████████▏                          | 4/17 [00:00<00:01,  8.88it/s][A

Epoch 12/30 | Processing...:  29%|██████████▎                        | 5/17 [00:00<00:01,  8.99it/s][A

Epoch 12/30 | Processing...:  35%|████████████▎                      | 6/17 [00:00<00:01,  8.91it/s][A

Epoch 12/30 | Processing...:  41%|██████████████▍                    | 7/17 [00:00<00:01,  8.83it/s][A

Epoch 12/30 | Processing...:  47%|████████████████▍                  | 8/17 [00:00<00:01,  8.51it/s][A

Epoch 12/30 | Processing...:  53%|██████████████████▌                | 9/17 [00:01<00:00,  8.33it/s][A

Epoch 12/30 | Processing...:  59%|████████████████████              | 10/17 [00:01<00:00,  8.40it/s][A

Epoch 12/30 | Processing...:  65%|██████████████████████            | 11/17 [00:01<00:00,  8.64it/s][A

Epoch 12/30 | Processing...:  71%|████████████████████████          | 12/17 [00:01<00:00,  8.74it/s][A

Epoch 12/30 | Processing...:  76%|██████████████████████████        | 13/17 [00:01<00:00,  8.83it/s][A

Epoch 12/30 | Processing...:  82%|████████████████████████████      | 14/17 [00:01<00:00,  9.08it/s][A

Epoch 12/30 | Processing...:  94%|████████████████████████████████  | 16/17 [00:01<00:00,  9.48it/s][A

Epoch 12/30 | Processing...: 100%|███████████████████| 17/17 [00:01<00:00,  9.48it/s, Loss=0.000493][A
Epoch 13/30 | Processing...:   0%|                                           | 0/17 [00:00<?, ?it/s]
Epoch 12/30 | Processing...: 100%|███████████████████| 17/17 [00:01<00:00,  9.24it/s, Loss=0.000493]

Epoch 13/30 | Processing...:   6%|██                                 | 1/17 [00:00<00:01,  9.98it/s]
Epoch 13/30 | Processing...:  12%|████                               | 2/17 [00:00<00:01,  9.13it/s]
Epoch 13/30 | Processing...:  18%|██████▏                            | 3/17 [00:00<00:01,  9.02it/s]
Epoch 13/30 | Processing...:  24%|████████▏                          | 4/17 [00:00<00:01,  8.97it/s]
Epoch 13/30 | Processing...:  29%|██████████▎                        | 5/17 [00:00<00:01,  8.84it/s]
Epoch 13/30 | Processing...:  35%|████████████▎                      | 6/17 [00:00<00:01,  8.84it/s]
Epoch 13/30 | Processing...:  41%|██████████████▍                    | 7/17 [00:00<00:01,  8.76it/s]
Epoch 13/30 | Processing...:  47%|████████████████▍                  | 8/17 [00:00<00:01,  8.55it/s]
Epoch 13/30 | Processing...:  53%|██████████████████▌                | 9/17 [00:01<00:00,  8.34it/s]
Epoch 13/30 | Processing...:  59%|████████████████████              | 10/17 [00:01<00:00,  8.41it/s]
Epoch 13/30 | Processing...:  65%|██████████████████████            | 11/17 [00:01<00:00,  8.61it/s]
Epoch 13/30 | Processing...:  71%|████████████████████████          | 12/17 [00:01<00:00,  8.52it/s]
Epoch 13/30 | Processing...:  76%|██████████████████████████        | 13/17 [00:01<00:00,  8.62it/s]
Epoch 13/30 | Processing...:  82%|████████████████████████████      | 14/17 [00:01<00:00,  8.87it/s]
Epoch 13/30 | Processing...:  88%|██████████████████████████████    | 15/17 [00:01<00:00,  7.84it/s]
Epoch 13/30 | Processing...:  94%|████████████████████████████████  | 16/17 [00:01<00:00,  7.50it/s]
Epoch 13/30 | Processing...: 100%|███████████████████| 17/17 [00:01<00:00,  7.50it/s, Loss=0.000353]

Epoch 14/30 | Processing...:   0%|                                           | 0/17 [00:00<?, ?it/s][A
Epoch 13/30 | Processing...: 100%|███████████████████| 17/17 [00:01<00:00,  8.62it/s, Loss=0.000353]


Epoch 14/30 | Processing...:   6%|██                                 | 1/17 [00:00<00:02,  6.12it/s][A

Epoch 14/30 | Processing...:  12%|████                               | 2/17 [00:00<00:02,  6.22it/s][A

Epoch 14/30 | Processing...:  18%|██████▏                            | 3/17 [00:00<00:01,  7.15it/s][A

Epoch 14/30 | Processing...:  24%|████████▏                          | 4/17 [00:00<00:01,  7.62it/s][A

Epoch 14/30 | Processing...:  29%|██████████▎                        | 5/17 [00:00<00:01,  7.94it/s][A

Epoch 14/30 | Processing...:  35%|████████████▎                      | 6/17 [00:00<00:01,  8.09it/s][A

Epoch 14/30 | Processing...:  41%|██████████████▍                    | 7/17 [00:00<00:01,  8.09it/s][A

Epoch 14/30 | Processing...:  47%|████████████████▍                  | 8/17 [00:01<00:01,  7.88it/s][A

Epoch 14/30 | Processing...:  53%|██████████████████▌                | 9/17 [00:01<00:01,  7.64it/s][A

Epoch 14/30 | Processing...:  59%|████████████████████              | 10/17 [00:01<00:00,  7.92it/s][A

Epoch 14/30 | Processing...:  65%|██████████████████████            | 11/17 [00:01<00:00,  8.26it/s][A

Epoch 14/30 | Processing...:  71%|████████████████████████          | 12/17 [00:01<00:00,  8.42it/s][A

Epoch 14/30 | Processing...:  76%|██████████████████████████        | 13/17 [00:01<00:00,  8.62it/s][A

Epoch 14/30 | Processing...:  82%|████████████████████████████      | 14/17 [00:01<00:00,  8.72it/s][A

Epoch 14/30 | Processing...:  88%|██████████████████████████████    | 15/17 [00:01<00:00,  8.92it/s][A

Epoch 14/30 | Processing...:  94%|████████████████████████████████  | 16/17 [00:01<00:00,  9.10it/s][A

Epoch 14/30 | Processing...: 100%|█████████████████████| 17/17 [00:02<00:00,  9.10it/s, Loss=0.0189][A
Epoch 15/30 | Processing...:   0%|                                           | 0/17 [00:00<?, ?it/s]
Epoch 14/30 | Processing...: 100%|█████████████████████| 17/17 [00:02<00:00,  8.43it/s, Loss=0.0189]

Epoch 15/30 | Processing...:  12%|████                               | 2/17 [00:00<00:01,  9.11it/s]
Epoch 15/30 | Processing...:  18%|██████▏                            | 3/17 [00:00<00:01,  8.98it/s]
Epoch 15/30 | Processing...:  24%|████████▏                          | 4/17 [00:00<00:01,  8.85it/s]
Epoch 15/30 | Processing...:  29%|██████████▎                        | 5/17 [00:00<00:01,  8.81it/s]
Epoch 15/30 | Processing...:  35%|████████████▎                      | 6/17 [00:00<00:01,  8.75it/s]
Epoch 15/30 | Processing...:  41%|██████████████▍                    | 7/17 [00:00<00:01,  8.74it/s]
Epoch 15/30 | Processing...:  47%|████████████████▍                  | 8/17 [00:00<00:01,  8.49it/s]
Epoch 15/30 | Processing...:  53%|██████████████████▌                | 9/17 [00:01<00:01,  5.90it/s]
Epoch 15/30 | Processing...:  59%|████████████████████              | 10/17 [00:01<00:01,  6.43it/s]
Epoch 15/30 | Processing...:  65%|██████████████████████            | 11/17 [00:01<00:00,  7.07it/s]
Epoch 15/30 | Processing...:  71%|████████████████████████          | 12/17 [00:01<00:00,  7.54it/s]
Epoch 15/30 | Processing...:  76%|██████████████████████████        | 13/17 [00:01<00:00,  7.96it/s]
Epoch 15/30 | Processing...:  82%|████████████████████████████      | 14/17 [00:01<00:00,  8.31it/s]
Epoch 15/30 | Processing...:  88%|██████████████████████████████    | 15/17 [00:01<00:00,  8.67it/s]
Epoch 15/30 | Processing...:  94%|████████████████████████████████  | 16/17 [00:01<00:00,  8.86it/s]
Epoch 15/30 | Processing...: 100%|████████████████████| 17/17 [00:02<00:00,  8.86it/s, Loss=2.97e-5]

Epoch 16/30 | Processing...:   0%|                                           | 0/17 [00:00<?, ?it/s][A
Epoch 15/30 | Processing...: 100%|████████████████████| 17/17 [00:02<00:00,  8.38it/s, Loss=2.97e-5]


Epoch 16/30 | Processing...:   6%|██                                 | 1/17 [00:00<00:01,  9.47it/s][A

Epoch 16/30 | Processing...:  12%|████                               | 2/17 [00:00<00:01,  9.09it/s][A

Epoch 16/30 | Processing...:  18%|██████▏                            | 3/17 [00:00<00:01,  8.91it/s][A

Epoch 16/30 | Processing...:  24%|████████▏                          | 4/17 [00:00<00:01,  8.78it/s][A

Epoch 16/30 | Processing...:  29%|██████████▎                        | 5/17 [00:00<00:01,  8.78it/s][A

Epoch 16/30 | Processing...:  35%|████████████▎                      | 6/17 [00:00<00:01,  8.80it/s][A

Epoch 16/30 | Processing...:  41%|██████████████▍                    | 7/17 [00:00<00:01,  8.97it/s][A

Epoch 16/30 | Processing...:  47%|████████████████▍                  | 8/17 [00:00<00:01,  8.63it/s][A

Epoch 16/30 | Processing...:  53%|██████████████████▌                | 9/17 [00:01<00:00,  8.41it/s][A

Epoch 16/30 | Processing...:  59%|████████████████████              | 10/17 [00:01<00:00,  8.07it/s][A

Epoch 16/30 | Processing...:  65%|██████████████████████            | 11/17 [00:01<00:00,  8.31it/s][A

Epoch 16/30 | Processing...:  71%|████████████████████████          | 12/17 [00:01<00:00,  8.37it/s][A

Epoch 16/30 | Processing...:  76%|██████████████████████████        | 13/17 [00:01<00:00,  8.43it/s][A

Epoch 16/30 | Processing...:  82%|████████████████████████████      | 14/17 [00:01<00:00,  8.64it/s][A

Epoch 16/30 | Processing...:  88%|██████████████████████████████    | 15/17 [00:01<00:00,  8.92it/s][A

Epoch 16/30 | Processing...:  94%|████████████████████████████████  | 16/17 [00:01<00:00,  9.05it/s][A

Epoch 16/30 | Processing...: 100%|████████████████████| 17/17 [00:01<00:00,  9.05it/s, Loss=2.62e-6][A
Epoch 17/30 | Processing...:   0%|                                           | 0/17 [00:00<?, ?it/s]
Epoch 16/30 | Processing...: 100%|████████████████████| 17/17 [00:01<00:00,  8.99it/s, Loss=2.62e-6]

Epoch 17/30 | Processing...:   6%|██                                 | 1/17 [00:00<00:01,  9.35it/s]
Epoch 17/30 | Processing...:  12%|████                               | 2/17 [00:00<00:01,  9.11it/s]
Epoch 17/30 | Processing...:  18%|██████▏                            | 3/17 [00:00<00:01,  8.79it/s]
Epoch 17/30 | Processing...:  24%|████████▏                          | 4/17 [00:00<00:01,  8.22it/s]
Epoch 17/30 | Processing...:  29%|██████████▎                        | 5/17 [00:00<00:01,  8.22it/s]
Epoch 17/30 | Processing...:  35%|████████████▎                      | 6/17 [00:00<00:01,  8.25it/s]
Epoch 17/30 | Processing...:  41%|██████████████▍                    | 7/17 [00:00<00:01,  8.18it/s]
Epoch 17/30 | Processing...:  47%|████████████████▍                  | 8/17 [00:00<00:01,  8.06it/s]
Epoch 17/30 | Processing...:  53%|██████████████████▌                | 9/17 [00:01<00:01,  7.83it/s]
Epoch 17/30 | Processing...:  59%|████████████████████              | 10/17 [00:01<00:00,  7.88it/s]
Epoch 17/30 | Processing...:  65%|██████████████████████            | 11/17 [00:01<00:00,  8.10it/s]
Epoch 17/30 | Processing...:  71%|████████████████████████          | 12/17 [00:01<00:00,  8.10it/s]
Epoch 17/30 | Processing...:  76%|██████████████████████████        | 13/17 [00:01<00:00,  8.24it/s]
Epoch 17/30 | Processing...:  82%|████████████████████████████      | 14/17 [00:01<00:00,  8.41it/s]
Epoch 17/30 | Processing...:  88%|██████████████████████████████    | 15/17 [00:01<00:00,  8.67it/s]
Epoch 17/30 | Processing...: 100%|██████████████████████████████████| 17/17 [00:01<00:00, 10.28it/s]
Epoch 17/30 | Processing...: 100%|████████████████████| 17/17 [00:01<00:00, 10.28it/s, Loss=5.25e-6]

Epoch 18/30 | Processing...:   0%|                                           | 0/17 [00:00<?, ?it/s][A
Epoch 17/30 | Processing...: 100%|████████████████████| 17/17 [00:01<00:00,  8.69it/s, Loss=5.25e-6]


Epoch 18/30 | Processing...:  12%|████                               | 2/17 [00:00<00:01,  9.58it/s][A

Epoch 18/30 | Processing...:  18%|██████▏                            | 3/17 [00:00<00:01,  9.32it/s][A

Epoch 18/30 | Processing...:  24%|████████▏                          | 4/17 [00:00<00:01,  9.06it/s][A

Epoch 18/30 | Processing...:  29%|██████████▎                        | 5/17 [00:00<00:01,  8.71it/s][A

Epoch 18/30 | Processing...:  35%|████████████▎                      | 6/17 [00:00<00:01,  8.69it/s][A

Epoch 18/30 | Processing...:  41%|██████████████▍                    | 7/17 [00:00<00:01,  8.61it/s][A

Epoch 18/30 | Processing...:  47%|████████████████▍                  | 8/17 [00:00<00:01,  8.50it/s][A

Epoch 18/30 | Processing...:  53%|██████████████████▌                | 9/17 [00:01<00:00,  8.26it/s][A

Epoch 18/30 | Processing...:  59%|████████████████████              | 10/17 [00:01<00:00,  8.43it/s][A

Epoch 18/30 | Processing...:  71%|████████████████████████          | 12/17 [00:01<00:00,  8.90it/s][A

Epoch 18/30 | Processing...:  76%|██████████████████████████        | 13/17 [00:01<00:00,  8.92it/s][A

Epoch 18/30 | Processing...:  82%|████████████████████████████      | 14/17 [00:01<00:00,  9.06it/s][A

Epoch 18/30 | Processing...:  88%|██████████████████████████████    | 15/17 [00:01<00:00,  8.97it/s][A

Epoch 18/30 | Processing...:  94%|████████████████████████████████  | 16/17 [00:01<00:00,  8.90it/s][A

Epoch 18/30 | Processing...: 100%|████████████████████| 17/17 [00:01<00:00,  8.90it/s, Loss=1.55e-6][A
Epoch 19/30 | Processing...:   0%|                                           | 0/17 [00:00<?, ?it/s]
Epoch 18/30 | Processing...: 100%|████████████████████| 17/17 [00:01<00:00,  9.11it/s, Loss=1.55e-6]

Epoch 19/30 | Processing...:   6%|██                                 | 1/17 [00:00<00:01,  9.41it/s]
Epoch 19/30 | Processing...:  12%|████                               | 2/17 [00:00<00:01,  8.87it/s]
Epoch 19/30 | Processing...:  18%|██████▏                            | 3/17 [00:00<00:01,  8.60it/s]
Epoch 19/30 | Processing...:  24%|████████▏                          | 4/17 [00:00<00:01,  8.67it/s]
Epoch 19/30 | Processing...:  29%|██████████▎                        | 5/17 [00:00<00:01,  8.62it/s]
Epoch 19/30 | Processing...:  35%|████████████▎                      | 6/17 [00:00<00:01,  8.71it/s]
Epoch 19/30 | Processing...:  41%|██████████████▍                    | 7/17 [00:00<00:01,  8.68it/s]
Epoch 19/30 | Processing...:  47%|████████████████▍                  | 8/17 [00:00<00:01,  8.30it/s]
Epoch 19/30 | Processing...:  53%|██████████████████▌                | 9/17 [00:01<00:01,  7.67it/s]
Epoch 19/30 | Processing...:  59%|████████████████████              | 10/17 [00:01<00:00,  7.97it/s]
Epoch 19/30 | Processing...:  65%|██████████████████████            | 11/17 [00:01<00:00,  8.34it/s]
Epoch 19/30 | Processing...:  71%|████████████████████████          | 12/17 [00:01<00:00,  8.49it/s]
Epoch 19/30 | Processing...:  76%|██████████████████████████        | 13/17 [00:01<00:00,  8.77it/s]
Epoch 19/30 | Processing...:  82%|████████████████████████████      | 14/17 [00:01<00:00,  8.77it/s]
Epoch 19/30 | Processing...:  88%|██████████████████████████████    | 15/17 [00:01<00:00,  9.03it/s]
Epoch 19/30 | Processing...:  94%|████████████████████████████████  | 16/17 [00:01<00:00,  9.20it/s]
Epoch 19/30 | Processing...: 100%|████████████████████| 17/17 [00:01<00:00,  9.20it/s, Loss=1.79e-7]

Epoch 20/30 | Processing...:   0%|                                           | 0/17 [00:00<?, ?it/s][A
Epoch 19/30 | Processing...: 100%|████████████████████| 17/17 [00:01<00:00,  8.93it/s, Loss=1.79e-7]


Epoch 20/30 | Processing...:  12%|████                               | 2/17 [00:00<00:01,  9.13it/s][A

Epoch 20/30 | Processing...:  18%|██████▏                            | 3/17 [00:00<00:01,  8.98it/s][A

Epoch 20/30 | Processing...:  24%|████████▏                          | 4/17 [00:00<00:01,  8.87it/s][A

Epoch 20/30 | Processing...:  29%|██████████▎                        | 5/17 [00:00<00:01,  8.87it/s][A

Epoch 20/30 | Processing...:  35%|████████████▎                      | 6/17 [00:00<00:01,  8.88it/s][A

Epoch 20/30 | Processing...:  41%|██████████████▍                    | 7/17 [00:00<00:01,  8.62it/s][A

Epoch 20/30 | Processing...:  47%|████████████████▍                  | 8/17 [00:00<00:01,  8.42it/s][A

Epoch 20/30 | Processing...:  53%|██████████████████▌                | 9/17 [00:01<00:00,  8.29it/s][A

Epoch 20/30 | Processing...:  59%|████████████████████              | 10/17 [00:01<00:00,  8.33it/s][A

Epoch 20/30 | Processing...:  65%|██████████████████████            | 11/17 [00:01<00:00,  8.52it/s][A

Epoch 20/30 | Processing...:  71%|████████████████████████          | 12/17 [00:01<00:00,  8.74it/s][A

Epoch 20/30 | Processing...:  76%|██████████████████████████        | 13/17 [00:01<00:00,  8.67it/s][A

Epoch 20/30 | Processing...:  82%|████████████████████████████      | 14/17 [00:01<00:00,  8.95it/s][A

Epoch 20/30 | Processing...:  88%|██████████████████████████████    | 15/17 [00:01<00:00,  9.17it/s][A

Epoch 20/30 | Processing...:  94%|████████████████████████████████  | 16/17 [00:01<00:00,  9.35it/s][A

Epoch 20/30 | Processing...: 100%|████████████████████| 17/17 [00:01<00:00,  9.35it/s, Loss=7.81e-6][A
Epoch 21/30 | Processing...:   0%|                                           | 0/17 [00:00<?, ?it/s]
Epoch 20/30 | Processing...: 100%|████████████████████| 17/17 [00:01<00:00,  9.13it/s, Loss=7.81e-6]

Epoch 21/30 | Processing...:   6%|██                                 | 1/17 [00:00<00:01,  9.69it/s]
Epoch 21/30 | Processing...:  12%|████                               | 2/17 [00:00<00:01,  9.05it/s]
Epoch 21/30 | Processing...:  18%|██████▏                            | 3/17 [00:00<00:01,  8.93it/s]
Epoch 21/30 | Processing...:  24%|████████▏                          | 4/17 [00:00<00:01,  8.69it/s]
Epoch 21/30 | Processing...:  29%|██████████▎                        | 5/17 [00:00<00:01,  9.02it/s]
Epoch 21/30 | Processing...:  35%|████████████▎                      | 6/17 [00:00<00:01,  9.11it/s]
Epoch 21/30 | Processing...:  41%|██████████████▍                    | 7/17 [00:00<00:01,  8.59it/s]
Epoch 21/30 | Processing...:  47%|████████████████▍                  | 8/17 [00:00<00:01,  8.41it/s]
Epoch 21/30 | Processing...:  53%|██████████████████▌                | 9/17 [00:01<00:00,  8.27it/s]
Epoch 21/30 | Processing...:  59%|████████████████████              | 10/17 [00:01<00:00,  8.27it/s]
Epoch 21/30 | Processing...:  65%|██████████████████████            | 11/17 [00:01<00:00,  8.59it/s]
Epoch 21/30 | Processing...:  71%|████████████████████████          | 12/17 [00:01<00:00,  8.67it/s]
Epoch 21/30 | Processing...:  76%|██████████████████████████        | 13/17 [00:01<00:00,  8.62it/s]
Epoch 21/30 | Processing...:  88%|██████████████████████████████    | 15/17 [00:01<00:00,  9.08it/s]
Epoch 21/30 | Processing...:  94%|████████████████████████████████  | 16/17 [00:01<00:00,  9.21it/s]
Epoch 21/30 | Processing...: 100%|████████████████████| 17/17 [00:01<00:00,  9.21it/s, Loss=1.79e-7]

Epoch 22/30 | Processing...:   0%|                                           | 0/17 [00:00<?, ?it/s][A
Epoch 21/30 | Processing...: 100%|████████████████████| 17/17 [00:01<00:00,  9.11it/s, Loss=1.79e-7]


Epoch 22/30 | Processing...:  12%|████                               | 2/17 [00:00<00:01,  9.00it/s][A

Epoch 22/30 | Processing...:  18%|██████▏                            | 3/17 [00:00<00:01,  8.96it/s][A

Epoch 22/30 | Processing...:  24%|████████▏                          | 4/17 [00:00<00:01,  8.85it/s][A

Epoch 22/30 | Processing...:  29%|██████████▎                        | 5/17 [00:00<00:01,  9.12it/s][A

Epoch 22/30 | Processing...:  35%|████████████▎                      | 6/17 [00:00<00:01,  9.15it/s][A

Epoch 22/30 | Processing...:  41%|██████████████▍                    | 7/17 [00:00<00:01,  8.51it/s][A

Epoch 22/30 | Processing...:  47%|████████████████▍                  | 8/17 [00:00<00:01,  8.41it/s][A

Epoch 22/30 | Processing...:  53%|██████████████████▌                | 9/17 [00:01<00:00,  8.24it/s][A

Epoch 22/30 | Processing...:  59%|████████████████████              | 10/17 [00:01<00:00,  8.31it/s][A

Epoch 22/30 | Processing...:  65%|██████████████████████            | 11/17 [00:01<00:00,  8.56it/s][A

Epoch 22/30 | Processing...:  71%|████████████████████████          | 12/17 [00:01<00:00,  8.62it/s][A

Epoch 22/30 | Processing...:  76%|██████████████████████████        | 13/17 [00:01<00:00,  8.70it/s][A

Epoch 22/30 | Processing...:  82%|████████████████████████████      | 14/17 [00:01<00:00,  8.95it/s][A

Epoch 22/30 | Processing...:  94%|████████████████████████████████  | 16/17 [00:01<00:00,  9.37it/s][A

Epoch 22/30 | Processing...: 100%|████████████████████| 17/17 [00:01<00:00,  9.37it/s, Loss=1.97e-6][A
Epoch 23/30 | Processing...:   0%|                                           | 0/17 [00:00<?, ?it/s]
Epoch 22/30 | Processing...: 100%|████████████████████| 17/17 [00:01<00:00,  9.13it/s, Loss=1.97e-6]

Epoch 23/30 | Processing...:  12%|████                               | 2/17 [00:00<00:01,  9.26it/s]
Epoch 23/30 | Processing...:  18%|██████▏                            | 3/17 [00:00<00:01,  9.05it/s]
Epoch 23/30 | Processing...:  24%|████████▏                          | 4/17 [00:00<00:01,  9.03it/s]
Epoch 23/30 | Processing...:  29%|██████████▎                        | 5/17 [00:00<00:01,  8.95it/s]
Epoch 23/30 | Processing...:  35%|████████████▎                      | 6/17 [00:00<00:01,  8.90it/s]
Epoch 23/30 | Processing...:  41%|██████████████▍                    | 7/17 [00:00<00:01,  8.81it/s]
Epoch 23/30 | Processing...:  47%|████████████████▍                  | 8/17 [00:00<00:01,  8.75it/s]
Epoch 23/30 | Processing...:  53%|██████████████████▌                | 9/17 [00:01<00:00,  8.34it/s]
Epoch 23/30 | Processing...:  59%|████████████████████              | 10/17 [00:01<00:00,  8.41it/s]
Epoch 23/30 | Processing...:  65%|██████████████████████            | 11/17 [00:01<00:00,  8.62it/s]
Epoch 23/30 | Processing...:  71%|████████████████████████          | 12/17 [00:01<00:00,  8.70it/s]
Epoch 23/30 | Processing...:  76%|██████████████████████████        | 13/17 [00:01<00:00,  8.81it/s]
Epoch 23/30 | Processing...:  82%|████████████████████████████      | 14/17 [00:01<00:00,  9.06it/s]
Epoch 23/30 | Processing...:  94%|████████████████████████████████  | 16/17 [00:01<00:00,  9.46it/s]
Epoch 23/30 | Processing...: 100%|████████████████████| 17/17 [00:01<00:00,  9.46it/s, Loss=3.58e-7]

Epoch 24/30 | Processing...:   0%|                                           | 0/17 [00:00<?, ?it/s][A
Epoch 23/30 | Processing...: 100%|████████████████████| 17/17 [00:01<00:00,  9.24it/s, Loss=3.58e-7]


Epoch 24/30 | Processing...:   6%|██                                 | 1/17 [00:00<00:01,  9.96it/s][A

Epoch 24/30 | Processing...:  12%|████                               | 2/17 [00:00<00:01,  9.19it/s][A

Epoch 24/30 | Processing...:  18%|██████▏                            | 3/17 [00:00<00:01,  8.96it/s][A

Epoch 24/30 | Processing...:  24%|████████▏                          | 4/17 [00:00<00:01,  8.89it/s][A

Epoch 24/30 | Processing...:  29%|██████████▎                        | 5/17 [00:00<00:01,  8.88it/s][A

Epoch 24/30 | Processing...:  35%|████████████▎                      | 6/17 [00:00<00:01,  8.85it/s][A

Epoch 24/30 | Processing...:  41%|██████████████▍                    | 7/17 [00:00<00:01,  8.82it/s][A

Epoch 24/30 | Processing...:  47%|████████████████▍                  | 8/17 [00:00<00:01,  8.62it/s][A

Epoch 24/30 | Processing...:  53%|██████████████████▌                | 9/17 [00:01<00:00,  8.37it/s][A

Epoch 24/30 | Processing...:  59%|████████████████████              | 10/17 [00:01<00:00,  8.41it/s][A

Epoch 24/30 | Processing...:  65%|██████████████████████            | 11/17 [00:01<00:00,  8.59it/s][A

Epoch 24/30 | Processing...:  71%|████████████████████████          | 12/17 [00:01<00:00,  8.67it/s][A

Epoch 24/30 | Processing...:  76%|██████████████████████████        | 13/17 [00:01<00:00,  8.79it/s][A

Epoch 24/30 | Processing...:  82%|████████████████████████████      | 14/17 [00:01<00:00,  8.94it/s][A

Epoch 24/30 | Processing...:  88%|██████████████████████████████    | 15/17 [00:01<00:00,  9.21it/s][A

Epoch 24/30 | Processing...:  94%|████████████████████████████████  | 16/17 [00:01<00:00,  9.33it/s][A

Epoch 24/30 | Processing...: 100%|████████████████████| 17/17 [00:01<00:00,  9.33it/s, Loss=7.75e-7][A
Epoch 25/30 | Processing...:   0%|                                           | 0/17 [00:00<?, ?it/s]
Epoch 24/30 | Processing...: 100%|████████████████████| 17/17 [00:01<00:00,  9.18it/s, Loss=7.75e-7]

Epoch 25/30 | Processing...:   6%|██                                 | 1/17 [00:00<00:01,  9.77it/s]
Epoch 25/30 | Processing...:  12%|████                               | 2/17 [00:00<00:01,  9.11it/s]
Epoch 25/30 | Processing...:  18%|██████▏                            | 3/17 [00:00<00:01,  9.13it/s]
Epoch 25/30 | Processing...:  24%|████████▏                          | 4/17 [00:00<00:01,  9.06it/s]
Epoch 25/30 | Processing...:  29%|██████████▎                        | 5/17 [00:00<00:01,  8.95it/s]
Epoch 25/30 | Processing...:  35%|████████████▎                      | 6/17 [00:00<00:01,  8.91it/s]
Epoch 25/30 | Processing...:  41%|██████████████▍                    | 7/17 [00:00<00:01,  8.77it/s]
Epoch 25/30 | Processing...:  47%|████████████████▍                  | 8/17 [00:00<00:01,  8.58it/s]
Epoch 25/30 | Processing...:  53%|██████████████████▌                | 9/17 [00:01<00:00,  8.40it/s]
Epoch 25/30 | Processing...:  59%|████████████████████              | 10/17 [00:01<00:00,  8.30it/s]
Epoch 25/30 | Processing...:  65%|██████████████████████            | 11/17 [00:01<00:00,  8.60it/s]
Epoch 25/30 | Processing...:  71%|████████████████████████          | 12/17 [00:01<00:00,  8.68it/s]
Epoch 25/30 | Processing...:  76%|██████████████████████████        | 13/17 [00:01<00:00,  8.85it/s]
Epoch 25/30 | Processing...:  82%|████████████████████████████      | 14/17 [00:01<00:00,  8.94it/s]
Epoch 25/30 | Processing...:  88%|██████████████████████████████    | 15/17 [00:01<00:00,  9.20it/s]
Epoch 25/30 | Processing...:  94%|████████████████████████████████  | 16/17 [00:01<00:00,  9.32it/s]
Epoch 25/30 | Processing...: 100%|████████████████████| 17/17 [00:01<00:00,  9.32it/s, Loss=1.13e-6]

Epoch 26/30 | Processing...:   0%|                                           | 0/17 [00:00<?, ?it/s][A
Epoch 25/30 | Processing...: 100%|████████████████████| 17/17 [00:01<00:00,  9.27it/s, Loss=1.13e-6]


Epoch 26/30 | Processing...:  12%|████                               | 2/17 [00:00<00:01,  9.81it/s][A

Epoch 26/30 | Processing...:  18%|██████▏                            | 3/17 [00:00<00:01,  9.41it/s][A

Epoch 26/30 | Processing...:  24%|████████▏                          | 4/17 [00:00<00:01,  9.16it/s][A

Epoch 26/30 | Processing...:  29%|██████████▎                        | 5/17 [00:00<00:01,  9.12it/s][A

Epoch 26/30 | Processing...:  35%|████████████▎                      | 6/17 [00:00<00:01,  9.03it/s][A

Epoch 26/30 | Processing...:  41%|██████████████▍                    | 7/17 [00:00<00:01,  8.89it/s][A

Epoch 26/30 | Processing...:  47%|████████████████▍                  | 8/17 [00:00<00:01,  8.66it/s][A

Epoch 26/30 | Processing...:  53%|██████████████████▌                | 9/17 [00:01<00:00,  8.37it/s][A

Epoch 26/30 | Processing...:  59%|████████████████████              | 10/17 [00:01<00:00,  7.98it/s][A

Epoch 26/30 | Processing...:  65%|██████████████████████            | 11/17 [00:01<00:00,  8.31it/s][A

Epoch 26/30 | Processing...:  71%|████████████████████████          | 12/17 [00:01<00:00,  8.48it/s][A

Epoch 26/30 | Processing...:  76%|██████████████████████████        | 13/17 [00:01<00:00,  8.60it/s][A

Epoch 26/30 | Processing...:  82%|████████████████████████████      | 14/17 [00:01<00:00,  8.87it/s][A

Epoch 26/30 | Processing...:  88%|██████████████████████████████    | 15/17 [00:01<00:00,  9.05it/s][A

Epoch 26/30 | Processing...:  94%|████████████████████████████████  | 16/17 [00:01<00:00,  9.17it/s][A

Epoch 26/30 | Processing...: 100%|████████████████████| 17/17 [00:01<00:00,  9.17it/s, Loss=2.38e-7][A
Epoch 27/30 | Processing...:   0%|                                           | 0/17 [00:00<?, ?it/s]
Epoch 26/30 | Processing...: 100%|████████████████████| 17/17 [00:01<00:00,  9.12it/s, Loss=2.38e-7]

Epoch 27/30 | Processing...:   6%|██                                 | 1/17 [00:00<00:01,  9.73it/s]
Epoch 27/30 | Processing...:  12%|████                               | 2/17 [00:00<00:01,  8.99it/s]
Epoch 27/30 | Processing...:  18%|██████▏                            | 3/17 [00:00<00:01,  8.94it/s]
Epoch 27/30 | Processing...:  24%|████████▏                          | 4/17 [00:00<00:01,  8.96it/s]
Epoch 27/30 | Processing...:  29%|██████████▎                        | 5/17 [00:00<00:01,  8.85it/s]
Epoch 27/30 | Processing...:  35%|████████████▎                      | 6/17 [00:00<00:01,  8.84it/s]
Epoch 27/30 | Processing...:  41%|██████████████▍                    | 7/17 [00:00<00:01,  8.82it/s]
Epoch 27/30 | Processing...:  47%|████████████████▍                  | 8/17 [00:00<00:01,  8.61it/s]
Epoch 27/30 | Processing...:  53%|██████████████████▌                | 9/17 [00:01<00:00,  8.29it/s]
Epoch 27/30 | Processing...:  59%|████████████████████              | 10/17 [00:01<00:00,  8.14it/s]
Epoch 27/30 | Processing...:  65%|██████████████████████            | 11/17 [00:01<00:00,  8.35it/s]
Epoch 27/30 | Processing...:  71%|████████████████████████          | 12/17 [00:01<00:00,  8.55it/s]
Epoch 27/30 | Processing...:  76%|██████████████████████████        | 13/17 [00:01<00:00,  8.57it/s]
Epoch 27/30 | Processing...:  82%|████████████████████████████      | 14/17 [00:01<00:00,  8.81it/s]
Epoch 27/30 | Processing...:  88%|██████████████████████████████    | 15/17 [00:01<00:00,  9.02it/s]
Epoch 27/30 | Processing...:  94%|████████████████████████████████  | 16/17 [00:01<00:00,  9.10it/s]
Epoch 27/30 | Processing...: 100%|██████████████████████████| 17/17 [00:01<00:00,  9.10it/s, Loss=0]

Epoch 28/30 | Processing...:   0%|                                           | 0/17 [00:00<?, ?it/s][A
Epoch 27/30 | Processing...: 100%|██████████████████████████| 17/17 [00:01<00:00,  9.04it/s, Loss=0]


Epoch 28/30 | Processing...:   6%|██                                 | 1/17 [00:00<00:01,  9.46it/s][A

Epoch 28/30 | Processing...:  12%|████                               | 2/17 [00:00<00:01,  9.14it/s][A

Epoch 28/30 | Processing...:  18%|██████▏                            | 3/17 [00:00<00:01,  8.80it/s][A

Epoch 28/30 | Processing...:  24%|████████▏                          | 4/17 [00:00<00:01,  7.98it/s][A

Epoch 28/30 | Processing...:  29%|██████████▎                        | 5/17 [00:00<00:01,  8.02it/s][A

Epoch 28/30 | Processing...:  35%|████████████▎                      | 6/17 [00:00<00:01,  8.20it/s][A

Epoch 28/30 | Processing...:  41%|██████████████▍                    | 7/17 [00:00<00:01,  8.24it/s][A

Epoch 28/30 | Processing...:  47%|████████████████▍                  | 8/17 [00:00<00:01,  8.08it/s][A

Epoch 28/30 | Processing...:  53%|██████████████████▌                | 9/17 [00:01<00:01,  7.93it/s][A

Epoch 28/30 | Processing...:  59%|████████████████████              | 10/17 [00:01<00:00,  8.19it/s][A

Epoch 28/30 | Processing...:  65%|██████████████████████            | 11/17 [00:01<00:00,  8.44it/s][A

Epoch 28/30 | Processing...:  71%|████████████████████████          | 12/17 [00:01<00:00,  8.48it/s][A

Epoch 28/30 | Processing...:  76%|██████████████████████████        | 13/17 [00:01<00:00,  8.67it/s][A

Epoch 28/30 | Processing...:  82%|████████████████████████████      | 14/17 [00:01<00:00,  8.71it/s][A

Epoch 28/30 | Processing...:  94%|████████████████████████████████  | 16/17 [00:01<00:00,  9.23it/s][A

Epoch 28/30 | Processing...: 100%|██████████████████████████| 17/17 [00:01<00:00,  9.23it/s, Loss=0][A
Epoch 29/30 | Processing...:   0%|                                           | 0/17 [00:00<?, ?it/s]
Epoch 28/30 | Processing...: 100%|██████████████████████████| 17/17 [00:01<00:00,  8.84it/s, Loss=0]

Epoch 29/30 | Processing...:  12%|████                               | 2/17 [00:00<00:01,  9.22it/s]
Epoch 29/30 | Processing...:  18%|██████▏                            | 3/17 [00:00<00:01,  9.01it/s]
Epoch 29/30 | Processing...:  24%|████████▏                          | 4/17 [00:00<00:01,  8.86it/s]
Epoch 29/30 | Processing...:  29%|██████████▎                        | 5/17 [00:00<00:01,  8.53it/s]
Epoch 29/30 | Processing...:  35%|████████████▎                      | 6/17 [00:00<00:01,  8.61it/s]
Epoch 29/30 | Processing...:  47%|████████████████▍                  | 8/17 [00:00<00:01,  8.81it/s]
Epoch 29/30 | Processing...:  53%|██████████████████▌                | 9/17 [00:01<00:00,  8.44it/s]
Epoch 29/30 | Processing...:  59%|████████████████████              | 10/17 [00:01<00:00,  8.31it/s]
Epoch 29/30 | Processing...:  65%|██████████████████████            | 11/17 [00:01<00:00,  8.41it/s]
Epoch 29/30 | Processing...:  71%|████████████████████████          | 12/17 [00:01<00:00,  8.27it/s]
Epoch 29/30 | Processing...:  76%|██████████████████████████        | 13/17 [00:01<00:00,  8.56it/s]
Epoch 29/30 | Processing...:  88%|██████████████████████████████    | 15/17 [00:01<00:00,  8.90it/s]
Epoch 29/30 | Processing...:  94%|████████████████████████████████  | 16/17 [00:01<00:00,  9.01it/s]
Epoch 29/30 | Processing...: 100%|████████████████████| 17/17 [00:01<00:00,  9.01it/s, Loss=5.96e-8]

Epoch 30/30 | Processing...:   0%|                                           | 0/17 [00:00<?, ?it/s][A
Epoch 29/30 | Processing...: 100%|████████████████████| 17/17 [00:01<00:00,  8.98it/s, Loss=5.96e-8]


Epoch 30/30 | Processing...:   6%|██                                 | 1/17 [00:00<00:01,  9.76it/s][A

Epoch 30/30 | Processing...:  12%|████                               | 2/17 [00:00<00:01,  9.16it/s][A

Epoch 30/30 | Processing...:  18%|██████▏                            | 3/17 [00:00<00:01,  8.90it/s][A

Epoch 30/30 | Processing...:  24%|████████▏                          | 4/17 [00:00<00:01,  8.87it/s][A

Epoch 30/30 | Processing...:  35%|████████████▎                      | 6/17 [00:00<00:01,  9.15it/s][A

Epoch 30/30 | Processing...:  41%|██████████████▍                    | 7/17 [00:00<00:01,  9.04it/s][A

Epoch 30/30 | Processing...:  47%|████████████████▍                  | 8/17 [00:00<00:01,  8.64it/s][A

Epoch 30/30 | Processing...:  53%|██████████████████▌                | 9/17 [00:01<00:01,  7.91it/s][A

Epoch 30/30 | Processing...:  59%|████████████████████              | 10/17 [00:01<00:00,  7.97it/s][A

Epoch 30/30 | Processing...:  65%|██████████████████████            | 11/17 [00:01<00:00,  8.09it/s][A

Epoch 30/30 | Processing...:  71%|████████████████████████          | 12/17 [00:01<00:00,  8.27it/s][A

Epoch 30/30 | Processing...:  76%|██████████████████████████        | 13/17 [00:01<00:00,  8.38it/s][A

Epoch 30/30 | Processing...:  82%|████████████████████████████      | 14/17 [00:01<00:00,  8.59it/s][A

Epoch 30/30 | Processing...:  88%|██████████████████████████████    | 15/17 [00:01<00:00,  8.88it/s][A

Epoch 30/30 | Processing...:  94%|████████████████████████████████  | 16/17 [00:01<00:00,  9.00it/s][A

Epoch 30/30 | Processing...: 100%|████████████████████| 17/17 [00:01<00:00,  9.00it/s, Loss=8.94e-7][A训练完成
Accuracy: 0.9017
F1 Score: 0.8755
Recall: 0.8793
Precision: 0.8718
====================================================================================================
0 {'precision': 0.9213483146067416, 'recall': 0.9162011173184358, 'f1-score': 0.9187675070028011, 'support': 179.0}
1 {'precision': 0.8717948717948718, 'recall': 0.8793103448275862, 'f1-score': 0.8755364806866953, 'support': 116.0}
accuracy 0.9016949152542373
macro avg {'precision': 0.8965715932008067, 'recall': 0.897755731073011, 'f1-score': 0.8971519938447482, 'support': 295.0}
weighted avg {'precision': 0.9018628930264809, 'recall': 0.9016949152542373, 'f1-score': 0.9017681881801968, 'support': 295.0}
result:0.9017
====================================================================================================

Epoch 30/30 | Processing...: 100%|████████████████████| 17/17 [00:02<00:00,  7.46it/s, Loss=8.94e-7]
======================================================================================================================================================
run at 7-th time
CombinedModel3(
  (linear_1): Linear(in_features=768, out_features=768, bias=True)
  (linear_2): Linear(in_features=768, out_features=768, bias=True)
  (gnn): HgtGNN(
    (post_linear): Linear(in_features=1536, out_features=768, bias=True)
    (conv1): HGTConv(-1, 768, heads=8)
    (conv2): HGTConv(-1, 768, heads=8)
  )
  (mlp): Sequential(
    (0): Linear(in_features=2304, out_features=768, bias=True)
    (1): ReLU()
    (2): Dropout(p=0.5, inplace=False)
    (3): Linear(in_features=768, out_features=2, bias=True)
  )
)

Epoch 1/30 | Processing...:   0%|                                            | 0/17 [00:00<?, ?it/s]
Epoch 1/30 | Processing...:   6%|██                                  | 1/17 [00:00<00:01,  9.52it/s]
Epoch 1/30 | Processing...:  12%|████▏                               | 2/17 [00:00<00:01,  9.44it/s]
Epoch 1/30 | Processing...:  18%|██████▎                             | 3/17 [00:00<00:01,  9.32it/s]
Epoch 1/30 | Processing...:  24%|████████▍                           | 4/17 [00:00<00:01,  9.10it/s]
Epoch 1/30 | Processing...:  29%|██████████▌                         | 5/17 [00:00<00:01,  8.56it/s]
Epoch 1/30 | Processing...:  35%|████████████▋                       | 6/17 [00:00<00:01,  8.69it/s]
Epoch 1/30 | Processing...:  41%|██████████████▊                     | 7/17 [00:00<00:01,  8.61it/s]
Epoch 1/30 | Processing...:  47%|████████████████▉                   | 8/17 [00:00<00:01,  8.40it/s]
Epoch 1/30 | Processing...:  53%|███████████████████                 | 9/17 [00:01<00:00,  8.24it/s]
Epoch 1/30 | Processing...:  59%|████████████████████▌              | 10/17 [00:01<00:00,  8.36it/s]
Epoch 1/30 | Processing...:  65%|██████████████████████▋            | 11/17 [00:01<00:00,  8.54it/s]
Epoch 1/30 | Processing...:  71%|████████████████████████▋          | 12/17 [00:01<00:00,  8.60it/s]
Epoch 1/30 | Processing...:  82%|████████████████████████████▊      | 14/17 [00:01<00:00,  9.24it/s]
Epoch 1/30 | Processing...:  88%|██████████████████████████████▉    | 15/17 [00:01<00:00,  9.36it/s]
Epoch 1/30 | Processing...:  94%|████████████████████████████████▉  | 16/17 [00:01<00:00,  9.40it/s]
Epoch 1/30 | Processing...: 100%|███████████████████████| 17/17 [00:01<00:00,  9.40it/s, Loss=0.546]

Epoch 2/30 | Processing...:   0%|                                            | 0/17 [00:00<?, ?it/s][A
Epoch 1/30 | Processing...: 100%|███████████████████████| 17/17 [00:01<00:00,  9.20it/s, Loss=0.546]


Epoch 2/30 | Processing...:  12%|████▏                               | 2/17 [00:00<00:01,  9.71it/s][A

Epoch 2/30 | Processing...:  18%|██████▎                             | 3/17 [00:00<00:01,  9.40it/s][A

Epoch 2/30 | Processing...:  24%|████████▍                           | 4/17 [00:00<00:01,  9.24it/s][A

Epoch 2/30 | Processing...:  29%|██████████▌                         | 5/17 [00:00<00:01,  8.80it/s][A

Epoch 2/30 | Processing...:  35%|████████████▋                       | 6/17 [00:00<00:01,  8.55it/s][A

Epoch 2/30 | Processing...:  41%|██████████████▊                     | 7/17 [00:00<00:01,  8.64it/s][A

Epoch 2/30 | Processing...:  47%|████████████████▉                   | 8/17 [00:00<00:01,  8.52it/s][A

Epoch 2/30 | Processing...:  53%|███████████████████                 | 9/17 [00:01<00:00,  8.30it/s][A

Epoch 2/30 | Processing...:  59%|████████████████████▌              | 10/17 [00:01<00:00,  8.02it/s][A

Epoch 2/30 | Processing...:  65%|██████████████████████▋            | 11/17 [00:01<00:00,  8.30it/s][A

Epoch 2/30 | Processing...:  71%|████████████████████████▋          | 12/17 [00:01<00:00,  8.49it/s][A

Epoch 2/30 | Processing...:  76%|██████████████████████████▊        | 13/17 [00:01<00:00,  8.61it/s][A

Epoch 2/30 | Processing...:  82%|████████████████████████████▊      | 14/17 [00:01<00:00,  8.82it/s][A

Epoch 2/30 | Processing...:  88%|██████████████████████████████▉    | 15/17 [00:01<00:00,  9.03it/s][A

Epoch 2/30 | Processing...:  94%|████████████████████████████████▉  | 16/17 [00:01<00:00,  9.18it/s][A

Epoch 2/30 | Processing...: 100%|███████████████████████| 17/17 [00:01<00:00,  9.18it/s, Loss=0.113][A
Epoch 3/30 | Processing...:   0%|                                            | 0/17 [00:00<?, ?it/s]
Epoch 2/30 | Processing...: 100%|███████████████████████| 17/17 [00:01<00:00,  9.05it/s, Loss=0.113]

Epoch 3/30 | Processing...:   6%|██                                  | 1/17 [00:00<00:01,  9.53it/s]
Epoch 3/30 | Processing...:  12%|████▏                               | 2/17 [00:00<00:01,  8.93it/s]
Epoch 3/30 | Processing...:  18%|██████▎                             | 3/17 [00:00<00:01,  8.97it/s]
Epoch 3/30 | Processing...:  24%|████████▍                           | 4/17 [00:00<00:01,  8.88it/s]
Epoch 3/30 | Processing...:  29%|██████████▌                         | 5/17 [00:00<00:01,  8.76it/s]
Epoch 3/30 | Processing...:  35%|████████████▋                       | 6/17 [00:00<00:01,  8.93it/s]
Epoch 3/30 | Processing...:  41%|██████████████▊                     | 7/17 [00:00<00:01,  8.85it/s]
Epoch 3/30 | Processing...:  47%|████████████████▉                   | 8/17 [00:00<00:01,  8.61it/s]
Epoch 3/30 | Processing...:  53%|███████████████████                 | 9/17 [00:01<00:00,  8.37it/s]
Epoch 3/30 | Processing...:  59%|████████████████████▌              | 10/17 [00:01<00:00,  8.29it/s]
Epoch 3/30 | Processing...:  65%|██████████████████████▋            | 11/17 [00:01<00:00,  8.69it/s]
Epoch 3/30 | Processing...:  71%|████████████████████████▋          | 12/17 [00:01<00:00,  8.69it/s]
Epoch 3/30 | Processing...:  76%|██████████████████████████▊        | 13/17 [00:01<00:00,  8.80it/s]
Epoch 3/30 | Processing...:  82%|████████████████████████████▊      | 14/17 [00:01<00:00,  9.04it/s]
Epoch 3/30 | Processing...:  88%|██████████████████████████████▉    | 15/17 [00:01<00:00,  9.28it/s]
Epoch 3/30 | Processing...:  94%|████████████████████████████████▉  | 16/17 [00:01<00:00,  9.28it/s]
Epoch 3/30 | Processing...: 100%|███████████████████████| 17/17 [00:01<00:00,  9.28it/s, Loss=0.139]

Epoch 4/30 | Processing...:   0%|                                            | 0/17 [00:00<?, ?it/s][A
Epoch 3/30 | Processing...: 100%|███████████████████████| 17/17 [00:01<00:00,  9.18it/s, Loss=0.139]


Epoch 4/30 | Processing...:   6%|██                                  | 1/17 [00:00<00:01,  9.56it/s][A

Epoch 4/30 | Processing...:  12%|████▏                               | 2/17 [00:00<00:01,  9.17it/s][A

Epoch 4/30 | Processing...:  18%|██████▎                             | 3/17 [00:00<00:01,  8.96it/s][A

Epoch 4/30 | Processing...:  24%|████████▍                           | 4/17 [00:00<00:01,  8.91it/s][A

Epoch 4/30 | Processing...:  29%|██████████▌                         | 5/17 [00:00<00:01,  8.76it/s][A

Epoch 4/30 | Processing...:  35%|████████████▋                       | 6/17 [00:00<00:01,  8.86it/s][A

Epoch 4/30 | Processing...:  41%|██████████████▊                     | 7/17 [00:00<00:01,  8.54it/s][A

Epoch 4/30 | Processing...:  47%|████████████████▉                   | 8/17 [00:00<00:01,  8.41it/s][A

Epoch 4/30 | Processing...:  53%|███████████████████                 | 9/17 [00:01<00:01,  7.51it/s][A

Epoch 4/30 | Processing...:  59%|████████████████████▌              | 10/17 [00:01<00:00,  7.86it/s][A

Epoch 4/30 | Processing...:  65%|██████████████████████▋            | 11/17 [00:01<00:00,  8.25it/s][A

Epoch 4/30 | Processing...:  71%|████████████████████████▋          | 12/17 [00:01<00:00,  8.44it/s][A

Epoch 4/30 | Processing...:  76%|██████████████████████████▊        | 13/17 [00:01<00:00,  8.40it/s][A

Epoch 4/30 | Processing...:  82%|████████████████████████████▊      | 14/17 [00:01<00:00,  8.63it/s][A

Epoch 4/30 | Processing...:  88%|██████████████████████████████▉    | 15/17 [00:01<00:00,  8.88it/s][A

Epoch 4/30 | Processing...:  94%|████████████████████████████████▉  | 16/17 [00:01<00:00,  8.92it/s][A

Epoch 4/30 | Processing...: 100%|█████████████████████| 17/17 [00:01<00:00,  8.92it/s, Loss=0.00481][A
Epoch 5/30 | Processing...:   0%|                                            | 0/17 [00:00<?, ?it/s]
Epoch 4/30 | Processing...: 100%|█████████████████████| 17/17 [00:01<00:00,  8.85it/s, Loss=0.00481]

Epoch 5/30 | Processing...:   6%|██                                  | 1/17 [00:00<00:01,  9.38it/s]
Epoch 5/30 | Processing...:  12%|████▏                               | 2/17 [00:00<00:01,  8.76it/s]
Epoch 5/30 | Processing...:  18%|██████▎                             | 3/17 [00:00<00:01,  8.80it/s]
Epoch 5/30 | Processing...:  24%|████████▍                           | 4/17 [00:00<00:01,  8.66it/s]
Epoch 5/30 | Processing...:  29%|██████████▌                         | 5/17 [00:00<00:01,  8.53it/s]
Epoch 5/30 | Processing...:  35%|████████████▋                       | 6/17 [00:00<00:01,  8.61it/s]
Epoch 5/30 | Processing...:  41%|██████████████▊                     | 7/17 [00:00<00:01,  8.55it/s]
Epoch 5/30 | Processing...:  47%|████████████████▉                   | 8/17 [00:00<00:01,  8.28it/s]
Epoch 5/30 | Processing...:  53%|███████████████████                 | 9/17 [00:01<00:00,  8.19it/s]
Epoch 5/30 | Processing...:  59%|████████████████████▌              | 10/17 [00:01<00:00,  8.26it/s]
Epoch 5/30 | Processing...:  65%|██████████████████████▋            | 11/17 [00:01<00:00,  8.47it/s]
Epoch 5/30 | Processing...:  71%|████████████████████████▋          | 12/17 [00:01<00:00,  8.58it/s]
Epoch 5/30 | Processing...:  76%|██████████████████████████▊        | 13/17 [00:01<00:00,  8.70it/s]
Epoch 5/30 | Processing...:  82%|████████████████████████████▊      | 14/17 [00:01<00:00,  8.94it/s]
Epoch 5/30 | Processing...:  88%|██████████████████████████████▉    | 15/17 [00:01<00:00,  9.15it/s]
Epoch 5/30 | Processing...:  94%|████████████████████████████████▉  | 16/17 [00:01<00:00,  9.28it/s]
Epoch 5/30 | Processing...: 100%|█████████████████████| 17/17 [00:01<00:00,  9.28it/s, Loss=0.00363]

Epoch 6/30 | Processing...:   0%|                                            | 0/17 [00:00<?, ?it/s][A
Epoch 5/30 | Processing...: 100%|█████████████████████| 17/17 [00:01<00:00,  9.00it/s, Loss=0.00363]


Epoch 6/30 | Processing...:   6%|██                                  | 1/17 [00:00<00:01,  9.63it/s][A

Epoch 6/30 | Processing...:  12%|████▏                               | 2/17 [00:00<00:01,  9.09it/s][A

Epoch 6/30 | Processing...:  18%|██████▎                             | 3/17 [00:00<00:01,  8.94it/s][A

Epoch 6/30 | Processing...:  24%|████████▍                           | 4/17 [00:00<00:01,  8.93it/s][A

Epoch 6/30 | Processing...:  29%|██████████▌                         | 5/17 [00:00<00:01,  8.99it/s][A

Epoch 6/30 | Processing...:  35%|████████████▋                       | 6/17 [00:00<00:01,  8.77it/s][A

Epoch 6/30 | Processing...:  41%|██████████████▊                     | 7/17 [00:00<00:01,  8.74it/s][A

Epoch 6/30 | Processing...:  47%|████████████████▉                   | 8/17 [00:00<00:01,  8.56it/s][A

Epoch 6/30 | Processing...:  53%|███████████████████                 | 9/17 [00:01<00:00,  8.33it/s][A

Epoch 6/30 | Processing...:  59%|████████████████████▌              | 10/17 [00:01<00:00,  8.40it/s][A

Epoch 6/30 | Processing...:  65%|██████████████████████▋            | 11/17 [00:01<00:00,  8.66it/s][A

Epoch 6/30 | Processing...:  71%|████████████████████████▋          | 12/17 [00:01<00:00,  8.80it/s][A

Epoch 6/30 | Processing...:  76%|██████████████████████████▊        | 13/17 [00:01<00:00,  8.96it/s][A

Epoch 6/30 | Processing...:  82%|████████████████████████████▊      | 14/17 [00:01<00:00,  9.02it/s][A

Epoch 6/30 | Processing...:  88%|██████████████████████████████▉    | 15/17 [00:01<00:00,  9.14it/s][A

Epoch 6/30 | Processing...:  94%|████████████████████████████████▉  | 16/17 [00:01<00:00,  9.34it/s][A

Epoch 6/30 | Processing...: 100%|█████████████████████| 17/17 [00:01<00:00,  9.34it/s, Loss=0.00935][A
Epoch 7/30 | Processing...:   0%|                                            | 0/17 [00:00<?, ?it/s]
Epoch 6/30 | Processing...: 100%|█████████████████████| 17/17 [00:01<00:00,  9.19it/s, Loss=0.00935]

Epoch 7/30 | Processing...:   6%|██                                  | 1/17 [00:00<00:01,  9.73it/s]
Epoch 7/30 | Processing...:  12%|████▏                               | 2/17 [00:00<00:01,  9.02it/s]
Epoch 7/30 | Processing...:  18%|██████▎                             | 3/17 [00:00<00:01,  8.98it/s]
Epoch 7/30 | Processing...:  24%|████████▍                           | 4/17 [00:00<00:01,  8.85it/s]
Epoch 7/30 | Processing...:  29%|██████████▌                         | 5/17 [00:00<00:01,  8.65it/s]
Epoch 7/30 | Processing...:  35%|████████████▋                       | 6/17 [00:00<00:01,  8.71it/s]
Epoch 7/30 | Processing...:  41%|██████████████▊                     | 7/17 [00:00<00:01,  8.74it/s]
Epoch 7/30 | Processing...:  47%|████████████████▉                   | 8/17 [00:00<00:01,  8.34it/s]
Epoch 7/30 | Processing...:  53%|███████████████████                 | 9/17 [00:01<00:00,  8.26it/s]
Epoch 7/30 | Processing...:  59%|████████████████████▌              | 10/17 [00:01<00:00,  8.31it/s]
Epoch 7/30 | Processing...:  65%|██████████████████████▋            | 11/17 [00:01<00:00,  8.60it/s]
Epoch 7/30 | Processing...:  71%|████████████████████████▋          | 12/17 [00:01<00:00,  8.53it/s]
Epoch 7/30 | Processing...:  76%|██████████████████████████▊        | 13/17 [00:01<00:00,  8.71it/s]
Epoch 7/30 | Processing...:  82%|████████████████████████████▊      | 14/17 [00:01<00:00,  8.99it/s]
Epoch 7/30 | Processing...:  88%|██████████████████████████████▉    | 15/17 [00:01<00:00,  9.23it/s]
Epoch 7/30 | Processing...:  94%|████████████████████████████████▉  | 16/17 [00:01<00:00,  9.30it/s]
Epoch 7/30 | Processing...: 100%|██████████████████████| 17/17 [00:01<00:00,  9.30it/s, Loss=0.0167]

Epoch 8/30 | Processing...:   0%|                                            | 0/17 [00:00<?, ?it/s][A
Epoch 7/30 | Processing...: 100%|██████████████████████| 17/17 [00:01<00:00,  9.14it/s, Loss=0.0167]


Epoch 8/30 | Processing...:  12%|████▏                               | 2/17 [00:00<00:01,  9.17it/s][A

Epoch 8/30 | Processing...:  18%|██████▎                             | 3/17 [00:00<00:01,  9.04it/s][A

Epoch 8/30 | Processing...:  24%|████████▍                           | 4/17 [00:00<00:01,  8.96it/s][A

Epoch 8/30 | Processing...:  29%|██████████▌                         | 5/17 [00:00<00:01,  8.99it/s][A

Epoch 8/30 | Processing...:  35%|████████████▋                       | 6/17 [00:00<00:01,  8.93it/s][A

Epoch 8/30 | Processing...:  41%|██████████████▊                     | 7/17 [00:00<00:01,  8.82it/s][A

Epoch 8/30 | Processing...:  47%|████████████████▉                   | 8/17 [00:00<00:01,  8.64it/s][A

Epoch 8/30 | Processing...:  53%|███████████████████                 | 9/17 [00:01<00:00,  8.76it/s][A

Epoch 8/30 | Processing...:  59%|████████████████████▌              | 10/17 [00:01<00:00,  8.26it/s][A

Epoch 8/30 | Processing...:  65%|██████████████████████▋            | 11/17 [00:01<00:00,  8.55it/s][A

Epoch 8/30 | Processing...:  71%|████████████████████████▋          | 12/17 [00:01<00:00,  8.66it/s][A

Epoch 8/30 | Processing...:  76%|██████████████████████████▊        | 13/17 [00:01<00:00,  8.77it/s][A

Epoch 8/30 | Processing...:  82%|████████████████████████████▊      | 14/17 [00:01<00:00,  8.96it/s][A

Epoch 8/30 | Processing...:  94%|████████████████████████████████▉  | 16/17 [00:01<00:00,  9.11it/s][A

Epoch 8/30 | Processing...: 100%|█████████████████████| 17/17 [00:01<00:00,  9.11it/s, Loss=0.00619][A
Epoch 9/30 | Processing...:   0%|                                            | 0/17 [00:00<?, ?it/s]
Epoch 8/30 | Processing...: 100%|█████████████████████| 17/17 [00:01<00:00,  9.14it/s, Loss=0.00619]

Epoch 9/30 | Processing...:   6%|██                                  | 1/17 [00:00<00:01,  9.86it/s]
Epoch 9/30 | Processing...:  12%|████▏                               | 2/17 [00:00<00:01,  9.02it/s]
Epoch 9/30 | Processing...:  18%|██████▎                             | 3/17 [00:00<00:01,  9.00it/s]
Epoch 9/30 | Processing...:  24%|████████▍                           | 4/17 [00:00<00:01,  8.83it/s]
Epoch 9/30 | Processing...:  29%|██████████▌                         | 5/17 [00:00<00:01,  8.83it/s]
Epoch 9/30 | Processing...:  35%|████████████▋                       | 6/17 [00:00<00:01,  8.86it/s]
Epoch 9/30 | Processing...:  41%|██████████████▊                     | 7/17 [00:00<00:01,  8.77it/s]
Epoch 9/30 | Processing...:  47%|████████████████▉                   | 8/17 [00:00<00:01,  8.56it/s]
Epoch 9/30 | Processing...:  53%|███████████████████                 | 9/17 [00:01<00:00,  8.39it/s]
Epoch 9/30 | Processing...:  59%|████████████████████▌              | 10/17 [00:01<00:00,  8.44it/s]
Epoch 9/30 | Processing...:  65%|██████████████████████▋            | 11/17 [00:01<00:00,  8.67it/s]
Epoch 9/30 | Processing...:  71%|████████████████████████▋          | 12/17 [00:01<00:00,  8.68it/s]
Epoch 9/30 | Processing...:  76%|██████████████████████████▊        | 13/17 [00:01<00:00,  8.83it/s]
Epoch 9/30 | Processing...:  82%|████████████████████████████▊      | 14/17 [00:01<00:00,  8.99it/s]
Epoch 9/30 | Processing...:  88%|██████████████████████████████▉    | 15/17 [00:01<00:00,  9.16it/s]
Epoch 9/30 | Processing...:  94%|████████████████████████████████▉  | 16/17 [00:01<00:00,  9.25it/s]
Epoch 9/30 | Processing...: 100%|█████████████████████| 17/17 [00:01<00:00,  9.25it/s, Loss=0.00042]

Epoch 10/30 | Processing...:   0%|                                           | 0/17 [00:00<?, ?it/s][A
Epoch 9/30 | Processing...: 100%|█████████████████████| 17/17 [00:01<00:00,  9.17it/s, Loss=0.00042]


Epoch 10/30 | Processing...:   6%|██                                 | 1/17 [00:00<00:01,  9.61it/s][A

Epoch 10/30 | Processing...:  12%|████                               | 2/17 [00:00<00:01,  9.08it/s][A

Epoch 10/30 | Processing...:  18%|██████▏                            | 3/17 [00:00<00:01,  8.95it/s][A

Epoch 10/30 | Processing...:  24%|████████▏                          | 4/17 [00:00<00:01,  8.86it/s][A

Epoch 10/30 | Processing...:  29%|██████████▎                        | 5/17 [00:00<00:01,  8.88it/s][A

Epoch 10/30 | Processing...:  35%|████████████▎                      | 6/17 [00:00<00:01,  8.85it/s][A

Epoch 10/30 | Processing...:  41%|██████████████▍                    | 7/17 [00:00<00:01,  8.84it/s][A

Epoch 10/30 | Processing...:  47%|████████████████▍                  | 8/17 [00:00<00:01,  8.58it/s][A

Epoch 10/30 | Processing...:  53%|██████████████████▌                | 9/17 [00:01<00:00,  8.41it/s][A

Epoch 10/30 | Processing...:  59%|████████████████████              | 10/17 [00:01<00:00,  8.43it/s][A

Epoch 10/30 | Processing...:  65%|██████████████████████            | 11/17 [00:01<00:00,  8.63it/s][A

Epoch 10/30 | Processing...:  71%|████████████████████████          | 12/17 [00:01<00:00,  8.70it/s][A

Epoch 10/30 | Processing...:  76%|██████████████████████████        | 13/17 [00:01<00:00,  8.81it/s][A

Epoch 10/30 | Processing...:  82%|████████████████████████████      | 14/17 [00:01<00:00,  8.99it/s][A

Epoch 10/30 | Processing...:  88%|██████████████████████████████    | 15/17 [00:01<00:00,  9.20it/s][A

Epoch 10/30 | Processing...:  94%|████████████████████████████████  | 16/17 [00:01<00:00,  9.26it/s][A

Epoch 10/30 | Processing...: 100%|████████████████████| 17/17 [00:01<00:00,  9.26it/s, Loss=0.00048][A
Epoch 11/30 | Processing...:   0%|                                           | 0/17 [00:00<?, ?it/s]
Epoch 10/30 | Processing...: 100%|████████████████████| 17/17 [00:01<00:00,  9.17it/s, Loss=0.00048]

Epoch 11/30 | Processing...:   6%|██                                 | 1/17 [00:00<00:01,  9.60it/s]
Epoch 11/30 | Processing...:  12%|████                               | 2/17 [00:00<00:01,  9.02it/s]
Epoch 11/30 | Processing...:  18%|██████▏                            | 3/17 [00:00<00:01,  8.88it/s]
Epoch 11/30 | Processing...:  24%|████████▏                          | 4/17 [00:00<00:01,  8.72it/s]
Epoch 11/30 | Processing...:  29%|██████████▎                        | 5/17 [00:00<00:01,  8.76it/s]
Epoch 11/30 | Processing...:  35%|████████████▎                      | 6/17 [00:00<00:01,  8.74it/s]
Epoch 11/30 | Processing...:  41%|██████████████▍                    | 7/17 [00:00<00:01,  8.60it/s]
Epoch 11/30 | Processing...:  47%|████████████████▍                  | 8/17 [00:00<00:01,  8.45it/s]
Epoch 11/30 | Processing...:  53%|██████████████████▌                | 9/17 [00:01<00:00,  8.24it/s]
Epoch 11/30 | Processing...:  59%|████████████████████              | 10/17 [00:01<00:00,  8.24it/s]
Epoch 11/30 | Processing...:  65%|██████████████████████            | 11/17 [00:01<00:00,  8.37it/s]
Epoch 11/30 | Processing...:  71%|████████████████████████          | 12/17 [00:01<00:00,  8.40it/s]
Epoch 11/30 | Processing...:  76%|██████████████████████████        | 13/17 [00:01<00:00,  8.49it/s]
Epoch 11/30 | Processing...:  82%|████████████████████████████      | 14/17 [00:01<00:00,  8.68it/s]
Epoch 11/30 | Processing...:  88%|██████████████████████████████    | 15/17 [00:01<00:00,  8.78it/s]
Epoch 11/30 | Processing...: 100%|██████████████████████████████████| 17/17 [00:01<00:00, 10.21it/s]
Epoch 11/30 | Processing...: 100%|███████████████████| 17/17 [00:01<00:00, 10.21it/s, Loss=0.000251]

Epoch 12/30 | Processing...:   0%|                                           | 0/17 [00:00<?, ?it/s][A
Epoch 11/30 | Processing...: 100%|███████████████████| 17/17 [00:01<00:00,  8.94it/s, Loss=0.000251]


Epoch 12/30 | Processing...:   6%|██                                 | 1/17 [00:00<00:01,  9.66it/s][A

Epoch 12/30 | Processing...:  12%|████                               | 2/17 [00:00<00:01,  9.12it/s][A

Epoch 12/30 | Processing...:  18%|██████▏                            | 3/17 [00:00<00:01,  8.92it/s][A

Epoch 12/30 | Processing...:  24%|████████▏                          | 4/17 [00:00<00:01,  8.80it/s][A

Epoch 12/30 | Processing...:  29%|██████████▎                        | 5/17 [00:00<00:01,  8.75it/s][A

Epoch 12/30 | Processing...:  35%|████████████▎                      | 6/17 [00:00<00:01,  8.88it/s][A

Epoch 12/30 | Processing...:  41%|██████████████▍                    | 7/17 [00:00<00:01,  8.84it/s][A

Epoch 12/30 | Processing...:  47%|████████████████▍                  | 8/17 [00:00<00:01,  8.60it/s][A

Epoch 12/30 | Processing...:  53%|██████████████████▌                | 9/17 [00:01<00:00,  8.29it/s][A

Epoch 12/30 | Processing...:  59%|████████████████████              | 10/17 [00:01<00:00,  8.07it/s][A

Epoch 12/30 | Processing...:  65%|██████████████████████            | 11/17 [00:01<00:00,  8.52it/s][A

Epoch 12/30 | Processing...:  71%|████████████████████████          | 12/17 [00:01<00:00,  8.67it/s][A

Epoch 12/30 | Processing...:  76%|██████████████████████████        | 13/17 [00:01<00:00,  8.77it/s][A

Epoch 12/30 | Processing...:  82%|████████████████████████████      | 14/17 [00:01<00:00,  8.93it/s][A

Epoch 12/30 | Processing...:  88%|██████████████████████████████    | 15/17 [00:01<00:00,  9.15it/s][A

Epoch 12/30 | Processing...:  94%|████████████████████████████████  | 16/17 [00:01<00:00,  9.36it/s][A

Epoch 12/30 | Processing...: 100%|████████████████████| 17/17 [00:01<00:00,  9.36it/s, Loss=0.00258][A
Epoch 13/30 | Processing...:   0%|                                           | 0/17 [00:00<?, ?it/s]
Epoch 12/30 | Processing...: 100%|████████████████████| 17/17 [00:01<00:00,  9.11it/s, Loss=0.00258]

Epoch 13/30 | Processing...:   6%|██                                 | 1/17 [00:00<00:01,  9.77it/s]
Epoch 13/30 | Processing...:  12%|████                               | 2/17 [00:00<00:01,  9.01it/s]
Epoch 13/30 | Processing...:  18%|██████▏                            | 3/17 [00:00<00:01,  8.82it/s]
Epoch 13/30 | Processing...:  24%|████████▏                          | 4/17 [00:00<00:01,  8.73it/s]
Epoch 13/30 | Processing...:  29%|██████████▎                        | 5/17 [00:00<00:01,  8.67it/s]
Epoch 13/30 | Processing...:  35%|████████████▎                      | 6/17 [00:00<00:01,  8.91it/s]
Epoch 13/30 | Processing...:  41%|██████████████▍                    | 7/17 [00:00<00:01,  8.79it/s]
Epoch 13/30 | Processing...:  47%|████████████████▍                  | 8/17 [00:00<00:01,  8.55it/s]
Epoch 13/30 | Processing...:  53%|██████████████████▌                | 9/17 [00:01<00:00,  8.29it/s]
Epoch 13/30 | Processing...:  59%|████████████████████              | 10/17 [00:01<00:00,  8.38it/s]
Epoch 13/30 | Processing...:  65%|██████████████████████            | 11/17 [00:01<00:00,  8.61it/s]
Epoch 13/30 | Processing...:  71%|████████████████████████          | 12/17 [00:01<00:00,  8.72it/s]
Epoch 13/30 | Processing...:  76%|██████████████████████████        | 13/17 [00:01<00:00,  7.02it/s]
Epoch 13/30 | Processing...:  82%|████████████████████████████      | 14/17 [00:01<00:00,  7.65it/s]
Epoch 13/30 | Processing...:  88%|██████████████████████████████    | 15/17 [00:01<00:00,  8.21it/s]
Epoch 13/30 | Processing...:  94%|████████████████████████████████  | 16/17 [00:01<00:00,  8.52it/s]
Epoch 13/30 | Processing...: 100%|███████████████████| 17/17 [00:01<00:00,  8.52it/s, Loss=0.000121]

Epoch 14/30 | Processing...:   0%|                                           | 0/17 [00:00<?, ?it/s][A
Epoch 13/30 | Processing...: 100%|███████████████████| 17/17 [00:01<00:00,  8.70it/s, Loss=0.000121]


Epoch 14/30 | Processing...:  12%|████                               | 2/17 [00:00<00:01,  9.01it/s][A

Epoch 14/30 | Processing...:  18%|██████▏                            | 3/17 [00:00<00:01,  9.27it/s][A

Epoch 14/30 | Processing...:  24%|████████▏                          | 4/17 [00:00<00:01,  8.94it/s][A

Epoch 14/30 | Processing...:  29%|██████████▎                        | 5/17 [00:00<00:01,  8.66it/s][A

Epoch 14/30 | Processing...:  35%|████████████▎                      | 6/17 [00:00<00:01,  8.52it/s][A

Epoch 14/30 | Processing...:  41%|██████████████▍                    | 7/17 [00:00<00:01,  8.59it/s][A

Epoch 14/30 | Processing...:  47%|████████████████▍                  | 8/17 [00:00<00:01,  8.44it/s][A

Epoch 14/30 | Processing...:  53%|██████████████████▌                | 9/17 [00:01<00:00,  8.31it/s][A

Epoch 14/30 | Processing...:  59%|████████████████████              | 10/17 [00:01<00:00,  8.37it/s][A

Epoch 14/30 | Processing...:  65%|██████████████████████            | 11/17 [00:01<00:00,  8.60it/s][A

Epoch 14/30 | Processing...:  71%|████████████████████████          | 12/17 [00:01<00:00,  8.31it/s][A

Epoch 14/30 | Processing...:  76%|██████████████████████████        | 13/17 [00:01<00:00,  8.50it/s][A

Epoch 14/30 | Processing...:  82%|████████████████████████████      | 14/17 [00:01<00:00,  8.77it/s][A

Epoch 14/30 | Processing...:  88%|██████████████████████████████    | 15/17 [00:01<00:00,  9.02it/s][A

Epoch 14/30 | Processing...:  94%|████████████████████████████████  | 16/17 [00:01<00:00,  9.15it/s][A

Epoch 14/30 | Processing...: 100%|███████████████████| 17/17 [00:01<00:00,  9.15it/s, Loss=0.000384][A
Epoch 15/30 | Processing...:   0%|                                           | 0/17 [00:00<?, ?it/s]
Epoch 14/30 | Processing...: 100%|███████████████████| 17/17 [00:01<00:00,  8.94it/s, Loss=0.000384]

Epoch 15/30 | Processing...:   6%|██                                 | 1/17 [00:00<00:02,  6.30it/s]
Epoch 15/30 | Processing...:  12%|████                               | 2/17 [00:00<00:02,  6.99it/s]
Epoch 15/30 | Processing...:  18%|██████▏                            | 3/17 [00:00<00:01,  7.39it/s]
Epoch 15/30 | Processing...:  24%|████████▏                          | 4/17 [00:00<00:01,  7.30it/s]
Epoch 15/30 | Processing...:  29%|██████████▎                        | 5/17 [00:00<00:01,  7.52it/s]
Epoch 15/30 | Processing...:  35%|████████████▎                      | 6/17 [00:00<00:01,  7.70it/s]
Epoch 15/30 | Processing...:  41%|██████████████▍                    | 7/17 [00:00<00:01,  7.89it/s]
Epoch 15/30 | Processing...:  47%|████████████████▍                  | 8/17 [00:01<00:01,  7.87it/s]
Epoch 15/30 | Processing...:  53%|██████████████████▌                | 9/17 [00:01<00:01,  7.76it/s]
Epoch 15/30 | Processing...:  59%|████████████████████              | 10/17 [00:01<00:00,  7.93it/s]
Epoch 15/30 | Processing...:  65%|██████████████████████            | 11/17 [00:01<00:00,  8.14it/s]
Epoch 15/30 | Processing...:  71%|████████████████████████          | 12/17 [00:01<00:00,  8.07it/s]
Epoch 15/30 | Processing...:  76%|██████████████████████████        | 13/17 [00:01<00:00,  8.55it/s]
Epoch 15/30 | Processing...:  82%|████████████████████████████      | 14/17 [00:01<00:00,  8.81it/s]
Epoch 15/30 | Processing...:  88%|██████████████████████████████    | 15/17 [00:01<00:00,  8.61it/s]
Epoch 15/30 | Processing...:  94%|████████████████████████████████  | 16/17 [00:01<00:00,  8.86it/s]
Epoch 15/30 | Processing...: 100%|████████████████████| 17/17 [00:02<00:00,  8.86it/s, Loss=0.00136]

Epoch 16/30 | Processing...:   0%|                                           | 0/17 [00:00<?, ?it/s][A
Epoch 15/30 | Processing...: 100%|████████████████████| 17/17 [00:02<00:00,  8.34it/s, Loss=0.00136]


Epoch 16/30 | Processing...:   6%|██                                 | 1/17 [00:00<00:01,  9.02it/s][A

Epoch 16/30 | Processing...:  12%|████                               | 2/17 [00:00<00:01,  8.80it/s][A

Epoch 16/30 | Processing...:  18%|██████▏                            | 3/17 [00:00<00:01,  8.34it/s][A

Epoch 16/30 | Processing...:  24%|████████▏                          | 4/17 [00:00<00:01,  8.10it/s][A

Epoch 16/30 | Processing...:  29%|██████████▎                        | 5/17 [00:00<00:01,  8.32it/s][A

Epoch 16/30 | Processing...:  35%|████████████▎                      | 6/17 [00:00<00:01,  8.34it/s][A

Epoch 16/30 | Processing...:  41%|██████████████▍                    | 7/17 [00:00<00:01,  7.92it/s][A

Epoch 16/30 | Processing...:  47%|████████████████▍                  | 8/17 [00:00<00:01,  7.93it/s][A

Epoch 16/30 | Processing...:  53%|██████████████████▌                | 9/17 [00:01<00:01,  7.45it/s][A

Epoch 16/30 | Processing...:  59%|████████████████████              | 10/17 [00:01<00:01,  6.36it/s][A

Epoch 16/30 | Processing...:  65%|██████████████████████            | 11/17 [00:01<00:00,  6.82it/s][A

Epoch 16/30 | Processing...:  71%|████████████████████████          | 12/17 [00:01<00:00,  7.15it/s][A

Epoch 16/30 | Processing...:  76%|██████████████████████████        | 13/17 [00:01<00:00,  7.65it/s][A

Epoch 16/30 | Processing...:  82%|████████████████████████████      | 14/17 [00:01<00:00,  7.67it/s][A

Epoch 16/30 | Processing...:  88%|██████████████████████████████    | 15/17 [00:01<00:00,  7.73it/s][A

Epoch 16/30 | Processing...:  94%|████████████████████████████████  | 16/17 [00:02<00:00,  7.82it/s][A

Epoch 16/30 | Processing...: 100%|███████████████████| 17/17 [00:02<00:00,  7.82it/s, Loss=0.000124][A
Epoch 17/30 | Processing...:   0%|                                           | 0/17 [00:00<?, ?it/s]
Epoch 16/30 | Processing...: 100%|███████████████████| 17/17 [00:02<00:00,  7.94it/s, Loss=0.000124]

Epoch 17/30 | Processing...:   6%|██                                 | 1/17 [00:00<00:01,  9.67it/s]
Epoch 17/30 | Processing...:  12%|████                               | 2/17 [00:00<00:01,  8.19it/s]
Epoch 17/30 | Processing...:  18%|██████▏                            | 3/17 [00:00<00:01,  8.15it/s]
Epoch 17/30 | Processing...:  24%|████████▏                          | 4/17 [00:00<00:01,  7.94it/s]
Epoch 17/30 | Processing...:  29%|██████████▎                        | 5/17 [00:00<00:01,  7.87it/s]
Epoch 17/30 | Processing...:  35%|████████████▎                      | 6/17 [00:00<00:01,  7.83it/s]
Epoch 17/30 | Processing...:  41%|██████████████▍                    | 7/17 [00:00<00:01,  7.69it/s]
Epoch 17/30 | Processing...:  47%|████████████████▍                  | 8/17 [00:01<00:01,  7.25it/s]
Epoch 17/30 | Processing...:  53%|██████████████████▌                | 9/17 [00:01<00:01,  7.06it/s]
Epoch 17/30 | Processing...:  59%|████████████████████              | 10/17 [00:01<00:00,  7.17it/s]
Epoch 17/30 | Processing...:  65%|██████████████████████            | 11/17 [00:01<00:00,  7.29it/s]
Epoch 17/30 | Processing...:  71%|████████████████████████          | 12/17 [00:01<00:00,  7.25it/s]
Epoch 17/30 | Processing...:  76%|██████████████████████████        | 13/17 [00:01<00:00,  7.49it/s]
Epoch 17/30 | Processing...:  82%|████████████████████████████      | 14/17 [00:01<00:00,  7.79it/s]
Epoch 17/30 | Processing...:  88%|██████████████████████████████    | 15/17 [00:01<00:00,  7.91it/s]
Epoch 17/30 | Processing...:  94%|████████████████████████████████  | 16/17 [00:02<00:00,  7.46it/s]
Epoch 17/30 | Processing...: 100%|████████████████████| 17/17 [00:02<00:00,  7.46it/s, Loss=4.83e-5]

Epoch 18/30 | Processing...:   0%|                                           | 0/17 [00:00<?, ?it/s][A
Epoch 17/30 | Processing...: 100%|████████████████████| 17/17 [00:02<00:00,  7.80it/s, Loss=4.83e-5]


Epoch 18/30 | Processing...:   6%|██                                 | 1/17 [00:00<00:01,  9.48it/s][A

Epoch 18/30 | Processing...:  12%|████                               | 2/17 [00:00<00:01,  8.02it/s][A

Epoch 18/30 | Processing...:  18%|██████▏                            | 3/17 [00:00<00:01,  7.71it/s][A

Epoch 18/30 | Processing...:  24%|████████▏                          | 4/17 [00:00<00:01,  7.82it/s][A

Epoch 18/30 | Processing...:  29%|██████████▎                        | 5/17 [00:00<00:01,  7.60it/s][A

Epoch 18/30 | Processing...:  35%|████████████▎                      | 6/17 [00:00<00:01,  7.55it/s][A

Epoch 18/30 | Processing...:  41%|██████████████▍                    | 7/17 [00:00<00:01,  7.35it/s][A

Epoch 18/30 | Processing...:  47%|████████████████▍                  | 8/17 [00:01<00:01,  7.51it/s][A

Epoch 18/30 | Processing...:  53%|██████████████████▌                | 9/17 [00:01<00:01,  7.42it/s][A

Epoch 18/30 | Processing...:  59%|████████████████████              | 10/17 [00:01<00:00,  7.29it/s][A

Epoch 18/30 | Processing...:  65%|██████████████████████            | 11/17 [00:01<00:00,  7.90it/s][A

Epoch 18/30 | Processing...:  71%|████████████████████████          | 12/17 [00:01<00:00,  7.39it/s][A

Epoch 18/30 | Processing...:  76%|██████████████████████████        | 13/17 [00:01<00:00,  7.40it/s][A

Epoch 18/30 | Processing...:  82%|████████████████████████████      | 14/17 [00:01<00:00,  7.80it/s][A

Epoch 18/30 | Processing...:  88%|██████████████████████████████    | 15/17 [00:01<00:00,  7.98it/s][A

Epoch 18/30 | Processing...:  94%|████████████████████████████████  | 16/17 [00:02<00:00,  7.79it/s][A

Epoch 18/30 | Processing...: 100%|█████████████████████| 17/17 [00:02<00:00,  7.79it/s, Loss=0.0062][A
Epoch 19/30 | Processing...:   0%|                                           | 0/17 [00:00<?, ?it/s]
Epoch 18/30 | Processing...: 100%|█████████████████████| 17/17 [00:02<00:00,  7.93it/s, Loss=0.0062]

Epoch 19/30 | Processing...:  12%|████                               | 2/17 [00:00<00:01,  8.42it/s]
Epoch 19/30 | Processing...:  18%|██████▏                            | 3/17 [00:00<00:01,  8.01it/s]
Epoch 19/30 | Processing...:  24%|████████▏                          | 4/17 [00:00<00:01,  7.75it/s]
Epoch 19/30 | Processing...:  29%|██████████▎                        | 5/17 [00:00<00:01,  7.43it/s]
Epoch 19/30 | Processing...:  35%|████████████▎                      | 6/17 [00:00<00:01,  7.53it/s]
Epoch 19/30 | Processing...:  41%|██████████████▍                    | 7/17 [00:00<00:01,  7.64it/s]
Epoch 19/30 | Processing...:  47%|████████████████▍                  | 8/17 [00:01<00:01,  7.43it/s]
Epoch 19/30 | Processing...:  53%|██████████████████▌                | 9/17 [00:01<00:01,  7.26it/s]
Epoch 19/30 | Processing...:  59%|████████████████████              | 10/17 [00:01<00:00,  7.47it/s]
Epoch 19/30 | Processing...:  65%|██████████████████████            | 11/17 [00:01<00:00,  7.77it/s]
Epoch 19/30 | Processing...:  71%|████████████████████████          | 12/17 [00:01<00:00,  7.91it/s]
Epoch 19/30 | Processing...:  76%|██████████████████████████        | 13/17 [00:01<00:00,  7.73it/s]
Epoch 19/30 | Processing...:  82%|████████████████████████████      | 14/17 [00:01<00:00,  7.82it/s]
Epoch 19/30 | Processing...:  88%|██████████████████████████████    | 15/17 [00:01<00:00,  8.01it/s]
Epoch 19/30 | Processing...:  94%|████████████████████████████████  | 16/17 [00:02<00:00,  8.12it/s]
Epoch 19/30 | Processing...: 100%|███████████████████| 17/17 [00:02<00:00,  8.12it/s, Loss=0.000166]

Epoch 20/30 | Processing...:   0%|                                           | 0/17 [00:00<?, ?it/s][A
Epoch 19/30 | Processing...: 100%|███████████████████| 17/17 [00:02<00:00,  8.01it/s, Loss=0.000166]


Epoch 20/30 | Processing...:  12%|████                               | 2/17 [00:00<00:01,  8.44it/s][A

Epoch 20/30 | Processing...:  18%|██████▏                            | 3/17 [00:00<00:01,  8.13it/s][A

Epoch 20/30 | Processing...:  24%|████████▏                          | 4/17 [00:00<00:01,  7.82it/s][A

Epoch 20/30 | Processing...:  29%|██████████▎                        | 5/17 [00:00<00:01,  8.00it/s][A

Epoch 20/30 | Processing...:  35%|████████████▎                      | 6/17 [00:00<00:01,  8.01it/s][A

Epoch 20/30 | Processing...:  41%|██████████████▍                    | 7/17 [00:00<00:01,  7.95it/s][A

Epoch 20/30 | Processing...:  47%|████████████████▍                  | 8/17 [00:01<00:01,  7.47it/s][A

Epoch 20/30 | Processing...:  53%|██████████████████▌                | 9/17 [00:01<00:01,  7.44it/s][A

Epoch 20/30 | Processing...:  59%|████████████████████              | 10/17 [00:01<00:00,  7.26it/s][A

Epoch 20/30 | Processing...:  65%|██████████████████████            | 11/17 [00:01<00:00,  7.39it/s][A

Epoch 20/30 | Processing...:  71%|████████████████████████          | 12/17 [00:01<00:00,  7.35it/s][A

Epoch 20/30 | Processing...:  76%|██████████████████████████        | 13/17 [00:01<00:00,  7.47it/s][A

Epoch 20/30 | Processing...:  82%|████████████████████████████      | 14/17 [00:01<00:00,  7.65it/s][A

Epoch 20/30 | Processing...:  88%|██████████████████████████████    | 15/17 [00:01<00:00,  7.69it/s][A

Epoch 20/30 | Processing...:  94%|████████████████████████████████  | 16/17 [00:02<00:00,  8.05it/s][A

Epoch 20/30 | Processing...: 100%|████████████████████| 17/17 [00:02<00:00,  8.05it/s, Loss=1.72e-5][A
Epoch 21/30 | Processing...:   0%|                                           | 0/17 [00:00<?, ?it/s]
Epoch 20/30 | Processing...: 100%|████████████████████| 17/17 [00:02<00:00,  7.98it/s, Loss=1.72e-5]

Epoch 21/30 | Processing...:  12%|████                               | 2/17 [00:00<00:01,  9.29it/s]
Epoch 21/30 | Processing...:  18%|██████▏                            | 3/17 [00:00<00:01,  8.90it/s]
Epoch 21/30 | Processing...:  24%|████████▏                          | 4/17 [00:00<00:01,  8.24it/s]
Epoch 21/30 | Processing...:  29%|██████████▎                        | 5/17 [00:00<00:01,  7.95it/s]
Epoch 21/30 | Processing...:  35%|████████████▎                      | 6/17 [00:00<00:01,  8.04it/s]
Epoch 21/30 | Processing...:  41%|██████████████▍                    | 7/17 [00:00<00:01,  7.74it/s]
Epoch 21/30 | Processing...:  47%|████████████████▍                  | 8/17 [00:00<00:01,  7.75it/s]
Epoch 21/30 | Processing...:  53%|██████████████████▌                | 9/17 [00:01<00:01,  7.42it/s]
Epoch 21/30 | Processing...:  59%|████████████████████              | 10/17 [00:01<00:00,  7.44it/s]
Epoch 21/30 | Processing...:  65%|██████████████████████            | 11/17 [00:01<00:00,  7.62it/s]
Epoch 21/30 | Processing...:  71%|████████████████████████          | 12/17 [00:01<00:00,  7.57it/s]
Epoch 21/30 | Processing...:  76%|██████████████████████████        | 13/17 [00:01<00:00,  7.79it/s]
Epoch 21/30 | Processing...:  82%|████████████████████████████      | 14/17 [00:01<00:00,  7.82it/s]
Epoch 21/30 | Processing...:  88%|██████████████████████████████    | 15/17 [00:01<00:00,  8.17it/s]
Epoch 21/30 | Processing...:  94%|████████████████████████████████  | 16/17 [00:02<00:00,  8.08it/s]
Epoch 21/30 | Processing...: 100%|████████████████████| 17/17 [00:02<00:00,  8.08it/s, Loss=1.23e-5]

Epoch 22/30 | Processing...:   0%|                                           | 0/17 [00:00<?, ?it/s][A
Epoch 21/30 | Processing...: 100%|████████████████████| 17/17 [00:02<00:00,  8.18it/s, Loss=1.23e-5]


Epoch 22/30 | Processing...:   6%|██                                 | 1/17 [00:00<00:01,  8.86it/s][A

Epoch 22/30 | Processing...:  12%|████                               | 2/17 [00:00<00:01,  8.14it/s][A

Epoch 22/30 | Processing...:  18%|██████▏                            | 3/17 [00:00<00:01,  7.90it/s][A

Epoch 22/30 | Processing...:  24%|████████▏                          | 4/17 [00:00<00:01,  7.58it/s][A

Epoch 22/30 | Processing...:  29%|██████████▎                        | 5/17 [00:00<00:01,  7.92it/s][A

Epoch 22/30 | Processing...:  35%|████████████▎                      | 6/17 [00:00<00:01,  7.56it/s][A

Epoch 22/30 | Processing...:  41%|██████████████▍                    | 7/17 [00:00<00:01,  7.68it/s][A

Epoch 22/30 | Processing...:  47%|████████████████▍                  | 8/17 [00:01<00:01,  7.50it/s][A

Epoch 22/30 | Processing...:  53%|██████████████████▌                | 9/17 [00:01<00:01,  7.03it/s][A

Epoch 22/30 | Processing...:  59%|████████████████████              | 10/17 [00:01<00:00,  7.20it/s][A

Epoch 22/30 | Processing...:  65%|██████████████████████            | 11/17 [00:01<00:00,  7.17it/s][A

Epoch 22/30 | Processing...:  71%|████████████████████████          | 12/17 [00:01<00:00,  7.44it/s][A

Epoch 22/30 | Processing...:  76%|██████████████████████████        | 13/17 [00:01<00:00,  7.66it/s][A

Epoch 22/30 | Processing...:  82%|████████████████████████████      | 14/17 [00:01<00:00,  8.09it/s][A

Epoch 22/30 | Processing...:  88%|██████████████████████████████    | 15/17 [00:01<00:00,  8.05it/s][A

Epoch 22/30 | Processing...:  94%|████████████████████████████████  | 16/17 [00:02<00:00,  8.18it/s][A

Epoch 22/30 | Processing...: 100%|████████████████████| 17/17 [00:02<00:00,  8.18it/s, Loss=2.26e-6][A
Epoch 23/30 | Processing...:   0%|                                           | 0/17 [00:00<?, ?it/s]
Epoch 22/30 | Processing...: 100%|████████████████████| 17/17 [00:02<00:00,  7.93it/s, Loss=2.26e-6]

Epoch 23/30 | Processing...:   6%|██                                 | 1/17 [00:00<00:01,  9.40it/s]
Epoch 23/30 | Processing...:  12%|████                               | 2/17 [00:00<00:01,  8.00it/s]
Epoch 23/30 | Processing...:  18%|██████▏                            | 3/17 [00:00<00:01,  7.99it/s]
Epoch 23/30 | Processing...:  24%|████████▏                          | 4/17 [00:00<00:01,  7.83it/s]
Epoch 23/30 | Processing...:  29%|██████████▎                        | 5/17 [00:00<00:01,  7.90it/s]
Epoch 23/30 | Processing...:  35%|████████████▎                      | 6/17 [00:00<00:01,  7.93it/s]
Epoch 23/30 | Processing...:  41%|██████████████▍                    | 7/17 [00:00<00:01,  7.53it/s]
Epoch 23/30 | Processing...:  47%|████████████████▍                  | 8/17 [00:01<00:01,  7.44it/s]
Epoch 23/30 | Processing...:  53%|██████████████████▌                | 9/17 [00:01<00:01,  7.64it/s]
Epoch 23/30 | Processing...:  59%|████████████████████              | 10/17 [00:01<00:00,  7.88it/s]
Epoch 23/30 | Processing...:  65%|██████████████████████            | 11/17 [00:01<00:00,  8.16it/s]
Epoch 23/30 | Processing...:  71%|████████████████████████          | 12/17 [00:01<00:00,  8.39it/s]
Epoch 23/30 | Processing...:  76%|██████████████████████████        | 13/17 [00:01<00:00,  8.60it/s]
Epoch 23/30 | Processing...:  82%|████████████████████████████      | 14/17 [00:01<00:00,  8.94it/s]
Epoch 23/30 | Processing...:  88%|██████████████████████████████    | 15/17 [00:01<00:00,  9.10it/s]
Epoch 23/30 | Processing...: 100%|██████████████████████████████████| 17/17 [00:01<00:00, 10.41it/s]
Epoch 23/30 | Processing...: 100%|████████████████████| 17/17 [00:01<00:00, 10.41it/s, Loss=1.08e-5]

Epoch 24/30 | Processing...:   0%|                                           | 0/17 [00:00<?, ?it/s][A
Epoch 23/30 | Processing...: 100%|████████████████████| 17/17 [00:01<00:00,  8.59it/s, Loss=1.08e-5]


Epoch 24/30 | Processing...:   6%|██                                 | 1/17 [00:00<00:01,  9.84it/s][A

Epoch 24/30 | Processing...:  12%|████                               | 2/17 [00:00<00:01,  9.06it/s][A

Epoch 24/30 | Processing...:  18%|██████▏                            | 3/17 [00:00<00:01,  9.00it/s][A

Epoch 24/30 | Processing...:  24%|████████▏                          | 4/17 [00:00<00:01,  8.88it/s][A

Epoch 24/30 | Processing...:  29%|██████████▎                        | 5/17 [00:00<00:01,  8.86it/s][A

Epoch 24/30 | Processing...:  35%|████████████▎                      | 6/17 [00:00<00:01,  8.85it/s][A

Epoch 24/30 | Processing...:  41%|██████████████▍                    | 7/17 [00:00<00:01,  8.73it/s][A

Epoch 24/30 | Processing...:  47%|████████████████▍                  | 8/17 [00:00<00:01,  8.57it/s][A

Epoch 24/30 | Processing...:  53%|██████████████████▌                | 9/17 [00:01<00:00,  8.17it/s][A

Epoch 24/30 | Processing...:  59%|████████████████████              | 10/17 [00:01<00:00,  8.24it/s][A

Epoch 24/30 | Processing...:  65%|██████████████████████            | 11/17 [00:01<00:00,  8.47it/s][A

Epoch 24/30 | Processing...:  71%|████████████████████████          | 12/17 [00:01<00:00,  8.66it/s][A

Epoch 24/30 | Processing...:  76%|██████████████████████████        | 13/17 [00:01<00:00,  8.78it/s][A

Epoch 24/30 | Processing...:  82%|████████████████████████████      | 14/17 [00:01<00:00,  8.96it/s][A

Epoch 24/30 | Processing...:  88%|██████████████████████████████    | 15/17 [00:01<00:00,  9.16it/s][A

Epoch 24/30 | Processing...:  94%|████████████████████████████████  | 16/17 [00:01<00:00,  9.22it/s][A

Epoch 24/30 | Processing...: 100%|████████████████████| 17/17 [00:01<00:00,  9.22it/s, Loss=1.07e-6][A
Epoch 25/30 | Processing...:   0%|                                           | 0/17 [00:00<?, ?it/s]
Epoch 24/30 | Processing...: 100%|████████████████████| 17/17 [00:01<00:00,  9.11it/s, Loss=1.07e-6]

Epoch 25/30 | Processing...:   6%|██                                 | 1/17 [00:00<00:01,  9.74it/s]
Epoch 25/30 | Processing...:  12%|████                               | 2/17 [00:00<00:01,  9.05it/s]
Epoch 25/30 | Processing...:  18%|██████▏                            | 3/17 [00:00<00:01,  9.04it/s]
Epoch 25/30 | Processing...:  24%|████████▏                          | 4/17 [00:00<00:01,  8.87it/s]
Epoch 25/30 | Processing...:  29%|██████████▎                        | 5/17 [00:00<00:01,  8.88it/s]
Epoch 25/30 | Processing...:  35%|████████████▎                      | 6/17 [00:00<00:01,  8.90it/s]
Epoch 25/30 | Processing...:  41%|██████████████▍                    | 7/17 [00:00<00:01,  8.81it/s]
Epoch 25/30 | Processing...:  47%|████████████████▍                  | 8/17 [00:00<00:01,  8.58it/s]
Epoch 25/30 | Processing...:  53%|██████████████████▌                | 9/17 [00:01<00:00,  8.37it/s]
Epoch 25/30 | Processing...:  59%|████████████████████              | 10/17 [00:01<00:00,  8.31it/s]
Epoch 25/30 | Processing...:  65%|██████████████████████            | 11/17 [00:01<00:00,  8.41it/s]
Epoch 25/30 | Processing...:  71%|████████████████████████          | 12/17 [00:01<00:00,  8.54it/s]
Epoch 25/30 | Processing...:  76%|██████████████████████████        | 13/17 [00:01<00:00,  8.53it/s]
Epoch 25/30 | Processing...:  82%|████████████████████████████      | 14/17 [00:01<00:00,  7.93it/s]
Epoch 25/30 | Processing...:  88%|██████████████████████████████    | 15/17 [00:01<00:00,  8.32it/s]
Epoch 25/30 | Processing...:  94%|████████████████████████████████  | 16/17 [00:01<00:00,  8.63it/s]
Epoch 25/30 | Processing...: 100%|███████████████████| 17/17 [00:01<00:00,  8.63it/s, Loss=0.000332]

Epoch 26/30 | Processing...:   0%|                                           | 0/17 [00:00<?, ?it/s][A
Epoch 25/30 | Processing...: 100%|███████████████████| 17/17 [00:01<00:00,  8.87it/s, Loss=0.000332]


Epoch 26/30 | Processing...:   6%|██                                 | 1/17 [00:00<00:01,  9.36it/s][A

Epoch 26/30 | Processing...:  12%|████                               | 2/17 [00:00<00:01,  8.80it/s][A

Epoch 26/30 | Processing...:  18%|██████▏                            | 3/17 [00:00<00:01,  8.72it/s][A

Epoch 26/30 | Processing...:  24%|████████▏                          | 4/17 [00:00<00:01,  8.72it/s][A

Epoch 26/30 | Processing...:  29%|██████████▎                        | 5/17 [00:00<00:01,  8.77it/s][A

Epoch 26/30 | Processing...:  35%|████████████▎                      | 6/17 [00:00<00:01,  8.80it/s][A

Epoch 26/30 | Processing...:  41%|██████████████▍                    | 7/17 [00:00<00:01,  8.77it/s][A

Epoch 26/30 | Processing...:  47%|████████████████▍                  | 8/17 [00:00<00:01,  8.57it/s][A

Epoch 26/30 | Processing...:  53%|██████████████████▌                | 9/17 [00:01<00:00,  8.37it/s][A

Epoch 26/30 | Processing...:  59%|████████████████████              | 10/17 [00:01<00:00,  8.41it/s][A

Epoch 26/30 | Processing...:  65%|██████████████████████            | 11/17 [00:01<00:00,  8.64it/s][A

Epoch 26/30 | Processing...:  71%|████████████████████████          | 12/17 [00:01<00:00,  8.72it/s][A

Epoch 26/30 | Processing...:  76%|██████████████████████████        | 13/17 [00:01<00:00,  8.82it/s][A

Epoch 26/30 | Processing...:  82%|████████████████████████████      | 14/17 [00:01<00:00,  9.06it/s][A

Epoch 26/30 | Processing...:  88%|██████████████████████████████    | 15/17 [00:01<00:00,  9.25it/s][A

Epoch 26/30 | Processing...:  94%|████████████████████████████████  | 16/17 [00:01<00:00,  9.39it/s][A

Epoch 26/30 | Processing...: 100%|███████████████████| 17/17 [00:01<00:00,  9.39it/s, Loss=0.000129][A
Epoch 27/30 | Processing...:   0%|                                           | 0/17 [00:00<?, ?it/s]
Epoch 26/30 | Processing...: 100%|███████████████████| 17/17 [00:01<00:00,  9.16it/s, Loss=0.000129]

Epoch 27/30 | Processing...:   6%|██                                 | 1/17 [00:00<00:01,  9.44it/s]
Epoch 27/30 | Processing...:  12%|████                               | 2/17 [00:00<00:01,  8.50it/s]
Epoch 27/30 | Processing...:  18%|██████▏                            | 3/17 [00:00<00:01,  8.52it/s]
Epoch 27/30 | Processing...:  24%|████████▏                          | 4/17 [00:00<00:01,  8.61it/s]
Epoch 27/30 | Processing...:  29%|██████████▎                        | 5/17 [00:00<00:01,  8.70it/s]
Epoch 27/30 | Processing...:  35%|████████████▎                      | 6/17 [00:00<00:01,  8.65it/s]
Epoch 27/30 | Processing...:  41%|██████████████▍                    | 7/17 [00:00<00:01,  8.64it/s]
Epoch 27/30 | Processing...:  47%|████████████████▍                  | 8/17 [00:00<00:01,  8.42it/s]
Epoch 27/30 | Processing...:  53%|██████████████████▌                | 9/17 [00:01<00:00,  8.29it/s]
Epoch 27/30 | Processing...:  59%|████████████████████              | 10/17 [00:01<00:00,  8.31it/s]
Epoch 27/30 | Processing...:  65%|██████████████████████            | 11/17 [00:01<00:00,  8.47it/s]
Epoch 27/30 | Processing...:  71%|████████████████████████          | 12/17 [00:01<00:00,  8.65it/s]
Epoch 27/30 | Processing...:  76%|██████████████████████████        | 13/17 [00:01<00:00,  8.79it/s]
Epoch 27/30 | Processing...:  82%|████████████████████████████      | 14/17 [00:01<00:00,  9.01it/s]
Epoch 27/30 | Processing...:  88%|██████████████████████████████    | 15/17 [00:01<00:00,  9.16it/s]
Epoch 27/30 | Processing...:  94%|████████████████████████████████  | 16/17 [00:01<00:00,  9.23it/s]
Epoch 27/30 | Processing...: 100%|████████████████████| 17/17 [00:01<00:00,  9.23it/s, Loss=6.17e-5]

Epoch 28/30 | Processing...:   0%|                                           | 0/17 [00:00<?, ?it/s][A
Epoch 27/30 | Processing...: 100%|████████████████████| 17/17 [00:01<00:00,  9.04it/s, Loss=6.17e-5]


Epoch 28/30 | Processing...:   6%|██                                 | 1/17 [00:00<00:01,  9.15it/s][A

Epoch 28/30 | Processing...:  12%|████                               | 2/17 [00:00<00:01,  8.91it/s][A

Epoch 28/30 | Processing...:  18%|██████▏                            | 3/17 [00:00<00:01,  8.80it/s][A

Epoch 28/30 | Processing...:  24%|████████▏                          | 4/17 [00:00<00:01,  8.68it/s][A

Epoch 28/30 | Processing...:  29%|██████████▎                        | 5/17 [00:00<00:01,  8.74it/s][A

Epoch 28/30 | Processing...:  35%|████████████▎                      | 6/17 [00:00<00:01,  9.11it/s][A

Epoch 28/30 | Processing...:  41%|██████████████▍                    | 7/17 [00:00<00:01,  8.59it/s][A

Epoch 28/30 | Processing...:  47%|████████████████▍                  | 8/17 [00:00<00:01,  8.50it/s][A

Epoch 28/30 | Processing...:  53%|██████████████████▌                | 9/17 [00:01<00:00,  8.31it/s][A

Epoch 28/30 | Processing...:  59%|████████████████████              | 10/17 [00:01<00:00,  8.58it/s][A

Epoch 28/30 | Processing...:  65%|██████████████████████            | 11/17 [00:01<00:00,  8.79it/s][A

Epoch 28/30 | Processing...:  71%|████████████████████████          | 12/17 [00:01<00:00,  8.81it/s][A

Epoch 28/30 | Processing...:  76%|██████████████████████████        | 13/17 [00:01<00:00,  8.90it/s][A

Epoch 28/30 | Processing...:  82%|████████████████████████████      | 14/17 [00:01<00:00,  9.09it/s][A

Epoch 28/30 | Processing...:  94%|████████████████████████████████  | 16/17 [00:01<00:00,  9.46it/s][A

Epoch 28/30 | Processing...: 100%|███████████████████| 17/17 [00:01<00:00,  9.46it/s, Loss=0.000391][A
Epoch 29/30 | Processing...:   0%|                                           | 0/17 [00:00<?, ?it/s]
Epoch 28/30 | Processing...: 100%|███████████████████| 17/17 [00:01<00:00,  9.22it/s, Loss=0.000391]

Epoch 29/30 | Processing...:  12%|████                               | 2/17 [00:00<00:01,  9.26it/s]
Epoch 29/30 | Processing...:  18%|██████▏                            | 3/17 [00:00<00:01,  9.04it/s]
Epoch 29/30 | Processing...:  24%|████████▏                          | 4/17 [00:00<00:01,  8.91it/s]
Epoch 29/30 | Processing...:  29%|██████████▎                        | 5/17 [00:00<00:01,  8.94it/s]
Epoch 29/30 | Processing...:  35%|████████████▎                      | 6/17 [00:00<00:01,  8.87it/s]
Epoch 29/30 | Processing...:  41%|██████████████▍                    | 7/17 [00:00<00:01,  8.80it/s]
Epoch 29/30 | Processing...:  47%|████████████████▍                  | 8/17 [00:00<00:01,  8.60it/s]
Epoch 29/30 | Processing...:  53%|██████████████████▌                | 9/17 [00:01<00:00,  8.32it/s]
Epoch 29/30 | Processing...:  59%|████████████████████              | 10/17 [00:01<00:00,  8.46it/s]
Epoch 29/30 | Processing...:  65%|██████████████████████            | 11/17 [00:01<00:00,  8.67it/s]
Epoch 29/30 | Processing...:  71%|████████████████████████          | 12/17 [00:01<00:00,  8.73it/s]
Epoch 29/30 | Processing...:  82%|████████████████████████████      | 14/17 [00:01<00:00,  9.00it/s]
Epoch 29/30 | Processing...:  88%|██████████████████████████████    | 15/17 [00:01<00:00,  9.20it/s]
Epoch 29/30 | Processing...:  94%|████████████████████████████████  | 16/17 [00:01<00:00,  9.29it/s]
Epoch 29/30 | Processing...: 100%|████████████████████| 17/17 [00:01<00:00,  9.29it/s, Loss=5.01e-6]

Epoch 30/30 | Processing...:   0%|                                           | 0/17 [00:00<?, ?it/s][A
Epoch 29/30 | Processing...: 100%|████████████████████| 17/17 [00:01<00:00,  9.20it/s, Loss=5.01e-6]


Epoch 30/30 | Processing...:   6%|██                                 | 1/17 [00:00<00:02,  6.29it/s][A

Epoch 30/30 | Processing...:  12%|████                               | 2/17 [00:00<00:02,  7.45it/s][A

Epoch 30/30 | Processing...:  18%|██████▏                            | 3/17 [00:00<00:01,  7.90it/s][A

Epoch 30/30 | Processing...:  24%|████████▏                          | 4/17 [00:00<00:01,  8.15it/s][A

Epoch 30/30 | Processing...:  29%|██████████▎                        | 5/17 [00:00<00:01,  8.62it/s][A

Epoch 30/30 | Processing...:  35%|████████████▎                      | 6/17 [00:00<00:01,  8.42it/s][A

Epoch 30/30 | Processing...:  41%|██████████████▍                    | 7/17 [00:00<00:01,  8.46it/s][A

Epoch 30/30 | Processing...:  47%|████████████████▍                  | 8/17 [00:00<00:01,  8.36it/s][A

Epoch 30/30 | Processing...:  53%|██████████████████▌                | 9/17 [00:01<00:00,  8.23it/s][A

Epoch 30/30 | Processing...:  59%|████████████████████              | 10/17 [00:01<00:00,  8.33it/s][A

Epoch 30/30 | Processing...:  65%|██████████████████████            | 11/17 [00:01<00:00,  8.52it/s][A

Epoch 30/30 | Processing...:  71%|████████████████████████          | 12/17 [00:01<00:00,  8.57it/s][A

Epoch 30/30 | Processing...:  76%|██████████████████████████        | 13/17 [00:01<00:00,  8.62it/s][A

Epoch 30/30 | Processing...:  82%|████████████████████████████      | 14/17 [00:01<00:00,  8.88it/s][A

Epoch 30/30 | Processing...:  88%|██████████████████████████████    | 15/17 [00:01<00:00,  9.01it/s][A

Epoch 30/30 | Processing...:  94%|████████████████████████████████  | 16/17 [00:01<00:00,  9.17it/s][A

Epoch 30/30 | Processing...: 100%|████████████████████| 17/17 [00:01<00:00,  9.17it/s, Loss=6.02e-6][A训练完成
Accuracy: 0.8915
F1 Score: 0.8609
Recall: 0.8534
Precision: 0.8684
====================================================================================================
0 {'precision': 0.9060773480662984, 'recall': 0.9162011173184358, 'f1-score': 0.9111111111111111, 'support': 179.0}
1 {'precision': 0.868421052631579, 'recall': 0.853448275862069, 'f1-score': 0.8608695652173913, 'support': 116.0}
accuracy 0.8915254237288136
macro avg {'precision': 0.8872492003489387, 'recall': 0.8848246965902524, 'f1-score': 0.8859903381642512, 'support': 295.0}
weighted avg {'precision': 0.8912701268106121, 'recall': 0.8915254237288136, 'f1-score': 0.89135511340375, 'support': 295.0}
result:0.8915
====================================================================================================

Epoch 30/30 | Processing...: 100%|████████████████████| 17/17 [00:02<00:00,  7.49it/s, Loss=6.02e-6]
======================================================================================================================================================
run at 8-th time
CombinedModel3(
  (linear_1): Linear(in_features=768, out_features=768, bias=True)
  (linear_2): Linear(in_features=768, out_features=768, bias=True)
  (gnn): HgtGNN(
    (post_linear): Linear(in_features=1536, out_features=768, bias=True)
    (conv1): HGTConv(-1, 768, heads=8)
    (conv2): HGTConv(-1, 768, heads=8)
  )
  (mlp): Sequential(
    (0): Linear(in_features=2304, out_features=768, bias=True)
    (1): ReLU()
    (2): Dropout(p=0.5, inplace=False)
    (3): Linear(in_features=768, out_features=2, bias=True)
  )
)

Epoch 1/30 | Processing...:   0%|                                            | 0/17 [00:00<?, ?it/s]
Epoch 1/30 | Processing...:   6%|██                                  | 1/17 [00:00<00:01,  9.91it/s]
Epoch 1/30 | Processing...:  12%|████▏                               | 2/17 [00:00<00:01,  8.86it/s]
Epoch 1/30 | Processing...:  18%|██████▎                             | 3/17 [00:00<00:01,  8.62it/s]
Epoch 1/30 | Processing...:  24%|████████▍                           | 4/17 [00:00<00:01,  8.76it/s]
Epoch 1/30 | Processing...:  29%|██████████▌                         | 5/17 [00:00<00:01,  7.10it/s]
Epoch 1/30 | Processing...:  35%|████████████▋                       | 6/17 [00:00<00:01,  7.70it/s]
Epoch 1/30 | Processing...:  41%|██████████████▊                     | 7/17 [00:00<00:01,  8.00it/s]
Epoch 1/30 | Processing...:  47%|████████████████▉                   | 8/17 [00:00<00:01,  8.02it/s]
Epoch 1/30 | Processing...:  53%|███████████████████                 | 9/17 [00:01<00:01,  7.72it/s]
Epoch 1/30 | Processing...:  59%|████████████████████▌              | 10/17 [00:01<00:00,  7.74it/s]
Epoch 1/30 | Processing...:  65%|██████████████████████▋            | 11/17 [00:01<00:00,  8.11it/s]
Epoch 1/30 | Processing...:  71%|████████████████████████▋          | 12/17 [00:01<00:00,  8.32it/s]
Epoch 1/30 | Processing...:  76%|██████████████████████████▊        | 13/17 [00:01<00:00,  8.50it/s]
Epoch 1/30 | Processing...:  82%|████████████████████████████▊      | 14/17 [00:01<00:00,  8.41it/s]
Epoch 1/30 | Processing...:  88%|██████████████████████████████▉    | 15/17 [00:01<00:00,  8.75it/s]
Epoch 1/30 | Processing...:  94%|████████████████████████████████▉  | 16/17 [00:01<00:00,  8.96it/s]
Epoch 1/30 | Processing...: 100%|███████████████████████| 17/17 [00:01<00:00,  8.96it/s, Loss=0.604]

Epoch 2/30 | Processing...:   0%|                                            | 0/17 [00:00<?, ?it/s][A
Epoch 1/30 | Processing...: 100%|███████████████████████| 17/17 [00:01<00:00,  8.59it/s, Loss=0.604]


Epoch 2/30 | Processing...:   6%|██                                  | 1/17 [00:00<00:01,  9.61it/s][A

Epoch 2/30 | Processing...:  12%|████▏                               | 2/17 [00:00<00:01,  9.01it/s][A

Epoch 2/30 | Processing...:  18%|██████▎                             | 3/17 [00:00<00:01,  8.72it/s][A

Epoch 2/30 | Processing...:  24%|████████▍                           | 4/17 [00:00<00:01,  8.72it/s][A

Epoch 2/30 | Processing...:  29%|██████████▌                         | 5/17 [00:00<00:01,  8.78it/s][A

Epoch 2/30 | Processing...:  35%|████████████▋                       | 6/17 [00:00<00:01,  8.75it/s][A

Epoch 2/30 | Processing...:  41%|██████████████▊                     | 7/17 [00:00<00:01,  8.71it/s][A

Epoch 2/30 | Processing...:  47%|████████████████▉                   | 8/17 [00:00<00:01,  8.46it/s][A

Epoch 2/30 | Processing...:  53%|███████████████████                 | 9/17 [00:01<00:00,  8.29it/s][A

Epoch 2/30 | Processing...:  59%|████████████████████▌              | 10/17 [00:01<00:00,  8.22it/s][A

Epoch 2/30 | Processing...:  65%|██████████████████████▋            | 11/17 [00:01<00:00,  8.37it/s][A

Epoch 2/30 | Processing...:  71%|████████████████████████▋          | 12/17 [00:01<00:00,  8.47it/s][A

Epoch 2/30 | Processing...:  76%|██████████████████████████▊        | 13/17 [00:01<00:00,  8.51it/s][A

Epoch 2/30 | Processing...:  82%|████████████████████████████▊      | 14/17 [00:01<00:00,  8.80it/s][A

Epoch 2/30 | Processing...:  88%|██████████████████████████████▉    | 15/17 [00:01<00:00,  9.06it/s][A

Epoch 2/30 | Processing...:  94%|████████████████████████████████▉  | 16/17 [00:01<00:00,  9.22it/s][A

Epoch 2/30 | Processing...: 100%|███████████████████████| 17/17 [00:01<00:00,  9.22it/s, Loss=0.163][A
Epoch 3/30 | Processing...:   0%|                                            | 0/17 [00:00<?, ?it/s]
Epoch 2/30 | Processing...: 100%|███████████████████████| 17/17 [00:01<00:00,  9.02it/s, Loss=0.163]

Epoch 3/30 | Processing...:   6%|██                                  | 1/17 [00:00<00:01,  9.60it/s]
Epoch 3/30 | Processing...:  12%|████▏                               | 2/17 [00:00<00:01,  9.10it/s]
Epoch 3/30 | Processing...:  18%|██████▎                             | 3/17 [00:00<00:01,  9.16it/s]
Epoch 3/30 | Processing...:  24%|████████▍                           | 4/17 [00:00<00:01,  9.32it/s]
Epoch 3/30 | Processing...:  29%|██████████▌                         | 5/17 [00:00<00:01,  9.19it/s]
Epoch 3/30 | Processing...:  35%|████████████▋                       | 6/17 [00:00<00:01,  9.02it/s]
Epoch 3/30 | Processing...:  41%|██████████████▊                     | 7/17 [00:00<00:01,  8.82it/s]
Epoch 3/30 | Processing...:  47%|████████████████▉                   | 8/17 [00:00<00:01,  8.56it/s]
Epoch 3/30 | Processing...:  53%|███████████████████                 | 9/17 [00:01<00:00,  8.05it/s]
Epoch 3/30 | Processing...:  59%|████████████████████▌              | 10/17 [00:01<00:00,  8.09it/s]
Epoch 3/30 | Processing...:  65%|██████████████████████▋            | 11/17 [00:01<00:00,  8.38it/s]
Epoch 3/30 | Processing...:  71%|████████████████████████▋          | 12/17 [00:01<00:00,  8.43it/s]
Epoch 3/30 | Processing...:  76%|██████████████████████████▊        | 13/17 [00:01<00:00,  8.57it/s]
Epoch 3/30 | Processing...:  82%|████████████████████████████▊      | 14/17 [00:01<00:00,  8.83it/s]
Epoch 3/30 | Processing...:  88%|██████████████████████████████▉    | 15/17 [00:01<00:00,  9.12it/s]
Epoch 3/30 | Processing...:  94%|████████████████████████████████▉  | 16/17 [00:01<00:00,  9.30it/s]
Epoch 3/30 | Processing...: 100%|███████████████████████| 17/17 [00:01<00:00,  9.30it/s, Loss=0.128]

Epoch 4/30 | Processing...:   0%|                                            | 0/17 [00:00<?, ?it/s][A
Epoch 3/30 | Processing...: 100%|███████████████████████| 17/17 [00:01<00:00,  9.11it/s, Loss=0.128]


Epoch 4/30 | Processing...:   6%|██                                  | 1/17 [00:00<00:01,  9.87it/s][A

Epoch 4/30 | Processing...:  12%|████▏                               | 2/17 [00:00<00:01,  9.19it/s][A

Epoch 4/30 | Processing...:  18%|██████▎                             | 3/17 [00:00<00:01,  9.03it/s][A

Epoch 4/30 | Processing...:  24%|████████▍                           | 4/17 [00:00<00:01,  8.93it/s][A

Epoch 4/30 | Processing...:  29%|██████████▌                         | 5/17 [00:00<00:01,  8.81it/s][A

Epoch 4/30 | Processing...:  35%|████████████▋                       | 6/17 [00:00<00:01,  8.73it/s][A

Epoch 4/30 | Processing...:  41%|██████████████▊                     | 7/17 [00:00<00:01,  8.74it/s][A

Epoch 4/30 | Processing...:  47%|████████████████▉                   | 8/17 [00:00<00:01,  8.57it/s][A

Epoch 4/30 | Processing...:  53%|███████████████████                 | 9/17 [00:01<00:00,  8.30it/s][A

Epoch 4/30 | Processing...:  59%|████████████████████▌              | 10/17 [00:01<00:00,  8.35it/s][A

Epoch 4/30 | Processing...:  65%|██████████████████████▋            | 11/17 [00:01<00:00,  8.55it/s][A

Epoch 4/30 | Processing...:  71%|████████████████████████▋          | 12/17 [00:01<00:00,  8.61it/s][A

Epoch 4/30 | Processing...:  76%|██████████████████████████▊        | 13/17 [00:01<00:00,  8.74it/s][A

Epoch 4/30 | Processing...:  82%|████████████████████████████▊      | 14/17 [00:01<00:00,  8.87it/s][A

Epoch 4/30 | Processing...:  88%|██████████████████████████████▉    | 15/17 [00:01<00:00,  9.16it/s][A

Epoch 4/30 | Processing...:  94%|████████████████████████████████▉  | 16/17 [00:01<00:00,  9.25it/s][A

Epoch 4/30 | Processing...: 100%|██████████████████████| 17/17 [00:01<00:00,  9.25it/s, Loss=0.0249][A
Epoch 5/30 | Processing...:   0%|                                            | 0/17 [00:00<?, ?it/s]
Epoch 4/30 | Processing...: 100%|██████████████████████| 17/17 [00:01<00:00,  9.12it/s, Loss=0.0249]

Epoch 5/30 | Processing...:   6%|██                                  | 1/17 [00:00<00:01,  9.96it/s]
Epoch 5/30 | Processing...:  12%|████▏                               | 2/17 [00:00<00:01,  9.73it/s]
Epoch 5/30 | Processing...:  18%|██████▎                             | 3/17 [00:00<00:01,  9.30it/s]
Epoch 5/30 | Processing...:  24%|████████▍                           | 4/17 [00:00<00:01,  9.19it/s]
Epoch 5/30 | Processing...:  29%|██████████▌                         | 5/17 [00:00<00:01,  9.04it/s]
Epoch 5/30 | Processing...:  35%|████████████▋                       | 6/17 [00:00<00:01,  8.83it/s]
Epoch 5/30 | Processing...:  41%|██████████████▊                     | 7/17 [00:00<00:01,  8.76it/s]
Epoch 5/30 | Processing...:  47%|████████████████▉                   | 8/17 [00:00<00:01,  8.16it/s]
Epoch 5/30 | Processing...:  53%|███████████████████                 | 9/17 [00:01<00:00,  8.10it/s]
Epoch 5/30 | Processing...:  59%|████████████████████▌              | 10/17 [00:01<00:00,  8.13it/s]
Epoch 5/30 | Processing...:  65%|██████████████████████▋            | 11/17 [00:01<00:00,  8.37it/s]
Epoch 5/30 | Processing...:  71%|████████████████████████▋          | 12/17 [00:01<00:00,  8.39it/s]
Epoch 5/30 | Processing...:  76%|██████████████████████████▊        | 13/17 [00:01<00:00,  8.64it/s]
Epoch 5/30 | Processing...:  82%|████████████████████████████▊      | 14/17 [00:01<00:00,  8.92it/s]
Epoch 5/30 | Processing...:  88%|██████████████████████████████▉    | 15/17 [00:01<00:00,  9.16it/s]
Epoch 5/30 | Processing...:  94%|████████████████████████████████▉  | 16/17 [00:01<00:00,  9.29it/s]
Epoch 5/30 | Processing...: 100%|█████████████████████| 17/17 [00:01<00:00,  9.29it/s, Loss=0.00182]

Epoch 6/30 | Processing...:   0%|                                            | 0/17 [00:00<?, ?it/s][A
Epoch 5/30 | Processing...: 100%|█████████████████████| 17/17 [00:01<00:00,  9.11it/s, Loss=0.00182]


Epoch 6/30 | Processing...:   6%|██                                  | 1/17 [00:00<00:01,  9.32it/s][A

Epoch 6/30 | Processing...:  12%|████▏                               | 2/17 [00:00<00:01,  9.00it/s][A

Epoch 6/30 | Processing...:  18%|██████▎                             | 3/17 [00:00<00:01,  8.80it/s][A

Epoch 6/30 | Processing...:  24%|████████▍                           | 4/17 [00:00<00:01,  8.81it/s][A

Epoch 6/30 | Processing...:  29%|██████████▌                         | 5/17 [00:00<00:01,  8.85it/s][A

Epoch 6/30 | Processing...:  35%|████████████▋                       | 6/17 [00:00<00:01,  8.79it/s][A

Epoch 6/30 | Processing...:  41%|██████████████▊                     | 7/17 [00:00<00:01,  8.67it/s][A

Epoch 6/30 | Processing...:  47%|████████████████▉                   | 8/17 [00:00<00:01,  8.47it/s][A

Epoch 6/30 | Processing...:  53%|███████████████████                 | 9/17 [00:01<00:00,  8.30it/s][A

Epoch 6/30 | Processing...:  59%|████████████████████▌              | 10/17 [00:01<00:00,  8.36it/s][A

Epoch 6/30 | Processing...:  65%|██████████████████████▋            | 11/17 [00:01<00:00,  8.60it/s][A

Epoch 6/30 | Processing...:  71%|████████████████████████▋          | 12/17 [00:01<00:00,  8.73it/s][A

Epoch 6/30 | Processing...:  76%|██████████████████████████▊        | 13/17 [00:01<00:00,  8.82it/s][A

Epoch 6/30 | Processing...:  82%|████████████████████████████▊      | 14/17 [00:01<00:00,  9.07it/s][A

Epoch 6/30 | Processing...:  88%|██████████████████████████████▉    | 15/17 [00:01<00:00,  9.25it/s][A

Epoch 6/30 | Processing...:  94%|████████████████████████████████▉  | 16/17 [00:01<00:00,  9.32it/s][A

Epoch 6/30 | Processing...: 100%|█████████████████████| 17/17 [00:01<00:00,  9.32it/s, Loss=0.00667][A
Epoch 7/30 | Processing...:   0%|                                            | 0/17 [00:00<?, ?it/s]
Epoch 6/30 | Processing...: 100%|█████████████████████| 17/17 [00:01<00:00,  9.14it/s, Loss=0.00667]

Epoch 7/30 | Processing...:   6%|██                                  | 1/17 [00:00<00:01,  9.52it/s]
Epoch 7/30 | Processing...:  12%|████▏                               | 2/17 [00:00<00:01,  9.03it/s]
Epoch 7/30 | Processing...:  18%|██████▎                             | 3/17 [00:00<00:01,  8.91it/s]
Epoch 7/30 | Processing...:  24%|████████▍                           | 4/17 [00:00<00:01,  8.82it/s]
Epoch 7/30 | Processing...:  29%|██████████▌                         | 5/17 [00:00<00:01,  8.83it/s]
Epoch 7/30 | Processing...:  35%|████████████▋                       | 6/17 [00:00<00:01,  8.81it/s]
Epoch 7/30 | Processing...:  41%|██████████████▊                     | 7/17 [00:00<00:01,  8.75it/s]
Epoch 7/30 | Processing...:  47%|████████████████▉                   | 8/17 [00:00<00:01,  8.58it/s]
Epoch 7/30 | Processing...:  53%|███████████████████                 | 9/17 [00:01<00:00,  8.36it/s]
Epoch 7/30 | Processing...:  59%|████████████████████▌              | 10/17 [00:01<00:00,  8.40it/s]
Epoch 7/30 | Processing...:  65%|██████████████████████▋            | 11/17 [00:01<00:00,  8.53it/s]
Epoch 7/30 | Processing...:  71%|████████████████████████▋          | 12/17 [00:01<00:00,  8.69it/s]
Epoch 7/30 | Processing...:  76%|██████████████████████████▊        | 13/17 [00:01<00:00,  8.84it/s]
Epoch 7/30 | Processing...:  82%|████████████████████████████▊      | 14/17 [00:01<00:00,  9.03it/s]
Epoch 7/30 | Processing...:  88%|██████████████████████████████▉    | 15/17 [00:01<00:00,  9.04it/s]
Epoch 7/30 | Processing...:  94%|████████████████████████████████▉  | 16/17 [00:01<00:00,  9.17it/s]
Epoch 7/30 | Processing...: 100%|█████████████████████| 17/17 [00:01<00:00,  9.17it/s, Loss=0.00823]

Epoch 8/30 | Processing...:   0%|                                            | 0/17 [00:00<?, ?it/s][A
Epoch 7/30 | Processing...: 100%|█████████████████████| 17/17 [00:01<00:00,  9.12it/s, Loss=0.00823]


Epoch 8/30 | Processing...:   6%|██                                  | 1/17 [00:00<00:01,  9.53it/s][A

Epoch 8/30 | Processing...:  12%|████▏                               | 2/17 [00:00<00:01,  9.02it/s][A

Epoch 8/30 | Processing...:  18%|██████▎                             | 3/17 [00:00<00:01,  8.74it/s][A

Epoch 8/30 | Processing...:  24%|████████▍                           | 4/17 [00:00<00:01,  8.75it/s][A

Epoch 8/30 | Processing...:  29%|██████████▌                         | 5/17 [00:00<00:01,  8.80it/s][A

Epoch 8/30 | Processing...:  35%|████████████▋                       | 6/17 [00:00<00:01,  8.80it/s][A

Epoch 8/30 | Processing...:  41%|██████████████▊                     | 7/17 [00:00<00:01,  8.69it/s][A

Epoch 8/30 | Processing...:  47%|████████████████▉                   | 8/17 [00:00<00:01,  8.42it/s][A

Epoch 8/30 | Processing...:  53%|███████████████████                 | 9/17 [00:01<00:00,  8.23it/s][A

Epoch 8/30 | Processing...:  59%|████████████████████▌              | 10/17 [00:01<00:00,  8.30it/s][A

Epoch 8/30 | Processing...:  65%|██████████████████████▋            | 11/17 [00:01<00:00,  8.53it/s][A

Epoch 8/30 | Processing...:  71%|████████████████████████▋          | 12/17 [00:01<00:00,  8.66it/s][A

Epoch 8/30 | Processing...:  76%|██████████████████████████▊        | 13/17 [00:01<00:00,  8.75it/s][A

Epoch 8/30 | Processing...:  82%|████████████████████████████▊      | 14/17 [00:01<00:00,  8.95it/s][A

Epoch 8/30 | Processing...:  88%|██████████████████████████████▉    | 15/17 [00:01<00:00,  9.21it/s][A

Epoch 8/30 | Processing...:  94%|████████████████████████████████▉  | 16/17 [00:01<00:00,  9.34it/s][A

Epoch 8/30 | Processing...: 100%|█████████████████████| 17/17 [00:01<00:00,  9.34it/s, Loss=0.00367][A
Epoch 9/30 | Processing...:   0%|                                            | 0/17 [00:00<?, ?it/s]
Epoch 8/30 | Processing...: 100%|█████████████████████| 17/17 [00:01<00:00,  9.10it/s, Loss=0.00367]

Epoch 9/30 | Processing...:   6%|██                                  | 1/17 [00:00<00:01,  9.71it/s]
Epoch 9/30 | Processing...:  12%|████▏                               | 2/17 [00:00<00:01,  8.98it/s]
Epoch 9/30 | Processing...:  18%|██████▎                             | 3/17 [00:00<00:01,  8.78it/s]
Epoch 9/30 | Processing...:  24%|████████▍                           | 4/17 [00:00<00:01,  8.74it/s]
Epoch 9/30 | Processing...:  29%|██████████▌                         | 5/17 [00:00<00:01,  8.80it/s]
Epoch 9/30 | Processing...:  35%|████████████▋                       | 6/17 [00:00<00:01,  8.81it/s]
Epoch 9/30 | Processing...:  41%|██████████████▊                     | 7/17 [00:00<00:01,  8.74it/s]
Epoch 9/30 | Processing...:  47%|████████████████▉                   | 8/17 [00:00<00:01,  8.51it/s]
Epoch 9/30 | Processing...:  53%|███████████████████                 | 9/17 [00:01<00:00,  8.31it/s]
Epoch 9/30 | Processing...:  59%|████████████████████▌              | 10/17 [00:01<00:00,  8.26it/s]
Epoch 9/30 | Processing...:  65%|██████████████████████▋            | 11/17 [00:01<00:00,  8.45it/s]
Epoch 9/30 | Processing...:  71%|████████████████████████▋          | 12/17 [00:01<00:00,  8.66it/s]
Epoch 9/30 | Processing...:  76%|██████████████████████████▊        | 13/17 [00:01<00:00,  8.68it/s]
Epoch 9/30 | Processing...:  82%|████████████████████████████▊      | 14/17 [00:01<00:00,  8.98it/s]
Epoch 9/30 | Processing...:  88%|██████████████████████████████▉    | 15/17 [00:01<00:00,  9.19it/s]
Epoch 9/30 | Processing...:  94%|████████████████████████████████▉  | 16/17 [00:01<00:00,  9.33it/s]
Epoch 9/30 | Processing...: 100%|█████████████████████| 17/17 [00:01<00:00,  9.33it/s, Loss=0.00694]

Epoch 10/30 | Processing...:   0%|                                           | 0/17 [00:00<?, ?it/s][A
Epoch 9/30 | Processing...: 100%|█████████████████████| 17/17 [00:01<00:00,  9.11it/s, Loss=0.00694]


Epoch 10/30 | Processing...:   6%|██                                 | 1/17 [00:00<00:01,  9.54it/s][A

Epoch 10/30 | Processing...:  12%|████                               | 2/17 [00:00<00:01,  9.07it/s][A

Epoch 10/30 | Processing...:  18%|██████▏                            | 3/17 [00:00<00:01,  8.94it/s][A

Epoch 10/30 | Processing...:  24%|████████▏                          | 4/17 [00:00<00:01,  8.85it/s][A

Epoch 10/30 | Processing...:  29%|██████████▎                        | 5/17 [00:00<00:01,  8.84it/s][A

Epoch 10/30 | Processing...:  35%|████████████▎                      | 6/17 [00:00<00:01,  8.81it/s][A

Epoch 10/30 | Processing...:  41%|██████████████▍                    | 7/17 [00:00<00:01,  8.72it/s][A

Epoch 10/30 | Processing...:  47%|████████████████▍                  | 8/17 [00:00<00:01,  8.55it/s][A

Epoch 10/30 | Processing...:  53%|██████████████████▌                | 9/17 [00:01<00:00,  8.35it/s][A

Epoch 10/30 | Processing...:  59%|████████████████████              | 10/17 [00:01<00:00,  8.39it/s][A

Epoch 10/30 | Processing...:  65%|██████████████████████            | 11/17 [00:01<00:00,  8.55it/s][A

Epoch 10/30 | Processing...:  71%|████████████████████████          | 12/17 [00:01<00:00,  8.61it/s][A

Epoch 10/30 | Processing...:  76%|██████████████████████████        | 13/17 [00:01<00:00,  8.72it/s][A

Epoch 10/30 | Processing...:  82%|████████████████████████████      | 14/17 [00:01<00:00,  8.92it/s][A

Epoch 10/30 | Processing...:  88%|██████████████████████████████    | 15/17 [00:01<00:00,  9.16it/s][A

Epoch 10/30 | Processing...: 100%|██████████████████████████████████| 17/17 [00:01<00:00, 10.48it/s][A

Epoch 10/30 | Processing...: 100%|███████████████████| 17/17 [00:01<00:00, 10.48it/s, Loss=0.000318][A
Epoch 11/30 | Processing...:   0%|                                           | 0/17 [00:00<?, ?it/s]
Epoch 10/30 | Processing...: 100%|███████████████████| 17/17 [00:01<00:00,  9.12it/s, Loss=0.000318]

Epoch 11/30 | Processing...:   6%|██                                 | 1/17 [00:00<00:01,  9.78it/s]
Epoch 11/30 | Processing...:  12%|████                               | 2/17 [00:00<00:01,  8.95it/s]
Epoch 11/30 | Processing...:  18%|██████▏                            | 3/17 [00:00<00:01,  8.88it/s]
Epoch 11/30 | Processing...:  24%|████████▏                          | 4/17 [00:00<00:01,  8.79it/s]
Epoch 11/30 | Processing...:  29%|██████████▎                        | 5/17 [00:00<00:01,  8.79it/s]
Epoch 11/30 | Processing...:  35%|████████████▎                      | 6/17 [00:00<00:01,  8.77it/s]
Epoch 11/30 | Processing...:  41%|██████████████▍                    | 7/17 [00:00<00:01,  8.60it/s]
Epoch 11/30 | Processing...:  47%|████████████████▍                  | 8/17 [00:00<00:01,  8.37it/s]
Epoch 11/30 | Processing...:  53%|██████████████████▌                | 9/17 [00:01<00:00,  8.25it/s]
Epoch 11/30 | Processing...:  59%|████████████████████              | 10/17 [00:01<00:00,  8.29it/s]
Epoch 11/30 | Processing...:  65%|██████████████████████            | 11/17 [00:01<00:00,  8.50it/s]
Epoch 11/30 | Processing...:  71%|████████████████████████          | 12/17 [00:01<00:00,  8.60it/s]
Epoch 11/30 | Processing...:  76%|██████████████████████████        | 13/17 [00:01<00:00,  8.67it/s]
Epoch 11/30 | Processing...:  82%|████████████████████████████      | 14/17 [00:01<00:00,  8.90it/s]
Epoch 11/30 | Processing...:  88%|██████████████████████████████    | 15/17 [00:01<00:00,  9.12it/s]
Epoch 11/30 | Processing...:  94%|████████████████████████████████  | 16/17 [00:01<00:00,  9.25it/s]
Epoch 11/30 | Processing...: 100%|█████████████████████| 17/17 [00:01<00:00,  9.25it/s, Loss=0.0151]

Epoch 12/30 | Processing...:   0%|                                           | 0/17 [00:00<?, ?it/s][A
Epoch 11/30 | Processing...: 100%|█████████████████████| 17/17 [00:01<00:00,  9.07it/s, Loss=0.0151]


Epoch 12/30 | Processing...:   6%|██                                 | 1/17 [00:00<00:01,  9.77it/s][A

Epoch 12/30 | Processing...:  12%|████                               | 2/17 [00:00<00:01,  9.05it/s][A

Epoch 12/30 | Processing...:  18%|██████▏                            | 3/17 [00:00<00:01,  8.96it/s][A

Epoch 12/30 | Processing...:  24%|████████▏                          | 4/17 [00:00<00:01,  8.78it/s][A

Epoch 12/30 | Processing...:  29%|██████████▎                        | 5/17 [00:00<00:01,  8.86it/s][A

Epoch 12/30 | Processing...:  35%|████████████▎                      | 6/17 [00:00<00:01,  8.69it/s][A

Epoch 12/30 | Processing...:  41%|██████████████▍                    | 7/17 [00:00<00:01,  8.63it/s][A

Epoch 12/30 | Processing...:  47%|████████████████▍                  | 8/17 [00:00<00:01,  8.37it/s][A

Epoch 12/30 | Processing...:  53%|██████████████████▌                | 9/17 [00:01<00:00,  8.14it/s][A

Epoch 12/30 | Processing...:  59%|████████████████████              | 10/17 [00:01<00:00,  8.27it/s][A

Epoch 12/30 | Processing...:  65%|██████████████████████            | 11/17 [00:01<00:00,  8.49it/s][A

Epoch 12/30 | Processing...:  71%|████████████████████████          | 12/17 [00:01<00:00,  7.96it/s][A

Epoch 12/30 | Processing...:  76%|██████████████████████████        | 13/17 [00:01<00:00,  8.17it/s][A

Epoch 12/30 | Processing...:  82%|████████████████████████████      | 14/17 [00:01<00:00,  8.42it/s][A

Epoch 12/30 | Processing...:  88%|██████████████████████████████    | 15/17 [00:01<00:00,  8.71it/s][A

Epoch 12/30 | Processing...:  94%|████████████████████████████████  | 16/17 [00:01<00:00,  8.83it/s][A

Epoch 12/30 | Processing...: 100%|████████████████████| 17/17 [00:01<00:00,  8.83it/s, Loss=5.63e-5][A
Epoch 13/30 | Processing...:   0%|                                           | 0/17 [00:00<?, ?it/s]
Epoch 12/30 | Processing...: 100%|████████████████████| 17/17 [00:01<00:00,  8.82it/s, Loss=5.63e-5]

Epoch 13/30 | Processing...:   6%|██                                 | 1/17 [00:00<00:01,  8.01it/s]
Epoch 13/30 | Processing...:  12%|████                               | 2/17 [00:00<00:01,  8.29it/s]
Epoch 13/30 | Processing...:  18%|██████▏                            | 3/17 [00:00<00:01,  7.93it/s]
Epoch 13/30 | Processing...:  24%|████████▏                          | 4/17 [00:00<00:01,  8.20it/s]
Epoch 13/30 | Processing...:  29%|██████████▎                        | 5/17 [00:00<00:01,  8.35it/s]
Epoch 13/30 | Processing...:  35%|████████████▎                      | 6/17 [00:00<00:01,  8.43it/s]
Epoch 13/30 | Processing...:  41%|██████████████▍                    | 7/17 [00:00<00:01,  8.69it/s]
Epoch 13/30 | Processing...:  47%|████████████████▍                  | 8/17 [00:00<00:01,  8.35it/s]
Epoch 13/30 | Processing...:  53%|██████████████████▌                | 9/17 [00:01<00:00,  8.18it/s]
Epoch 13/30 | Processing...:  59%|████████████████████              | 10/17 [00:01<00:00,  8.14it/s]
Epoch 13/30 | Processing...:  65%|██████████████████████            | 11/17 [00:01<00:00,  8.45it/s]
Epoch 13/30 | Processing...:  71%|████████████████████████          | 12/17 [00:01<00:00,  8.50it/s]
Epoch 13/30 | Processing...:  76%|██████████████████████████        | 13/17 [00:01<00:00,  8.61it/s]
Epoch 13/30 | Processing...:  88%|██████████████████████████████    | 15/17 [00:01<00:00,  9.21it/s]
Epoch 13/30 | Processing...:  94%|████████████████████████████████  | 16/17 [00:01<00:00,  9.07it/s]
Epoch 13/30 | Processing...: 100%|████████████████████| 17/17 [00:01<00:00,  9.07it/s, Loss=3.89e-5]

Epoch 14/30 | Processing...:   0%|                                           | 0/17 [00:00<?, ?it/s][A
Epoch 13/30 | Processing...: 100%|████████████████████| 17/17 [00:01<00:00,  8.85it/s, Loss=3.89e-5]


Epoch 14/30 | Processing...:   6%|██                                 | 1/17 [00:00<00:01,  9.35it/s][A

Epoch 14/30 | Processing...:  12%|████                               | 2/17 [00:00<00:01,  8.99it/s][A

Epoch 14/30 | Processing...:  18%|██████▏                            | 3/17 [00:00<00:01,  8.67it/s][A

Epoch 14/30 | Processing...:  24%|████████▏                          | 4/17 [00:00<00:01,  8.86it/s][A

Epoch 14/30 | Processing...:  29%|██████████▎                        | 5/17 [00:00<00:01,  8.87it/s][A

Epoch 14/30 | Processing...:  35%|████████████▎                      | 6/17 [00:00<00:01,  8.76it/s][A

Epoch 14/30 | Processing...:  41%|██████████████▍                    | 7/17 [00:00<00:01,  8.52it/s][A

Epoch 14/30 | Processing...:  47%|████████████████▍                  | 8/17 [00:00<00:01,  8.10it/s][A

Epoch 14/30 | Processing...:  53%|██████████████████▌                | 9/17 [00:01<00:01,  7.72it/s][A

Epoch 14/30 | Processing...:  59%|████████████████████              | 10/17 [00:01<00:00,  7.89it/s][A

Epoch 14/30 | Processing...:  65%|██████████████████████            | 11/17 [00:01<00:00,  8.39it/s][A

Epoch 14/30 | Processing...:  71%|████████████████████████          | 12/17 [00:01<00:00,  8.54it/s][A

Epoch 14/30 | Processing...:  76%|██████████████████████████        | 13/17 [00:01<00:00,  8.57it/s][A

Epoch 14/30 | Processing...:  88%|██████████████████████████████    | 15/17 [00:01<00:00,  9.10it/s][A

Epoch 14/30 | Processing...:  94%|████████████████████████████████  | 16/17 [00:01<00:00,  9.12it/s][A

Epoch 14/30 | Processing...: 100%|███████████████████| 17/17 [00:01<00:00,  9.12it/s, Loss=0.000753][A
Epoch 15/30 | Processing...:   0%|                                           | 0/17 [00:00<?, ?it/s]
Epoch 14/30 | Processing...: 100%|███████████████████| 17/17 [00:01<00:00,  8.94it/s, Loss=0.000753]

Epoch 15/30 | Processing...:   6%|██                                 | 1/17 [00:00<00:01,  9.54it/s]
Epoch 15/30 | Processing...:  12%|████                               | 2/17 [00:00<00:01,  8.98it/s]
Epoch 15/30 | Processing...:  18%|██████▏                            | 3/17 [00:00<00:01,  8.78it/s]
Epoch 15/30 | Processing...:  24%|████████▏                          | 4/17 [00:00<00:01,  9.05it/s]
Epoch 15/30 | Processing...:  29%|██████████▎                        | 5/17 [00:00<00:01,  8.77it/s]
Epoch 15/30 | Processing...:  35%|████████████▎                      | 6/17 [00:00<00:01,  8.74it/s]
Epoch 15/30 | Processing...:  41%|██████████████▍                    | 7/17 [00:00<00:01,  8.88it/s]
Epoch 15/30 | Processing...:  47%|████████████████▍                  | 8/17 [00:00<00:01,  8.59it/s]
Epoch 15/30 | Processing...:  53%|██████████████████▌                | 9/17 [00:01<00:00,  8.04it/s]
Epoch 15/30 | Processing...:  59%|████████████████████              | 10/17 [00:01<00:00,  8.16it/s]
Epoch 15/30 | Processing...:  65%|██████████████████████            | 11/17 [00:01<00:00,  8.31it/s]
Epoch 15/30 | Processing...:  71%|████████████████████████          | 12/17 [00:01<00:00,  8.41it/s]
Epoch 15/30 | Processing...:  76%|██████████████████████████        | 13/17 [00:01<00:00,  8.48it/s]
Epoch 15/30 | Processing...:  82%|████████████████████████████      | 14/17 [00:01<00:00,  8.63it/s]
Epoch 15/30 | Processing...:  88%|██████████████████████████████    | 15/17 [00:01<00:00,  8.91it/s]
Epoch 15/30 | Processing...:  94%|████████████████████████████████  | 16/17 [00:01<00:00,  9.00it/s]
Epoch 15/30 | Processing...: 100%|████████████████████| 17/17 [00:01<00:00,  9.00it/s, Loss=2.12e-5]

Epoch 16/30 | Processing...:   0%|                                           | 0/17 [00:00<?, ?it/s][A
Epoch 15/30 | Processing...: 100%|████████████████████| 17/17 [00:01<00:00,  8.95it/s, Loss=2.12e-5]


Epoch 16/30 | Processing...:   6%|██                                 | 1/17 [00:00<00:01,  9.81it/s][A

Epoch 16/30 | Processing...:  12%|████                               | 2/17 [00:00<00:01,  8.10it/s][A

Epoch 16/30 | Processing...:  18%|██████▏                            | 3/17 [00:00<00:01,  7.93it/s][A

Epoch 16/30 | Processing...:  24%|████████▏                          | 4/17 [00:00<00:01,  7.93it/s][A

Epoch 16/30 | Processing...:  29%|██████████▎                        | 5/17 [00:00<00:01,  8.01it/s][A

Epoch 16/30 | Processing...:  35%|████████████▎                      | 6/17 [00:00<00:01,  8.06it/s][A

Epoch 16/30 | Processing...:  41%|██████████████▍                    | 7/17 [00:00<00:01,  8.01it/s][A

Epoch 16/30 | Processing...:  47%|████████████████▍                  | 8/17 [00:00<00:01,  7.91it/s][A

Epoch 16/30 | Processing...:  53%|██████████████████▌                | 9/17 [00:01<00:01,  7.82it/s][A

Epoch 16/30 | Processing...:  59%|████████████████████              | 10/17 [00:01<00:00,  7.99it/s][A

Epoch 16/30 | Processing...:  65%|██████████████████████            | 11/17 [00:01<00:00,  7.83it/s][A

Epoch 16/30 | Processing...:  71%|████████████████████████          | 12/17 [00:01<00:00,  7.98it/s][A

Epoch 16/30 | Processing...:  76%|██████████████████████████        | 13/17 [00:01<00:00,  8.18it/s][A

Epoch 16/30 | Processing...:  82%|████████████████████████████      | 14/17 [00:01<00:00,  8.47it/s][A

Epoch 16/30 | Processing...:  88%|██████████████████████████████    | 15/17 [00:01<00:00,  8.57it/s][A

Epoch 16/30 | Processing...:  94%|████████████████████████████████  | 16/17 [00:01<00:00,  8.72it/s][A

Epoch 16/30 | Processing...: 100%|████████████████████| 17/17 [00:02<00:00,  8.72it/s, Loss=5.64e-5][A
Epoch 17/30 | Processing...:   0%|                                           | 0/17 [00:00<?, ?it/s]
Epoch 16/30 | Processing...: 100%|████████████████████| 17/17 [00:02<00:00,  8.48it/s, Loss=5.64e-5]

Epoch 17/30 | Processing...:   6%|██                                 | 1/17 [00:00<00:01,  9.61it/s]
Epoch 17/30 | Processing...:  12%|████                               | 2/17 [00:00<00:01,  8.86it/s]
Epoch 17/30 | Processing...:  18%|██████▏                            | 3/17 [00:00<00:01,  8.75it/s]
Epoch 17/30 | Processing...:  24%|████████▏                          | 4/17 [00:00<00:01,  8.76it/s]
Epoch 17/30 | Processing...:  29%|██████████▎                        | 5/17 [00:00<00:01,  8.71it/s]
Epoch 17/30 | Processing...:  35%|████████████▎                      | 6/17 [00:00<00:01,  8.74it/s]
Epoch 17/30 | Processing...:  41%|██████████████▍                    | 7/17 [00:00<00:01,  8.72it/s]
Epoch 17/30 | Processing...:  47%|████████████████▍                  | 8/17 [00:00<00:01,  8.51it/s]
Epoch 17/30 | Processing...:  53%|██████████████████▌                | 9/17 [00:01<00:00,  8.31it/s]
Epoch 17/30 | Processing...:  59%|████████████████████              | 10/17 [00:01<00:00,  8.36it/s]
Epoch 17/30 | Processing...:  65%|██████████████████████            | 11/17 [00:01<00:00,  8.59it/s]
Epoch 17/30 | Processing...:  71%|████████████████████████          | 12/17 [00:01<00:00,  8.63it/s]
Epoch 17/30 | Processing...:  82%|████████████████████████████      | 14/17 [00:01<00:00,  9.26it/s]
Epoch 17/30 | Processing...:  88%|██████████████████████████████    | 15/17 [00:01<00:00,  9.01it/s]
Epoch 17/30 | Processing...:  94%|████████████████████████████████  | 16/17 [00:01<00:00,  9.15it/s]
Epoch 17/30 | Processing...: 100%|████████████████████| 17/17 [00:01<00:00,  9.15it/s, Loss=3.24e-5]

Epoch 18/30 | Processing...:   0%|                                           | 0/17 [00:00<?, ?it/s][A
Epoch 17/30 | Processing...: 100%|████████████████████| 17/17 [00:01<00:00,  9.10it/s, Loss=3.24e-5]


Epoch 18/30 | Processing...:   6%|██                                 | 1/17 [00:00<00:01,  9.79it/s][A

Epoch 18/30 | Processing...:  12%|████                               | 2/17 [00:00<00:01,  9.05it/s][A

Epoch 18/30 | Processing...:  18%|██████▏                            | 3/17 [00:00<00:01,  8.98it/s][A

Epoch 18/30 | Processing...:  24%|████████▏                          | 4/17 [00:00<00:01,  8.93it/s][A

Epoch 18/30 | Processing...:  29%|██████████▎                        | 5/17 [00:00<00:01,  8.86it/s][A

Epoch 18/30 | Processing...:  35%|████████████▎                      | 6/17 [00:00<00:01,  8.79it/s][A

Epoch 18/30 | Processing...:  41%|██████████████▍                    | 7/17 [00:00<00:01,  8.73it/s][A

Epoch 18/30 | Processing...:  47%|████████████████▍                  | 8/17 [00:00<00:01,  8.50it/s][A

Epoch 18/30 | Processing...:  53%|██████████████████▌                | 9/17 [00:01<00:00,  8.32it/s][A

Epoch 18/30 | Processing...:  59%|████████████████████              | 10/17 [00:01<00:00,  8.32it/s][A

Epoch 18/30 | Processing...:  65%|██████████████████████            | 11/17 [00:01<00:00,  8.52it/s][A

Epoch 18/30 | Processing...:  71%|████████████████████████          | 12/17 [00:01<00:00,  8.90it/s][A

Epoch 18/30 | Processing...:  76%|██████████████████████████        | 13/17 [00:01<00:00,  8.80it/s][A

Epoch 18/30 | Processing...:  82%|████████████████████████████      | 14/17 [00:01<00:00,  8.98it/s][A

Epoch 18/30 | Processing...:  88%|██████████████████████████████    | 15/17 [00:01<00:00,  9.17it/s][A

Epoch 18/30 | Processing...:  94%|████████████████████████████████  | 16/17 [00:01<00:00,  9.22it/s][A

Epoch 18/30 | Processing...: 100%|████████████████████| 17/17 [00:01<00:00,  9.22it/s, Loss=7.08e-5][A
Epoch 19/30 | Processing...:   0%|                                           | 0/17 [00:00<?, ?it/s]
Epoch 18/30 | Processing...: 100%|████████████████████| 17/17 [00:01<00:00,  9.13it/s, Loss=7.08e-5]

Epoch 19/30 | Processing...:   6%|██                                 | 1/17 [00:00<00:01,  9.44it/s]
Epoch 19/30 | Processing...:  12%|████                               | 2/17 [00:00<00:01,  8.92it/s]
Epoch 19/30 | Processing...:  18%|██████▏                            | 3/17 [00:00<00:01,  8.63it/s]
Epoch 19/30 | Processing...:  24%|████████▏                          | 4/17 [00:00<00:01,  8.68it/s]
Epoch 19/30 | Processing...:  29%|██████████▎                        | 5/17 [00:00<00:01,  8.71it/s]
Epoch 19/30 | Processing...:  35%|████████████▎                      | 6/17 [00:00<00:01,  8.66it/s]
Epoch 19/30 | Processing...:  41%|██████████████▍                    | 7/17 [00:00<00:01,  8.60it/s]
Epoch 19/30 | Processing...:  47%|████████████████▍                  | 8/17 [00:00<00:01,  8.40it/s]
Epoch 19/30 | Processing...:  53%|██████████████████▌                | 9/17 [00:01<00:00,  8.23it/s]
Epoch 19/30 | Processing...:  59%|████████████████████              | 10/17 [00:01<00:00,  8.33it/s]
Epoch 19/30 | Processing...:  65%|██████████████████████            | 11/17 [00:01<00:00,  8.48it/s]
Epoch 19/30 | Processing...:  71%|████████████████████████          | 12/17 [00:01<00:00,  8.66it/s]
Epoch 19/30 | Processing...:  76%|██████████████████████████        | 13/17 [00:01<00:00,  8.71it/s]
Epoch 19/30 | Processing...:  82%|████████████████████████████      | 14/17 [00:01<00:00,  8.93it/s]
Epoch 19/30 | Processing...:  88%|██████████████████████████████    | 15/17 [00:01<00:00,  9.19it/s]
Epoch 19/30 | Processing...:  94%|████████████████████████████████  | 16/17 [00:01<00:00,  9.28it/s]
Epoch 19/30 | Processing...: 100%|███████████████████| 17/17 [00:01<00:00,  9.28it/s, Loss=0.000827]

Epoch 20/30 | Processing...:   0%|                                           | 0/17 [00:00<?, ?it/s][A
Epoch 19/30 | Processing...: 100%|███████████████████| 17/17 [00:01<00:00,  9.05it/s, Loss=0.000827]


Epoch 20/30 | Processing...:   6%|██                                 | 1/17 [00:00<00:01,  9.61it/s][A

Epoch 20/30 | Processing...:  12%|████                               | 2/17 [00:00<00:01,  8.88it/s][A

Epoch 20/30 | Processing...:  18%|██████▏                            | 3/17 [00:00<00:01,  8.90it/s][A

Epoch 20/30 | Processing...:  24%|████████▏                          | 4/17 [00:00<00:01,  8.84it/s][A

Epoch 20/30 | Processing...:  29%|██████████▎                        | 5/17 [00:00<00:01,  8.84it/s][A

Epoch 20/30 | Processing...:  35%|████████████▎                      | 6/17 [00:00<00:01,  8.79it/s][A

Epoch 20/30 | Processing...:  41%|██████████████▍                    | 7/17 [00:00<00:01,  8.76it/s][A

Epoch 20/30 | Processing...:  47%|████████████████▍                  | 8/17 [00:00<00:01,  8.59it/s][A

Epoch 20/30 | Processing...:  53%|██████████████████▌                | 9/17 [00:01<00:00,  8.39it/s][A

Epoch 20/30 | Processing...:  59%|████████████████████              | 10/17 [00:01<00:00,  8.23it/s][A

Epoch 20/30 | Processing...:  65%|██████████████████████            | 11/17 [00:01<00:00,  8.57it/s][A

Epoch 20/30 | Processing...:  71%|████████████████████████          | 12/17 [00:01<00:00,  8.64it/s][A

Epoch 20/30 | Processing...:  76%|██████████████████████████        | 13/17 [00:01<00:00,  8.66it/s][A

Epoch 20/30 | Processing...:  82%|████████████████████████████      | 14/17 [00:01<00:00,  8.85it/s][A

Epoch 20/30 | Processing...:  88%|██████████████████████████████    | 15/17 [00:01<00:00,  9.09it/s][A

Epoch 20/30 | Processing...:  94%|████████████████████████████████  | 16/17 [00:01<00:00,  9.22it/s][A

Epoch 20/30 | Processing...: 100%|███████████████████| 17/17 [00:01<00:00,  9.22it/s, Loss=0.000181][A
Epoch 21/30 | Processing...:   0%|                                           | 0/17 [00:00<?, ?it/s]
Epoch 20/30 | Processing...: 100%|███████████████████| 17/17 [00:01<00:00,  9.09it/s, Loss=0.000181]

Epoch 21/30 | Processing...:   6%|██                                 | 1/17 [00:00<00:01,  9.83it/s]
Epoch 21/30 | Processing...:  12%|████                               | 2/17 [00:00<00:01,  8.91it/s]
Epoch 21/30 | Processing...:  18%|██████▏                            | 3/17 [00:00<00:01,  8.90it/s]
Epoch 21/30 | Processing...:  24%|████████▏                          | 4/17 [00:00<00:01,  8.84it/s]
Epoch 21/30 | Processing...:  29%|██████████▎                        | 5/17 [00:00<00:01,  8.80it/s]
Epoch 21/30 | Processing...:  35%|████████████▎                      | 6/17 [00:00<00:01,  8.75it/s]
Epoch 21/30 | Processing...:  41%|██████████████▍                    | 7/17 [00:00<00:01,  8.66it/s]
Epoch 21/30 | Processing...:  47%|████████████████▍                  | 8/17 [00:00<00:01,  8.52it/s]
Epoch 21/30 | Processing...:  53%|██████████████████▌                | 9/17 [00:01<00:00,  8.32it/s]
Epoch 21/30 | Processing...:  59%|████████████████████              | 10/17 [00:01<00:00,  8.38it/s]
Epoch 21/30 | Processing...:  65%|██████████████████████            | 11/17 [00:01<00:00,  8.56it/s]
Epoch 21/30 | Processing...:  71%|████████████████████████          | 12/17 [00:01<00:00,  8.49it/s]
Epoch 21/30 | Processing...:  76%|██████████████████████████        | 13/17 [00:01<00:00,  8.69it/s]
Epoch 21/30 | Processing...:  82%|████████████████████████████      | 14/17 [00:01<00:00,  8.84it/s]
Epoch 21/30 | Processing...:  88%|██████████████████████████████    | 15/17 [00:01<00:00,  8.99it/s]
Epoch 21/30 | Processing...:  94%|████████████████████████████████  | 16/17 [00:01<00:00,  9.11it/s]
Epoch 21/30 | Processing...: 100%|████████████████████| 17/17 [00:01<00:00,  9.11it/s, Loss=7.39e-6]

Epoch 22/30 | Processing...:   0%|                                           | 0/17 [00:00<?, ?it/s][A
Epoch 21/30 | Processing...: 100%|████████████████████| 17/17 [00:01<00:00,  9.04it/s, Loss=7.39e-6]


Epoch 22/30 | Processing...:   6%|██                                 | 1/17 [00:00<00:01,  9.71it/s][A

Epoch 22/30 | Processing...:  12%|████                               | 2/17 [00:00<00:01,  8.95it/s][A

Epoch 22/30 | Processing...:  18%|██████▏                            | 3/17 [00:00<00:01,  8.87it/s][A

Epoch 22/30 | Processing...:  24%|████████▏                          | 4/17 [00:00<00:01,  8.64it/s][A

Epoch 22/30 | Processing...:  29%|██████████▎                        | 5/17 [00:00<00:01,  8.92it/s][A

Epoch 22/30 | Processing...:  35%|████████████▎                      | 6/17 [00:00<00:01,  8.91it/s][A

Epoch 22/30 | Processing...:  41%|██████████████▍                    | 7/17 [00:00<00:01,  8.81it/s][A

Epoch 22/30 | Processing...:  47%|████████████████▍                  | 8/17 [00:00<00:01,  8.48it/s][A

Epoch 22/30 | Processing...:  53%|██████████████████▌                | 9/17 [00:01<00:00,  8.26it/s][A

Epoch 22/30 | Processing...:  59%|████████████████████              | 10/17 [00:01<00:00,  8.35it/s][A

Epoch 22/30 | Processing...:  65%|██████████████████████            | 11/17 [00:01<00:00,  8.60it/s][A

Epoch 22/30 | Processing...:  71%|████████████████████████          | 12/17 [00:01<00:00,  8.62it/s][A

Epoch 22/30 | Processing...:  76%|██████████████████████████        | 13/17 [00:01<00:00,  8.74it/s][A

Epoch 22/30 | Processing...:  82%|████████████████████████████      | 14/17 [00:01<00:00,  8.92it/s][A

Epoch 22/30 | Processing...:  88%|██████████████████████████████    | 15/17 [00:01<00:00,  9.17it/s][A

Epoch 22/30 | Processing...:  94%|████████████████████████████████  | 16/17 [00:01<00:00,  9.33it/s][A

Epoch 22/30 | Processing...: 100%|████████████████████| 17/17 [00:01<00:00,  9.33it/s, Loss=2.16e-5][A
Epoch 23/30 | Processing...:   0%|                                           | 0/17 [00:00<?, ?it/s]
Epoch 22/30 | Processing...: 100%|████████████████████| 17/17 [00:01<00:00,  9.12it/s, Loss=2.16e-5]

Epoch 23/30 | Processing...:   6%|██                                 | 1/17 [00:00<00:01,  9.91it/s]
Epoch 23/30 | Processing...:  12%|████                               | 2/17 [00:00<00:01,  9.16it/s]
Epoch 23/30 | Processing...:  18%|██████▏                            | 3/17 [00:00<00:01,  8.93it/s]
Epoch 23/30 | Processing...:  24%|████████▏                          | 4/17 [00:00<00:01,  8.87it/s]
Epoch 23/30 | Processing...:  29%|██████████▎                        | 5/17 [00:00<00:01,  8.88it/s]
Epoch 23/30 | Processing...:  35%|████████████▎                      | 6/17 [00:00<00:01,  8.79it/s]
Epoch 23/30 | Processing...:  41%|██████████████▍                    | 7/17 [00:00<00:01,  8.75it/s]
Epoch 23/30 | Processing...:  47%|████████████████▍                  | 8/17 [00:00<00:01,  8.83it/s]
Epoch 23/30 | Processing...:  53%|██████████████████▌                | 9/17 [00:01<00:00,  8.25it/s]
Epoch 23/30 | Processing...:  59%|████████████████████              | 10/17 [00:01<00:00,  8.32it/s]
Epoch 23/30 | Processing...:  65%|██████████████████████            | 11/17 [00:01<00:00,  8.52it/s]
Epoch 23/30 | Processing...:  71%|████████████████████████          | 12/17 [00:01<00:00,  8.62it/s]
Epoch 23/30 | Processing...:  76%|██████████████████████████        | 13/17 [00:01<00:00,  8.91it/s]
Epoch 23/30 | Processing...:  82%|████████████████████████████      | 14/17 [00:01<00:00,  9.03it/s]
Epoch 23/30 | Processing...:  88%|██████████████████████████████    | 15/17 [00:01<00:00,  9.15it/s]
Epoch 23/30 | Processing...:  94%|████████████████████████████████  | 16/17 [00:01<00:00,  9.29it/s]
Epoch 23/30 | Processing...: 100%|███████████████████| 17/17 [00:01<00:00,  9.29it/s, Loss=0.000846]

Epoch 24/30 | Processing...:   0%|                                           | 0/17 [00:00<?, ?it/s][A
Epoch 23/30 | Processing...: 100%|███████████████████| 17/17 [00:01<00:00,  9.15it/s, Loss=0.000846]


Epoch 24/30 | Processing...:  12%|████                               | 2/17 [00:00<00:01,  9.12it/s][A

Epoch 24/30 | Processing...:  18%|██████▏                            | 3/17 [00:00<00:01,  8.98it/s][A

Epoch 24/30 | Processing...:  24%|████████▏                          | 4/17 [00:00<00:01,  8.94it/s][A

Epoch 24/30 | Processing...:  29%|██████████▎                        | 5/17 [00:00<00:01,  8.89it/s][A

Epoch 24/30 | Processing...:  35%|████████████▎                      | 6/17 [00:00<00:01,  8.74it/s][A

Epoch 24/30 | Processing...:  41%|██████████████▍                    | 7/17 [00:00<00:01,  8.67it/s][A

Epoch 24/30 | Processing...:  47%|████████████████▍                  | 8/17 [00:00<00:01,  8.55it/s][A

Epoch 24/30 | Processing...:  53%|██████████████████▌                | 9/17 [00:01<00:00,  8.33it/s][A

Epoch 24/30 | Processing...:  59%|████████████████████              | 10/17 [00:01<00:00,  8.38it/s][A

Epoch 24/30 | Processing...:  65%|██████████████████████            | 11/17 [00:01<00:00,  8.58it/s][A

Epoch 24/30 | Processing...:  76%|██████████████████████████        | 13/17 [00:01<00:00,  8.89it/s][A

Epoch 24/30 | Processing...:  82%|████████████████████████████      | 14/17 [00:01<00:00,  9.08it/s][A

Epoch 24/30 | Processing...:  88%|██████████████████████████████    | 15/17 [00:01<00:00,  9.28it/s][A

Epoch 24/30 | Processing...:  94%|████████████████████████████████  | 16/17 [00:01<00:00,  9.40it/s][A

Epoch 24/30 | Processing...: 100%|████████████████████| 17/17 [00:01<00:00,  9.40it/s, Loss=0.00165][A
Epoch 25/30 | Processing...:   0%|                                           | 0/17 [00:00<?, ?it/s]
Epoch 24/30 | Processing...: 100%|████████████████████| 17/17 [00:01<00:00,  9.18it/s, Loss=0.00165]

Epoch 25/30 | Processing...:   6%|██                                 | 1/17 [00:00<00:01,  9.75it/s]
Epoch 25/30 | Processing...:  12%|████                               | 2/17 [00:00<00:01,  9.13it/s]
Epoch 25/30 | Processing...:  18%|██████▏                            | 3/17 [00:00<00:01,  8.86it/s]
Epoch 25/30 | Processing...:  24%|████████▏                          | 4/17 [00:00<00:01,  8.85it/s]
Epoch 25/30 | Processing...:  29%|██████████▎                        | 5/17 [00:00<00:01,  9.23it/s]
Epoch 25/30 | Processing...:  35%|████████████▎                      | 6/17 [00:00<00:01,  8.64it/s]
Epoch 25/30 | Processing...:  41%|██████████████▍                    | 7/17 [00:00<00:01,  8.64it/s]
Epoch 25/30 | Processing...:  47%|████████████████▍                  | 8/17 [00:00<00:01,  8.48it/s]
Epoch 25/30 | Processing...:  53%|██████████████████▌                | 9/17 [00:01<00:00,  8.28it/s]
Epoch 25/30 | Processing...:  59%|████████████████████              | 10/17 [00:01<00:00,  8.30it/s]
Epoch 25/30 | Processing...:  65%|██████████████████████            | 11/17 [00:01<00:00,  8.39it/s]
Epoch 25/30 | Processing...:  71%|████████████████████████          | 12/17 [00:01<00:00,  8.43it/s]
Epoch 25/30 | Processing...:  76%|██████████████████████████        | 13/17 [00:01<00:00,  8.59it/s]
Epoch 25/30 | Processing...:  82%|████████████████████████████      | 14/17 [00:01<00:00,  8.83it/s]
Epoch 25/30 | Processing...:  88%|██████████████████████████████    | 15/17 [00:01<00:00,  9.08it/s]
Epoch 25/30 | Processing...:  94%|████████████████████████████████  | 16/17 [00:01<00:00,  9.12it/s]
Epoch 25/30 | Processing...: 100%|████████████████████| 17/17 [00:01<00:00,  9.12it/s, Loss=5.16e-5]

Epoch 26/30 | Processing...:   0%|                                           | 0/17 [00:00<?, ?it/s][A
Epoch 25/30 | Processing...: 100%|████████████████████| 17/17 [00:01<00:00,  9.04it/s, Loss=5.16e-5]


Epoch 26/30 | Processing...:   6%|██                                 | 1/17 [00:00<00:01,  9.52it/s][A

Epoch 26/30 | Processing...:  12%|████                               | 2/17 [00:00<00:01,  8.80it/s][A

Epoch 26/30 | Processing...:  18%|██████▏                            | 3/17 [00:00<00:01,  8.82it/s][A

Epoch 26/30 | Processing...:  24%|████████▏                          | 4/17 [00:00<00:01,  8.77it/s][A

Epoch 26/30 | Processing...:  29%|██████████▎                        | 5/17 [00:00<00:01,  8.67it/s][A

Epoch 26/30 | Processing...:  35%|████████████▎                      | 6/17 [00:00<00:01,  8.39it/s][A

Epoch 26/30 | Processing...:  41%|██████████████▍                    | 7/17 [00:00<00:01,  8.38it/s][A

Epoch 26/30 | Processing...:  47%|████████████████▍                  | 8/17 [00:00<00:01,  8.02it/s][A

Epoch 26/30 | Processing...:  53%|██████████████████▌                | 9/17 [00:01<00:01,  7.90it/s][A

Epoch 26/30 | Processing...:  59%|████████████████████              | 10/17 [00:01<00:00,  7.98it/s][A

Epoch 26/30 | Processing...:  65%|██████████████████████            | 11/17 [00:01<00:00,  7.87it/s][A

Epoch 26/30 | Processing...:  71%|████████████████████████          | 12/17 [00:01<00:00,  7.99it/s][A

Epoch 26/30 | Processing...:  76%|██████████████████████████        | 13/17 [00:01<00:00,  8.24it/s][A

Epoch 26/30 | Processing...:  82%|████████████████████████████      | 14/17 [00:01<00:00,  8.53it/s][A

Epoch 26/30 | Processing...:  88%|██████████████████████████████    | 15/17 [00:01<00:00,  8.71it/s][A

Epoch 26/30 | Processing...:  94%|████████████████████████████████  | 16/17 [00:01<00:00,  8.59it/s][A

Epoch 26/30 | Processing...: 100%|████████████████████| 17/17 [00:01<00:00,  8.59it/s, Loss=1.84e-5][A
Epoch 27/30 | Processing...:   0%|                                           | 0/17 [00:00<?, ?it/s]
Epoch 26/30 | Processing...: 100%|████████████████████| 17/17 [00:01<00:00,  8.64it/s, Loss=1.84e-5]

Epoch 27/30 | Processing...:   6%|██                                 | 1/17 [00:00<00:01,  8.05it/s]
Epoch 27/30 | Processing...:  12%|████                               | 2/17 [00:00<00:01,  8.06it/s]
Epoch 27/30 | Processing...:  18%|██████▏                            | 3/17 [00:00<00:01,  8.09it/s]
Epoch 27/30 | Processing...:  24%|████████▏                          | 4/17 [00:00<00:01,  8.06it/s]
Epoch 27/30 | Processing...:  29%|██████████▎                        | 5/17 [00:00<00:01,  8.13it/s]
Epoch 27/30 | Processing...:  35%|████████████▎                      | 6/17 [00:00<00:01,  8.25it/s]
Epoch 27/30 | Processing...:  41%|██████████████▍                    | 7/17 [00:00<00:01,  8.27it/s]
Epoch 27/30 | Processing...:  47%|████████████████▍                  | 8/17 [00:00<00:01,  8.14it/s]
Epoch 27/30 | Processing...:  53%|██████████████████▌                | 9/17 [00:01<00:00,  8.06it/s]
Epoch 27/30 | Processing...:  59%|████████████████████              | 10/17 [00:01<00:00,  8.19it/s]
Epoch 27/30 | Processing...:  65%|██████████████████████            | 11/17 [00:01<00:00,  8.35it/s]
Epoch 27/30 | Processing...:  71%|████████████████████████          | 12/17 [00:01<00:00,  8.46it/s]
Epoch 27/30 | Processing...:  76%|██████████████████████████        | 13/17 [00:01<00:00,  8.60it/s]
Epoch 27/30 | Processing...:  82%|████████████████████████████      | 14/17 [00:01<00:00,  8.85it/s]
Epoch 27/30 | Processing...:  88%|██████████████████████████████    | 15/17 [00:01<00:00,  9.08it/s]
Epoch 27/30 | Processing...:  94%|████████████████████████████████  | 16/17 [00:01<00:00,  9.16it/s]
Epoch 27/30 | Processing...: 100%|█████████████████████| 17/17 [00:01<00:00,  9.16it/s, Loss=6.5e-6]

Epoch 28/30 | Processing...:   0%|                                           | 0/17 [00:00<?, ?it/s][A
Epoch 27/30 | Processing...: 100%|█████████████████████| 17/17 [00:01<00:00,  8.76it/s, Loss=6.5e-6]


Epoch 28/30 | Processing...:   6%|██                                 | 1/17 [00:00<00:01,  9.45it/s][A

Epoch 28/30 | Processing...:  12%|████                               | 2/17 [00:00<00:01,  8.99it/s][A

Epoch 28/30 | Processing...:  18%|██████▏                            | 3/17 [00:00<00:01,  8.62it/s][A

Epoch 28/30 | Processing...:  24%|████████▏                          | 4/17 [00:00<00:01,  8.69it/s][A

Epoch 28/30 | Processing...:  29%|██████████▎                        | 5/17 [00:00<00:01,  8.74it/s][A

Epoch 28/30 | Processing...:  35%|████████████▎                      | 6/17 [00:00<00:01,  8.73it/s][A

Epoch 28/30 | Processing...:  41%|██████████████▍                    | 7/17 [00:00<00:01,  8.69it/s][A

Epoch 28/30 | Processing...:  47%|████████████████▍                  | 8/17 [00:00<00:01,  8.47it/s][A

Epoch 28/30 | Processing...:  53%|██████████████████▌                | 9/17 [00:01<00:00,  8.27it/s][A

Epoch 28/30 | Processing...:  59%|████████████████████              | 10/17 [00:01<00:00,  8.33it/s][A

Epoch 28/30 | Processing...:  65%|██████████████████████            | 11/17 [00:01<00:00,  8.56it/s][A

Epoch 28/30 | Processing...:  71%|████████████████████████          | 12/17 [00:01<00:00,  8.60it/s][A

Epoch 28/30 | Processing...:  76%|██████████████████████████        | 13/17 [00:01<00:00,  8.71it/s][A

Epoch 28/30 | Processing...:  82%|████████████████████████████      | 14/17 [00:01<00:00,  8.92it/s][A

Epoch 28/30 | Processing...:  88%|██████████████████████████████    | 15/17 [00:01<00:00,  9.20it/s][A

Epoch 28/30 | Processing...:  94%|████████████████████████████████  | 16/17 [00:01<00:00,  9.28it/s][A

Epoch 28/30 | Processing...: 100%|████████████████████| 17/17 [00:01<00:00,  9.28it/s, Loss=6.06e-5][A
Epoch 29/30 | Processing...:   0%|                                           | 0/17 [00:00<?, ?it/s]
Epoch 28/30 | Processing...: 100%|████████████████████| 17/17 [00:01<00:00,  9.08it/s, Loss=6.06e-5]

Epoch 29/30 | Processing...:   6%|██                                 | 1/17 [00:00<00:01,  9.79it/s]
Epoch 29/30 | Processing...:  12%|████                               | 2/17 [00:00<00:01,  8.93it/s]
Epoch 29/30 | Processing...:  18%|██████▏                            | 3/17 [00:00<00:01,  8.55it/s]
Epoch 29/30 | Processing...:  24%|████████▏                          | 4/17 [00:00<00:01,  8.56it/s]
Epoch 29/30 | Processing...:  29%|██████████▎                        | 5/17 [00:00<00:01,  8.56it/s]
Epoch 29/30 | Processing...:  35%|████████████▎                      | 6/17 [00:00<00:01,  8.49it/s]
Epoch 29/30 | Processing...:  41%|██████████████▍                    | 7/17 [00:00<00:01,  8.34it/s]
Epoch 29/30 | Processing...:  47%|████████████████▍                  | 8/17 [00:00<00:01,  8.20it/s]
Epoch 29/30 | Processing...:  53%|██████████████████▌                | 9/17 [00:01<00:01,  7.98it/s]
Epoch 29/30 | Processing...:  59%|████████████████████              | 10/17 [00:01<00:00,  8.42it/s]
Epoch 29/30 | Processing...:  65%|██████████████████████            | 11/17 [00:01<00:00,  8.09it/s]
Epoch 29/30 | Processing...:  71%|████████████████████████          | 12/17 [00:01<00:00,  8.30it/s]
Epoch 29/30 | Processing...:  76%|██████████████████████████        | 13/17 [00:01<00:00,  8.56it/s]
Epoch 29/30 | Processing...:  82%|████████████████████████████      | 14/17 [00:01<00:00,  8.69it/s]
Epoch 29/30 | Processing...:  88%|██████████████████████████████    | 15/17 [00:01<00:00,  8.93it/s]
Epoch 29/30 | Processing...:  94%|████████████████████████████████  | 16/17 [00:01<00:00,  9.11it/s]
Epoch 29/30 | Processing...: 100%|███████████████████| 17/17 [00:01<00:00,  9.11it/s, Loss=0.000248]

Epoch 30/30 | Processing...:   0%|                                           | 0/17 [00:00<?, ?it/s][A
Epoch 29/30 | Processing...: 100%|███████████████████| 17/17 [00:01<00:00,  8.87it/s, Loss=0.000248]


Epoch 30/30 | Processing...:   6%|██                                 | 1/17 [00:00<00:01,  9.00it/s][A

Epoch 30/30 | Processing...:  12%|████                               | 2/17 [00:00<00:01,  8.52it/s][A

Epoch 30/30 | Processing...:  18%|██████▏                            | 3/17 [00:00<00:01,  8.55it/s][A

Epoch 30/30 | Processing...:  24%|████████▏                          | 4/17 [00:00<00:01,  8.70it/s][A

Epoch 30/30 | Processing...:  29%|██████████▎                        | 5/17 [00:00<00:01,  8.71it/s][A

Epoch 30/30 | Processing...:  35%|████████████▎                      | 6/17 [00:00<00:01,  8.79it/s][A

Epoch 30/30 | Processing...:  41%|██████████████▍                    | 7/17 [00:00<00:01,  8.62it/s][A

Epoch 30/30 | Processing...:  47%|████████████████▍                  | 8/17 [00:00<00:01,  8.35it/s][A

Epoch 30/30 | Processing...:  53%|██████████████████▌                | 9/17 [00:01<00:00,  8.15it/s][A

Epoch 30/30 | Processing...:  59%|████████████████████              | 10/17 [00:01<00:00,  8.19it/s][A

Epoch 30/30 | Processing...:  65%|██████████████████████            | 11/17 [00:01<00:00,  8.41it/s][A

Epoch 30/30 | Processing...:  71%|████████████████████████          | 12/17 [00:01<00:00,  8.48it/s][A

Epoch 30/30 | Processing...:  76%|██████████████████████████        | 13/17 [00:01<00:00,  8.62it/s][A

Epoch 30/30 | Processing...:  82%|████████████████████████████      | 14/17 [00:01<00:00,  8.83it/s][A

Epoch 30/30 | Processing...:  88%|██████████████████████████████    | 15/17 [00:01<00:00,  9.07it/s][A

Epoch 30/30 | Processing...:  94%|████████████████████████████████  | 16/17 [00:01<00:00,  9.13it/s][A

Epoch 30/30 | Processing...: 100%|████████████████████| 17/17 [00:01<00:00,  9.13it/s, Loss=1.53e-5][A训练完成
Accuracy: 0.9119
F1 Score: 0.8889
Recall: 0.8966
Precision: 0.8814
====================================================================================================
0 {'precision': 0.9322033898305084, 'recall': 0.9217877094972067, 'f1-score': 0.9269662921348315, 'support': 179.0}
1 {'precision': 0.8813559322033898, 'recall': 0.896551724137931, 'f1-score': 0.8888888888888888, 'support': 116.0}
accuracy 0.911864406779661
macro avg {'precision': 0.9067796610169492, 'recall': 0.9091697168175689, 'f1-score': 0.9079275905118602, 'support': 295.0}
weighted avg {'precision': 0.9122091353059466, 'recall': 0.911864406779661, 'f1-score': 0.9119934827228676, 'support': 295.0}
result:0.9119
====================================================================================================

Epoch 30/30 | Processing...: 100%|████████████████████| 17/17 [00:02<00:00,  7.54it/s, Loss=1.53e-5]
======================================================================================================================================================
run at 9-th time
CombinedModel3(
  (linear_1): Linear(in_features=768, out_features=768, bias=True)
  (linear_2): Linear(in_features=768, out_features=768, bias=True)
  (gnn): HgtGNN(
    (post_linear): Linear(in_features=1536, out_features=768, bias=True)
    (conv1): HGTConv(-1, 768, heads=8)
    (conv2): HGTConv(-1, 768, heads=8)
  )
  (mlp): Sequential(
    (0): Linear(in_features=2304, out_features=768, bias=True)
    (1): ReLU()
    (2): Dropout(p=0.5, inplace=False)
    (3): Linear(in_features=768, out_features=2, bias=True)
  )
)

Epoch 1/30 | Processing...:   0%|                                            | 0/17 [00:00<?, ?it/s]
Epoch 1/30 | Processing...:   6%|██                                  | 1/17 [00:00<00:01,  9.15it/s]
Epoch 1/30 | Processing...:  12%|████▏                               | 2/17 [00:00<00:01,  8.59it/s]
Epoch 1/30 | Processing...:  18%|██████▎                             | 3/17 [00:00<00:01,  8.46it/s]
Epoch 1/30 | Processing...:  24%|████████▍                           | 4/17 [00:00<00:01,  8.64it/s]
Epoch 1/30 | Processing...:  29%|██████████▌                         | 5/17 [00:00<00:01,  8.68it/s]
Epoch 1/30 | Processing...:  35%|████████████▋                       | 6/17 [00:00<00:01,  8.55it/s]
Epoch 1/30 | Processing...:  41%|██████████████▊                     | 7/17 [00:00<00:01,  8.59it/s]
Epoch 1/30 | Processing...:  47%|████████████████▉                   | 8/17 [00:00<00:01,  8.47it/s]
Epoch 1/30 | Processing...:  53%|███████████████████                 | 9/17 [00:01<00:00,  8.27it/s]
Epoch 1/30 | Processing...:  59%|████████████████████▌              | 10/17 [00:01<00:00,  8.29it/s]
Epoch 1/30 | Processing...:  65%|██████████████████████▋            | 11/17 [00:01<00:00,  8.51it/s]
Epoch 1/30 | Processing...:  71%|████████████████████████▋          | 12/17 [00:01<00:00,  8.44it/s]
Epoch 1/30 | Processing...:  76%|██████████████████████████▊        | 13/17 [00:01<00:00,  8.72it/s]
Epoch 1/30 | Processing...:  82%|████████████████████████████▊      | 14/17 [00:01<00:00,  8.90it/s]
Epoch 1/30 | Processing...:  88%|██████████████████████████████▉    | 15/17 [00:01<00:00,  9.08it/s]
Epoch 1/30 | Processing...:  94%|████████████████████████████████▉  | 16/17 [00:01<00:00,  9.26it/s]
Epoch 1/30 | Processing...: 100%|███████████████████████| 17/17 [00:01<00:00,  9.26it/s, Loss=0.658]

Epoch 2/30 | Processing...:   0%|                                            | 0/17 [00:00<?, ?it/s][A
Epoch 1/30 | Processing...: 100%|███████████████████████| 17/17 [00:01<00:00,  9.00it/s, Loss=0.658]


Epoch 2/30 | Processing...:   6%|██                                  | 1/17 [00:00<00:01,  9.46it/s][A

Epoch 2/30 | Processing...:  12%|████▏                               | 2/17 [00:00<00:01,  9.24it/s][A

Epoch 2/30 | Processing...:  18%|██████▎                             | 3/17 [00:00<00:01,  9.03it/s][A

Epoch 2/30 | Processing...:  24%|████████▍                           | 4/17 [00:00<00:01,  8.99it/s][A

Epoch 2/30 | Processing...:  29%|██████████▌                         | 5/17 [00:00<00:01,  8.91it/s][A

Epoch 2/30 | Processing...:  35%|████████████▋                       | 6/17 [00:00<00:01,  8.77it/s][A

Epoch 2/30 | Processing...:  41%|██████████████▊                     | 7/17 [00:00<00:01,  8.70it/s][A

Epoch 2/30 | Processing...:  47%|████████████████▉                   | 8/17 [00:00<00:01,  8.47it/s][A

Epoch 2/30 | Processing...:  53%|███████████████████                 | 9/17 [00:01<00:00,  8.22it/s][A

Epoch 2/30 | Processing...:  59%|████████████████████▌              | 10/17 [00:01<00:00,  8.16it/s][A

Epoch 2/30 | Processing...:  65%|██████████████████████▋            | 11/17 [00:01<00:00,  8.38it/s][A

Epoch 2/30 | Processing...:  71%|████████████████████████▋          | 12/17 [00:01<00:00,  8.44it/s][A

Epoch 2/30 | Processing...:  76%|██████████████████████████▊        | 13/17 [00:01<00:00,  8.57it/s][A

Epoch 2/30 | Processing...:  82%|████████████████████████████▊      | 14/17 [00:01<00:00,  8.73it/s][A

Epoch 2/30 | Processing...:  88%|██████████████████████████████▉    | 15/17 [00:01<00:00,  8.88it/s][A

Epoch 2/30 | Processing...:  94%|████████████████████████████████▉  | 16/17 [00:01<00:00,  9.01it/s][A

Epoch 2/30 | Processing...: 100%|███████████████████████| 17/17 [00:01<00:00,  9.01it/s, Loss=0.252][A
Epoch 3/30 | Processing...:   0%|                                            | 0/17 [00:00<?, ?it/s]
Epoch 2/30 | Processing...: 100%|███████████████████████| 17/17 [00:01<00:00,  8.98it/s, Loss=0.252]

Epoch 3/30 | Processing...:   6%|██                                  | 1/17 [00:00<00:01,  9.77it/s]
Epoch 3/30 | Processing...:  12%|████▏                               | 2/17 [00:00<00:01,  9.07it/s]
Epoch 3/30 | Processing...:  18%|██████▎                             | 3/17 [00:00<00:01,  9.00it/s]
Epoch 3/30 | Processing...:  24%|████████▍                           | 4/17 [00:00<00:01,  8.78it/s]
Epoch 3/30 | Processing...:  29%|██████████▌                         | 5/17 [00:00<00:01,  8.88it/s]
Epoch 3/30 | Processing...:  35%|████████████▋                       | 6/17 [00:00<00:01,  9.04it/s]
Epoch 3/30 | Processing...:  41%|██████████████▊                     | 7/17 [00:00<00:01,  8.94it/s]
Epoch 3/30 | Processing...:  47%|████████████████▉                   | 8/17 [00:00<00:01,  8.72it/s]
Epoch 3/30 | Processing...:  53%|███████████████████                 | 9/17 [00:01<00:00,  8.14it/s]
Epoch 3/30 | Processing...:  59%|████████████████████▌              | 10/17 [00:01<00:00,  8.13it/s]
Epoch 3/30 | Processing...:  65%|██████████████████████▋            | 11/17 [00:01<00:00,  8.37it/s]
Epoch 3/30 | Processing...:  71%|████████████████████████▋          | 12/17 [00:01<00:00,  8.49it/s]
Epoch 3/30 | Processing...:  76%|██████████████████████████▊        | 13/17 [00:01<00:00,  8.56it/s]
Epoch 3/30 | Processing...:  82%|████████████████████████████▊      | 14/17 [00:01<00:00,  8.79it/s]
Epoch 3/30 | Processing...:  88%|██████████████████████████████▉    | 15/17 [00:01<00:00,  8.99it/s]
Epoch 3/30 | Processing...:  94%|████████████████████████████████▉  | 16/17 [00:01<00:00,  9.09it/s]
Epoch 3/30 | Processing...: 100%|██████████████████████| 17/17 [00:01<00:00,  9.09it/s, Loss=0.0177]

Epoch 4/30 | Processing...:   0%|                                            | 0/17 [00:00<?, ?it/s][A
Epoch 3/30 | Processing...: 100%|██████████████████████| 17/17 [00:01<00:00,  9.04it/s, Loss=0.0177]


Epoch 4/30 | Processing...:   6%|██                                  | 1/17 [00:00<00:01,  9.26it/s][A

Epoch 4/30 | Processing...:  12%|████▏                               | 2/17 [00:00<00:01,  8.69it/s][A

Epoch 4/30 | Processing...:  18%|██████▎                             | 3/17 [00:00<00:01,  8.73it/s][A

Epoch 4/30 | Processing...:  24%|████████▍                           | 4/17 [00:00<00:01,  8.72it/s][A

Epoch 4/30 | Processing...:  29%|██████████▌                         | 5/17 [00:00<00:01,  8.67it/s][A

Epoch 4/30 | Processing...:  35%|████████████▋                       | 6/17 [00:00<00:01,  8.66it/s][A

Epoch 4/30 | Processing...:  41%|██████████████▊                     | 7/17 [00:00<00:01,  8.54it/s][A

Epoch 4/30 | Processing...:  47%|████████████████▉                   | 8/17 [00:00<00:01,  8.40it/s][A

Epoch 4/30 | Processing...:  53%|███████████████████                 | 9/17 [00:01<00:00,  8.21it/s][A

Epoch 4/30 | Processing...:  59%|████████████████████▌              | 10/17 [00:01<00:00,  8.25it/s][A

Epoch 4/30 | Processing...:  65%|██████████████████████▋            | 11/17 [00:01<00:00,  8.37it/s][A

Epoch 4/30 | Processing...:  71%|████████████████████████▋          | 12/17 [00:01<00:00,  8.46it/s][A

Epoch 4/30 | Processing...:  76%|██████████████████████████▊        | 13/17 [00:01<00:00,  8.61it/s][A

Epoch 4/30 | Processing...:  82%|████████████████████████████▊      | 14/17 [00:01<00:00,  8.85it/s][A

Epoch 4/30 | Processing...:  88%|██████████████████████████████▉    | 15/17 [00:01<00:00,  9.10it/s][A

Epoch 4/30 | Processing...:  94%|████████████████████████████████▉  | 16/17 [00:01<00:00,  9.26it/s][A

Epoch 4/30 | Processing...: 100%|███████████████████████| 17/17 [00:01<00:00,  9.26it/s, Loss=0.119][A
Epoch 5/30 | Processing...:   0%|                                            | 0/17 [00:00<?, ?it/s]
Epoch 4/30 | Processing...: 100%|███████████████████████| 17/17 [00:01<00:00,  8.99it/s, Loss=0.119]

Epoch 5/30 | Processing...:   6%|██                                  | 1/17 [00:00<00:01,  9.66it/s]
Epoch 5/30 | Processing...:  12%|████▏                               | 2/17 [00:00<00:01,  9.05it/s]
Epoch 5/30 | Processing...:  18%|██████▎                             | 3/17 [00:00<00:01,  8.93it/s]
Epoch 5/30 | Processing...:  24%|████████▍                           | 4/17 [00:00<00:01,  8.59it/s]
Epoch 5/30 | Processing...:  29%|██████████▌                         | 5/17 [00:00<00:01,  8.67it/s]
Epoch 5/30 | Processing...:  35%|████████████▋                       | 6/17 [00:00<00:01,  8.70it/s]
Epoch 5/30 | Processing...:  41%|██████████████▊                     | 7/17 [00:00<00:01,  8.69it/s]
Epoch 5/30 | Processing...:  47%|████████████████▉                   | 8/17 [00:00<00:01,  8.64it/s]
Epoch 5/30 | Processing...:  53%|███████████████████                 | 9/17 [00:01<00:00,  8.25it/s]
Epoch 5/30 | Processing...:  59%|████████████████████▌              | 10/17 [00:01<00:00,  8.30it/s]
Epoch 5/30 | Processing...:  65%|██████████████████████▋            | 11/17 [00:01<00:00,  8.52it/s]
Epoch 5/30 | Processing...:  71%|████████████████████████▋          | 12/17 [00:01<00:00,  8.54it/s]
Epoch 5/30 | Processing...:  76%|██████████████████████████▊        | 13/17 [00:01<00:00,  8.60it/s]
Epoch 5/30 | Processing...:  82%|████████████████████████████▊      | 14/17 [00:01<00:00,  8.85it/s]
Epoch 5/30 | Processing...:  88%|██████████████████████████████▉    | 15/17 [00:01<00:00,  9.06it/s]
Epoch 5/30 | Processing...:  94%|████████████████████████████████▉  | 16/17 [00:01<00:00,  9.32it/s]
Epoch 5/30 | Processing...: 100%|█████████████████████| 17/17 [00:01<00:00,  9.32it/s, Loss=0.00868]

Epoch 6/30 | Processing...:   0%|                                            | 0/17 [00:00<?, ?it/s][A
Epoch 5/30 | Processing...: 100%|█████████████████████| 17/17 [00:01<00:00,  9.06it/s, Loss=0.00868]


Epoch 6/30 | Processing...:   6%|██                                  | 1/17 [00:00<00:01,  9.58it/s][A

Epoch 6/30 | Processing...:  12%|████▏                               | 2/17 [00:00<00:01,  8.92it/s][A

Epoch 6/30 | Processing...:  18%|██████▎                             | 3/17 [00:00<00:01,  8.60it/s][A

Epoch 6/30 | Processing...:  29%|██████████▌                         | 5/17 [00:00<00:01,  9.11it/s][A

Epoch 6/30 | Processing...:  35%|████████████▋                       | 6/17 [00:00<00:01,  8.97it/s][A

Epoch 6/30 | Processing...:  41%|██████████████▊                     | 7/17 [00:00<00:01,  8.52it/s][A

Epoch 6/30 | Processing...:  47%|████████████████▉                   | 8/17 [00:00<00:01,  8.33it/s][A

Epoch 6/30 | Processing...:  53%|███████████████████                 | 9/17 [00:01<00:00,  8.06it/s][A

Epoch 6/30 | Processing...:  59%|████████████████████▌              | 10/17 [00:01<00:00,  8.20it/s][A

Epoch 6/30 | Processing...:  65%|██████████████████████▋            | 11/17 [00:01<00:00,  8.40it/s][A

Epoch 6/30 | Processing...:  71%|████████████████████████▋          | 12/17 [00:01<00:00,  8.52it/s][A

Epoch 6/30 | Processing...:  76%|██████████████████████████▊        | 13/17 [00:01<00:00,  8.72it/s][A

Epoch 6/30 | Processing...:  82%|████████████████████████████▊      | 14/17 [00:01<00:00,  8.99it/s][A

Epoch 6/30 | Processing...:  88%|██████████████████████████████▉    | 15/17 [00:01<00:00,  9.10it/s][A

Epoch 6/30 | Processing...:  94%|████████████████████████████████▉  | 16/17 [00:01<00:00,  9.24it/s][A

Epoch 6/30 | Processing...: 100%|█████████████████████| 17/17 [00:01<00:00,  9.24it/s, Loss=0.00433][A
Epoch 7/30 | Processing...:   0%|                                            | 0/17 [00:00<?, ?it/s]
Epoch 6/30 | Processing...: 100%|█████████████████████| 17/17 [00:01<00:00,  9.04it/s, Loss=0.00433]

Epoch 7/30 | Processing...:   6%|██                                  | 1/17 [00:00<00:01,  9.33it/s]
Epoch 7/30 | Processing...:  12%|████▏                               | 2/17 [00:00<00:01,  9.18it/s]
Epoch 7/30 | Processing...:  18%|██████▎                             | 3/17 [00:00<00:01,  8.95it/s]
Epoch 7/30 | Processing...:  24%|████████▍                           | 4/17 [00:00<00:01,  8.91it/s]
Epoch 7/30 | Processing...:  29%|██████████▌                         | 5/17 [00:00<00:01,  8.91it/s]
Epoch 7/30 | Processing...:  35%|████████████▋                       | 6/17 [00:00<00:01,  8.80it/s]
Epoch 7/30 | Processing...:  41%|██████████████▊                     | 7/17 [00:00<00:01,  8.68it/s]
Epoch 7/30 | Processing...:  47%|████████████████▉                   | 8/17 [00:00<00:01,  8.52it/s]
Epoch 7/30 | Processing...:  53%|███████████████████                 | 9/17 [00:01<00:00,  8.27it/s]
Epoch 7/30 | Processing...:  59%|████████████████████▌              | 10/17 [00:01<00:00,  8.23it/s]
Epoch 7/30 | Processing...:  65%|██████████████████████▋            | 11/17 [00:01<00:00,  8.52it/s]
Epoch 7/30 | Processing...:  71%|████████████████████████▋          | 12/17 [00:01<00:00,  8.66it/s]
Epoch 7/30 | Processing...:  76%|██████████████████████████▊        | 13/17 [00:01<00:00,  8.79it/s]
Epoch 7/30 | Processing...:  82%|████████████████████████████▊      | 14/17 [00:01<00:00,  9.05it/s]
Epoch 7/30 | Processing...:  88%|██████████████████████████████▉    | 15/17 [00:01<00:00,  9.29it/s]
Epoch 7/30 | Processing...:  94%|████████████████████████████████▉  | 16/17 [00:01<00:00,  9.36it/s]
Epoch 7/30 | Processing...: 100%|███████████████████████| 17/17 [00:01<00:00,  9.36it/s, Loss=0.019]

Epoch 8/30 | Processing...:   0%|                                            | 0/17 [00:00<?, ?it/s][A
Epoch 7/30 | Processing...: 100%|███████████████████████| 17/17 [00:01<00:00,  9.15it/s, Loss=0.019]


Epoch 8/30 | Processing...:   6%|██                                  | 1/17 [00:00<00:01,  9.57it/s][A

Epoch 8/30 | Processing...:  12%|████▏                               | 2/17 [00:00<00:01,  9.06it/s][A

Epoch 8/30 | Processing...:  18%|██████▎                             | 3/17 [00:00<00:01,  9.03it/s][A

Epoch 8/30 | Processing...:  24%|████████▍                           | 4/17 [00:00<00:01,  8.87it/s][A

Epoch 8/30 | Processing...:  29%|██████████▌                         | 5/17 [00:00<00:01,  8.90it/s][A

Epoch 8/30 | Processing...:  35%|████████████▋                       | 6/17 [00:00<00:01,  8.87it/s][A

Epoch 8/30 | Processing...:  41%|██████████████▊                     | 7/17 [00:00<00:01,  8.74it/s][A

Epoch 8/30 | Processing...:  47%|████████████████▉                   | 8/17 [00:00<00:01,  8.53it/s][A

Epoch 8/30 | Processing...:  53%|███████████████████                 | 9/17 [00:01<00:00,  8.32it/s][A

Epoch 8/30 | Processing...:  59%|████████████████████▌              | 10/17 [00:01<00:00,  8.35it/s][A

Epoch 8/30 | Processing...:  65%|██████████████████████▋            | 11/17 [00:01<00:00,  8.56it/s][A

Epoch 8/30 | Processing...:  71%|████████████████████████▋          | 12/17 [00:01<00:00,  8.53it/s][A

Epoch 8/30 | Processing...:  76%|██████████████████████████▊        | 13/17 [00:01<00:00,  8.66it/s][A

Epoch 8/30 | Processing...:  82%|████████████████████████████▊      | 14/17 [00:01<00:00,  8.93it/s][A

Epoch 8/30 | Processing...:  88%|██████████████████████████████▉    | 15/17 [00:01<00:00,  9.15it/s][A

Epoch 8/30 | Processing...:  94%|████████████████████████████████▉  | 16/17 [00:01<00:00,  9.28it/s][A

Epoch 8/30 | Processing...: 100%|█████████████████████| 17/17 [00:01<00:00,  9.28it/s, Loss=0.00131][A
Epoch 9/30 | Processing...:   0%|                                            | 0/17 [00:00<?, ?it/s]
Epoch 8/30 | Processing...: 100%|█████████████████████| 17/17 [00:01<00:00,  9.12it/s, Loss=0.00131]

Epoch 9/30 | Processing...:   6%|██                                  | 1/17 [00:00<00:01,  9.53it/s]
Epoch 9/30 | Processing...:  12%|████▏                               | 2/17 [00:00<00:01,  9.05it/s]
Epoch 9/30 | Processing...:  18%|██████▎                             | 3/17 [00:00<00:01,  9.02it/s]
Epoch 9/30 | Processing...:  24%|████████▍                           | 4/17 [00:00<00:01,  8.88it/s]
Epoch 9/30 | Processing...:  29%|██████████▌                         | 5/17 [00:00<00:01,  8.86it/s]
Epoch 9/30 | Processing...:  35%|████████████▋                       | 6/17 [00:00<00:01,  8.94it/s]
Epoch 9/30 | Processing...:  41%|██████████████▊                     | 7/17 [00:00<00:01,  8.82it/s]
Epoch 9/30 | Processing...:  47%|████████████████▉                   | 8/17 [00:00<00:01,  8.63it/s]
Epoch 9/30 | Processing...:  53%|███████████████████                 | 9/17 [00:01<00:00,  8.39it/s]
Epoch 9/30 | Processing...:  59%|████████████████████▌              | 10/17 [00:01<00:00,  8.44it/s]
Epoch 9/30 | Processing...:  65%|██████████████████████▋            | 11/17 [00:01<00:00,  8.62it/s]
Epoch 9/30 | Processing...:  71%|████████████████████████▋          | 12/17 [00:01<00:00,  8.73it/s]
Epoch 9/30 | Processing...:  76%|██████████████████████████▊        | 13/17 [00:01<00:00,  8.85it/s]
Epoch 9/30 | Processing...:  82%|████████████████████████████▊      | 14/17 [00:01<00:00,  9.07it/s]
Epoch 9/30 | Processing...:  88%|██████████████████████████████▉    | 15/17 [00:01<00:00,  9.23it/s]
Epoch 9/30 | Processing...:  94%|████████████████████████████████▉  | 16/17 [00:01<00:00,  9.26it/s]
Epoch 9/30 | Processing...: 100%|█████████████████████| 17/17 [00:01<00:00,  9.26it/s, Loss=0.00218]

Epoch 10/30 | Processing...:   0%|                                           | 0/17 [00:00<?, ?it/s][A
Epoch 9/30 | Processing...: 100%|█████████████████████| 17/17 [00:01<00:00,  9.18it/s, Loss=0.00218]


Epoch 10/30 | Processing...:   6%|██                                 | 1/17 [00:00<00:01,  9.71it/s][A

Epoch 10/30 | Processing...:  12%|████                               | 2/17 [00:00<00:01,  9.00it/s][A

Epoch 10/30 | Processing...:  18%|██████▏                            | 3/17 [00:00<00:01,  8.94it/s][A

Epoch 10/30 | Processing...:  24%|████████▏                          | 4/17 [00:00<00:01,  8.91it/s][A

Epoch 10/30 | Processing...:  29%|██████████▎                        | 5/17 [00:00<00:01,  8.72it/s][A

Epoch 10/30 | Processing...:  35%|████████████▎                      | 6/17 [00:00<00:01,  8.85it/s][A

Epoch 10/30 | Processing...:  41%|██████████████▍                    | 7/17 [00:00<00:01,  8.82it/s][A

Epoch 10/30 | Processing...:  47%|████████████████▍                  | 8/17 [00:00<00:01,  8.54it/s][A

Epoch 10/30 | Processing...:  53%|██████████████████▌                | 9/17 [00:01<00:00,  8.32it/s][A

Epoch 10/30 | Processing...:  59%|████████████████████              | 10/17 [00:01<00:00,  8.33it/s][A

Epoch 10/30 | Processing...:  65%|██████████████████████            | 11/17 [00:01<00:00,  8.51it/s][A

Epoch 10/30 | Processing...:  71%|████████████████████████          | 12/17 [00:01<00:00,  8.53it/s][A

Epoch 10/30 | Processing...:  76%|██████████████████████████        | 13/17 [00:01<00:00,  8.62it/s][A

Epoch 10/30 | Processing...:  82%|████████████████████████████      | 14/17 [00:01<00:00,  8.79it/s][A

Epoch 10/30 | Processing...:  88%|██████████████████████████████    | 15/17 [00:01<00:00,  8.90it/s][A

Epoch 10/30 | Processing...:  94%|████████████████████████████████  | 16/17 [00:01<00:00,  8.97it/s][A

Epoch 10/30 | Processing...: 100%|█████████████████████| 17/17 [00:01<00:00,  8.97it/s, Loss=0.0132][A
Epoch 11/30 | Processing...:   0%|                                           | 0/17 [00:00<?, ?it/s]
Epoch 10/30 | Processing...: 100%|█████████████████████| 17/17 [00:01<00:00,  9.02it/s, Loss=0.0132]

Epoch 11/30 | Processing...:   6%|██                                 | 1/17 [00:00<00:01,  9.38it/s]
Epoch 11/30 | Processing...:  12%|████                               | 2/17 [00:00<00:01,  8.97it/s]
Epoch 11/30 | Processing...:  18%|██████▏                            | 3/17 [00:00<00:01,  8.55it/s]
Epoch 11/30 | Processing...:  24%|████████▏                          | 4/17 [00:00<00:01,  8.76it/s]
Epoch 11/30 | Processing...:  29%|██████████▎                        | 5/17 [00:00<00:01,  8.25it/s]
Epoch 11/30 | Processing...:  35%|████████████▎                      | 6/17 [00:00<00:01,  8.21it/s]
Epoch 11/30 | Processing...:  41%|██████████████▍                    | 7/17 [00:00<00:01,  8.26it/s]
Epoch 11/30 | Processing...:  47%|████████████████▍                  | 8/17 [00:00<00:01,  8.18it/s]
Epoch 11/30 | Processing...:  53%|██████████████████▌                | 9/17 [00:01<00:00,  8.00it/s]
Epoch 11/30 | Processing...:  59%|████████████████████              | 10/17 [00:01<00:00,  8.11it/s]
Epoch 11/30 | Processing...:  65%|██████████████████████            | 11/17 [00:01<00:00,  8.28it/s]
Epoch 11/30 | Processing...:  71%|████████████████████████          | 12/17 [00:01<00:00,  8.40it/s]
Epoch 11/30 | Processing...:  76%|██████████████████████████        | 13/17 [00:01<00:00,  8.72it/s]
Epoch 11/30 | Processing...:  82%|████████████████████████████      | 14/17 [00:01<00:00,  8.61it/s]
Epoch 11/30 | Processing...:  88%|██████████████████████████████    | 15/17 [00:01<00:00,  8.91it/s]
Epoch 11/30 | Processing...:  94%|████████████████████████████████  | 16/17 [00:01<00:00,  9.13it/s]
Epoch 11/30 | Processing...: 100%|████████████████████| 17/17 [00:01<00:00,  9.13it/s, Loss=0.00287]

Epoch 12/30 | Processing...:   0%|                                           | 0/17 [00:00<?, ?it/s][A
Epoch 11/30 | Processing...: 100%|████████████████████| 17/17 [00:01<00:00,  8.85it/s, Loss=0.00287]


Epoch 12/30 | Processing...:  12%|████                               | 2/17 [00:00<00:01,  9.56it/s][A

Epoch 12/30 | Processing...:  18%|██████▏                            | 3/17 [00:00<00:01,  9.27it/s][A

Epoch 12/30 | Processing...:  24%|████████▏                          | 4/17 [00:00<00:01,  8.69it/s][A

Epoch 12/30 | Processing...:  29%|██████████▎                        | 5/17 [00:00<00:01,  8.67it/s][A

Epoch 12/30 | Processing...:  35%|████████████▎                      | 6/17 [00:00<00:01,  8.91it/s][A

Epoch 12/30 | Processing...:  41%|██████████████▍                    | 7/17 [00:00<00:01,  8.72it/s][A

Epoch 12/30 | Processing...:  47%|████████████████▍                  | 8/17 [00:00<00:01,  8.57it/s][A

Epoch 12/30 | Processing...:  53%|██████████████████▌                | 9/17 [00:01<00:01,  7.97it/s][A

Epoch 12/30 | Processing...:  59%|████████████████████              | 10/17 [00:01<00:00,  8.11it/s][A

Epoch 12/30 | Processing...:  65%|██████████████████████            | 11/17 [00:01<00:00,  8.37it/s][A

Epoch 12/30 | Processing...:  71%|████████████████████████          | 12/17 [00:01<00:00,  8.57it/s][A

Epoch 12/30 | Processing...:  76%|██████████████████████████        | 13/17 [00:01<00:00,  8.66it/s][A

Epoch 12/30 | Processing...:  82%|████████████████████████████      | 14/17 [00:01<00:00,  8.90it/s][A

Epoch 12/30 | Processing...:  88%|██████████████████████████████    | 15/17 [00:01<00:00,  9.12it/s][A

Epoch 12/30 | Processing...:  94%|████████████████████████████████  | 16/17 [00:01<00:00,  9.19it/s][A

Epoch 12/30 | Processing...: 100%|███████████████████| 17/17 [00:01<00:00,  9.19it/s, Loss=0.000169][A
Epoch 13/30 | Processing...:   0%|                                           | 0/17 [00:00<?, ?it/s]
Epoch 12/30 | Processing...: 100%|███████████████████| 17/17 [00:01<00:00,  9.06it/s, Loss=0.000169]

Epoch 13/30 | Processing...:   6%|██                                 | 1/17 [00:00<00:01,  8.90it/s]
Epoch 13/30 | Processing...:  12%|████                               | 2/17 [00:00<00:02,  6.62it/s]
Epoch 13/30 | Processing...:  18%|██████▏                            | 3/17 [00:00<00:02,  6.13it/s]
Epoch 13/30 | Processing...:  24%|████████▏                          | 4/17 [00:00<00:02,  5.97it/s]
Epoch 13/30 | Processing...:  29%|██████████▎                        | 5/17 [00:00<00:01,  6.57it/s]
Epoch 13/30 | Processing...:  35%|████████████▎                      | 6/17 [00:01<00:02,  4.89it/s]
Epoch 13/30 | Processing...:  41%|██████████████▍                    | 7/17 [00:01<00:01,  5.49it/s]
Epoch 13/30 | Processing...:  47%|████████████████▍                  | 8/17 [00:01<00:01,  6.10it/s]
Epoch 13/30 | Processing...:  53%|██████████████████▌                | 9/17 [00:01<00:01,  6.54it/s]
Epoch 13/30 | Processing...:  59%|████████████████████              | 10/17 [00:01<00:00,  7.02it/s]
Epoch 13/30 | Processing...:  71%|████████████████████████          | 12/17 [00:01<00:00,  7.83it/s]
Epoch 13/30 | Processing...:  82%|████████████████████████████      | 14/17 [00:02<00:00,  8.41it/s]
Epoch 13/30 | Processing...:  88%|██████████████████████████████    | 15/17 [00:02<00:00,  8.67it/s]
Epoch 13/30 | Processing...:  94%|████████████████████████████████  | 16/17 [00:02<00:00,  8.85it/s]
Epoch 13/30 | Processing...: 100%|███████████████████| 17/17 [00:02<00:00,  8.85it/s, Loss=0.000229]

Epoch 14/30 | Processing...:   0%|                                           | 0/17 [00:00<?, ?it/s][A
Epoch 13/30 | Processing...: 100%|███████████████████| 17/17 [00:02<00:00,  7.45it/s, Loss=0.000229]


Epoch 14/30 | Processing...:   6%|██                                 | 1/17 [00:00<00:01,  9.25it/s][A

Epoch 14/30 | Processing...:  12%|████                               | 2/17 [00:00<00:01,  8.79it/s][A

Epoch 14/30 | Processing...:  18%|██████▏                            | 3/17 [00:00<00:01,  8.74it/s][A

Epoch 14/30 | Processing...:  24%|████████▏                          | 4/17 [00:00<00:01,  8.75it/s][A

Epoch 14/30 | Processing...:  29%|██████████▎                        | 5/17 [00:00<00:01,  8.72it/s][A

Epoch 14/30 | Processing...:  35%|████████████▎                      | 6/17 [00:00<00:01,  8.80it/s][A

Epoch 14/30 | Processing...:  41%|██████████████▍                    | 7/17 [00:00<00:01,  8.61it/s][A

Epoch 14/30 | Processing...:  47%|████████████████▍                  | 8/17 [00:00<00:01,  8.44it/s][A

Epoch 14/30 | Processing...:  53%|██████████████████▌                | 9/17 [00:01<00:01,  7.97it/s][A

Epoch 14/30 | Processing...:  59%|████████████████████              | 10/17 [00:01<00:00,  8.03it/s][A

Epoch 14/30 | Processing...:  65%|██████████████████████            | 11/17 [00:01<00:00,  8.14it/s][A

Epoch 14/30 | Processing...:  71%|████████████████████████          | 12/17 [00:01<00:00,  8.19it/s][A

Epoch 14/30 | Processing...:  76%|██████████████████████████        | 13/17 [00:01<00:00,  8.23it/s][A

Epoch 14/30 | Processing...:  82%|████████████████████████████      | 14/17 [00:01<00:00,  8.37it/s][A

Epoch 14/30 | Processing...:  88%|██████████████████████████████    | 15/17 [00:01<00:00,  8.62it/s][A

Epoch 14/30 | Processing...:  94%|████████████████████████████████  | 16/17 [00:01<00:00,  8.74it/s][A

Epoch 14/30 | Processing...: 100%|███████████████████| 17/17 [00:01<00:00,  8.74it/s, Loss=0.000818][A
Epoch 15/30 | Processing...:   0%|                                           | 0/17 [00:00<?, ?it/s]
Epoch 14/30 | Processing...: 100%|███████████████████| 17/17 [00:01<00:00,  8.74it/s, Loss=0.000818]

Epoch 15/30 | Processing...:   6%|██                                 | 1/17 [00:00<00:01,  8.63it/s]
Epoch 15/30 | Processing...:  12%|████                               | 2/17 [00:00<00:01,  8.40it/s]
Epoch 15/30 | Processing...:  18%|██████▏                            | 3/17 [00:00<00:01,  8.41it/s]
Epoch 15/30 | Processing...:  24%|████████▏                          | 4/17 [00:00<00:01,  8.92it/s]
Epoch 15/30 | Processing...:  29%|██████████▎                        | 5/17 [00:00<00:01,  8.84it/s]
Epoch 15/30 | Processing...:  35%|████████████▎                      | 6/17 [00:00<00:01,  8.81it/s]
Epoch 15/30 | Processing...:  41%|██████████████▍                    | 7/17 [00:00<00:01,  8.76it/s]
Epoch 15/30 | Processing...:  47%|████████████████▍                  | 8/17 [00:00<00:01,  8.25it/s]
Epoch 15/30 | Processing...:  53%|██████████████████▌                | 9/17 [00:01<00:00,  8.15it/s]
Epoch 15/30 | Processing...:  59%|████████████████████              | 10/17 [00:01<00:00,  8.20it/s]
Epoch 15/30 | Processing...:  65%|██████████████████████            | 11/17 [00:01<00:00,  8.43it/s]
Epoch 15/30 | Processing...:  71%|████████████████████████          | 12/17 [00:01<00:00,  8.53it/s]
Epoch 15/30 | Processing...:  76%|██████████████████████████        | 13/17 [00:01<00:00,  8.69it/s]
Epoch 15/30 | Processing...:  82%|████████████████████████████      | 14/17 [00:01<00:00,  8.85it/s]
Epoch 15/30 | Processing...:  88%|██████████████████████████████    | 15/17 [00:01<00:00,  9.13it/s]
Epoch 15/30 | Processing...:  94%|████████████████████████████████  | 16/17 [00:01<00:00,  9.22it/s]
Epoch 15/30 | Processing...: 100%|███████████████████| 17/17 [00:01<00:00,  9.22it/s, Loss=0.000338]

Epoch 16/30 | Processing...:   0%|                                           | 0/17 [00:00<?, ?it/s][A
Epoch 15/30 | Processing...: 100%|███████████████████| 17/17 [00:01<00:00,  9.00it/s, Loss=0.000338]


Epoch 16/30 | Processing...:   6%|██                                 | 1/17 [00:00<00:01,  9.38it/s][A

Epoch 16/30 | Processing...:  12%|████                               | 2/17 [00:00<00:01,  8.90it/s][A

Epoch 16/30 | Processing...:  18%|██████▏                            | 3/17 [00:00<00:01,  8.76it/s][A

Epoch 16/30 | Processing...:  24%|████████▏                          | 4/17 [00:00<00:01,  8.79it/s][A

Epoch 16/30 | Processing...:  29%|██████████▎                        | 5/17 [00:00<00:01,  8.82it/s][A

Epoch 16/30 | Processing...:  35%|████████████▎                      | 6/17 [00:00<00:01,  8.81it/s][A

Epoch 16/30 | Processing...:  41%|██████████████▍                    | 7/17 [00:00<00:01,  8.73it/s][A

Epoch 16/30 | Processing...:  47%|████████████████▍                  | 8/17 [00:00<00:01,  8.55it/s][A

Epoch 16/30 | Processing...:  53%|██████████████████▌                | 9/17 [00:01<00:00,  8.39it/s][A

Epoch 16/30 | Processing...:  59%|████████████████████              | 10/17 [00:01<00:00,  8.43it/s][A

Epoch 16/30 | Processing...:  65%|██████████████████████            | 11/17 [00:01<00:00,  8.64it/s][A

Epoch 16/30 | Processing...:  71%|████████████████████████          | 12/17 [00:01<00:00,  8.76it/s][A

Epoch 16/30 | Processing...:  76%|██████████████████████████        | 13/17 [00:01<00:00,  8.77it/s][A

Epoch 16/30 | Processing...:  82%|████████████████████████████      | 14/17 [00:01<00:00,  8.91it/s][A

Epoch 16/30 | Processing...:  88%|██████████████████████████████    | 15/17 [00:01<00:00,  9.16it/s][A

Epoch 16/30 | Processing...:  94%|████████████████████████████████  | 16/17 [00:01<00:00,  9.32it/s][A

Epoch 16/30 | Processing...: 100%|███████████████████| 17/17 [00:01<00:00,  9.32it/s, Loss=0.000246][A
Epoch 17/30 | Processing...:   0%|                                           | 0/17 [00:00<?, ?it/s]
Epoch 16/30 | Processing...: 100%|███████████████████| 17/17 [00:01<00:00,  9.13it/s, Loss=0.000246]

Epoch 17/30 | Processing...:   6%|██                                 | 1/17 [00:00<00:01,  9.57it/s]
Epoch 17/30 | Processing...:  12%|████                               | 2/17 [00:00<00:01,  9.00it/s]
Epoch 17/30 | Processing...:  18%|██████▏                            | 3/17 [00:00<00:01,  8.90it/s]
Epoch 17/30 | Processing...:  24%|████████▏                          | 4/17 [00:00<00:01,  8.93it/s]
Epoch 17/30 | Processing...:  29%|██████████▎                        | 5/17 [00:00<00:01,  8.85it/s]
Epoch 17/30 | Processing...:  35%|████████████▎                      | 6/17 [00:00<00:01,  8.88it/s]
Epoch 17/30 | Processing...:  41%|██████████████▍                    | 7/17 [00:00<00:01,  8.86it/s]
Epoch 17/30 | Processing...:  47%|████████████████▍                  | 8/17 [00:00<00:01,  8.56it/s]
Epoch 17/30 | Processing...:  53%|██████████████████▌                | 9/17 [00:01<00:00,  8.36it/s]
Epoch 17/30 | Processing...:  59%|████████████████████              | 10/17 [00:01<00:00,  8.31it/s]
Epoch 17/30 | Processing...:  65%|██████████████████████            | 11/17 [00:01<00:00,  8.52it/s]
Epoch 17/30 | Processing...:  71%|████████████████████████          | 12/17 [00:01<00:00,  8.62it/s]
Epoch 17/30 | Processing...:  76%|██████████████████████████        | 13/17 [00:01<00:00,  8.75it/s]
Epoch 17/30 | Processing...:  82%|████████████████████████████      | 14/17 [00:01<00:00,  8.97it/s]
Epoch 17/30 | Processing...:  88%|██████████████████████████████    | 15/17 [00:01<00:00,  9.24it/s]
Epoch 17/30 | Processing...:  94%|████████████████████████████████  | 16/17 [00:01<00:00,  9.31it/s]
Epoch 17/30 | Processing...: 100%|███████████████████| 17/17 [00:01<00:00,  9.31it/s, Loss=0.000179]

Epoch 18/30 | Processing...:   0%|                                           | 0/17 [00:00<?, ?it/s][A
Epoch 17/30 | Processing...: 100%|███████████████████| 17/17 [00:01<00:00,  9.17it/s, Loss=0.000179]


Epoch 18/30 | Processing...:  12%|████                               | 2/17 [00:00<00:01,  9.27it/s][A

Epoch 18/30 | Processing...:  18%|██████▏                            | 3/17 [00:00<00:01,  9.04it/s][A

Epoch 18/30 | Processing...:  24%|████████▏                          | 4/17 [00:00<00:01,  8.88it/s][A

Epoch 18/30 | Processing...:  29%|██████████▎                        | 5/17 [00:00<00:01,  8.84it/s][A

Epoch 18/30 | Processing...:  35%|████████████▎                      | 6/17 [00:00<00:01,  8.88it/s][A

Epoch 18/30 | Processing...:  41%|██████████████▍                    | 7/17 [00:00<00:01,  8.68it/s][A

Epoch 18/30 | Processing...:  47%|████████████████▍                  | 8/17 [00:00<00:01,  8.48it/s][A

Epoch 18/30 | Processing...:  53%|██████████████████▌                | 9/17 [00:01<00:00,  8.33it/s][A

Epoch 18/30 | Processing...:  59%|████████████████████              | 10/17 [00:01<00:00,  8.36it/s][A

Epoch 18/30 | Processing...:  65%|██████████████████████            | 11/17 [00:01<00:00,  8.59it/s][A

Epoch 18/30 | Processing...:  71%|████████████████████████          | 12/17 [00:01<00:00,  8.72it/s][A

Epoch 18/30 | Processing...:  76%|██████████████████████████        | 13/17 [00:01<00:00,  8.82it/s][A

Epoch 18/30 | Processing...:  82%|████████████████████████████      | 14/17 [00:01<00:00,  8.93it/s][A

Epoch 18/30 | Processing...:  94%|████████████████████████████████  | 16/17 [00:01<00:00,  9.32it/s][A

Epoch 18/30 | Processing...: 100%|███████████████████| 17/17 [00:01<00:00,  9.32it/s, Loss=0.000505][A
Epoch 19/30 | Processing...:   0%|                                           | 0/17 [00:00<?, ?it/s]
Epoch 18/30 | Processing...: 100%|███████████████████| 17/17 [00:01<00:00,  9.14it/s, Loss=0.000505]

Epoch 19/30 | Processing...:   6%|██                                 | 1/17 [00:00<00:01,  9.66it/s]
Epoch 19/30 | Processing...:  12%|████                               | 2/17 [00:00<00:01,  8.89it/s]
Epoch 19/30 | Processing...:  18%|██████▏                            | 3/17 [00:00<00:01,  8.80it/s]
Epoch 19/30 | Processing...:  24%|████████▏                          | 4/17 [00:00<00:01,  8.83it/s]
Epoch 19/30 | Processing...:  29%|██████████▎                        | 5/17 [00:00<00:01,  8.77it/s]
Epoch 19/30 | Processing...:  35%|████████████▎                      | 6/17 [00:00<00:01,  8.83it/s]
Epoch 19/30 | Processing...:  41%|██████████████▍                    | 7/17 [00:00<00:01,  8.80it/s]
Epoch 19/30 | Processing...:  47%|████████████████▍                  | 8/17 [00:00<00:01,  8.85it/s]
Epoch 19/30 | Processing...:  53%|██████████████████▌                | 9/17 [00:01<00:00,  8.55it/s]
Epoch 19/30 | Processing...:  59%|████████████████████              | 10/17 [00:01<00:00,  8.48it/s]
Epoch 19/30 | Processing...:  65%|██████████████████████            | 11/17 [00:01<00:00,  8.63it/s]
Epoch 19/30 | Processing...:  71%|████████████████████████          | 12/17 [00:01<00:00,  8.69it/s]
Epoch 19/30 | Processing...:  76%|██████████████████████████        | 13/17 [00:01<00:00,  8.48it/s]
Epoch 19/30 | Processing...:  82%|████████████████████████████      | 14/17 [00:01<00:00,  8.77it/s]
Epoch 19/30 | Processing...:  88%|██████████████████████████████    | 15/17 [00:01<00:00,  9.06it/s]
Epoch 19/30 | Processing...:  94%|████████████████████████████████  | 16/17 [00:01<00:00,  9.23it/s]
Epoch 19/30 | Processing...: 100%|███████████████████| 17/17 [00:01<00:00,  9.23it/s, Loss=0.000121]

Epoch 20/30 | Processing...:   0%|                                           | 0/17 [00:00<?, ?it/s][A
Epoch 19/30 | Processing...: 100%|███████████████████| 17/17 [00:01<00:00,  9.12it/s, Loss=0.000121]


Epoch 20/30 | Processing...:   6%|██                                 | 1/17 [00:00<00:01,  9.72it/s][A

Epoch 20/30 | Processing...:  12%|████                               | 2/17 [00:00<00:01,  8.96it/s][A

Epoch 20/30 | Processing...:  18%|██████▏                            | 3/17 [00:00<00:01,  8.84it/s][A

Epoch 20/30 | Processing...:  24%|████████▏                          | 4/17 [00:00<00:01,  8.84it/s][A

Epoch 20/30 | Processing...:  29%|██████████▎                        | 5/17 [00:00<00:01,  8.86it/s][A

Epoch 20/30 | Processing...:  35%|████████████▎                      | 6/17 [00:00<00:01,  8.77it/s][A

Epoch 20/30 | Processing...:  41%|██████████████▍                    | 7/17 [00:00<00:01,  8.72it/s][A

Epoch 20/30 | Processing...:  47%|████████████████▍                  | 8/17 [00:00<00:01,  8.49it/s][A

Epoch 20/30 | Processing...:  53%|██████████████████▌                | 9/17 [00:01<00:00,  8.33it/s][A

Epoch 20/30 | Processing...:  59%|████████████████████              | 10/17 [00:01<00:00,  8.37it/s][A

Epoch 20/30 | Processing...:  65%|██████████████████████            | 11/17 [00:01<00:00,  8.62it/s][A

Epoch 20/30 | Processing...:  71%|████████████████████████          | 12/17 [00:01<00:00,  8.71it/s][A

Epoch 20/30 | Processing...:  76%|██████████████████████████        | 13/17 [00:01<00:00,  8.80it/s][A

Epoch 20/30 | Processing...:  88%|██████████████████████████████    | 15/17 [00:01<00:00,  9.27it/s][A

Epoch 20/30 | Processing...:  94%|████████████████████████████████  | 16/17 [00:01<00:00,  9.37it/s][A

Epoch 20/30 | Processing...: 100%|███████████████████| 17/17 [00:01<00:00,  9.37it/s, Loss=0.000168][A
Epoch 21/30 | Processing...:   0%|                                           | 0/17 [00:00<?, ?it/s]
Epoch 20/30 | Processing...: 100%|███████████████████| 17/17 [00:01<00:00,  9.17it/s, Loss=0.000168]

Epoch 21/30 | Processing...:   6%|██                                 | 1/17 [00:00<00:01, 10.00it/s]
Epoch 21/30 | Processing...:  12%|████                               | 2/17 [00:00<00:01,  9.24it/s]
Epoch 21/30 | Processing...:  18%|██████▏                            | 3/17 [00:00<00:01,  9.02it/s]
Epoch 21/30 | Processing...:  24%|████████▏                          | 4/17 [00:00<00:01,  8.83it/s]
Epoch 21/30 | Processing...:  29%|██████████▎                        | 5/17 [00:00<00:01,  8.76it/s]
Epoch 21/30 | Processing...:  35%|████████████▎                      | 6/17 [00:00<00:01,  8.73it/s]
Epoch 21/30 | Processing...:  41%|██████████████▍                    | 7/17 [00:00<00:01,  8.68it/s]
Epoch 21/30 | Processing...:  47%|████████████████▍                  | 8/17 [00:00<00:01,  8.53it/s]
Epoch 21/30 | Processing...:  53%|██████████████████▌                | 9/17 [00:01<00:00,  8.33it/s]
Epoch 21/30 | Processing...:  59%|████████████████████              | 10/17 [00:01<00:00,  8.34it/s]
Epoch 21/30 | Processing...:  65%|██████████████████████            | 11/17 [00:01<00:00,  8.60it/s]
Epoch 21/30 | Processing...:  71%|████████████████████████          | 12/17 [00:01<00:00,  8.71it/s]
Epoch 21/30 | Processing...:  76%|██████████████████████████        | 13/17 [00:01<00:00,  8.77it/s]
Epoch 21/30 | Processing...:  82%|████████████████████████████      | 14/17 [00:01<00:00,  9.04it/s]
Epoch 21/30 | Processing...:  88%|██████████████████████████████    | 15/17 [00:01<00:00,  9.29it/s]
Epoch 21/30 | Processing...:  94%|████████████████████████████████  | 16/17 [00:01<00:00,  9.36it/s]
Epoch 21/30 | Processing...: 100%|████████████████████| 17/17 [00:01<00:00,  9.36it/s, Loss=1.67e-5]

Epoch 22/30 | Processing...:   0%|                                           | 0/17 [00:00<?, ?it/s][A
Epoch 21/30 | Processing...: 100%|████████████████████| 17/17 [00:01<00:00,  9.16it/s, Loss=1.67e-5]


Epoch 22/30 | Processing...:   6%|██                                 | 1/17 [00:00<00:01,  9.49it/s][A

Epoch 22/30 | Processing...:  12%|████                               | 2/17 [00:00<00:01,  9.05it/s][A

Epoch 22/30 | Processing...:  18%|██████▏                            | 3/17 [00:00<00:01,  8.95it/s][A

Epoch 22/30 | Processing...:  24%|████████▏                          | 4/17 [00:00<00:01,  8.90it/s][A

Epoch 22/30 | Processing...:  29%|██████████▎                        | 5/17 [00:00<00:01,  8.86it/s][A

Epoch 22/30 | Processing...:  35%|████████████▎                      | 6/17 [00:00<00:01,  9.00it/s][A

Epoch 22/30 | Processing...:  41%|██████████████▍                    | 7/17 [00:00<00:01,  8.87it/s][A

Epoch 22/30 | Processing...:  47%|████████████████▍                  | 8/17 [00:00<00:01,  8.67it/s][A

Epoch 22/30 | Processing...:  53%|██████████████████▌                | 9/17 [00:01<00:00,  8.25it/s][A

Epoch 22/30 | Processing...:  59%|████████████████████              | 10/17 [00:01<00:00,  8.31it/s][A

Epoch 22/30 | Processing...:  65%|██████████████████████            | 11/17 [00:01<00:00,  8.55it/s][A

Epoch 22/30 | Processing...:  71%|████████████████████████          | 12/17 [00:01<00:00,  8.65it/s][A

Epoch 22/30 | Processing...:  76%|██████████████████████████        | 13/17 [00:01<00:00,  8.72it/s][A

Epoch 22/30 | Processing...:  82%|████████████████████████████      | 14/17 [00:01<00:00,  8.95it/s][A

Epoch 22/30 | Processing...:  88%|██████████████████████████████    | 15/17 [00:01<00:00,  9.20it/s][A

Epoch 22/30 | Processing...:  94%|████████████████████████████████  | 16/17 [00:01<00:00,  9.30it/s][A

Epoch 22/30 | Processing...: 100%|███████████████████| 17/17 [00:01<00:00,  9.30it/s, Loss=0.000204][A
Epoch 23/30 | Processing...:   0%|                                           | 0/17 [00:00<?, ?it/s]
Epoch 22/30 | Processing...: 100%|███████████████████| 17/17 [00:01<00:00,  9.15it/s, Loss=0.000204]

Epoch 23/30 | Processing...:   6%|██                                 | 1/17 [00:00<00:01,  9.64it/s]
Epoch 23/30 | Processing...:  12%|████                               | 2/17 [00:00<00:01,  9.10it/s]
Epoch 23/30 | Processing...:  18%|██████▏                            | 3/17 [00:00<00:01,  8.88it/s]
Epoch 23/30 | Processing...:  24%|████████▏                          | 4/17 [00:00<00:01,  8.89it/s]
Epoch 23/30 | Processing...:  29%|██████████▎                        | 5/17 [00:00<00:01,  8.87it/s]
Epoch 23/30 | Processing...:  35%|████████████▎                      | 6/17 [00:00<00:01,  8.76it/s]
Epoch 23/30 | Processing...:  41%|██████████████▍                    | 7/17 [00:00<00:01,  8.76it/s]
Epoch 23/30 | Processing...:  47%|████████████████▍                  | 8/17 [00:00<00:01,  8.60it/s]
Epoch 23/30 | Processing...:  53%|██████████████████▌                | 9/17 [00:01<00:00,  8.35it/s]
Epoch 23/30 | Processing...:  59%|████████████████████              | 10/17 [00:01<00:00,  8.34it/s]
Epoch 23/30 | Processing...:  65%|██████████████████████            | 11/17 [00:01<00:00,  8.59it/s]
Epoch 23/30 | Processing...:  71%|████████████████████████          | 12/17 [00:01<00:00,  8.50it/s]
Epoch 23/30 | Processing...:  76%|██████████████████████████        | 13/17 [00:01<00:00,  8.78it/s]
Epoch 23/30 | Processing...:  82%|████████████████████████████      | 14/17 [00:01<00:00,  8.97it/s]
Epoch 23/30 | Processing...:  88%|██████████████████████████████    | 15/17 [00:01<00:00,  9.21it/s]
Epoch 23/30 | Processing...:  94%|████████████████████████████████  | 16/17 [00:01<00:00,  9.29it/s]
Epoch 23/30 | Processing...: 100%|████████████████████| 17/17 [00:01<00:00,  9.29it/s, Loss=2.98e-5]

Epoch 24/30 | Processing...:   0%|                                           | 0/17 [00:00<?, ?it/s][A
Epoch 23/30 | Processing...: 100%|████████████████████| 17/17 [00:01<00:00,  9.14it/s, Loss=2.98e-5]


Epoch 24/30 | Processing...:   6%|██                                 | 1/17 [00:00<00:01,  9.64it/s][A

Epoch 24/30 | Processing...:  12%|████                               | 2/17 [00:00<00:01,  9.02it/s][A

Epoch 24/30 | Processing...:  18%|██████▏                            | 3/17 [00:00<00:01,  8.88it/s][A

Epoch 24/30 | Processing...:  24%|████████▏                          | 4/17 [00:00<00:01,  8.86it/s][A

Epoch 24/30 | Processing...:  29%|██████████▎                        | 5/17 [00:00<00:01,  8.88it/s][A

Epoch 24/30 | Processing...:  35%|████████████▎                      | 6/17 [00:00<00:01,  8.88it/s][A

Epoch 24/30 | Processing...:  41%|██████████████▍                    | 7/17 [00:00<00:01,  8.82it/s][A

Epoch 24/30 | Processing...:  47%|████████████████▍                  | 8/17 [00:00<00:01,  8.55it/s][A

Epoch 24/30 | Processing...:  53%|██████████████████▌                | 9/17 [00:01<00:00,  8.38it/s][A

Epoch 24/30 | Processing...:  59%|████████████████████              | 10/17 [00:01<00:00,  8.43it/s][A

Epoch 24/30 | Processing...:  65%|██████████████████████            | 11/17 [00:01<00:00,  8.73it/s][A

Epoch 24/30 | Processing...:  71%|████████████████████████          | 12/17 [00:01<00:00,  8.67it/s][A

Epoch 24/30 | Processing...:  76%|██████████████████████████        | 13/17 [00:01<00:00,  8.77it/s][A

Epoch 24/30 | Processing...:  82%|████████████████████████████      | 14/17 [00:01<00:00,  8.97it/s][A

Epoch 24/30 | Processing...:  88%|██████████████████████████████    | 15/17 [00:01<00:00,  9.17it/s][A

Epoch 24/30 | Processing...:  94%|████████████████████████████████  | 16/17 [00:01<00:00,  9.26it/s][A

Epoch 24/30 | Processing...: 100%|████████████████████| 17/17 [00:01<00:00,  9.26it/s, Loss=2.03e-5][A
Epoch 25/30 | Processing...:   0%|                                           | 0/17 [00:00<?, ?it/s]
Epoch 24/30 | Processing...: 100%|████████████████████| 17/17 [00:01<00:00,  9.16it/s, Loss=2.03e-5]

Epoch 25/30 | Processing...:   6%|██                                 | 1/17 [00:00<00:01,  9.61it/s]
Epoch 25/30 | Processing...:  12%|████                               | 2/17 [00:00<00:01,  9.06it/s]
Epoch 25/30 | Processing...:  18%|██████▏                            | 3/17 [00:00<00:01,  9.02it/s]
Epoch 25/30 | Processing...:  24%|████████▏                          | 4/17 [00:00<00:01,  8.81it/s]
Epoch 25/30 | Processing...:  29%|██████████▎                        | 5/17 [00:00<00:01,  8.80it/s]
Epoch 25/30 | Processing...:  35%|████████████▎                      | 6/17 [00:00<00:01,  8.82it/s]
Epoch 25/30 | Processing...:  41%|██████████████▍                    | 7/17 [00:00<00:01,  8.71it/s]
Epoch 25/30 | Processing...:  47%|████████████████▍                  | 8/17 [00:00<00:01,  8.52it/s]
Epoch 25/30 | Processing...:  53%|██████████████████▌                | 9/17 [00:01<00:00,  8.35it/s]
Epoch 25/30 | Processing...:  59%|████████████████████              | 10/17 [00:01<00:00,  8.37it/s]
Epoch 25/30 | Processing...:  65%|██████████████████████            | 11/17 [00:01<00:00,  8.56it/s]
Epoch 25/30 | Processing...:  71%|████████████████████████          | 12/17 [00:01<00:00,  8.68it/s]
Epoch 25/30 | Processing...:  76%|██████████████████████████        | 13/17 [00:01<00:00,  8.79it/s]
Epoch 25/30 | Processing...:  82%|████████████████████████████      | 14/17 [00:01<00:00,  9.01it/s]
Epoch 25/30 | Processing...:  88%|██████████████████████████████    | 15/17 [00:01<00:00,  9.23it/s]
Epoch 25/30 | Processing...:  94%|████████████████████████████████  | 16/17 [00:01<00:00,  9.18it/s]
Epoch 25/30 | Processing...: 100%|███████████████████| 17/17 [00:01<00:00,  9.18it/s, Loss=0.000178]

Epoch 26/30 | Processing...:   0%|                                           | 0/17 [00:00<?, ?it/s][A
Epoch 25/30 | Processing...: 100%|███████████████████| 17/17 [00:01<00:00,  9.13it/s, Loss=0.000178]


Epoch 26/30 | Processing...:   6%|██                                 | 1/17 [00:00<00:01,  9.53it/s][A

Epoch 26/30 | Processing...:  12%|████                               | 2/17 [00:00<00:01,  8.99it/s][A

Epoch 26/30 | Processing...:  18%|██████▏                            | 3/17 [00:00<00:01,  8.97it/s][A

Epoch 26/30 | Processing...:  24%|████████▏                          | 4/17 [00:00<00:01,  8.84it/s][A

Epoch 26/30 | Processing...:  29%|██████████▎                        | 5/17 [00:00<00:01,  8.89it/s][A

Epoch 26/30 | Processing...:  35%|████████████▎                      | 6/17 [00:00<00:01,  8.82it/s][A

Epoch 26/30 | Processing...:  41%|██████████████▍                    | 7/17 [00:00<00:01,  8.76it/s][A

Epoch 26/30 | Processing...:  47%|████████████████▍                  | 8/17 [00:00<00:01,  8.63it/s][A

Epoch 26/30 | Processing...:  53%|██████████████████▌                | 9/17 [00:01<00:00,  8.39it/s][A

Epoch 26/30 | Processing...:  59%|████████████████████              | 10/17 [00:01<00:00,  8.35it/s][A

Epoch 26/30 | Processing...:  65%|██████████████████████            | 11/17 [00:01<00:00,  8.58it/s][A

Epoch 26/30 | Processing...:  71%|████████████████████████          | 12/17 [00:01<00:00,  8.64it/s][A

Epoch 26/30 | Processing...:  76%|██████████████████████████        | 13/17 [00:01<00:00,  8.76it/s][A

Epoch 26/30 | Processing...:  82%|████████████████████████████      | 14/17 [00:01<00:00,  8.97it/s][A

Epoch 26/30 | Processing...:  88%|██████████████████████████████    | 15/17 [00:01<00:00,  9.20it/s][A

Epoch 26/30 | Processing...:  94%|████████████████████████████████  | 16/17 [00:01<00:00,  9.30it/s][A

Epoch 26/30 | Processing...: 100%|████████████████████| 17/17 [00:01<00:00,  9.30it/s, Loss=9.22e-5][A
Epoch 27/30 | Processing...:   0%|                                           | 0/17 [00:00<?, ?it/s]
Epoch 26/30 | Processing...: 100%|████████████████████| 17/17 [00:01<00:00,  9.15it/s, Loss=9.22e-5]

Epoch 27/30 | Processing...:   6%|██                                 | 1/17 [00:00<00:01,  9.04it/s]
Epoch 27/30 | Processing...:  12%|████                               | 2/17 [00:00<00:01,  8.74it/s]
Epoch 27/30 | Processing...:  18%|██████▏                            | 3/17 [00:00<00:01,  8.66it/s]
Epoch 27/30 | Processing...:  24%|████████▏                          | 4/17 [00:00<00:01,  8.72it/s]
Epoch 27/30 | Processing...:  29%|██████████▎                        | 5/17 [00:00<00:01,  8.69it/s]
Epoch 27/30 | Processing...:  35%|████████████▎                      | 6/17 [00:00<00:01,  8.68it/s]
Epoch 27/30 | Processing...:  41%|██████████████▍                    | 7/17 [00:00<00:01,  8.62it/s]
Epoch 27/30 | Processing...:  47%|████████████████▍                  | 8/17 [00:00<00:01,  8.40it/s]
Epoch 27/30 | Processing...:  53%|██████████████████▌                | 9/17 [00:01<00:00,  8.16it/s]
Epoch 27/30 | Processing...:  59%|████████████████████              | 10/17 [00:01<00:00,  8.24it/s]
Epoch 27/30 | Processing...:  65%|██████████████████████            | 11/17 [00:01<00:00,  8.41it/s]
Epoch 27/30 | Processing...:  71%|████████████████████████          | 12/17 [00:01<00:00,  8.44it/s]
Epoch 27/30 | Processing...:  76%|██████████████████████████        | 13/17 [00:01<00:00,  8.55it/s]
Epoch 27/30 | Processing...:  82%|████████████████████████████      | 14/17 [00:01<00:00,  8.76it/s]
Epoch 27/30 | Processing...:  88%|██████████████████████████████    | 15/17 [00:01<00:00,  9.06it/s]
Epoch 27/30 | Processing...:  94%|████████████████████████████████  | 16/17 [00:01<00:00,  9.12it/s]
Epoch 27/30 | Processing...: 100%|████████████████████| 17/17 [00:01<00:00,  9.12it/s, Loss=0.00011]

Epoch 28/30 | Processing...:   0%|                                           | 0/17 [00:00<?, ?it/s][A
Epoch 27/30 | Processing...: 100%|████████████████████| 17/17 [00:01<00:00,  8.96it/s, Loss=0.00011]


Epoch 28/30 | Processing...:   6%|██                                 | 1/17 [00:00<00:01,  9.85it/s][A

Epoch 28/30 | Processing...:  12%|████                               | 2/17 [00:00<00:01,  9.04it/s][A

Epoch 28/30 | Processing...:  18%|██████▏                            | 3/17 [00:00<00:01,  9.01it/s][A

Epoch 28/30 | Processing...:  24%|████████▏                          | 4/17 [00:00<00:01,  8.87it/s][A

Epoch 28/30 | Processing...:  29%|██████████▎                        | 5/17 [00:00<00:01,  8.83it/s][A

Epoch 28/30 | Processing...:  35%|████████████▎                      | 6/17 [00:00<00:01,  8.82it/s][A

Epoch 28/30 | Processing...:  41%|██████████████▍                    | 7/17 [00:00<00:01,  8.76it/s][A

Epoch 28/30 | Processing...:  47%|████████████████▍                  | 8/17 [00:00<00:01,  8.39it/s][A

Epoch 28/30 | Processing...:  53%|██████████████████▌                | 9/17 [00:01<00:00,  8.24it/s][A

Epoch 28/30 | Processing...:  59%|████████████████████              | 10/17 [00:01<00:00,  8.31it/s][A

Epoch 28/30 | Processing...:  65%|██████████████████████            | 11/17 [00:01<00:00,  8.51it/s][A

Epoch 28/30 | Processing...:  71%|████████████████████████          | 12/17 [00:01<00:00,  8.69it/s][A

Epoch 28/30 | Processing...:  76%|██████████████████████████        | 13/17 [00:01<00:00,  8.52it/s][A

Epoch 28/30 | Processing...:  82%|████████████████████████████      | 14/17 [00:01<00:00,  8.76it/s][A

Epoch 28/30 | Processing...:  88%|██████████████████████████████    | 15/17 [00:01<00:00,  9.04it/s][A

Epoch 28/30 | Processing...:  94%|████████████████████████████████  | 16/17 [00:01<00:00,  9.20it/s][A

Epoch 28/30 | Processing...: 100%|███████████████████| 17/17 [00:01<00:00,  9.20it/s, Loss=0.000321][A
Epoch 29/30 | Processing...:   0%|                                           | 0/17 [00:00<?, ?it/s]
Epoch 28/30 | Processing...: 100%|███████████████████| 17/17 [00:01<00:00,  9.07it/s, Loss=0.000321]

Epoch 29/30 | Processing...:   6%|██                                 | 1/17 [00:00<00:01,  9.85it/s]
Epoch 29/30 | Processing...:  12%|████                               | 2/17 [00:00<00:01,  9.07it/s]
Epoch 29/30 | Processing...:  18%|██████▏                            | 3/17 [00:00<00:01,  8.90it/s]
Epoch 29/30 | Processing...:  24%|████████▏                          | 4/17 [00:00<00:01,  8.87it/s]
Epoch 29/30 | Processing...:  29%|██████████▎                        | 5/17 [00:00<00:01,  8.76it/s]
Epoch 29/30 | Processing...:  35%|████████████▎                      | 6/17 [00:00<00:01,  8.62it/s]
Epoch 29/30 | Processing...:  41%|██████████████▍                    | 7/17 [00:00<00:01,  8.69it/s]
Epoch 29/30 | Processing...:  47%|████████████████▍                  | 8/17 [00:00<00:01,  7.64it/s]
Epoch 29/30 | Processing...:  53%|██████████████████▌                | 9/17 [00:01<00:01,  7.71it/s]
Epoch 29/30 | Processing...:  59%|████████████████████              | 10/17 [00:01<00:00,  7.89it/s]
Epoch 29/30 | Processing...:  65%|██████████████████████            | 11/17 [00:01<00:00,  8.28it/s]
Epoch 29/30 | Processing...:  71%|████████████████████████          | 12/17 [00:01<00:00,  8.39it/s]
Epoch 29/30 | Processing...:  76%|██████████████████████████        | 13/17 [00:01<00:00,  8.53it/s]
Epoch 29/30 | Processing...:  82%|████████████████████████████      | 14/17 [00:01<00:00,  8.75it/s]
Epoch 29/30 | Processing...:  88%|██████████████████████████████    | 15/17 [00:01<00:00,  8.95it/s]
Epoch 29/30 | Processing...:  94%|████████████████████████████████  | 16/17 [00:01<00:00,  9.05it/s]
Epoch 29/30 | Processing...: 100%|███████████████████| 17/17 [00:01<00:00,  9.05it/s, Loss=0.000413]

Epoch 30/30 | Processing...:   0%|                                           | 0/17 [00:00<?, ?it/s][A
Epoch 29/30 | Processing...: 100%|███████████████████| 17/17 [00:01<00:00,  8.85it/s, Loss=0.000413]


Epoch 30/30 | Processing...:   6%|██                                 | 1/17 [00:00<00:01,  9.23it/s][A

Epoch 30/30 | Processing...:  12%|████                               | 2/17 [00:00<00:01,  8.85it/s][A

Epoch 30/30 | Processing...:  18%|██████▏                            | 3/17 [00:00<00:01,  8.71it/s][A

Epoch 30/30 | Processing...:  24%|████████▏                          | 4/17 [00:00<00:01,  8.73it/s][A

Epoch 30/30 | Processing...:  29%|██████████▎                        | 5/17 [00:00<00:01,  8.78it/s][A

Epoch 30/30 | Processing...:  35%|████████████▎                      | 6/17 [00:00<00:01,  8.70it/s][A

Epoch 30/30 | Processing...:  41%|██████████████▍                    | 7/17 [00:00<00:01,  8.69it/s][A

Epoch 30/30 | Processing...:  47%|████████████████▍                  | 8/17 [00:00<00:01,  8.50it/s][A

Epoch 30/30 | Processing...:  53%|██████████████████▌                | 9/17 [00:01<00:00,  8.26it/s][A

Epoch 30/30 | Processing...:  59%|████████████████████              | 10/17 [00:01<00:00,  8.34it/s][A

Epoch 30/30 | Processing...:  65%|██████████████████████            | 11/17 [00:01<00:00,  8.55it/s][A

Epoch 30/30 | Processing...:  71%|████████████████████████          | 12/17 [00:01<00:00,  8.60it/s][A

Epoch 30/30 | Processing...:  76%|██████████████████████████        | 13/17 [00:01<00:00,  8.97it/s][A

Epoch 30/30 | Processing...:  82%|████████████████████████████      | 14/17 [00:01<00:00,  9.06it/s][A

Epoch 30/30 | Processing...:  88%|██████████████████████████████    | 15/17 [00:01<00:00,  9.26it/s][A

Epoch 30/30 | Processing...:  94%|████████████████████████████████  | 16/17 [00:01<00:00,  9.37it/s][A

Epoch 30/30 | Processing...: 100%|███████████████████| 17/17 [00:01<00:00,  9.37it/s, Loss=0.000144][A训练完成
Accuracy: 0.8881
F1 Score: 0.8596
Recall: 0.8707
Precision: 0.8487
====================================================================================================
0 {'precision': 0.9147727272727273, 'recall': 0.8994413407821229, 'f1-score': 0.9070422535211268, 'support': 179.0}
1 {'precision': 0.8487394957983193, 'recall': 0.8706896551724138, 'f1-score': 0.8595744680851064, 'support': 116.0}
accuracy 0.888135593220339
macro avg {'precision': 0.8817561115355232, 'recall': 0.8850654979772683, 'f1-score': 0.8833083608031166, 'support': 295.0}
weighted avg {'precision': 0.8888071176082143, 'recall': 0.888135593220339, 'f1-score': 0.8883769548412, 'support': 295.0}
result:0.8881
====================================================================================================

Epoch 30/30 | Processing...: 100%|███████████████████| 17/17 [00:02<00:00,  7.67it/s, Loss=0.000144]
======================================================================================================================================================
run at 10-th time
CombinedModel3(
  (linear_1): Linear(in_features=768, out_features=768, bias=True)
  (linear_2): Linear(in_features=768, out_features=768, bias=True)
  (gnn): HgtGNN(
    (post_linear): Linear(in_features=1536, out_features=768, bias=True)
    (conv1): HGTConv(-1, 768, heads=8)
    (conv2): HGTConv(-1, 768, heads=8)
  )
  (mlp): Sequential(
    (0): Linear(in_features=2304, out_features=768, bias=True)
    (1): ReLU()
    (2): Dropout(p=0.5, inplace=False)
    (3): Linear(in_features=768, out_features=2, bias=True)
  )
)

Epoch 1/30 | Processing...:   0%|                                            | 0/17 [00:00<?, ?it/s]
Epoch 1/30 | Processing...:  12%|████▏                               | 2/17 [00:00<00:01,  9.21it/s]
Epoch 1/30 | Processing...:  18%|██████▎                             | 3/17 [00:00<00:01,  8.82it/s]
Epoch 1/30 | Processing...:  24%|████████▍                           | 4/17 [00:00<00:01,  8.69it/s]
Epoch 1/30 | Processing...:  29%|██████████▌                         | 5/17 [00:00<00:01,  8.67it/s]
Epoch 1/30 | Processing...:  35%|████████████▋                       | 6/17 [00:00<00:01,  8.63it/s]
Epoch 1/30 | Processing...:  41%|██████████████▊                     | 7/17 [00:00<00:01,  8.55it/s]
Epoch 1/30 | Processing...:  47%|████████████████▉                   | 8/17 [00:00<00:01,  8.34it/s]
Epoch 1/30 | Processing...:  53%|███████████████████                 | 9/17 [00:01<00:00,  8.19it/s]
Epoch 1/30 | Processing...:  59%|████████████████████▌              | 10/17 [00:01<00:00,  8.02it/s]
Epoch 1/30 | Processing...:  65%|██████████████████████▋            | 11/17 [00:01<00:00,  8.32it/s]
Epoch 1/30 | Processing...:  71%|████████████████████████▋          | 12/17 [00:01<00:00,  8.42it/s]
Epoch 1/30 | Processing...:  76%|██████████████████████████▊        | 13/17 [00:01<00:00,  8.29it/s]
Epoch 1/30 | Processing...:  82%|████████████████████████████▊      | 14/17 [00:01<00:00,  8.59it/s]
Epoch 1/30 | Processing...:  88%|██████████████████████████████▉    | 15/17 [00:01<00:00,  8.75it/s]
Epoch 1/30 | Processing...:  94%|████████████████████████████████▉  | 16/17 [00:01<00:00,  8.83it/s]
Epoch 1/30 | Processing...: 100%|███████████████████████| 17/17 [00:01<00:00,  8.83it/s, Loss=0.491]

Epoch 2/30 | Processing...:   0%|                                            | 0/17 [00:00<?, ?it/s][A
Epoch 1/30 | Processing...: 100%|███████████████████████| 17/17 [00:01<00:00,  8.84it/s, Loss=0.491]


Epoch 2/30 | Processing...:   6%|██                                  | 1/17 [00:00<00:01,  9.23it/s][A

Epoch 2/30 | Processing...:  12%|████▏                               | 2/17 [00:00<00:01,  8.90it/s][A

Epoch 2/30 | Processing...:  18%|██████▎                             | 3/17 [00:00<00:01,  8.61it/s][A

Epoch 2/30 | Processing...:  24%|████████▍                           | 4/17 [00:00<00:01,  8.57it/s][A

Epoch 2/30 | Processing...:  29%|██████████▌                         | 5/17 [00:00<00:01,  8.58it/s][A

Epoch 2/30 | Processing...:  35%|████████████▋                       | 6/17 [00:00<00:01,  8.61it/s][A

Epoch 2/30 | Processing...:  41%|██████████████▊                     | 7/17 [00:00<00:01,  8.47it/s][A

Epoch 2/30 | Processing...:  47%|████████████████▉                   | 8/17 [00:00<00:01,  8.34it/s][A

Epoch 2/30 | Processing...:  53%|███████████████████                 | 9/17 [00:01<00:00,  8.07it/s][A

Epoch 2/30 | Processing...:  59%|████████████████████▌              | 10/17 [00:01<00:00,  8.11it/s][A

Epoch 2/30 | Processing...:  65%|██████████████████████▋            | 11/17 [00:01<00:00,  8.29it/s][A

Epoch 2/30 | Processing...:  71%|████████████████████████▋          | 12/17 [00:01<00:00,  8.47it/s][A

Epoch 2/30 | Processing...:  76%|██████████████████████████▊        | 13/17 [00:01<00:00,  8.47it/s][A

Epoch 2/30 | Processing...:  82%|████████████████████████████▊      | 14/17 [00:01<00:00,  8.71it/s][A

Epoch 2/30 | Processing...:  88%|██████████████████████████████▉    | 15/17 [00:01<00:00,  8.89it/s][A

Epoch 2/30 | Processing...:  94%|████████████████████████████████▉  | 16/17 [00:01<00:00,  9.01it/s][A

Epoch 2/30 | Processing...: 100%|███████████████████████| 17/17 [00:01<00:00,  9.01it/s, Loss=0.242][A
Epoch 3/30 | Processing...:   0%|                                            | 0/17 [00:00<?, ?it/s]
Epoch 2/30 | Processing...: 100%|███████████████████████| 17/17 [00:01<00:00,  8.87it/s, Loss=0.242]

Epoch 3/30 | Processing...:   6%|██                                  | 1/17 [00:00<00:01,  9.15it/s]
Epoch 3/30 | Processing...:  12%|████▏                               | 2/17 [00:00<00:01,  8.70it/s]
Epoch 3/30 | Processing...:  18%|██████▎                             | 3/17 [00:00<00:01,  8.64it/s]
Epoch 3/30 | Processing...:  24%|████████▍                           | 4/17 [00:00<00:01,  8.73it/s]
Epoch 3/30 | Processing...:  29%|██████████▌                         | 5/17 [00:00<00:01,  8.71it/s]
Epoch 3/30 | Processing...:  35%|████████████▋                       | 6/17 [00:00<00:01,  8.71it/s]
Epoch 3/30 | Processing...:  41%|██████████████▊                     | 7/17 [00:00<00:01,  8.58it/s]
Epoch 3/30 | Processing...:  47%|████████████████▉                   | 8/17 [00:00<00:01,  8.43it/s]
Epoch 3/30 | Processing...:  53%|███████████████████                 | 9/17 [00:01<00:00,  8.22it/s]
Epoch 3/30 | Processing...:  59%|████████████████████▌              | 10/17 [00:01<00:00,  8.24it/s]
Epoch 3/30 | Processing...:  65%|██████████████████████▋            | 11/17 [00:01<00:00,  8.45it/s]
Epoch 3/30 | Processing...:  71%|████████████████████████▋          | 12/17 [00:01<00:00,  8.54it/s]
Epoch 3/30 | Processing...:  76%|██████████████████████████▊        | 13/17 [00:01<00:00,  8.64it/s]
Epoch 3/30 | Processing...:  82%|████████████████████████████▊      | 14/17 [00:01<00:00,  8.90it/s]
Epoch 3/30 | Processing...:  88%|██████████████████████████████▉    | 15/17 [00:01<00:00,  9.10it/s]
Epoch 3/30 | Processing...:  94%|████████████████████████████████▉  | 16/17 [00:01<00:00,  9.18it/s]
Epoch 3/30 | Processing...: 100%|██████████████████████| 17/17 [00:01<00:00,  9.18it/s, Loss=0.0418]

Epoch 4/30 | Processing...:   0%|                                            | 0/17 [00:00<?, ?it/s][A
Epoch 3/30 | Processing...: 100%|██████████████████████| 17/17 [00:01<00:00,  9.00it/s, Loss=0.0418]


Epoch 4/30 | Processing...:   6%|██                                  | 1/17 [00:00<00:01,  9.41it/s][A

Epoch 4/30 | Processing...:  12%|████▏                               | 2/17 [00:00<00:01,  8.65it/s][A

Epoch 4/30 | Processing...:  18%|██████▎                             | 3/17 [00:00<00:01,  8.67it/s][A

Epoch 4/30 | Processing...:  24%|████████▍                           | 4/17 [00:00<00:01,  8.76it/s][A

Epoch 4/30 | Processing...:  29%|██████████▌                         | 5/17 [00:00<00:01,  8.71it/s][A

Epoch 4/30 | Processing...:  35%|████████████▋                       | 6/17 [00:00<00:01,  9.09it/s][A

Epoch 4/30 | Processing...:  41%|██████████████▊                     | 7/17 [00:00<00:01,  8.87it/s][A

Epoch 4/30 | Processing...:  47%|████████████████▉                   | 8/17 [00:00<00:01,  8.64it/s][A

Epoch 4/30 | Processing...:  53%|███████████████████                 | 9/17 [00:01<00:01,  7.97it/s][A

Epoch 4/30 | Processing...:  59%|████████████████████▌              | 10/17 [00:01<00:00,  8.18it/s][A

Epoch 4/30 | Processing...:  65%|██████████████████████▋            | 11/17 [00:01<00:00,  8.42it/s][A

Epoch 4/30 | Processing...:  71%|████████████████████████▋          | 12/17 [00:01<00:00,  8.53it/s][A

Epoch 4/30 | Processing...:  76%|██████████████████████████▊        | 13/17 [00:01<00:00,  8.66it/s][A

Epoch 4/30 | Processing...:  82%|████████████████████████████▊      | 14/17 [00:01<00:00,  8.91it/s][A

Epoch 4/30 | Processing...:  88%|██████████████████████████████▉    | 15/17 [00:01<00:00,  9.09it/s][A

Epoch 4/30 | Processing...:  94%|████████████████████████████████▉  | 16/17 [00:01<00:00,  9.27it/s][A

Epoch 4/30 | Processing...: 100%|██████████████████████| 17/17 [00:01<00:00,  9.27it/s, Loss=0.0327][A
Epoch 5/30 | Processing...:   0%|                                            | 0/17 [00:00<?, ?it/s]
Epoch 4/30 | Processing...: 100%|██████████████████████| 17/17 [00:01<00:00,  9.05it/s, Loss=0.0327]

Epoch 5/30 | Processing...:   6%|██                                  | 1/17 [00:00<00:01,  9.69it/s]
Epoch 5/30 | Processing...:  12%|████▏                               | 2/17 [00:00<00:01,  8.84it/s]
Epoch 5/30 | Processing...:  18%|██████▎                             | 3/17 [00:00<00:01,  8.87it/s]
Epoch 5/30 | Processing...:  24%|████████▍                           | 4/17 [00:00<00:01,  8.84it/s]
Epoch 5/30 | Processing...:  29%|██████████▌                         | 5/17 [00:00<00:01,  8.76it/s]
Epoch 5/30 | Processing...:  35%|████████████▋                       | 6/17 [00:00<00:01,  8.82it/s]
Epoch 5/30 | Processing...:  41%|██████████████▊                     | 7/17 [00:00<00:01,  8.72it/s]
Epoch 5/30 | Processing...:  47%|████████████████▉                   | 8/17 [00:00<00:01,  8.49it/s]
Epoch 5/30 | Processing...:  53%|███████████████████                 | 9/17 [00:01<00:00,  8.32it/s]
Epoch 5/30 | Processing...:  59%|████████████████████▌              | 10/17 [00:01<00:00,  8.35it/s]
Epoch 5/30 | Processing...:  65%|██████████████████████▋            | 11/17 [00:01<00:00,  8.53it/s]
Epoch 5/30 | Processing...:  71%|████████████████████████▋          | 12/17 [00:01<00:00,  8.63it/s]
Epoch 5/30 | Processing...:  76%|██████████████████████████▊        | 13/17 [00:01<00:00,  8.77it/s]
Epoch 5/30 | Processing...:  82%|████████████████████████████▊      | 14/17 [00:01<00:00,  9.00it/s]
Epoch 5/30 | Processing...:  88%|██████████████████████████████▉    | 15/17 [00:01<00:00,  9.21it/s]
Epoch 5/30 | Processing...:  94%|████████████████████████████████▉  | 16/17 [00:01<00:00,  9.30it/s]
Epoch 5/30 | Processing...: 100%|██████████████████████| 17/17 [00:01<00:00,  9.30it/s, Loss=0.0243]

Epoch 6/30 | Processing...:   0%|                                            | 0/17 [00:00<?, ?it/s][A
Epoch 5/30 | Processing...: 100%|██████████████████████| 17/17 [00:01<00:00,  9.12it/s, Loss=0.0243]


Epoch 6/30 | Processing...:   6%|██                                  | 1/17 [00:00<00:01,  9.63it/s][A

Epoch 6/30 | Processing...:  12%|████▏                               | 2/17 [00:00<00:01,  8.93it/s][A

Epoch 6/30 | Processing...:  18%|██████▎                             | 3/17 [00:00<00:01,  8.80it/s][A

Epoch 6/30 | Processing...:  24%|████████▍                           | 4/17 [00:00<00:01,  8.70it/s][A

Epoch 6/30 | Processing...:  29%|██████████▌                         | 5/17 [00:00<00:01,  8.77it/s][A

Epoch 6/30 | Processing...:  35%|████████████▋                       | 6/17 [00:00<00:01,  8.73it/s][A

Epoch 6/30 | Processing...:  41%|██████████████▊                     | 7/17 [00:00<00:01,  8.63it/s][A

Epoch 6/30 | Processing...:  47%|████████████████▉                   | 8/17 [00:00<00:01,  8.37it/s][A

Epoch 6/30 | Processing...:  53%|███████████████████                 | 9/17 [00:01<00:00,  8.17it/s][A

Epoch 6/30 | Processing...:  59%|████████████████████▌              | 10/17 [00:01<00:00,  8.24it/s][A

Epoch 6/30 | Processing...:  65%|██████████████████████▋            | 11/17 [00:01<00:00,  8.45it/s][A

Epoch 6/30 | Processing...:  71%|████████████████████████▋          | 12/17 [00:01<00:00,  8.55it/s][A

Epoch 6/30 | Processing...:  76%|██████████████████████████▊        | 13/17 [00:01<00:00,  8.65it/s][A

Epoch 6/30 | Processing...:  82%|████████████████████████████▊      | 14/17 [00:01<00:00,  8.88it/s][A

Epoch 6/30 | Processing...:  88%|██████████████████████████████▉    | 15/17 [00:01<00:00,  9.09it/s][A

Epoch 6/30 | Processing...:  94%|████████████████████████████████▉  | 16/17 [00:01<00:00,  9.18it/s][A

Epoch 6/30 | Processing...: 100%|█████████████████████| 17/17 [00:01<00:00,  9.18it/s, Loss=0.00516][A
Epoch 7/30 | Processing...:   0%|                                            | 0/17 [00:00<?, ?it/s]
Epoch 6/30 | Processing...: 100%|█████████████████████| 17/17 [00:01<00:00,  9.02it/s, Loss=0.00516]

Epoch 7/30 | Processing...:   6%|██                                  | 1/17 [00:00<00:01,  9.48it/s]
Epoch 7/30 | Processing...:  12%|████▏                               | 2/17 [00:00<00:01,  8.93it/s]
Epoch 7/30 | Processing...:  18%|██████▎                             | 3/17 [00:00<00:01,  8.93it/s]
Epoch 7/30 | Processing...:  24%|████████▍                           | 4/17 [00:00<00:01,  8.83it/s]
Epoch 7/30 | Processing...:  29%|██████████▌                         | 5/17 [00:00<00:01,  8.86it/s]
Epoch 7/30 | Processing...:  35%|████████████▋                       | 6/17 [00:00<00:01,  8.77it/s]
Epoch 7/30 | Processing...:  41%|██████████████▊                     | 7/17 [00:00<00:01,  8.67it/s]
Epoch 7/30 | Processing...:  47%|████████████████▉                   | 8/17 [00:00<00:01,  8.52it/s]
Epoch 7/30 | Processing...:  53%|███████████████████                 | 9/17 [00:01<00:00,  8.31it/s]
Epoch 7/30 | Processing...:  59%|████████████████████▌              | 10/17 [00:01<00:00,  8.34it/s]
Epoch 7/30 | Processing...:  65%|██████████████████████▋            | 11/17 [00:01<00:00,  8.55it/s]
Epoch 7/30 | Processing...:  71%|████████████████████████▋          | 12/17 [00:01<00:00,  8.60it/s]
Epoch 7/30 | Processing...:  76%|██████████████████████████▊        | 13/17 [00:01<00:00,  8.62it/s]
Epoch 7/30 | Processing...:  82%|████████████████████████████▊      | 14/17 [00:01<00:00,  8.86it/s]
Epoch 7/30 | Processing...:  88%|██████████████████████████████▉    | 15/17 [00:01<00:00,  9.10it/s]
Epoch 7/30 | Processing...:  94%|████████████████████████████████▉  | 16/17 [00:01<00:00,  9.20it/s]
Epoch 7/30 | Processing...: 100%|████████████████████████| 17/17 [00:01<00:00,  9.20it/s, Loss=0.01]

Epoch 8/30 | Processing...:   0%|                                            | 0/17 [00:00<?, ?it/s][A
Epoch 7/30 | Processing...: 100%|████████████████████████| 17/17 [00:01<00:00,  9.07it/s, Loss=0.01]


Epoch 8/30 | Processing...:   6%|██                                  | 1/17 [00:00<00:01,  9.51it/s][A

Epoch 8/30 | Processing...:  12%|████▏                               | 2/17 [00:00<00:01,  8.83it/s][A

Epoch 8/30 | Processing...:  18%|██████▎                             | 3/17 [00:00<00:01,  9.22it/s][A

Epoch 8/30 | Processing...:  24%|████████▍                           | 4/17 [00:00<00:01,  8.59it/s][A

Epoch 8/30 | Processing...:  29%|██████████▌                         | 5/17 [00:00<00:01,  8.51it/s][A

Epoch 8/30 | Processing...:  35%|████████████▋                       | 6/17 [00:00<00:01,  8.59it/s][A

Epoch 8/30 | Processing...:  41%|██████████████▊                     | 7/17 [00:00<00:01,  8.48it/s][A

Epoch 8/30 | Processing...:  47%|████████████████▉                   | 8/17 [00:00<00:01,  8.30it/s][A

Epoch 8/30 | Processing...:  53%|███████████████████                 | 9/17 [00:01<00:00,  8.11it/s][A

Epoch 8/30 | Processing...:  59%|████████████████████▌              | 10/17 [00:01<00:00,  8.18it/s][A

Epoch 8/30 | Processing...:  65%|██████████████████████▋            | 11/17 [00:01<00:00,  6.52it/s][A

Epoch 8/30 | Processing...:  71%|████████████████████████▋          | 12/17 [00:01<00:00,  6.84it/s][A

Epoch 8/30 | Processing...:  76%|██████████████████████████▊        | 13/17 [00:01<00:00,  7.31it/s][A

Epoch 8/30 | Processing...:  82%|████████████████████████████▊      | 14/17 [00:01<00:00,  7.77it/s][A

Epoch 8/30 | Processing...:  88%|██████████████████████████████▉    | 15/17 [00:01<00:00,  8.19it/s][A

Epoch 8/30 | Processing...:  94%|████████████████████████████████▉  | 16/17 [00:01<00:00,  8.41it/s][A

Epoch 8/30 | Processing...: 100%|██████████████████████| 17/17 [00:02<00:00,  8.41it/s, Loss=0.0143][A
Epoch 9/30 | Processing...:   0%|                                            | 0/17 [00:00<?, ?it/s]
Epoch 8/30 | Processing...: 100%|██████████████████████| 17/17 [00:02<00:00,  8.29it/s, Loss=0.0143]

Epoch 9/30 | Processing...:  12%|████▏                               | 2/17 [00:00<00:01,  9.08it/s]
Epoch 9/30 | Processing...:  18%|██████▎                             | 3/17 [00:00<00:01,  8.77it/s]
Epoch 9/30 | Processing...:  24%|████████▍                           | 4/17 [00:00<00:01,  8.69it/s]
Epoch 9/30 | Processing...:  29%|██████████▌                         | 5/17 [00:00<00:01,  8.57it/s]
Epoch 9/30 | Processing...:  35%|████████████▋                       | 6/17 [00:00<00:01,  8.58it/s]
Epoch 9/30 | Processing...:  41%|██████████████▊                     | 7/17 [00:00<00:01,  8.62it/s]
Epoch 9/30 | Processing...:  47%|████████████████▉                   | 8/17 [00:00<00:01,  8.47it/s]
Epoch 9/30 | Processing...:  53%|███████████████████                 | 9/17 [00:01<00:00,  8.17it/s]
Epoch 9/30 | Processing...:  59%|████████████████████▌              | 10/17 [00:01<00:00,  8.23it/s]
Epoch 9/30 | Processing...:  65%|██████████████████████▋            | 11/17 [00:01<00:00,  8.41it/s]
Epoch 9/30 | Processing...:  71%|████████████████████████▋          | 12/17 [00:01<00:00,  8.81it/s]
Epoch 9/30 | Processing...:  76%|██████████████████████████▊        | 13/17 [00:01<00:00,  8.63it/s]
Epoch 9/30 | Processing...:  82%|████████████████████████████▊      | 14/17 [00:01<00:00,  8.89it/s]
Epoch 9/30 | Processing...:  88%|██████████████████████████████▉    | 15/17 [00:01<00:00,  9.03it/s]
Epoch 9/30 | Processing...:  94%|████████████████████████████████▉  | 16/17 [00:01<00:00,  9.16it/s]
Epoch 9/30 | Processing...: 100%|█████████████████████| 17/17 [00:01<00:00,  9.16it/s, Loss=0.00356]

Epoch 10/30 | Processing...:   0%|                                           | 0/17 [00:00<?, ?it/s][A
Epoch 9/30 | Processing...: 100%|█████████████████████| 17/17 [00:01<00:00,  9.01it/s, Loss=0.00356]


Epoch 10/30 | Processing...:  12%|████                               | 2/17 [00:00<00:01,  9.25it/s][A

Epoch 10/30 | Processing...:  18%|██████▏                            | 3/17 [00:00<00:01,  9.01it/s][A

Epoch 10/30 | Processing...:  24%|████████▏                          | 4/17 [00:00<00:01,  8.80it/s][A

Epoch 10/30 | Processing...:  29%|██████████▎                        | 5/17 [00:00<00:01,  8.67it/s][A

Epoch 10/30 | Processing...:  35%|████████████▎                      | 6/17 [00:00<00:01,  8.99it/s][A

Epoch 10/30 | Processing...:  41%|██████████████▍                    | 7/17 [00:00<00:01,  8.69it/s][A

Epoch 10/30 | Processing...:  47%|████████████████▍                  | 8/17 [00:00<00:01,  8.55it/s][A

Epoch 10/30 | Processing...:  53%|██████████████████▌                | 9/17 [00:01<00:00,  8.16it/s][A

Epoch 10/30 | Processing...:  59%|████████████████████              | 10/17 [00:01<00:00,  8.18it/s][A

Epoch 10/30 | Processing...:  65%|██████████████████████            | 11/17 [00:01<00:00,  8.18it/s][A

Epoch 10/30 | Processing...:  76%|██████████████████████████        | 13/17 [00:01<00:00,  8.63it/s][A

Epoch 10/30 | Processing...:  82%|████████████████████████████      | 14/17 [00:01<00:00,  8.82it/s][A

Epoch 10/30 | Processing...:  88%|██████████████████████████████    | 15/17 [00:01<00:00,  9.05it/s][A

Epoch 10/30 | Processing...:  94%|████████████████████████████████  | 16/17 [00:01<00:00,  9.06it/s][A

Epoch 10/30 | Processing...: 100%|█████████████████████| 17/17 [00:01<00:00,  9.06it/s, Loss=0.0126][A
Epoch 11/30 | Processing...:   0%|                                           | 0/17 [00:00<?, ?it/s]
Epoch 10/30 | Processing...: 100%|█████████████████████| 17/17 [00:01<00:00,  9.04it/s, Loss=0.0126]

Epoch 11/30 | Processing...:   6%|██                                 | 1/17 [00:00<00:01,  9.76it/s]
Epoch 11/30 | Processing...:  12%|████                               | 2/17 [00:00<00:01,  8.91it/s]
Epoch 11/30 | Processing...:  18%|██████▏                            | 3/17 [00:00<00:01,  8.73it/s]
Epoch 11/30 | Processing...:  24%|████████▏                          | 4/17 [00:00<00:01,  8.68it/s]
Epoch 11/30 | Processing...:  29%|██████████▎                        | 5/17 [00:00<00:01,  8.73it/s]
Epoch 11/30 | Processing...:  35%|████████████▎                      | 6/17 [00:00<00:01,  8.55it/s]
Epoch 11/30 | Processing...:  41%|██████████████▍                    | 7/17 [00:00<00:01,  8.48it/s]
Epoch 11/30 | Processing...:  47%|████████████████▍                  | 8/17 [00:00<00:01,  8.25it/s]
Epoch 11/30 | Processing...:  53%|██████████████████▌                | 9/17 [00:01<00:00,  8.06it/s]
Epoch 11/30 | Processing...:  59%|████████████████████              | 10/17 [00:01<00:00,  8.15it/s]
Epoch 11/30 | Processing...:  65%|██████████████████████            | 11/17 [00:01<00:00,  8.37it/s]
Epoch 11/30 | Processing...:  71%|████████████████████████          | 12/17 [00:01<00:00,  8.46it/s]
Epoch 11/30 | Processing...:  76%|██████████████████████████        | 13/17 [00:01<00:00,  8.59it/s]
Epoch 11/30 | Processing...:  82%|████████████████████████████      | 14/17 [00:01<00:00,  8.80it/s]
Epoch 11/30 | Processing...:  88%|██████████████████████████████    | 15/17 [00:01<00:00,  9.12it/s]
Epoch 11/30 | Processing...:  94%|████████████████████████████████  | 16/17 [00:01<00:00,  9.23it/s]
Epoch 11/30 | Processing...: 100%|████████████████████| 17/17 [00:01<00:00,  9.23it/s, Loss=0.00161]

Epoch 12/30 | Processing...:   0%|                                           | 0/17 [00:00<?, ?it/s][A
Epoch 11/30 | Processing...: 100%|████████████████████| 17/17 [00:01<00:00,  8.97it/s, Loss=0.00161]


Epoch 12/30 | Processing...:   6%|██                                 | 1/17 [00:00<00:01,  9.20it/s][A

Epoch 12/30 | Processing...:  12%|████                               | 2/17 [00:00<00:02,  6.61it/s][A

Epoch 12/30 | Processing...:  18%|██████▏                            | 3/17 [00:00<00:02,  6.11it/s][A

Epoch 12/30 | Processing...:  24%|████████▏                          | 4/17 [00:00<00:01,  6.90it/s][A

Epoch 12/30 | Processing...:  29%|██████████▎                        | 5/17 [00:00<00:01,  7.14it/s][A

Epoch 12/30 | Processing...:  35%|████████████▎                      | 6/17 [00:00<00:01,  7.47it/s][A

Epoch 12/30 | Processing...:  41%|██████████████▍                    | 7/17 [00:00<00:01,  7.72it/s][A

Epoch 12/30 | Processing...:  47%|████████████████▍                  | 8/17 [00:01<00:01,  7.69it/s][A

Epoch 12/30 | Processing...:  53%|██████████████████▌                | 9/17 [00:01<00:01,  7.62it/s][A

Epoch 12/30 | Processing...:  59%|████████████████████              | 10/17 [00:01<00:00,  7.74it/s][A

Epoch 12/30 | Processing...:  65%|██████████████████████            | 11/17 [00:01<00:00,  8.02it/s][A

Epoch 12/30 | Processing...:  71%|████████████████████████          | 12/17 [00:01<00:00,  8.52it/s][A

Epoch 12/30 | Processing...:  76%|██████████████████████████        | 13/17 [00:01<00:00,  8.54it/s][A

Epoch 12/30 | Processing...:  82%|████████████████████████████      | 14/17 [00:01<00:00,  8.57it/s][A

Epoch 12/30 | Processing...:  88%|██████████████████████████████    | 15/17 [00:01<00:00,  8.80it/s][A

Epoch 12/30 | Processing...:  94%|████████████████████████████████  | 16/17 [00:02<00:00,  8.97it/s][A

Epoch 12/30 | Processing...: 100%|████████████████████| 17/17 [00:02<00:00,  8.97it/s, Loss=0.00037][A
Epoch 13/30 | Processing...:   0%|                                           | 0/17 [00:00<?, ?it/s]
Epoch 12/30 | Processing...: 100%|████████████████████| 17/17 [00:02<00:00,  8.19it/s, Loss=0.00037]

Epoch 13/30 | Processing...:  12%|████                               | 2/17 [00:00<00:01,  9.27it/s]
Epoch 13/30 | Processing...:  18%|██████▏                            | 3/17 [00:00<00:01,  9.08it/s]
Epoch 13/30 | Processing...:  24%|████████▏                          | 4/17 [00:00<00:01,  8.90it/s]
Epoch 13/30 | Processing...:  29%|██████████▎                        | 5/17 [00:00<00:01,  8.90it/s]
Epoch 13/30 | Processing...:  35%|████████████▎                      | 6/17 [00:00<00:01,  8.87it/s]
Epoch 13/30 | Processing...:  41%|██████████████▍                    | 7/17 [00:00<00:01,  8.81it/s]
Epoch 13/30 | Processing...:  47%|████████████████▍                  | 8/17 [00:00<00:01,  8.56it/s]
Epoch 13/30 | Processing...:  53%|██████████████████▌                | 9/17 [00:01<00:00,  8.34it/s]
Epoch 13/30 | Processing...:  59%|████████████████████              | 10/17 [00:01<00:00,  8.40it/s]
Epoch 13/30 | Processing...:  65%|██████████████████████            | 11/17 [00:01<00:00,  8.60it/s]
Epoch 13/30 | Processing...:  71%|████████████████████████          | 12/17 [00:01<00:00,  8.72it/s]
Epoch 13/30 | Processing...:  76%|██████████████████████████        | 13/17 [00:01<00:00,  8.49it/s]
Epoch 13/30 | Processing...:  82%|████████████████████████████      | 14/17 [00:01<00:00,  8.69it/s]
Epoch 13/30 | Processing...:  88%|██████████████████████████████    | 15/17 [00:01<00:00,  8.99it/s]
Epoch 13/30 | Processing...:  94%|████████████████████████████████  | 16/17 [00:01<00:00,  9.11it/s]
Epoch 13/30 | Processing...: 100%|████████████████████| 17/17 [00:01<00:00,  9.11it/s, Loss=2.44e-5]

Epoch 14/30 | Processing...:   0%|                                           | 0/17 [00:00<?, ?it/s][A
Epoch 13/30 | Processing...: 100%|████████████████████| 17/17 [00:01<00:00,  9.08it/s, Loss=2.44e-5]


Epoch 14/30 | Processing...:   6%|██                                 | 1/17 [00:00<00:01,  9.76it/s][A

Epoch 14/30 | Processing...:  12%|████                               | 2/17 [00:00<00:01,  9.07it/s][A

Epoch 14/30 | Processing...:  18%|██████▏                            | 3/17 [00:00<00:01,  8.95it/s][A

Epoch 14/30 | Processing...:  24%|████████▏                          | 4/17 [00:00<00:01,  8.81it/s][A

Epoch 14/30 | Processing...:  29%|██████████▎                        | 5/17 [00:00<00:01,  8.73it/s][A

Epoch 14/30 | Processing...:  35%|████████████▎                      | 6/17 [00:00<00:01,  8.78it/s][A

Epoch 14/30 | Processing...:  41%|██████████████▍                    | 7/17 [00:00<00:01,  8.73it/s][A

Epoch 14/30 | Processing...:  47%|████████████████▍                  | 8/17 [00:00<00:01,  8.98it/s][A

Epoch 14/30 | Processing...:  53%|██████████████████▌                | 9/17 [00:01<00:00,  8.52it/s][A

Epoch 14/30 | Processing...:  59%|████████████████████              | 10/17 [00:01<00:00,  8.48it/s][A

Epoch 14/30 | Processing...:  65%|██████████████████████            | 11/17 [00:01<00:00,  8.28it/s][A

Epoch 14/30 | Processing...:  71%|████████████████████████          | 12/17 [00:01<00:00,  8.25it/s][A

Epoch 14/30 | Processing...:  76%|██████████████████████████        | 13/17 [00:01<00:00,  8.51it/s][A

Epoch 14/30 | Processing...:  82%|████████████████████████████      | 14/17 [00:01<00:00,  8.82it/s][A

Epoch 14/30 | Processing...:  88%|██████████████████████████████    | 15/17 [00:01<00:00,  9.01it/s][A

Epoch 14/30 | Processing...:  94%|████████████████████████████████  | 16/17 [00:01<00:00,  9.19it/s][A

Epoch 14/30 | Processing...: 100%|███████████████████| 17/17 [00:01<00:00,  9.19it/s, Loss=0.000271][A
Epoch 15/30 | Processing...:   0%|                                           | 0/17 [00:00<?, ?it/s]
Epoch 14/30 | Processing...: 100%|███████████████████| 17/17 [00:01<00:00,  9.07it/s, Loss=0.000271]

Epoch 15/30 | Processing...:   6%|██                                 | 1/17 [00:00<00:01,  9.72it/s]
Epoch 15/30 | Processing...:  12%|████                               | 2/17 [00:00<00:01,  8.91it/s]
Epoch 15/30 | Processing...:  18%|██████▏                            | 3/17 [00:00<00:01,  8.91it/s]
Epoch 15/30 | Processing...:  24%|████████▏                          | 4/17 [00:00<00:01,  8.89it/s]
Epoch 15/30 | Processing...:  29%|██████████▎                        | 5/17 [00:00<00:01,  8.85it/s]
Epoch 15/30 | Processing...:  35%|████████████▎                      | 6/17 [00:00<00:01,  8.78it/s]
Epoch 15/30 | Processing...:  41%|██████████████▍                    | 7/17 [00:00<00:01,  8.70it/s]
Epoch 15/30 | Processing...:  47%|████████████████▍                  | 8/17 [00:00<00:01,  8.59it/s]
Epoch 15/30 | Processing...:  53%|██████████████████▌                | 9/17 [00:01<00:00,  8.24it/s]
Epoch 15/30 | Processing...:  59%|████████████████████              | 10/17 [00:01<00:00,  8.33it/s]
Epoch 15/30 | Processing...:  71%|████████████████████████          | 12/17 [00:01<00:00,  8.74it/s]
Epoch 15/30 | Processing...:  76%|██████████████████████████        | 13/17 [00:01<00:00,  8.52it/s]
Epoch 15/30 | Processing...:  82%|████████████████████████████      | 14/17 [00:01<00:00,  8.76it/s]
Epoch 15/30 | Processing...:  88%|██████████████████████████████    | 15/17 [00:01<00:00,  9.06it/s]
Epoch 15/30 | Processing...:  94%|████████████████████████████████  | 16/17 [00:01<00:00,  9.25it/s]
Epoch 15/30 | Processing...: 100%|███████████████████| 17/17 [00:01<00:00,  9.25it/s, Loss=0.000391]

Epoch 16/30 | Processing...:   0%|                                           | 0/17 [00:00<?, ?it/s][A
Epoch 15/30 | Processing...: 100%|███████████████████| 17/17 [00:01<00:00,  9.10it/s, Loss=0.000391]


Epoch 16/30 | Processing...:   6%|██                                 | 1/17 [00:00<00:01,  9.91it/s][A

Epoch 16/30 | Processing...:  12%|████                               | 2/17 [00:00<00:01,  9.00it/s][A

Epoch 16/30 | Processing...:  18%|██████▏                            | 3/17 [00:00<00:01,  8.91it/s][A

Epoch 16/30 | Processing...:  24%|████████▏                          | 4/17 [00:00<00:01,  8.85it/s][A

Epoch 16/30 | Processing...:  29%|██████████▎                        | 5/17 [00:00<00:01,  8.81it/s][A

Epoch 16/30 | Processing...:  35%|████████████▎                      | 6/17 [00:00<00:01,  8.71it/s][A

Epoch 16/30 | Processing...:  41%|██████████████▍                    | 7/17 [00:00<00:01,  8.68it/s][A

Epoch 16/30 | Processing...:  47%|████████████████▍                  | 8/17 [00:00<00:01,  8.53it/s][A

Epoch 16/30 | Processing...:  53%|██████████████████▌                | 9/17 [00:01<00:00,  8.32it/s][A

Epoch 16/30 | Processing...:  59%|████████████████████              | 10/17 [00:01<00:00,  8.28it/s][A

Epoch 16/30 | Processing...:  65%|██████████████████████            | 11/17 [00:01<00:00,  8.72it/s][A

Epoch 16/30 | Processing...:  71%|████████████████████████          | 12/17 [00:01<00:00,  8.73it/s][A

Epoch 16/30 | Processing...:  76%|██████████████████████████        | 13/17 [00:01<00:00,  8.81it/s][A

Epoch 16/30 | Processing...:  82%|████████████████████████████      | 14/17 [00:01<00:00,  8.97it/s][A

Epoch 16/30 | Processing...:  88%|██████████████████████████████    | 15/17 [00:01<00:00,  9.22it/s][A

Epoch 16/30 | Processing...:  94%|████████████████████████████████  | 16/17 [00:01<00:00,  9.33it/s][A

Epoch 16/30 | Processing...: 100%|███████████████████| 17/17 [00:01<00:00,  9.33it/s, Loss=0.000255][A
Epoch 17/30 | Processing...:   0%|                                           | 0/17 [00:00<?, ?it/s]
Epoch 16/30 | Processing...: 100%|███████████████████| 17/17 [00:01<00:00,  9.15it/s, Loss=0.000255]

Epoch 17/30 | Processing...:   6%|██                                 | 1/17 [00:00<00:01,  9.45it/s]
Epoch 17/30 | Processing...:  12%|████                               | 2/17 [00:00<00:01,  8.83it/s]
Epoch 17/30 | Processing...:  18%|██████▏                            | 3/17 [00:00<00:01,  9.27it/s]
Epoch 17/30 | Processing...:  24%|████████▏                          | 4/17 [00:00<00:01,  8.62it/s]
Epoch 17/30 | Processing...:  29%|██████████▎                        | 5/17 [00:00<00:01,  8.74it/s]
Epoch 17/30 | Processing...:  35%|████████████▎                      | 6/17 [00:00<00:01,  8.65it/s]
Epoch 17/30 | Processing...:  41%|██████████████▍                    | 7/17 [00:00<00:01,  8.60it/s]
Epoch 17/30 | Processing...:  47%|████████████████▍                  | 8/17 [00:00<00:01,  8.35it/s]
Epoch 17/30 | Processing...:  53%|██████████████████▌                | 9/17 [00:01<00:00,  8.18it/s]
Epoch 17/30 | Processing...:  59%|████████████████████              | 10/17 [00:01<00:00,  8.29it/s]
Epoch 17/30 | Processing...:  65%|██████████████████████            | 11/17 [00:01<00:00,  8.51it/s]
Epoch 17/30 | Processing...:  71%|████████████████████████          | 12/17 [00:01<00:00,  8.60it/s]
Epoch 17/30 | Processing...:  76%|██████████████████████████        | 13/17 [00:01<00:00,  8.72it/s]
Epoch 17/30 | Processing...:  82%|████████████████████████████      | 14/17 [00:01<00:00,  8.91it/s]
Epoch 17/30 | Processing...:  88%|██████████████████████████████    | 15/17 [00:01<00:00,  9.09it/s]
Epoch 17/30 | Processing...:  94%|████████████████████████████████  | 16/17 [00:01<00:00,  9.18it/s]
Epoch 17/30 | Processing...: 100%|████████████████████| 17/17 [00:01<00:00,  9.18it/s, Loss=3.92e-5]

Epoch 18/30 | Processing...:   0%|                                           | 0/17 [00:00<?, ?it/s][A
Epoch 17/30 | Processing...: 100%|████████████████████| 17/17 [00:01<00:00,  9.04it/s, Loss=3.92e-5]


Epoch 18/30 | Processing...:   6%|██                                 | 1/17 [00:00<00:01,  8.98it/s][A

Epoch 18/30 | Processing...:  12%|████                               | 2/17 [00:00<00:01,  8.73it/s][A

Epoch 18/30 | Processing...:  18%|██████▏                            | 3/17 [00:00<00:01,  8.84it/s][A

Epoch 18/30 | Processing...:  24%|████████▏                          | 4/17 [00:00<00:01,  8.72it/s][A

Epoch 18/30 | Processing...:  29%|██████████▎                        | 5/17 [00:00<00:01,  8.75it/s][A

Epoch 18/30 | Processing...:  35%|████████████▎                      | 6/17 [00:00<00:01,  8.75it/s][A

Epoch 18/30 | Processing...:  41%|██████████████▍                    | 7/17 [00:00<00:01,  8.64it/s][A

Epoch 18/30 | Processing...:  47%|████████████████▍                  | 8/17 [00:00<00:01,  8.45it/s][A

Epoch 18/30 | Processing...:  53%|██████████████████▌                | 9/17 [00:01<00:00,  8.59it/s][A

Epoch 18/30 | Processing...:  59%|████████████████████              | 10/17 [00:01<00:00,  8.53it/s][A

Epoch 18/30 | Processing...:  65%|██████████████████████            | 11/17 [00:01<00:00,  8.71it/s][A

Epoch 18/30 | Processing...:  71%|████████████████████████          | 12/17 [00:01<00:00,  8.72it/s][A

Epoch 18/30 | Processing...:  76%|██████████████████████████        | 13/17 [00:01<00:00,  8.82it/s][A

Epoch 18/30 | Processing...:  82%|████████████████████████████      | 14/17 [00:01<00:00,  9.05it/s][A

Epoch 18/30 | Processing...:  88%|██████████████████████████████    | 15/17 [00:01<00:00,  9.31it/s][A

Epoch 18/30 | Processing...:  94%|████████████████████████████████  | 16/17 [00:01<00:00,  9.40it/s][A

Epoch 18/30 | Processing...: 100%|█████████████████████| 17/17 [00:01<00:00,  9.40it/s, Loss=9.7e-5][A
Epoch 19/30 | Processing...:   0%|                                           | 0/17 [00:00<?, ?it/s]
Epoch 18/30 | Processing...: 100%|█████████████████████| 17/17 [00:01<00:00,  9.10it/s, Loss=9.7e-5]

Epoch 19/30 | Processing...:   6%|██                                 | 1/17 [00:00<00:01,  9.69it/s]
Epoch 19/30 | Processing...:  12%|████                               | 2/17 [00:00<00:01,  9.13it/s]
Epoch 19/30 | Processing...:  18%|██████▏                            | 3/17 [00:00<00:01,  8.92it/s]
Epoch 19/30 | Processing...:  24%|████████▏                          | 4/17 [00:00<00:01,  8.82it/s]
Epoch 19/30 | Processing...:  29%|██████████▎                        | 5/17 [00:00<00:01,  8.80it/s]
Epoch 19/30 | Processing...:  35%|████████████▎                      | 6/17 [00:00<00:01,  8.75it/s]
Epoch 19/30 | Processing...:  41%|██████████████▍                    | 7/17 [00:00<00:01,  8.74it/s]
Epoch 19/30 | Processing...:  47%|████████████████▍                  | 8/17 [00:00<00:01,  8.53it/s]
Epoch 19/30 | Processing...:  53%|██████████████████▌                | 9/17 [00:01<00:00,  8.31it/s]
Epoch 19/30 | Processing...:  59%|████████████████████              | 10/17 [00:01<00:00,  8.32it/s]
Epoch 19/30 | Processing...:  71%|████████████████████████          | 12/17 [00:01<00:00,  8.96it/s]
Epoch 19/30 | Processing...:  76%|██████████████████████████        | 13/17 [00:01<00:00,  8.97it/s]
Epoch 19/30 | Processing...:  82%|████████████████████████████      | 14/17 [00:01<00:00,  9.08it/s]
Epoch 19/30 | Processing...:  88%|██████████████████████████████    | 15/17 [00:01<00:00,  9.30it/s]
Epoch 19/30 | Processing...:  94%|████████████████████████████████  | 16/17 [00:01<00:00,  9.35it/s]
Epoch 19/30 | Processing...: 100%|████████████████████| 17/17 [00:01<00:00,  9.35it/s, Loss=7.78e-5]

Epoch 20/30 | Processing...:   0%|                                           | 0/17 [00:00<?, ?it/s][A
Epoch 19/30 | Processing...: 100%|████████████████████| 17/17 [00:01<00:00,  9.21it/s, Loss=7.78e-5]


Epoch 20/30 | Processing...:  12%|████                               | 2/17 [00:00<00:01,  9.02it/s][A

Epoch 20/30 | Processing...:  24%|████████▏                          | 4/17 [00:00<00:01,  8.90it/s][A

Epoch 20/30 | Processing...:  29%|██████████▎                        | 5/17 [00:00<00:01,  8.83it/s][A

Epoch 20/30 | Processing...:  35%|████████████▎                      | 6/17 [00:00<00:01,  8.84it/s][A

Epoch 20/30 | Processing...:  41%|██████████████▍                    | 7/17 [00:00<00:01,  8.71it/s][A

Epoch 20/30 | Processing...:  47%|████████████████▍                  | 8/17 [00:00<00:01,  8.60it/s][A

Epoch 20/30 | Processing...:  53%|██████████████████▌                | 9/17 [00:01<00:00,  8.38it/s][A

Epoch 20/30 | Processing...:  59%|████████████████████              | 10/17 [00:01<00:00,  8.38it/s][A

Epoch 20/30 | Processing...:  65%|██████████████████████            | 11/17 [00:01<00:00,  8.54it/s][A

Epoch 20/30 | Processing...:  71%|████████████████████████          | 12/17 [00:01<00:00,  8.60it/s][A

Epoch 20/30 | Processing...:  76%|██████████████████████████        | 13/17 [00:01<00:00,  8.61it/s][A

Epoch 20/30 | Processing...:  82%|████████████████████████████      | 14/17 [00:01<00:00,  8.82it/s][A

Epoch 20/30 | Processing...:  88%|██████████████████████████████    | 15/17 [00:01<00:00,  9.07it/s][A

Epoch 20/30 | Processing...:  94%|████████████████████████████████  | 16/17 [00:01<00:00,  9.16it/s][A

Epoch 20/30 | Processing...: 100%|███████████████████| 17/17 [00:01<00:00,  9.16it/s, Loss=0.000267][A
Epoch 21/30 | Processing...:   0%|                                           | 0/17 [00:00<?, ?it/s]
Epoch 20/30 | Processing...: 100%|███████████████████| 17/17 [00:01<00:00,  9.07it/s, Loss=0.000267]

Epoch 21/30 | Processing...:   6%|██                                 | 1/17 [00:00<00:01,  9.66it/s]
Epoch 21/30 | Processing...:  12%|████                               | 2/17 [00:00<00:01,  8.94it/s]
Epoch 21/30 | Processing...:  18%|██████▏                            | 3/17 [00:00<00:01,  8.84it/s]
Epoch 21/30 | Processing...:  24%|████████▏                          | 4/17 [00:00<00:01,  8.84it/s]
Epoch 21/30 | Processing...:  29%|██████████▎                        | 5/17 [00:00<00:01,  8.82it/s]
Epoch 21/30 | Processing...:  35%|████████████▎                      | 6/17 [00:00<00:01,  8.60it/s]
Epoch 21/30 | Processing...:  41%|██████████████▍                    | 7/17 [00:00<00:01,  8.67it/s]
Epoch 21/30 | Processing...:  47%|████████████████▍                  | 8/17 [00:00<00:01,  8.53it/s]
Epoch 21/30 | Processing...:  53%|██████████████████▌                | 9/17 [00:01<00:00,  8.28it/s]
Epoch 21/30 | Processing...:  59%|████████████████████              | 10/17 [00:01<00:00,  8.35it/s]
Epoch 21/30 | Processing...:  65%|██████████████████████            | 11/17 [00:01<00:00,  8.55it/s]
Epoch 21/30 | Processing...:  71%|████████████████████████          | 12/17 [00:01<00:00,  8.62it/s]
Epoch 21/30 | Processing...:  76%|██████████████████████████        | 13/17 [00:01<00:00,  8.74it/s]
Epoch 21/30 | Processing...:  82%|████████████████████████████      | 14/17 [00:01<00:00,  8.93it/s]
Epoch 21/30 | Processing...:  88%|██████████████████████████████    | 15/17 [00:01<00:00,  9.12it/s]
Epoch 21/30 | Processing...:  94%|████████████████████████████████  | 16/17 [00:01<00:00,  9.23it/s]
Epoch 21/30 | Processing...: 100%|████████████████████| 17/17 [00:01<00:00,  9.23it/s, Loss=8.07e-5]

Epoch 22/30 | Processing...:   0%|                                           | 0/17 [00:00<?, ?it/s][A
Epoch 21/30 | Processing...: 100%|████████████████████| 17/17 [00:01<00:00,  9.08it/s, Loss=8.07e-5]


Epoch 22/30 | Processing...:   6%|██                                 | 1/17 [00:00<00:01,  9.74it/s][A

Epoch 22/30 | Processing...:  12%|████                               | 2/17 [00:00<00:01,  9.15it/s][A

Epoch 22/30 | Processing...:  18%|██████▏                            | 3/17 [00:00<00:01,  8.86it/s][A

Epoch 22/30 | Processing...:  24%|████████▏                          | 4/17 [00:00<00:01,  8.87it/s][A

Epoch 22/30 | Processing...:  29%|██████████▎                        | 5/17 [00:00<00:01,  8.85it/s][A

Epoch 22/30 | Processing...:  35%|████████████▎                      | 6/17 [00:00<00:01,  8.69it/s][A

Epoch 22/30 | Processing...:  41%|██████████████▍                    | 7/17 [00:00<00:01,  8.58it/s][A

Epoch 22/30 | Processing...:  47%|████████████████▍                  | 8/17 [00:00<00:01,  8.39it/s][A

Epoch 22/30 | Processing...:  53%|██████████████████▌                | 9/17 [00:01<00:00,  8.24it/s][A

Epoch 22/30 | Processing...:  59%|████████████████████              | 10/17 [00:01<00:00,  8.33it/s][A

Epoch 22/30 | Processing...:  65%|██████████████████████            | 11/17 [00:01<00:00,  8.50it/s][A

Epoch 22/30 | Processing...:  71%|████████████████████████          | 12/17 [00:01<00:00,  8.61it/s][A

Epoch 22/30 | Processing...:  76%|██████████████████████████        | 13/17 [00:01<00:00,  8.69it/s][A

Epoch 22/30 | Processing...:  82%|████████████████████████████      | 14/17 [00:01<00:00,  8.91it/s][A

Epoch 22/30 | Processing...:  88%|██████████████████████████████    | 15/17 [00:01<00:00,  9.20it/s][A

Epoch 22/30 | Processing...:  94%|████████████████████████████████  | 16/17 [00:01<00:00,  9.31it/s][A

Epoch 22/30 | Processing...: 100%|████████████████████| 17/17 [00:01<00:00,  9.31it/s, Loss=2.59e-5][A
Epoch 23/30 | Processing...:   0%|                                           | 0/17 [00:00<?, ?it/s]
Epoch 22/30 | Processing...: 100%|████████████████████| 17/17 [00:01<00:00,  9.09it/s, Loss=2.59e-5]

Epoch 23/30 | Processing...:   6%|██                                 | 1/17 [00:00<00:01,  9.69it/s]
Epoch 23/30 | Processing...:  12%|████                               | 2/17 [00:00<00:01,  8.89it/s]
Epoch 23/30 | Processing...:  18%|██████▏                            | 3/17 [00:00<00:01,  8.85it/s]
Epoch 23/30 | Processing...:  24%|████████▏                          | 4/17 [00:00<00:01,  8.86it/s]
Epoch 23/30 | Processing...:  29%|██████████▎                        | 5/17 [00:00<00:01,  8.70it/s]
Epoch 23/30 | Processing...:  35%|████████████▎                      | 6/17 [00:00<00:01,  8.75it/s]
Epoch 23/30 | Processing...:  41%|██████████████▍                    | 7/17 [00:00<00:01,  8.68it/s]
Epoch 23/30 | Processing...:  47%|████████████████▍                  | 8/17 [00:00<00:01,  8.49it/s]
Epoch 23/30 | Processing...:  53%|██████████████████▌                | 9/17 [00:01<00:00,  8.27it/s]
Epoch 23/30 | Processing...:  59%|████████████████████              | 10/17 [00:01<00:00,  8.34it/s]
Epoch 23/30 | Processing...:  65%|██████████████████████            | 11/17 [00:01<00:00,  8.57it/s]
Epoch 23/30 | Processing...:  71%|████████████████████████          | 12/17 [00:01<00:00,  8.63it/s]
Epoch 23/30 | Processing...:  76%|██████████████████████████        | 13/17 [00:01<00:00,  8.76it/s]
Epoch 23/30 | Processing...:  82%|████████████████████████████      | 14/17 [00:01<00:00,  8.99it/s]
Epoch 23/30 | Processing...:  88%|██████████████████████████████    | 15/17 [00:01<00:00,  9.25it/s]
Epoch 23/30 | Processing...:  94%|████████████████████████████████  | 16/17 [00:01<00:00,  9.32it/s]
Epoch 23/30 | Processing...: 100%|████████████████████| 17/17 [00:01<00:00,  9.32it/s, Loss=2.44e-6]

Epoch 24/30 | Processing...:   0%|                                           | 0/17 [00:00<?, ?it/s][A
Epoch 23/30 | Processing...: 100%|████████████████████| 17/17 [00:01<00:00,  9.11it/s, Loss=2.44e-6]


Epoch 24/30 | Processing...:   6%|██                                 | 1/17 [00:00<00:01,  9.27it/s][A

Epoch 24/30 | Processing...:  12%|████                               | 2/17 [00:00<00:01,  8.87it/s][A

Epoch 24/30 | Processing...:  18%|██████▏                            | 3/17 [00:00<00:01,  8.88it/s][A

Epoch 24/30 | Processing...:  24%|████████▏                          | 4/17 [00:00<00:01,  8.82it/s][A

Epoch 24/30 | Processing...:  29%|██████████▎                        | 5/17 [00:00<00:01,  8.79it/s][A

Epoch 24/30 | Processing...:  35%|████████████▎                      | 6/17 [00:00<00:01,  8.83it/s][A

Epoch 24/30 | Processing...:  41%|██████████████▍                    | 7/17 [00:00<00:01,  8.76it/s][A

Epoch 24/30 | Processing...:  47%|████████████████▍                  | 8/17 [00:00<00:01,  8.58it/s][A

Epoch 24/30 | Processing...:  53%|██████████████████▌                | 9/17 [00:01<00:00,  8.30it/s][A

Epoch 24/30 | Processing...:  59%|████████████████████              | 10/17 [00:01<00:00,  8.36it/s][A

Epoch 24/30 | Processing...:  65%|██████████████████████            | 11/17 [00:01<00:00,  8.58it/s][A

Epoch 24/30 | Processing...:  71%|████████████████████████          | 12/17 [00:01<00:00,  8.64it/s][A

Epoch 24/30 | Processing...:  76%|██████████████████████████        | 13/17 [00:01<00:00,  8.77it/s][A

Epoch 24/30 | Processing...:  82%|████████████████████████████      | 14/17 [00:01<00:00,  9.02it/s][A

Epoch 24/30 | Processing...:  94%|████████████████████████████████  | 16/17 [00:01<00:00,  9.71it/s][A

Epoch 24/30 | Processing...: 100%|████████████████████| 17/17 [00:01<00:00,  9.71it/s, Loss=5.96e-7][A
Epoch 25/30 | Processing...:   0%|                                           | 0/17 [00:00<?, ?it/s]
Epoch 24/30 | Processing...: 100%|████████████████████| 17/17 [00:01<00:00,  9.22it/s, Loss=5.96e-7]

Epoch 25/30 | Processing...:   6%|██                                 | 1/17 [00:00<00:01,  9.73it/s]
Epoch 25/30 | Processing...:  12%|████                               | 2/17 [00:00<00:01,  8.92it/s]
Epoch 25/30 | Processing...:  18%|██████▏                            | 3/17 [00:00<00:01,  8.68it/s]
Epoch 25/30 | Processing...:  24%|████████▏                          | 4/17 [00:00<00:01,  8.75it/s]
Epoch 25/30 | Processing...:  29%|██████████▎                        | 5/17 [00:00<00:01,  8.49it/s]
Epoch 25/30 | Processing...:  35%|████████████▎                      | 6/17 [00:00<00:01,  8.52it/s]
Epoch 25/30 | Processing...:  41%|██████████████▍                    | 7/17 [00:00<00:01,  8.81it/s]
Epoch 25/30 | Processing...:  47%|████████████████▍                  | 8/17 [00:00<00:01,  8.53it/s]
Epoch 25/30 | Processing...:  53%|██████████████████▌                | 9/17 [00:01<00:00,  8.22it/s]
Epoch 25/30 | Processing...:  59%|████████████████████              | 10/17 [00:01<00:00,  8.28it/s]
Epoch 25/30 | Processing...:  65%|██████████████████████            | 11/17 [00:01<00:00,  8.49it/s]
Epoch 25/30 | Processing...:  71%|████████████████████████          | 12/17 [00:01<00:00,  8.55it/s]
Epoch 25/30 | Processing...:  76%|██████████████████████████        | 13/17 [00:01<00:00,  8.41it/s]
Epoch 25/30 | Processing...:  82%|████████████████████████████      | 14/17 [00:01<00:00,  8.71it/s]
Epoch 25/30 | Processing...:  88%|██████████████████████████████    | 15/17 [00:01<00:00,  8.92it/s]
Epoch 25/30 | Processing...:  94%|████████████████████████████████  | 16/17 [00:01<00:00,  9.07it/s]
Epoch 25/30 | Processing...: 100%|████████████████████| 17/17 [00:01<00:00,  9.07it/s, Loss=1.63e-5]

Epoch 26/30 | Processing...:   0%|                                           | 0/17 [00:00<?, ?it/s][A
Epoch 25/30 | Processing...: 100%|████████████████████| 17/17 [00:01<00:00,  8.95it/s, Loss=1.63e-5]


Epoch 26/30 | Processing...:   6%|██                                 | 1/17 [00:00<00:01,  9.35it/s][A

Epoch 26/30 | Processing...:  12%|████                               | 2/17 [00:00<00:01,  8.76it/s][A

Epoch 26/30 | Processing...:  18%|██████▏                            | 3/17 [00:00<00:01,  8.40it/s][A

Epoch 26/30 | Processing...:  24%|████████▏                          | 4/17 [00:00<00:01,  8.47it/s][A

Epoch 26/30 | Processing...:  29%|██████████▎                        | 5/17 [00:00<00:01,  8.55it/s][A

Epoch 26/30 | Processing...:  35%|████████████▎                      | 6/17 [00:00<00:01,  8.65it/s][A

Epoch 26/30 | Processing...:  41%|██████████████▍                    | 7/17 [00:00<00:01,  8.61it/s][A

Epoch 26/30 | Processing...:  47%|████████████████▍                  | 8/17 [00:00<00:01,  8.38it/s][A

Epoch 26/30 | Processing...:  53%|██████████████████▌                | 9/17 [00:01<00:00,  8.21it/s][A

Epoch 26/30 | Processing...:  59%|████████████████████              | 10/17 [00:01<00:00,  8.25it/s][A

Epoch 26/30 | Processing...:  65%|██████████████████████            | 11/17 [00:01<00:00,  8.48it/s][A

Epoch 26/30 | Processing...:  71%|████████████████████████          | 12/17 [00:01<00:00,  8.83it/s][A

Epoch 26/30 | Processing...:  76%|██████████████████████████        | 13/17 [00:01<00:00,  8.93it/s][A

Epoch 26/30 | Processing...:  82%|████████████████████████████      | 14/17 [00:01<00:00,  9.14it/s][A

Epoch 26/30 | Processing...:  88%|██████████████████████████████    | 15/17 [00:01<00:00,  9.31it/s][A

Epoch 26/30 | Processing...:  94%|████████████████████████████████  | 16/17 [00:01<00:00,  9.04it/s][A

Epoch 26/30 | Processing...: 100%|████████████████████| 17/17 [00:01<00:00,  9.04it/s, Loss=3.22e-5][A
Epoch 27/30 | Processing...:   0%|                                           | 0/17 [00:00<?, ?it/s]
Epoch 26/30 | Processing...: 100%|████████████████████| 17/17 [00:01<00:00,  9.01it/s, Loss=3.22e-5]

Epoch 27/30 | Processing...:   6%|██                                 | 1/17 [00:00<00:01,  9.25it/s]
Epoch 27/30 | Processing...:  12%|████                               | 2/17 [00:00<00:01,  8.96it/s]
Epoch 27/30 | Processing...:  18%|██████▏                            | 3/17 [00:00<00:01,  8.86it/s]
Epoch 27/30 | Processing...:  24%|████████▏                          | 4/17 [00:00<00:01,  8.83it/s]
Epoch 27/30 | Processing...:  29%|██████████▎                        | 5/17 [00:00<00:01,  8.83it/s]
Epoch 27/30 | Processing...:  35%|████████████▎                      | 6/17 [00:00<00:01,  8.76it/s]
Epoch 27/30 | Processing...:  41%|██████████████▍                    | 7/17 [00:00<00:01,  8.69it/s]
Epoch 27/30 | Processing...:  47%|████████████████▍                  | 8/17 [00:00<00:01,  8.42it/s]
Epoch 27/30 | Processing...:  53%|██████████████████▌                | 9/17 [00:01<00:00,  8.24it/s]
Epoch 27/30 | Processing...:  59%|████████████████████              | 10/17 [00:01<00:00,  8.70it/s]
Epoch 27/30 | Processing...:  65%|██████████████████████            | 11/17 [00:01<00:00,  8.45it/s]
Epoch 27/30 | Processing...:  71%|████████████████████████          | 12/17 [00:01<00:00,  8.57it/s]
Epoch 27/30 | Processing...:  76%|██████████████████████████        | 13/17 [00:01<00:00,  8.69it/s]
Epoch 27/30 | Processing...:  82%|████████████████████████████      | 14/17 [00:01<00:00,  8.91it/s]
Epoch 27/30 | Processing...:  94%|████████████████████████████████  | 16/17 [00:01<00:00,  9.37it/s]
Epoch 27/30 | Processing...: 100%|████████████████████| 17/17 [00:01<00:00,  9.37it/s, Loss=2.86e-6]

Epoch 28/30 | Processing...:   0%|                                           | 0/17 [00:00<?, ?it/s][A
Epoch 27/30 | Processing...: 100%|████████████████████| 17/17 [00:01<00:00,  9.12it/s, Loss=2.86e-6]


Epoch 28/30 | Processing...:  12%|████                               | 2/17 [00:00<00:01,  9.29it/s][A

Epoch 28/30 | Processing...:  18%|██████▏                            | 3/17 [00:00<00:01,  9.04it/s][A

Epoch 28/30 | Processing...:  24%|████████▏                          | 4/17 [00:00<00:01,  8.90it/s][A

Epoch 28/30 | Processing...:  29%|██████████▎                        | 5/17 [00:00<00:01,  8.50it/s][A

Epoch 28/30 | Processing...:  35%|████████████▎                      | 6/17 [00:00<00:01,  8.54it/s][A

Epoch 28/30 | Processing...:  41%|██████████████▍                    | 7/17 [00:00<00:01,  8.54it/s][A

Epoch 28/30 | Processing...:  47%|████████████████▍                  | 8/17 [00:00<00:01,  8.40it/s][A

Epoch 28/30 | Processing...:  53%|██████████████████▌                | 9/17 [00:01<00:00,  8.19it/s][A

Epoch 28/30 | Processing...:  59%|████████████████████              | 10/17 [00:01<00:00,  8.28it/s][A

Epoch 28/30 | Processing...:  65%|██████████████████████            | 11/17 [00:01<00:00,  8.47it/s][A

Epoch 28/30 | Processing...:  71%|████████████████████████          | 12/17 [00:01<00:00,  8.62it/s][A

Epoch 28/30 | Processing...:  76%|██████████████████████████        | 13/17 [00:01<00:00,  8.69it/s][A

Epoch 28/30 | Processing...:  82%|████████████████████████████      | 14/17 [00:01<00:00,  8.95it/s][A

Epoch 28/30 | Processing...:  88%|██████████████████████████████    | 15/17 [00:01<00:00,  9.22it/s][A

Epoch 28/30 | Processing...:  94%|████████████████████████████████  | 16/17 [00:01<00:00,  9.23it/s][A

Epoch 28/30 | Processing...: 100%|████████████████████| 17/17 [00:01<00:00,  9.23it/s, Loss=9.89e-6][A
Epoch 29/30 | Processing...:   0%|                                           | 0/17 [00:00<?, ?it/s]
Epoch 28/30 | Processing...: 100%|████████████████████| 17/17 [00:01<00:00,  9.07it/s, Loss=9.89e-6]

Epoch 29/30 | Processing...:   6%|██                                 | 1/17 [00:00<00:01,  9.79it/s]
Epoch 29/30 | Processing...:  12%|████                               | 2/17 [00:00<00:01,  9.03it/s]
Epoch 29/30 | Processing...:  18%|██████▏                            | 3/17 [00:00<00:01,  8.91it/s]
Epoch 29/30 | Processing...:  24%|████████▏                          | 4/17 [00:00<00:01,  8.64it/s]
Epoch 29/30 | Processing...:  29%|██████████▎                        | 5/17 [00:00<00:01,  7.50it/s]
Epoch 29/30 | Processing...:  35%|████████████▎                      | 6/17 [00:00<00:01,  7.76it/s]
Epoch 29/30 | Processing...:  41%|██████████████▍                    | 7/17 [00:00<00:01,  7.93it/s]
Epoch 29/30 | Processing...:  47%|████████████████▍                  | 8/17 [00:00<00:01,  7.93it/s]
Epoch 29/30 | Processing...:  53%|██████████████████▌                | 9/17 [00:01<00:01,  7.90it/s]
Epoch 29/30 | Processing...:  59%|████████████████████              | 10/17 [00:01<00:00,  8.06it/s]
Epoch 29/30 | Processing...:  65%|██████████████████████            | 11/17 [00:01<00:00,  8.25it/s]
Epoch 29/30 | Processing...:  71%|████████████████████████          | 12/17 [00:01<00:00,  8.41it/s]
Epoch 29/30 | Processing...:  76%|██████████████████████████        | 13/17 [00:01<00:00,  8.53it/s]
Epoch 29/30 | Processing...:  82%|████████████████████████████      | 14/17 [00:01<00:00,  8.73it/s]
Epoch 29/30 | Processing...:  88%|██████████████████████████████    | 15/17 [00:01<00:00,  8.82it/s]
Epoch 29/30 | Processing...:  94%|████████████████████████████████  | 16/17 [00:01<00:00,  8.93it/s]
Epoch 29/30 | Processing...: 100%|████████████████████| 17/17 [00:01<00:00,  8.93it/s, Loss=7.45e-6]

Epoch 30/30 | Processing...:   0%|                                           | 0/17 [00:00<?, ?it/s][A
Epoch 29/30 | Processing...: 100%|████████████████████| 17/17 [00:01<00:00,  8.69it/s, Loss=7.45e-6]


Epoch 30/30 | Processing...:   6%|██                                 | 1/17 [00:00<00:01,  9.17it/s][A

Epoch 30/30 | Processing...:  12%|████                               | 2/17 [00:00<00:01,  8.78it/s][A

Epoch 30/30 | Processing...:  18%|██████▏                            | 3/17 [00:00<00:01,  8.64it/s][A

Epoch 30/30 | Processing...:  24%|████████▏                          | 4/17 [00:00<00:01,  8.51it/s][A

Epoch 30/30 | Processing...:  29%|██████████▎                        | 5/17 [00:00<00:01,  8.49it/s][A

Epoch 30/30 | Processing...:  35%|████████████▎                      | 6/17 [00:00<00:01,  8.50it/s][A

Epoch 30/30 | Processing...:  41%|██████████████▍                    | 7/17 [00:00<00:01,  8.41it/s][A

Epoch 30/30 | Processing...:  47%|████████████████▍                  | 8/17 [00:00<00:01,  8.34it/s][A

Epoch 30/30 | Processing...:  53%|██████████████████▌                | 9/17 [00:01<00:00,  8.12it/s][A

Epoch 30/30 | Processing...:  59%|████████████████████              | 10/17 [00:01<00:00,  8.21it/s][A

Epoch 30/30 | Processing...:  65%|██████████████████████            | 11/17 [00:01<00:00,  8.43it/s][A

Epoch 30/30 | Processing...:  71%|████████████████████████          | 12/17 [00:01<00:00,  8.59it/s][A

Epoch 30/30 | Processing...:  82%|████████████████████████████      | 14/17 [00:01<00:00,  8.73it/s][A

Epoch 30/30 | Processing...:  94%|████████████████████████████████  | 16/17 [00:01<00:00,  9.16it/s][A

Epoch 30/30 | Processing...: 100%|████████████████████| 17/17 [00:01<00:00,  9.16it/s, Loss=8.34e-7][A训练完成
Accuracy: 0.9085
F1 Score: 0.8861
Recall: 0.9052
Precision: 0.8678
====================================================================================================
0 {'precision': 0.9367816091954023, 'recall': 0.9106145251396648, 'f1-score': 0.9235127478753541, 'support': 179.0}
1 {'precision': 0.8677685950413223, 'recall': 0.9051724137931034, 'f1-score': 0.8860759493670886, 'support': 116.0}
accuracy 0.9084745762711864
macro avg {'precision': 0.9022751021183624, 'recall': 0.907893469466384, 'f1-score': 0.9047943486212213, 'support': 295.0}
weighted avg {'precision': 0.9096442883754928, 'recall': 0.9084745762711864, 'f1-score': 0.9087918372754938, 'support': 295.0}
result:0.9085
====================================================================================================

Epoch 30/30 | Processing...: 100%|████████████████████| 17/17 [00:02<00:00,  7.58it/s, Loss=8.34e-7]
======================================================================================================================================================
******************************************************************************************************************************************************
Test Acc           : 89.90% ± 1.04%
Fake Precision     : 86.54% ± 1.17%
Fake Recall        : 88.02% ± 2.33%
Fake F1            : 87.25% ± 1.39%
Real Precision     : 92.17% ± 1.42%
Real Recall        : 91.12% ± 0.88%
Real F1            : 91.63% ± 0.83%
******************************************************************************************************************************************************
